name,id,subdivisionType,code,landSubdivisionName,idInDelineationFile,sourceRegionName,sourceRegionId,lowIllumination,percentCoverage,exportToSnowTodayWebsite,used,root,CRS,comment,countryType,sovereignCode,sovereignName,otherCodeForBigArea_adm0_A3,adm1Code,admGroupId,name2,id2,remarksForDeveloper,versionForProd,versionForIntegration
"Id: Unique id uint16 used in the stat files (<65535, (max(‘uint16’)) ). Called snowtod_id in the shapefiles. NB: let value below field id to keep type integer when import into qgis.
NB: Beware this 65535 pseudo id is used in code and then really mustn’t be used as id.",0,"WARNING: Dont shift position 2 for id. Column used in bash script, keep at 2 position.","Unique code of the land subdivision in this configuration file and more generally for the full modis. For country, code adm0_A3 or iso3_code. For Provinces (States) code iso 3166-2. For hucx, huc code. For hydrosheds, pfaf_id",Part of the filename of the land subdivision group mask file,"id in the data of the land subdivision group file (mask). Should be unique in the file, but two subdivisions can have the same id if their mask is extracted from distinct files.","region from which the data are extracted for the stats. MUST be filled for used land subdivisions, otherwise the landsubdivision won’t appear in lists","WARNING: Column used in bash script, keep at 8 position.",deprecated?,deprecated?,"deprecated. SnowToday website handle this property on their side, we export everything.","WARNING: Dont shift this column of position 12, is used in bash script. Meaning: 1: used in the website",1: upper-level Region in the website,"Coordinate reference system projection and code, e.g. EPSG:3875",comment line,"Maybe sovereign country, dependency, or indeterminate for Country. For Province, maybe State, Province, Region, District, etc ...\",Code of sovereign country. Sovereign de facto.,Name of sovereign country de facto.,,For Provinces only.,,Id: Unique id used in the stat files. Called snowtod_id in the shapefiles. NB: let value below field id to keep type integer when import into qgis,0,"change groupadm0 in filenames into adm0group
Stupid things, AMAndeS versus ASHimalaya_ (without S, not very consistent)",Version of geotiffs and stats for production web-app. Necessary only for root subdivisions.,Version of geotiffs and stats for integration web-app. Necessary only for root subdivisions.
Afghanistan,2001,adm0,AFG,,,ASHimalaya,2,,,,1,0,,,Sovereign country,AFG,Afghanistan,,,,Afghanistan,2001,,,
Angola,2002,adm0,AGO,,,,,,,,0,0,,,Sovereign country,AGO,Angola,,,,Angola,2002,,,
Albania,2003,adm0,ALB,,,,,,,,0,0,,,Sovereign country,ALB,Albania,,,,Albania,2003,,,
Andorra,2004,adm0,AND,,,,,,,,0,0,,,Sovereign country,AND,Andorra,,,,Andorra,2004,,,
United Arab Emirates,2005,adm0,ARE,,,,,,,,0,0,,,Sovereign country,ARE,United Arab Emirates,,,,United Arab Emirates,2005,,,
Argentina,2006,adm0,ARG,,,,,,,,0,0,,,Sovereign country,ARG,Argentina,,,,Argentina,2006,,,
Armenia,2007,adm0,ARM,,,,,,,,0,0,,,Sovereign country,ARM,Armenia,,,,Armenia,2007,,,
Antarctica,2008,adm0,ATA,,,,,,,,0,0,,,Indeterminate,ATA,Antarctica,,,,Antarctica,2008,,,
Antigua and Barbuda,2009,adm0,ATG,,,,,,,,0,0,,,Sovereign country,ATG,Antigua and Barbuda,,,,Antigua and Barbuda,2009,,,
Ashmore and Cartier Islands,2010,adm0,ATC,,,,,,,,0,0,,,Dependency,AU1,Australia,,,,Ashmore and Cartier Islands,2010,,,
Australia,2011,adm0,AUS,,,,,,,,0,0,,,Country,AU1,Australia,,,,Australia,2011,,,
Coral Sea Islands,2012,adm0,CSI,,,,,,,,0,0,,,Dependency,AU1,Australia,,,,Coral Sea Islands,2012,,,
Heard Island and McDonald Islands,2013,adm0,HMD,,,,,,,,0,0,,,Dependency,AU1,Australia,,,,Heard Island and McDonald Islands,2013,,,
Indian Ocean Territories,2014,adm0,IOA,,,,,,,,0,0,,,Dependency,AU1,Australia,,,,Indian Ocean Territories,2014,,,
Norfolk Island,2015,adm0,NFK,,,,,,,,0,0,,,Dependency,AU1,Australia,,,,Norfolk Island,2015,,,
Austria,2016,adm0,AUT,,,,,,,,0,0,,,Sovereign country,AUT,Austria,,,,Austria,2016,,,
Azerbaijan,2017,adm0,AZE,,,,,,,,0,0,,,Sovereign country,AZE,Azerbaijan,,,,Azerbaijan,2017,,,
Burundi,2018,adm0,BDI,,,,,,,,0,0,,,Sovereign country,BDI,Burundi,,,,Burundi,2018,,,
Belgium,2019,adm0,BEL,,,,,,,,0,0,,,Sovereign country,BEL,Belgium,,,,Belgium,2019,,,
Benin,2020,adm0,BEN,,,,,,,,0,0,,,Sovereign country,BEN,Benin,,,,Benin,2020,,,
Burkina Faso,2021,adm0,BFA,,,,,,,,0,0,,,Sovereign country,BFA,Burkina Faso,,,,Burkina Faso,2021,,,
Bangladesh,2022,adm0,BGD,,,,,,,,0,0,,,Sovereign country,BGD,Bangladesh,,,,Bangladesh,2022,,,
Bulgaria,2023,adm0,BGR,,,,,,,,0,0,,,Sovereign country,BGR,Bulgaria,,,,Bulgaria,2023,,,
Bahrain,2024,adm0,BHR,,,,,,,,0,0,,,Sovereign country,BHR,Bahrain,,,,Bahrain,2024,,,
The Bahamas,2025,adm0,BHS,,,,,,,,0,0,,,Sovereign country,BHS,The Bahamas,,,,The Bahamas,2025,,,
Bosnia and Herzegovina,2026,adm0,BIH,,,,,,,,0,0,,,Sovereign country,BIH,Bosnia and Herzegovina,,,,Bosnia and Herzegovina,2026,,,
Bajo Nuevo Bank (Petrel Is.),2027,adm0,BJN,,,,,,,,0,0,,,Indeterminate,BJN,Bajo Nuevo Bank (Petrel Is.),,,,Bajo Nuevo Bank (Petrel Is.),2027,,,
Belarus,2028,adm0,BLR,,,,,,,,0,0,,,Sovereign country,BLR,Belarus,,,,Belarus,2028,,,
Belize,2029,adm0,BLZ,,,,,,,,0,0,,,Sovereign country,BLZ,Belize,,,,Belize,2029,,,
Bolivia,2030,adm0,BOL,,,,,,,,0,0,,,Sovereign country,BOL,Bolivia,,,,Bolivia,2030,,,
Brazil,2031,adm0,BRA,,,,,,,,0,0,,,Sovereign country,BRA,Brazil,,,,Brazil,2031,,,
Barbados,2032,adm0,BRB,,,,,,,,0,0,,,Sovereign country,BRB,Barbados,,,,Barbados,2032,,,
Brazilian Island,2033,adm0,BRI,,,,,,,,0,0,,,Indeterminate,BRI,Brazilian Island,,,,Brazilian Island,2033,,,
Brunei,2034,adm0,BRN,,,,,,,,0,0,,,Sovereign country,BRN,Brunei,,,,Brunei,2034,,,
Bir Tawil,2035,adm0,BRT,,,,,,,,0,0,,,Indeterminate,BRT,Bir Tawil,,,,Bir Tawil,2035,,,
Bhutan,2036,adm0,BTN,,,ASHimalaya,2,,,,1,0,,,Sovereign country,BTN,Bhutan,,,,Bhutan,2036,,,
Botswana,2037,adm0,BWA,,,,,,,,0,0,,,Sovereign country,BWA,Botswana,,,,Botswana,2037,,,
Central African Republic,2038,adm0,CAF,,,,,,,,0,0,,,Sovereign country,CAF,Central African Republic,,,,Central African Republic,2038,,,
Canada,2039,adm0,CAN,,,,,,,,0,0,,,Sovereign country,CAN,Canada,,,,Canada,2039,,,
China,2040,adm0,CHN,,,,,,,,0,0,,"NB: De facto occupation of Bhutan, India, Pakistan included (distinct polygon but same id !)",Country,CH1,China,,,,China,2040,,,
Hong Kong S.A.R.,2041,adm0,HKG,,,,,,,,0,0,,,Country,CH1,China,,,,Hong Kong S.A.R.,2041,,,
Macao S.A.R,2042,adm0,MAC,,,,,,,,0,0,,,Country,CH1,China,,,,Macao S.A.R,2042,,,
Switzerland,2043,adm0,CHE,,,,,,,,0,0,,,Sovereign country,CHE,Switzerland,,,,Switzerland,2043,,,
Chile,2044,adm0,CHL,,,AMAndes,4,,,,2,0,,,Sovereign country,CHL,Chile,,,,Chile,2044,,,
Ivory Coast,2045,adm0,CIV,,,,,,,,0,0,,,Sovereign country,CIV,Ivory Coast,,,,Ivory Coast,2045,,,
Cameroon,2046,adm0,CMR,,,,,,,,0,0,,,Sovereign country,CMR,Cameroon,,,,Cameroon,2046,,,
Cyprus No Mans Area,2047,adm0,CNM,,,,,,,,0,0,,,Indeterminate,CNM,Cyprus No Mans Area,,,,Cyprus No Mans Area,2047,,,
Democratic Republic of the Congo,2048,adm0,COD,,,,,,,,0,0,,,Sovereign country,COD,Democratic Republic of the Congo,,,,Democratic Republic of the Congo,2048,,,
Republic of the Congo,2049,adm0,COG,,,,,,,,0,0,,,Sovereign country,COG,Republic of the Congo,,,,Republic of the Congo,2049,,,
Colombia,2050,adm0,COL,,,,,,,,0,0,,,Sovereign country,COL,Colombia,,,,Colombia,2050,,,
Comoros,2051,adm0,COM,,,,,,,,0,0,,,Sovereign country,COM,Comoros,,,,Comoros,2051,,,
Cabo Verde,2052,adm0,CPV,,,,,,,,0,0,,,Sovereign country,CPV,Cabo Verde,,,,Cabo Verde,2052,,,
Costa Rica,2053,adm0,CRI,,,,,,,,0,0,,,Sovereign country,CRI,Costa Rica,,,,Costa Rica,2053,,,
Cuba,2054,adm0,CUB,,,,,,,,0,0,,,Sovereignty,CU1,Cuba,,,,Cuba,2054,,,
US Naval Base Guantanamo Bay,2055,adm0,USG,,,,,,,,0,0,,,Lease,CU1,Cuba,,,,US Naval Base Guantanamo Bay,2055,,,
Northern Cyprus,2056,adm0,CYN,,,,,,,,0,0,,,Sovereign country,CYN,Northern Cyprus,,,,Northern Cyprus,2056,,,
Cyprus,2057,adm0,CYP,,,,,,,,0,0,,,Sovereign country,CYP,Cyprus,,,,Cyprus,2057,,,
Czechia,2058,adm0,CZE,,,,,,,,0,0,,,Sovereign country,CZE,Czechia,,,,Czechia,2058,,,
Germany,2059,adm0,DEU,,,,,,,,0,0,,,Sovereign country,DEU,Germany,,,,Germany,2059,,,
Djibouti,2060,adm0,DJI,,,,,,,,0,0,,,Sovereign country,DJI,Djibouti,,,,Djibouti,2060,,,
Dominica,2061,adm0,DMA,,,,,,,,0,0,,,Sovereign country,DMA,Dominica,,,,Dominica,2061,,,
Denmark,2062,adm0,DNK,,,,,,,,0,0,,,Country,DN1,Denmark,,,,Denmark,2062,,,
Faroe Islands,2063,adm0,FRO,,,,,,,,0,0,,,Dependency,DN1,Denmark,,,,Faroe Islands,2063,,,
Greenland,2064,adm0,GRL,,,,,,,,0,0,,,Country,DN1,Denmark,,,,Greenland,2064,,,
Dominican Republic,2065,adm0,DOM,,,,,,,,0,0,,,Sovereign country,DOM,Dominican Republic,,,,Dominican Republic,2065,,,
Algeria,2066,adm0,DZA,,,,,,,,0,0,,,Sovereign country,DZA,Algeria,,,,Algeria,2066,,,
Ecuador,2067,adm0,ECU,,,AMAndes,4,,,,1,0,,,Sovereign country,ECU,Ecuador,,,,Ecuador,2067,,,
Egypt,2068,adm0,EGY,,,,,,,,0,0,,,Sovereign country,EGY,Egypt,,,,Egypt,2068,,,
Eritrea,2069,adm0,ERI,,,,,,,,0,0,,,Sovereign country,ERI,Eritrea,,,,Eritrea,2069,,,
Spain,2070,adm0,ESP,,,,,,,,0,0,,,Sovereign country,ESP,Spain,,,,Spain,2070,,,
Estonia,2071,adm0,EST,,,,,,,,0,0,,,Sovereign country,EST,Estonia,,,,Estonia,2071,,,
Ethiopia,2072,adm0,ETH,,,,,,,,0,0,,,Sovereign country,ETH,Ethiopia,,,,Ethiopia,2072,,,
Aland,2073,adm0,ALD,,,,,,,,0,0,,,Country,FI1,Finland,,,,Aland,2073,,,
Finland,2074,adm0,FIN,,,,,,,,0,0,,,Country,FI1,Finland,,,,Finland,2074,,,
Fiji,2075,adm0,FJI,,,,,,,,0,0,,,Sovereign country,FJI,Fiji,,,,Fiji,2075,,,
French Southern and Antarctic Lands,2076,adm0,ATF,,,,,,,,0,0,,,Dependency,FR1,France,,,,French Southern and Antarctic Lands,2076,,,
Saint Barthelemy,2077,adm0,BLM,,,,,,,,0,0,,,Dependency,FR1,France,,,,Saint Barthelemy,2077,,,
Clipperton Island,2078,adm0,CLP,,,,,,,,0,0,,,Dependency,FR1,France,,,,Clipperton Island,2078,,,
France,2079,adm0,FRA,,,,,,,,0,0,,,Country,FR1,France,,,,France,2079,,,
Saint Martin,2080,adm0,MAF,,,,,,,,0,0,,,Dependency,FR1,France,,,,Saint Martin,2080,,,
New Caledonia,2081,adm0,NCL,,,,,,,,0,0,,,Dependency,FR1,France,,,,New Caledonia,2081,,,
French Polynesia,2082,adm0,PYF,,,,,,,,0,0,,,Dependency,FR1,France,,,,French Polynesia,2082,,,
Saint Pierre and Miquelon,2083,adm0,SPM,,,,,,,,0,0,,,Dependency,FR1,France,,,,Saint Pierre and Miquelon,2083,,,
Wallis and Futuna,2084,adm0,WLF,,,,,,,,0,0,,,Dependency,FR1,France,,,,Wallis and Futuna,2084,,,
Federated States of Micronesia,2085,adm0,FSM,,,,,,,,0,0,,,Sovereign country,FSM,Federated States of Micronesia,,,,Federated States of Micronesia,2085,,,
Gabon,2086,adm0,GAB,,,,,,,,0,0,,,Sovereign country,GAB,Gabon,,,,Gabon,2086,,,
Anguilla,2087,adm0,AIA,,,,,,,,0,0,,,Dependency,GB1,United Kingdom,,,,Anguilla,2087,,,
Bermuda,2088,adm0,BMU,,,,,,,,0,0,,,Dependency,GB1,United Kingdom,,,,Bermuda,2088,,,
Cayman Islands,2089,adm0,CYM,,,,,,,,0,0,,,Dependency,GB1,United Kingdom,,,,Cayman Islands,2089,,,
Dhekelia Sovereign Base Area,2090,adm0,ESB,,,,,,,,0,0,,,Dependency,GB1,United Kingdom,,,,Dhekelia Sovereign Base Area,2090,,,
Falkland Islands,2091,adm0,FLK,,,,,,,,0,0,,,Disputed,GB1,United Kingdom,,,,Falkland Islands,2091,,,
United Kingdom,2092,adm0,GBR,,,,,,,,0,0,,,Country,GB1,United Kingdom,,,,United Kingdom,2092,,,
Guernsey,2093,adm0,GGY,,,,,,,,0,0,,,Country,GB1,United Kingdom,,,,Guernsey,2093,,,
Gibraltar,2094,adm0,GIB,,,,,,,,0,0,,,Disputed,GB1,United Kingdom,,,,Gibraltar,2094,,,
Isle of Man,2095,adm0,IMN,,,,,,,,0,0,,,Country,GB1,United Kingdom,,,,Isle of Man,2095,,,
British Indian Ocean Territory,2096,adm0,IOT,,,,,,,,0,0,,,Disputed,GB1,United Kingdom,,,,British Indian Ocean Territory,2096,,,
Jersey,2097,adm0,JEY,,,,,,,,0,0,,,Country,GB1,United Kingdom,,,,Jersey,2097,,,
Montserrat,2098,adm0,MSR,,,,,,,,0,0,,,Dependency,GB1,United Kingdom,,,,Montserrat,2098,,,
Pitcairn Islands,2099,adm0,PCN,,,,,,,,0,0,,,Dependency,GB1,United Kingdom,,,,Pitcairn Islands,2099,,,
South Georgia and the Islands,2100,adm0,SGS,,,,,,,,0,0,,,Dependency,GB1,United Kingdom,,,,South Georgia and the Islands,2100,,,
Saint Helena,2101,adm0,SHN,,,,,,,,0,0,,,Dependency,GB1,United Kingdom,,,,Saint Helena,2101,,,
Turks and Caicos Islands,2102,adm0,TCA,,,,,,,,0,0,,,Dependency,GB1,United Kingdom,,,,Turks and Caicos Islands,2102,,,
British Virgin Islands,2103,adm0,VGB,,,,,,,,0,0,,,Dependency,GB1,United Kingdom,,,,British Virgin Islands,2103,,,
Akrotiri Sovereign Base Area,2104,adm0,WSB,,,,,,,,0,0,,,Dependency,GB1,United Kingdom,,,,Akrotiri Sovereign Base Area,2104,,,
Georgia,2105,adm0,GEO,,,,,,,,0,0,,,Sovereign country,GEO,Georgia,,,,Georgia,2105,,,
Ghana,2106,adm0,GHA,,,,,,,,0,0,,,Sovereign country,GHA,Ghana,,,,Ghana,2106,,,
Guinea,2107,adm0,GIN,,,,,,,,0,0,,,Sovereign country,GIN,Guinea,,,,Guinea,2107,,,
Gambia,2108,adm0,GMB,,,,,,,,0,0,,,Sovereign country,GMB,Gambia,,,,Gambia,2108,,,
Guinea-Bissau,2109,adm0,GNB,,,,,,,,0,0,,,Sovereign country,GNB,Guinea-Bissau,,,,Guinea-Bissau,2109,,,
Equatorial Guinea,2110,adm0,GNQ,,,,,,,,0,0,,,Sovereign country,GNQ,Equatorial Guinea,,,,Equatorial Guinea,2110,,,
Greece,2111,adm0,GRC,,,,,,,,0,0,,,Sovereign country,GRC,Greece,,,,Greece,2111,,,
Grenada,2112,adm0,GRD,,,,,,,,0,0,,,Sovereign country,GRD,Grenada,,,,Grenada,2112,,,
Guatemala,2113,adm0,GTM,,,,,,,,0,0,,,Sovereign country,GTM,Guatemala,,,,Guatemala,2113,,,
Guyana,2114,adm0,GUY,,,,,,,,0,0,,,Sovereign country,GUY,Guyana,,,,Guyana,2114,,,
Honduras,2115,adm0,HND,,,,,,,,0,0,,,Sovereign country,HND,Honduras,,,,Honduras,2115,,,
Croatia,2116,adm0,HRV,,,,,,,,0,0,,,Sovereign country,HRV,Croatia,,,,Croatia,2116,,,
Haiti,2117,adm0,HTI,,,,,,,,0,0,,,Sovereign country,HTI,Haiti,,,,Haiti,2117,,,
Hungary,2118,adm0,HUN,,,,,,,,0,0,,,Sovereign country,HUN,Hungary,,,,Hungary,2118,,,
Indonesia,2119,adm0,IDN,,,,,,,,0,0,,,Sovereign country,IDN,Indonesia,,,,Indonesia,2119,,,
India,2120,adm0,IND,,,,,,,,0,0,,,Sovereign country,IND,India,,,,India,2120,,,
Ireland,2121,adm0,IRL,,,,,,,,0,0,,,Sovereign country,IRL,Ireland,,,,Ireland,2121,,,
Iran,2122,adm0,IRN,,,,,,,,0,0,,,Sovereign country,IRN,Iran,,,,Iran,2122,,,
Iraq,2123,adm0,IRQ,,,,,,,,0,0,,,Sovereign country,IRQ,Iraq,,,,Iraq,2123,,,
Israel,2124,adm0,ISR,,,,,,,,0,0,,,Disputed,IS1,Israel,,,,Israel,2124,,,
Palestine,2125,adm0,PSX,,,,,,,,0,0,,,Indeterminate,IS1,Israel,,,,Palestine,2125,,,
Iceland,2126,adm0,ISL,,,,,,,,0,0,,,Sovereign country,ISL,Iceland,,,,Iceland,2126,,,
Italy,2127,adm0,ITA,,,,,,,,0,0,,,Sovereign country,ITA,Italy,,,,Italy,2127,,,
Jamaica,2128,adm0,JAM,,,,,,,,0,0,,,Sovereign country,JAM,Jamaica,,,,Jamaica,2128,,,
Jordan,2129,adm0,JOR,,,,,,,,0,0,,,Sovereign country,JOR,Jordan,,,,Jordan,2129,,,
Japan,2130,adm0,JPN,,,,,,,,0,0,,,Sovereign country,JPN,Japan,,,,Japan,2130,,,
Baykonur Cosmodrome,2131,adm0,KAB,,,,,,,,0,0,,,Lease,KA1,Kazakhstan,,,,Baykonur Cosmodrome,2131,,,
Kazakhstan,2132,adm0,KAZ,,,,,,,,0,0,,,Sovereignty,KA1,Kazakhstan,,,,Kazakhstan,2132,,,
Siachen Glacier,2133,adm0,KAS,,,,,,,,0,0,,,Indeterminate,KAS,Kashmir,,,,Siachen Glacier,2133,,,
Kenya,2134,adm0,KEN,,,,,,,,0,0,,,Sovereign country,KEN,Kenya,,,,Kenya,2134,,,
Kyrgyzstan,2135,adm0,KGZ,,,ASHimalaya,2,,,,1,0,,,Sovereign country,KGZ,Kyrgyzstan,,,,Kyrgyzstan,2135,,,
Cambodia,2136,adm0,KHM,,,,,,,,0,0,,,Sovereign country,KHM,Cambodia,,,,Cambodia,2136,,,
Kiribati,2137,adm0,KIR,,,,,,,,0,0,,,Sovereign country,KIR,Kiribati,,,,Kiribati,2137,,,
Saint Kitts and Nevis,2138,adm0,KNA,,,,,,,,0,0,,,Sovereign country,KNA,Saint Kitts and Nevis,,,,Saint Kitts and Nevis,2138,,,
South Korea,2139,adm0,KOR,,,,,,,,0,0,,,Sovereign country,KOR,South Korea,,,,South Korea,2139,,,
Kosovo,2140,adm0,KOS,,,,,,,,0,0,,,Disputed,KOS,Kosovo,,,,Kosovo,2140,,,
Kuwait,2141,adm0,KWT,,,,,,,,0,0,,,Sovereign country,KWT,Kuwait,,,,Kuwait,2141,,,
Laos,2142,adm0,LAO,,,,,,,,0,0,,,Sovereign country,LAO,Laos,,,,Laos,2142,,,
Lebanon,2143,adm0,LBN,,,,,,,,0,0,,,Sovereign country,LBN,Lebanon,,,,Lebanon,2143,,,
Liberia,2144,adm0,LBR,,,,,,,,0,0,,,Sovereign country,LBR,Liberia,,,,Liberia,2144,,,
Libya,2145,adm0,LBY,,,,,,,,0,0,,,Sovereign country,LBY,Libya,,,,Libya,2145,,,
Saint Lucia,2146,adm0,LCA,,,,,,,,0,0,,,Sovereign country,LCA,Saint Lucia,,,,Saint Lucia,2146,,,
Liechtenstein,2147,adm0,LIE,,,,,,,,0,0,,,Sovereign country,LIE,Liechtenstein,,,,Liechtenstein,2147,,,
Sri Lanka,2148,adm0,LKA,,,,,,,,0,0,,,Sovereign country,LKA,Sri Lanka,,,,Sri Lanka,2148,,,
Lesotho,2149,adm0,LSO,,,,,,,,0,0,,,Sovereign country,LSO,Lesotho,,,,Lesotho,2149,,,
Lithuania,2150,adm0,LTU,,,,,,,,0,0,,,Sovereign country,LTU,Lithuania,,,,Lithuania,2150,,,
Luxembourg,2151,adm0,LUX,,,,,,,,0,0,,,Sovereign country,LUX,Luxembourg,,,,Luxembourg,2151,,,
Latvia,2152,adm0,LVA,,,,,,,,0,0,,,Sovereign country,LVA,Latvia,,,,Latvia,2152,,,
Morocco,2153,adm0,MAR,,,,,,,,0,0,,,Sovereign country,MAR,Morocco,,,,Morocco,2153,,,
Monaco,2154,adm0,MCO,,,,,,,,0,0,,,Sovereign country,MCO,Monaco,,,,Monaco,2154,,,
Moldova,2155,adm0,MDA,,,,,,,,0,0,,,Sovereign country,MDA,Moldova,,,,Moldova,2155,,,
Madagascar,2156,adm0,MDG,,,,,,,,0,0,,,Sovereign country,MDG,Madagascar,,,,Madagascar,2156,,,
Maldives,2157,adm0,MDV,,,,,,,,0,0,,,Sovereign country,MDV,Maldives,,,,Maldives,2157,,,
Mexico,2158,adm0,MEX,,,,,,,,0,0,,,Sovereign country,MEX,Mexico,,,,Mexico,2158,,,
Marshall Islands,2159,adm0,MHL,,,,,,,,0,0,,,Sovereign country,MHL,Marshall Islands,,,,Marshall Islands,2159,,,
North Macedonia,2160,adm0,MKD,,,,,,,,0,0,,,Sovereign country,MKD,North Macedonia,,,,North Macedonia,2160,,,
Mali,2161,adm0,MLI,,,,,,,,0,0,,,Sovereign country,MLI,Mali,,,,Mali,2161,,,
Malta,2162,adm0,MLT,,,,,,,,0,0,,,Sovereign country,MLT,Malta,,,,Malta,2162,,,
Myanmar,2163,adm0,MMR,,,,,,,,0,0,,,Sovereign country,MMR,Myanmar,,,,Myanmar,2163,,,
Montenegro,2164,adm0,MNE,,,,,,,,0,0,,,Sovereign country,MNE,Montenegro,,,,Montenegro,2164,,,
Mongolia,2165,adm0,MNG,,,,,,,,0,0,,,Sovereign country,MNG,Mongolia,,,,Mongolia,2165,,,
Mozambique,2166,adm0,MOZ,,,,,,,,0,0,,,Sovereign country,MOZ,Mozambique,,,,Mozambique,2166,,,
Mauritania,2167,adm0,MRT,,,,,,,,0,0,,,Sovereign country,MRT,Mauritania,,,,Mauritania,2167,,,
Mauritius,2168,adm0,MUS,,,,,,,,0,0,,,Sovereign country,MUS,Mauritius,,,,Mauritius,2168,,,
Malawi,2169,adm0,MWI,,,,,,,,0,0,,,Sovereign country,MWI,Malawi,,,,Malawi,2169,,,
Malaysia,2170,adm0,MYS,,,,,,,,0,0,,,Sovereign country,MYS,Malaysia,,,,Malaysia,2170,,,
Namibia,2171,adm0,NAM,,,,,,,,0,0,,,Sovereign country,NAM,Namibia,,,,Namibia,2171,,,
Niger,2172,adm0,NER,,,,,,,,0,0,,,Sovereign country,NER,Niger,,,,Niger,2172,,,
Nigeria,2173,adm0,NGA,,,,,,,,0,0,,,Sovereign country,NGA,Nigeria,,,,Nigeria,2173,,,
Nicaragua,2174,adm0,NIC,,,,,,,,0,0,,,Sovereign country,NIC,Nicaragua,,,,Nicaragua,2174,,,
Aruba,2175,adm0,ABW,,,,,,,,0,0,,,Country,NL1,Netherlands,,,,Aruba,2175,,,
Curaçao,2176,adm0,CUW,,,,,,,,0,0,,,Country,NL1,Netherlands,,,,Curaçao,2176,,,
Netherlands,2177,adm0,NLD,,,,,,,,0,0,,,Country,NL1,Netherlands,,,,Netherlands,2177,,,
Sint Maarten,2178,adm0,SXM,,,,,,,,0,0,,,Country,NL1,Netherlands,,,,Sint Maarten,2178,,,
Norway,2179,adm0,NOR,,,,,,,,0,0,,,Sovereign country,NOR,Norway,,,,Norway,2179,,,
Nepal,2180,adm0,NPL,,,ASHimalaya,2,,,,1,0,,,Sovereign country,NPL,Nepal,,,,Nepal,2180,,,
Nauru,2181,adm0,NRU,,,,,,,,0,0,,,Sovereign country,NRU,Nauru,,,,Nauru,2181,,,
Cook Islands,2182,adm0,COK,,,,,,,,0,0,,,Dependency,NZ1,New Zealand,,,,Cook Islands,2182,,,
Niue,2183,adm0,NIU,,,,,,,,0,0,,,Dependency,NZ1,New Zealand,,,,Niue,2183,,,
New Zealand,2184,adm0,NZL,,,,,,,,0,0,,,Country,NZ1,New Zealand,,,,New Zealand,2184,,,
Oman,2185,adm0,OMN,,,,,,,,0,0,,,Sovereign country,OMN,Oman,,,,Oman,2185,,,
Pakistan,2186,adm0,PAK,,,,,,,,0,0,,,Sovereign country,PAK,Pakistan,,,,Pakistan,2186,,,
Panama,2187,adm0,PAN,,,,,,,,0,0,,,Sovereign country,PAN,Panama,,,,Panama,2187,,,
Peru,2188,adm0,PER,,,AMAndes,4,,,,1,0,,,Sovereign country,PER,Peru,,,,Peru,2188,,,
Spratly Islands,2189,adm0,PGA,,,,,,,,0,0,,,Indeterminate,PGA,Spratly Islands,,,,Spratly Islands,2189,,,
Philippines,2190,adm0,PHL,,,,,,,,0,0,,,Sovereign country,PHL,Philippines,,,,Philippines,2190,,,
Palau,2191,adm0,PLW,,,,,,,,0,0,,,Sovereign country,PLW,Palau,,,,Palau,2191,,,
Papua New Guinea,2192,adm0,PNG,,,,,,,,0,0,,,Sovereign country,PNG,Papua New Guinea,,,,Papua New Guinea,2192,,,
Poland,2193,adm0,POL,,,,,,,,0,0,,,Sovereign country,POL,Poland,,,,Poland,2193,,,
North Korea,2194,adm0,PRK,,,,,,,,0,0,,,Sovereign country,PRK,North Korea,,,,North Korea,2194,,,
Portugal,2195,adm0,PRT,,,,,,,,0,0,,,Sovereign country,PRT,Portugal,,,,Portugal,2195,,,
Paraguay,2196,adm0,PRY,,,,,,,,0,0,,,Sovereign country,PRY,Paraguay,,,,Paraguay,2196,,,
Qatar,2197,adm0,QAT,,,,,,,,0,0,,,Sovereign country,QAT,Qatar,,,,Qatar,2197,,,
Romania,2198,adm0,ROU,,,,,,,,0,0,,,Sovereign country,ROU,Romania,,,,Romania,2198,,,
Russia,2199,adm0,RUS,,,,,,,,0,0,,,Sovereign country,RUS,Russia,,,,Russia,2199,,,
Rwanda,2200,adm0,RWA,,,,,,,,0,0,,,Sovereign country,RWA,Rwanda,,,,Rwanda,2200,,,
Western Sahara,2201,adm0,SAH,,,,,,,,0,0,,,Indeterminate,SAH,Western Sahara,,,,Western Sahara,2201,,,
Saudi Arabia,2202,adm0,SAU,,,,,,,,0,0,,,Sovereign country,SAU,Saudi Arabia,,,,Saudi Arabia,2202,,,
Scarborough Reef,2203,adm0,SCR,,,,,,,,0,0,,,Indeterminate,SCR,Scarborough Reef,,,,Scarborough Reef,2203,,,
Sudan,2204,adm0,SDN,,,,,,,,0,0,,,Sovereign country,SDN,Sudan,,,,Sudan,2204,,,
South Sudan,2205,adm0,SDS,,,,,,,,0,0,,,Sovereign country,SDS,South Sudan,,,,South Sudan,2205,,,
Senegal,2206,adm0,SEN,,,,,,,,0,0,,,Sovereign country,SEN,Senegal,,,,Senegal,2206,,,
Serranilla Bank,2207,adm0,SER,,,,,,,,0,0,,,Indeterminate,SER,Serranilla Bank,,,,Serranilla Bank,2207,,,
Singapore,2208,adm0,SGP,,,,,,,,0,0,,,Sovereign country,SGP,Singapore,,,,Singapore,2208,,,
Solomon Islands,2209,adm0,SLB,,,,,,,,0,0,,,Sovereign country,SLB,Solomon Islands,,,,Solomon Islands,2209,,,
Sierra Leone,2210,adm0,SLE,,,,,,,,0,0,,,Sovereign country,SLE,Sierra Leone,,,,Sierra Leone,2210,,,
El Salvador,2211,adm0,SLV,,,,,,,,0,0,,,Sovereign country,SLV,El Salvador,,,,El Salvador,2211,,,
San Marino,2212,adm0,SMR,,,,,,,,0,0,,,Sovereign country,SMR,San Marino,,,,San Marino,2212,,,
Somaliland,2213,adm0,SOL,,,,,,,,0,0,,,Sovereign country,SOL,Somaliland,,,,Somaliland,2213,,,
Somalia,2214,adm0,SOM,,,,,,,,0,0,,,Sovereign country,SOM,Somalia,,,,Somalia,2214,,,
Southern Patagonian Ice Field,2215,adm0,SPI,,,,,,,,0,0,,,Indeterminate,SPI,Southern Patagonian Ice Field,,,,Southern Patagonian Ice Field,2215,,,
Republic of Serbia,2216,adm0,SRB,,,,,,,,0,0,,,Sovereign country,SRB,Republic of Serbia,,,,Republic of Serbia,2216,,,
São Tomé and Principe,2217,adm0,STP,,,,,,,,0,0,,,Sovereign country,STP,São Tomé and Principe,,,,São Tomé and Principe,2217,,,
Suriname,2218,adm0,SUR,,,,,,,,0,0,,,Sovereign country,SUR,Suriname,,,,Suriname,2218,,,
Slovakia,2219,adm0,SVK,,,,,,,,0,0,,,Sovereign country,SVK,Slovakia,,,,Slovakia,2219,,,
Slovenia,2220,adm0,SVN,,,,,,,,0,0,,,Sovereign country,SVN,Slovenia,,,,Slovenia,2220,,,
Sweden,2221,adm0,SWE,,,,,,,,0,0,,,Sovereign country,SWE,Sweden,,,,Sweden,2221,,,
Swatini,2222,adm0,SWZ,,,,,,,,0,0,,,Sovereign country,SWZ,eSwatini,,,,Swatini,2222,,,
Seychelles,2223,adm0,SYC,,,,,,,,0,0,,,Sovereign country,SYC,Seychelles,,,,Seychelles,2223,,,
Syria,2224,adm0,SYR,,,,,,,,0,0,,,Sovereign country,SYR,Syria,,,,Syria,2224,,,
Chad,2225,adm0,TCD,,,,,,,,0,0,,,Sovereign country,TCD,Chad,,,,Chad,2225,,,
Togo,2226,adm0,TGO,,,,,,,,0,0,,,Sovereign country,TGO,Togo,,,,Togo,2226,,,
Thailand,2227,adm0,THA,,,,,,,,0,0,,,Sovereign country,THA,Thailand,,,,Thailand,2227,,,
Tajikistan,2228,adm0,TJK,,,ASHimalaya,2,,,,1,0,,,Sovereign country,TJK,Tajikistan,,,,Tajikistan,2228,,,
Turkmenistan,2229,adm0,TKM,,,ASHimalaya,2,,,,1,0,,,Sovereign country,TKM,Turkmenistan,,,,Turkmenistan,2229,,,
East Timor,2230,adm0,TLS,,,,,,,,0,0,,,Sovereign country,TLS,East Timor,,,,East Timor,2230,,,
Tonga,2231,adm0,TON,,,,,,,,0,0,,,Sovereign country,TON,Tonga,,,,Tonga,2231,,,
Trinidad and Tobago,2232,adm0,TTO,,,,,,,,0,0,,,Sovereign country,TTO,Trinidad and Tobago,,,,Trinidad and Tobago,2232,,,
Tunisia,2233,adm0,TUN,,,,,,,,0,0,,,Sovereign country,TUN,Tunisia,,,,Tunisia,2233,,,
Turkey,2234,adm0,TUR,,,,,,,,0,0,,,Sovereign country,TUR,Turkey,,,,Turkey,2234,,,
Tuvalu,2235,adm0,TUV,,,,,,,,0,0,,,Sovereign country,TUV,Tuvalu,,,,Tuvalu,2235,,,
Taiwan,2236,adm0,TWN,,,,,,,,0,0,,,Sovereign country,TWN,Taiwan,,,,Taiwan,2236,,,
United Republic of Tanzania,2237,adm0,TZA,,,,,,,,0,0,,,Sovereign country,TZA,United Republic of Tanzania,,,,United Republic of Tanzania,2237,,,
Uganda,2238,adm0,UGA,,,,,,,,0,0,,,Sovereign country,UGA,Uganda,,,,Uganda,2238,,,
Ukraine,2239,adm0,UKR,,,,,,,,0,0,,,Sovereign country,UKR,Ukraine,,,,Ukraine,2239,,,
Uruguay,2240,adm0,URY,,,,,,,,0,0,,,Sovereign country,URY,Uruguay,,,,Uruguay,2240,,,
American Samoa,2241,adm0,ASM,,,,,,,,0,0,,,Dependency,US1,United States of America,,,,American Samoa,2241,,,
Guam,2242,adm0,GUM,,,,,,,,0,0,,,Dependency,US1,United States of America,,,,Guam,2242,,,
Northern Mariana Islands,2243,adm0,MNP,,,,,,,,0,0,,,Dependency,US1,United States of America,,,,Northern Mariana Islands,2243,,,
Puerto Rico,2244,adm0,PRI,,,,,,,,0,0,,,Dependency,US1,United States of America,,,,Puerto Rico,2244,,,
United States Minor Outlying Islands,2245,adm0,UMI,,,,,,,,0,0,,,Dependency,US1,United States of America,,,,United States Minor Outlying Islands,2245,,,
United States of America,2246,adm0,USA,,,,,,,,0,0,,,Country,US1,United States of America,,,,United States of America,2246,,,
United States Virgin Islands,2247,adm0,VIR,,,,,,,,0,0,,,Dependency,US1,United States of America,,,,United States Virgin Islands,2247,,,
Uzbekistan,2248,adm0,UZB,,,ASHimalaya,2,,,,1,0,,,Sovereign country,UZB,Uzbekistan,,,,Uzbekistan,2248,,,
Vatican,2249,adm0,VAT,,,,,,,,0,0,,,Sovereign country,VAT,Vatican,,,,Vatican,2249,,,
Saint Vincent and the Grenadines,2250,adm0,VCT,,,,,,,,0,0,,,Sovereign country,VCT,Saint Vincent and the Grenadines,,,,Saint Vincent and the Grenadines,2250,,,
Venezuela,2251,adm0,VEN,,,,,,,,0,0,,,Sovereign country,VEN,Venezuela,,,,Venezuela,2251,,,
Vietnam,2252,adm0,VNM,,,,,,,,0,0,,,Sovereign country,VNM,Vietnam,,,,Vietnam,2252,,,
Vanuatu,2253,adm0,VUT,,,,,,,,0,0,,,Sovereign country,VUT,Vanuatu,,,,Vanuatu,2253,,,
Samoa,2254,adm0,WSM,,,,,,,,0,0,,,Sovereign country,WSM,Samoa,,,,Samoa,2254,,,
Yemen,2255,adm0,YEM,,,,,,,,0,0,,,Sovereign country,YEM,Yemen,,,,Yemen,2255,,,
South Africa,2256,adm0,ZAF,,,,,,,,0,0,,,Sovereign country,ZAF,South Africa,,,,South Africa,2256,,,
Zambia,2257,adm0,ZMB,,,,,,,,0,0,,,Sovereign country,ZMB,Zambia,,,,Zambia,2257,,,
Zimbabwe,2258,adm0,ZWE,,,,,,,,0,0,,,Sovereign country,ZWE,Zimbabwe,,,,Zimbabwe,2258,,,
,,,,,,,,,,,,,,,,,,,,,,,,,
,,,,,,,,,,,,,,,,,,,,,,,,,
Balkh,2501,adm1,AF-BAL,,,,,,,,0,0,,,Province,AFG,,AFG,AFG-1744,,Balkh,2501,,,
Bamyan,2502,adm1,AF-BAM,,,,,,,,0,0,,,Province,AFG,,AFG,AFG-1743,,Bamyan,2502,,,
Badghis,2503,adm1,AF-BDG,,,,,,,,0,0,,,Province,AFG,,AFG,AFG-1741,,Badghis,2503,,,
Badakhshan,2504,adm1,AF-BDS,,,,,,,,0,0,,,Province,AFG,,AFG,AFG-1760,,Badakhshan,2504,,,
Baghlan,2505,adm1,AF-BGL,,,,,,,,0,0,,,Province,AFG,,AFG,AFG-1766,,Baghlan,2505,,,
Farah,2506,adm1,AF-FRA,,,,,,,,0,0,,,Province,AFG,,AFG,AFG-1749,,Farah,2506,,,
Faryab,2507,adm1,AF-FYB,,,,,,,,0,0,,,Province,AFG,,AFG,AFG-1745,,Faryab,2507,,,
Ghazni,2508,adm1,AF-GHA,,,,,,,,0,0,,,Province,AFG,,AFG,AFG-1757,,Ghazni,2508,,,
Ghor,2509,adm1,AF-GHO,,,,,,,,0,0,,,Province,AFG,,AFG,AFG-1747,,Ghor,2509,,,
Hilmand,2510,adm1,AF-HEL,,,,,,,,0,0,,,Province,AFG,,AFG,AFG-1750,,Hilmand,2510,,,
Hirat,2511,adm1,AF-HER,,,,,,,,0,0,,,Province,AFG,,AFG,AFG-1742,,Hirat,2511,,,
Jawzjan,2512,adm1,AF-JOW,,,,,,,,0,0,,,Province,AFG,,AFG,AFG-1746,,Jawzjan,2512,,,
Kabul,2513,adm1,AF-KAB,,,,,,,,0,0,,,Province,AFG,,AFG,AFG-1767,,Kabul,2513,,,
Kandahar,2514,adm1,AF-KAN,,,,,,,,0,0,,,Province,AFG,,AFG,AFG-1754,,Kandahar,2514,,,
Kapisa,2515,adm1,AF-KAP,,,,,,,,0,0,,,Province,AFG,,AFG,AFG-1768,,Kapisa,2515,,,
Kunduz,2516,adm1,AF-KDZ,,,,,,,,0,0,,,Province,AFG,,AFG,AFG-1763,,Kunduz,2516,,,
Khost,2517,adm1,AF-KHO,,,,,,,,0,0,,,Province,AFG,,AFG,AFG-1758,,Khost,2517,,,
Kunar,2518,adm1,AF-KNR,,,,,,,,0,0,,,Province,AFG,,AFG,AFG-1762,,Kunar,2518,,,
Laghman,2519,adm1,AF-LAG,,,,,,,,0,0,,,Province,AFG,,AFG,AFG-1770,,Laghman,2519,,,
Logar,2520,adm1,AF-LOG,,,,,,,,0,0,,,Province,AFG,,AFG,AFG-1771,,Logar,2520,,,
Nangarhar,2521,adm1,AF-NAN,,,,,,,,0,0,,,Province,AFG,,AFG,AFG-1764,,Nangarhar,2521,,,
Nimroz,2522,adm1,AF-NIM,,,,,,,,0,0,,,Province,AFG,,AFG,AFG-1751,,Nimroz,2522,,,
Nuristan,2523,adm1,AF-NUR,,,,,,,,0,0,,,Province,AFG,,AFG,AFG-1761,,Nuristan,2523,,,
Parwan,2524,adm1,AF-PAR,,,,,,,,0,0,,,Province,AFG,,AFG,AFG-1769,,Parwan,2524,,,
Parwan,2525,adm1,AF-PAR,,,,,,,,0,0,,,Province,AFG,,AFG,AFG-1772,,Parwan,2525,,,
Paktika,2526,adm1,AF-PIA,,,,,,,,0,0,,,Province,AFG,,AFG,AFG-1759,,Paktika,2526,,,
Paktya,2527,adm1,AF-PKA,,,,,,,,0,0,,,Province,AFG,,AFG,AFG-3413,,Paktya,2527,,,
Samangan,2528,adm1,AF-SAM,,,,,,,,0,0,,,Province,AFG,,AFG,AFG-1773,,Samangan,2528,,,
Sari Pul,2529,adm1,AF-SAR,,,,,,,,0,0,,,Province,AFG,,AFG,AFG-1748,,Sari Pul,2529,,,
Takhar,2530,adm1,AF-TAK,,,,,,,,0,0,,,Province,AFG,,AFG,AFG-1765,,Takhar,2530,,,
Uruzgan,2531,adm1,AF-URU,,,,,,,,0,0,,,Province,AFG,,AFG,AFG-1752,,Uruzgan,2531,,,
Uruzgan,2532,adm1,AF-URU,,,,,,,,0,0,,,Province,AFG,,AFG,AFG-1753,,Uruzgan,2532,,,
Wardak,2533,adm1,AF-WAR,,,,,,,,0,0,,,Province,AFG,,AFG,AFG-1774,,Wardak,2533,,,
Zabul,2534,adm1,AF-ZAB,,,,,,,,0,0,,,Province,AFG,,AFG,AFG-1755,,Zabul,2534,,,
Bengo,2561,adm1,AO-BGO,,,,,,,,0,0,,,Province,AGO,,AGO,AGO-1877,,Bengo,2561,,,
Benguela,2562,adm1,AO-BGU,,,,,,,,0,0,,,Province,AGO,,AGO,AGO-1887,,Benguela,2562,,,
Bié,2563,adm1,AO-BIE,,,,,,,,0,0,,,Province,AGO,,AGO,AGO-1886,,Bié,2563,,,
Cabinda,2564,adm1,AO-CAB,,,,,,,,0,0,,,Province,AGO,,AGO,AGO-1885,,Cabinda,2564,,,
Cuando Cubango,2565,adm1,AO-CCU,,,,,,,,0,0,,,Province,AGO,,AGO,AGO-1888,,Cuando Cubango,2565,,,
Cunene,2566,adm1,AO-CNN,,,,,,,,0,0,,,Province,AGO,,AGO,AGO-1889,,Cunene,2566,,,
Cuanza Norte,2567,adm1,AO-CNO,,,,,,,,0,0,,,Province,AGO,,AGO,AGO-1878,,Cuanza Norte,2567,,,
Cuanza Sul,2568,adm1,AO-CUS,,,,,,,,0,0,,,Province,AGO,,AGO,AGO-1879,,Cuanza Sul,2568,,,
Huambo,2569,adm1,AO-HUA,,,,,,,,0,0,,,Province,AGO,,AGO,AGO-1890,,Huambo,2569,,,
Huíla,2570,adm1,AO-HUI,,,,,,,,0,0,,,Province,AGO,,AGO,AGO-1891,,Huíla,2570,,,
Lunda Norte,2571,adm1,AO-LNO,,,,,,,,0,0,,,Province,AGO,,AGO,AGO-1874,,Lunda Norte,2571,,,
Lunda Sul,2572,adm1,AO-LSU,,,,,,,,0,0,,,Province,AGO,,AGO,AGO-1875,,Lunda Sul,2572,,,
Luanda,2573,adm1,AO-LUA,,,,,,,,0,0,,,Province,AGO,,AGO,AGO-1880,,Luanda,2573,,,
Malanje,2574,adm1,AO-MAL,,,,,,,,0,0,,,Province,AGO,,AGO,AGO-1876,,Malanje,2574,,,
Moxico,2575,adm1,AO-MOX,,,,,,,,0,0,,,Province,AGO,,AGO,AGO-1892,,Moxico,2575,,,
Namibe,2576,adm1,AO-NAM,,,,,,,,0,0,,,Province,AGO,,AGO,AGO-1893,,Namibe,2576,,,
Uíge,2577,adm1,AO-UIG,,,,,,,,0,0,,,Province,AGO,,AGO,AGO-1881,,Uíge,2577,,,
Zaire,2578,adm1,AO-ZAI,,,,,,,,0,0,,,Province,AGO,,AGO,AGO-1882,,Zaire,2578,,,
Berat,2601,adm1,AL-01,,,,,,,,0,0,,,County,ALB,,ALB,ALB-1523,,Berat,2601,,,
Durrës,2602,adm1,AL-02,,,,,,,,0,0,,,County,ALB,,ALB,ALB-1494,,Durrës,2602,,,
Elbasan,2603,adm1,AL-03,,,,,,,,0,0,,,County,ALB,,ALB,ALB-1524,,Elbasan,2603,,,
Fier,2604,adm1,AL-04,,,,,,,,0,0,,,County,ALB,,ALB,ALB-1495,,Fier,2604,,,
Gjirokastër,2605,adm1,AL-05,,,,,,,,0,0,,,County,ALB,,ALB,ALB-1525,,Gjirokastër,2605,,,
Korçë,2606,adm1,AL-06,,,,,,,,0,0,,,County,ALB,,ALB,ALB-1521,,Korçë,2606,,,
Kukës,2607,adm1,AL-07,,,,,,,,0,0,,,County,ALB,,ALB,ALB-1502,,Kukës,2607,,,
Lezhë,2608,adm1,AL-08,,,,,,,,0,0,,,County,ALB,,ALB,ALB-1528,,Lezhë,2608,,,
Dibër,2609,adm1,AL-09,,,,,,,,0,0,,,County,ALB,,ALB,ALB-1526,,Dibër,2609,,,
Shkodër,2610,adm1,AL-10,,,,,,,,0,0,,,County,ALB,,ALB,ALB-1498,,Shkodër,2610,,,
Tiranë,2611,adm1,AL-11,,,,,,,,0,0,,,County,ALB,,ALB,ALB-1529,,Tiranë,2611,,,
Vlorë,2612,adm1,AL-12,,,,,,,,0,0,,,County,ALB,,ALB,ALB-1504,,Vlorë,2612,,,
Canillo,2641,adm1,AD-02,,,,,,,,0,0,,,,AND,,AND,AND-4879,,Canillo,2641,,,
Encamp,2642,adm1,AD-03,,,,,,,,0,0,,,,AND,,AND,AND-4880,,Encamp,2642,,,
La Massana,2643,adm1,AD-04,,,,,,,,0,0,,,,AND,,AND,AND-4877,,La Massana,2643,,,
Ordino,2644,adm1,AD-05,,,,,,,,0,0,,,,AND,,AND,AND-4878,,Ordino,2644,,,
Sant Julià de Lòria,2645,adm1,AD-06,,,,,,,,0,0,,,,AND,,AND,AND-4882,,Sant Julià de Lòria,2645,,,
Andorra la Vella,2646,adm1,AD-07,,,,,,,,0,0,,,,AND,,AND,AND-4876,,Andorra la Vella,2646,,,
Escaldes-Engordany,2647,adm1,AD-08,,,,,,,,0,0,,,,AND,,AND,AND-4881,,Escaldes-Engordany,2647,,,
Ajman,2661,adm1,AE-AJ,,,,,,,,0,0,,,Emirate,ARE,,ARE,ARE-346,,Ajman,2661,,,
Abu Dhabi,2662,adm1,AE-AZ,,,,,,,,0,0,,,Emirate,ARE,,ARE,ARE-349,,Abu Dhabi,2662,,,
Dubay,2663,adm1,AE-DU,,,,,,,,0,0,,,Emirate,ARE,,ARE,ARE-350,,Dubay,2663,,,
Fujayrah,2664,adm1,AE-FU,,,,,,,,0,0,,,Emirate,ARE,,ARE,ARE-341,,Fujayrah,2664,,,
Ras Al Khaymah,2665,adm1,AE-RK,,,,,,,,0,0,,,Emirate,ARE,,ARE,ARE-338,,Ras Al Khaymah,2665,,,
Sharjah,2666,adm1,AE-SH,,,,,,,,0,0,,,Emirate,ARE,,ARE,ARE-348,,Sharjah,2666,,,
Umm Al Qaywayn,2667,adm1,AE-UQ,,,,,,,,0,0,,,Emirate,ARE,,ARE,ARE-339,,Umm Al Qaywayn,2667,,,
Neutral Zone,2668,adm1,AE-X01~,,,,,,,,0,0,,,Emirate,ARE,,ARE,ARE-344,,Neutral Zone,2668,,,
Neutral Zone,2669,adm1,AE-X02~,,,,,,,,0,0,,,Emirate,ARE,,ARE,ARE-347,,Neutral Zone,2669,,,
Salta,2681,adm1,AR-A,,,,,,,,0,0,,,Province,ARG,,ARG,ARG-1303,,Salta,2681,,,
Buenos Aires,2682,adm1,AR-B,,,,,,,,0,0,,,Federal District,ARG,,ARG,ARG-1295,,Buenos Aires,2682,,,
Ciudad de Buenos Aires,2683,adm1,AR-C,,,,,,,,0,0,,,Federal District,ARG,,ARG,ARG-5493,,Ciudad de Buenos Aires,2683,,,
San Luis,2684,adm1,AR-D,,,AMAndes,4,,,,2,0,,,Province,ARG,,ARG,ARG-1298,,San Luis,2684,,,
Entre Ríos,2685,adm1,AR-E,,,,,,,,0,0,,,Province,ARG,,ARG,ARG-1309,,Entre Ríos,2685,,,
La Rioja,2686,adm1,AR-F,,,,,,,,0,0,,,Province,ARG,,ARG,ARG-1302,,La Rioja,2686,,,
Santiago del Estero,2687,adm1,AR-G,,,,,,,,0,0,,,Province,ARG,,ARG,ARG-1304,,Santiago del Estero,2687,,,
Chaco,2688,adm1,AR-H,,,,,,,,0,0,,,Province,ARG,,ARG,ARG-1306,,Chaco,2688,,,
San Juan,2689,adm1,AR-J,,,AMAndes,4,,,,1,0,,,Province,ARG,,ARG,ARG-1273,,San Juan,2689,,,
Catamarca,2690,adm1,AR-K,,,,,,,,0,0,,,Province,ARG,,ARG,ARG-1300,,Catamarca,2690,,,
La Pampa,2691,adm1,AR-L,,,AMAndes,4,,,,1,0,,,Province,ARG,,ARG,ARG-1296,,La Pampa,2691,,,
Mendoza,2692,adm1,AR-M,,,AMAndes,4,,,,1,0,,,Province,ARG,,ARG,ARG-1275,,Mendoza,2692,,,
Misiones,2693,adm1,AR-N,,,,,,,,0,0,,,Province,ARG,,ARG,ARG-1312,,Misiones,2693,,,
Formosa,2694,adm1,AR-P,,,,,,,,0,0,,,Province,ARG,,ARG,ARG-1307,,Formosa,2694,,,
Neuquén,2695,adm1,AR-Q,,,AMAndes,4,,,,1,0,,,Province,ARG,,ARG,ARG-1276,,Neuquén,2695,,,
Río Negro,2696,adm1,AR-R,,,AMAndes,4,,,,1,0,,,Province,ARG,,ARG,ARG-1297,,Río Negro,2696,,,
Santa Fe,2697,adm1,AR-S,,,,,,,,0,0,,,Province,ARG,,ARG,ARG-1310,,Santa Fe,2697,,,
Tucumán,2698,adm1,AR-T,,,,,,,,0,0,,,Province,ARG,,ARG,ARG-1305,,Tucumán,2698,,,
Chubut,2699,adm1,AR-U,,,AMAndes,4,,,,1,0,,,Province,ARG,,ARG,ARG-1274,,Chubut,2699,,,
Tierra del Fuego,2700,adm1,AR-V,,,,,,,,0,0,,,National Territory,ARG,,ARG,ARG-1272,,Tierra del Fuego,2700,,,
Corrientes,2701,adm1,AR-W,,,,,,,,0,0,,,Province,ARG,,ARG,ARG-1308,,Corrientes,2701,,,
Córdoba,2702,adm1,AR-X,,,,,,,,0,0,,,Province,ARG,,ARG,ARG-1299,,Córdoba,2702,,,
Jujuy,2703,adm1,AR-Y,,,,,,,,0,0,,,Province,ARG,,ARG,ARG-1301,,Jujuy,2703,,,
Santa Cruz,2704,adm1,AR-Z,,,AMAndes,4,,,,1,0,,,Province,ARG,,ARG,ARG-1271,,Santa Cruz,2704,,,
Aragatsotn,2721,adm1,AM-AG,,,,,,,,0,0,,,Province,ARM,,ARM,ARM-1553,,Aragatsotn,2721,,,
Ararat,2722,adm1,AM-AR,,,,,,,,0,0,,,Province,ARM,,ARM,ARM-1671,,Ararat,2722,,,
Armavir,2723,adm1,AM-AV,,,,,,,,0,0,,,Province,ARM,,ARM,ARM-1554,,Armavir,2723,,,
Erevan,2724,adm1,AM-ER,,,,,,,,0,0,,,City,ARM,,ARM,ARM-1675,,Erevan,2724,,,
Gegharkunik,2725,adm1,AM-GR,,,,,,,,0,0,,,Province,ARM,,ARM,ARM-1672,,Gegharkunik,2725,,,
Kotayk,2726,adm1,AM-KT,,,,,,,,0,0,,,Province,ARM,,ARM,ARM-1673,,Kotayk,2726,,,
Lori,2727,adm1,AM-LO,,,,,,,,0,0,,,Province,ARM,,ARM,ARM-1674,,Lori,2727,,,
Shirak,2728,adm1,AM-SH,,,,,,,,0,0,,,Province,ARM,,ARM,ARM-1555,,Shirak,2728,,,
Syunik,2729,adm1,AM-SU,,,,,,,,0,0,,,Province,ARM,,ARM,ARM-1732,,Syunik,2729,,,
Tavush,2730,adm1,AM-TV,,,,,,,,0,0,,,Province,ARM,,ARM,ARM-1670,,Tavush,2730,,,
Vayots Dzor,2731,adm1,AM-VD,,,,,,,,0,0,,,Province,ARM,,ARM,ARM-1733,,Vayots Dzor,2731,,,
Antarctica,2761,adm1,AQ-X01~,,,,,,,,0,0,,,,ATA,,ATA,ATA+00?,,Antarctica,2761,,,
,2762,adm1,AQ-X02~,,,,,,,,0,0,,,,ATA,,ATA,ATA+99?,,,2762,,,
Saint George,2781,adm1,AG-03,,,,,,,,0,0,,,Parish,ATG,,ATG,ATG-5093,,Saint George,2781,,,
Saint John,2782,adm1,AG-04,,,,,,,,0,0,,,Parish,ATG,,ATG,ATG-5098,,Saint John,2782,,,
Saint Mary,2783,adm1,AG-05,,,,,,,,0,0,,,Parish,ATG,,ATG,ATG-5097,,Saint Mary,2783,,,
Saint Paul,2784,adm1,AG-06,,,,,,,,0,0,,,Parish,ATG,,ATG,ATG-5096,,Saint Paul,2784,,,
Saint Peter,2785,adm1,AG-07,,,,,,,,0,0,,,Parish,ATG,,ATG,ATG-5094,,Saint Peter,2785,,,
Saint Philip,2786,adm1,AG-08,,,,,,,,0,0,,,Parish,ATG,,ATG,ATG-5095,,Saint Philip,2786,,,
Barbuda,2787,adm1,AG-10,,,,,,,,0,0,,,Dependency,ATG,,ATG,ATG-5091,,Barbuda,2787,,,
Redonda,2788,adm1,AG-11,,,,,,,,0,0,,,Dependency,ATG,,ATG,ATG-5092,,Redonda,2788,,,
Ashmore and Cartier Islands,2801,adm1,AU-X04~,,,,,,,,0,0,,,,AU1,,ATC,ATC+00?,,Ashmore and Cartier Islands,2801,,,
Australian Capital Territory,2821,adm1,AU-ACT,,,,,,,,0,0,,,Territory,AU1,,AUS,AUS-2653,,Australian Capital Territory,2821,,,
New South Wales,2822,adm1,AU-NSW,,,,,,,,0,0,,,State,AU1,,AUS,AUS-2654,,New South Wales,2822,,,
Lord Howe Island,2823,adm1,AU-NSW,,,,,,,,0,0,,,Territory,AU1,,AUS,AUS-2659,,Lord Howe Island,2823,,,
Northern Territory,2824,adm1,AU-NT,,,,,,,,0,0,,,Territory,AU1,,AUS,AUS-2650,,Northern Territory,2824,,,
Queensland,2825,adm1,AU-QLD,,,,,,,,0,0,,,State,AU1,,AUS,AUS-2657,,Queensland,2825,,,
South Australia,2826,adm1,AU-SA,,,,,,,,0,0,,,State,AU1,,AUS,AUS-2655,,South Australia,2826,,,
Tasmania,2827,adm1,AU-TAS,,,,,,,,0,0,,,State,AU1,,AUS,AUS-2660,,Tasmania,2827,,,
Victoria,2828,adm1,AU-VIC,,,,,,,,0,0,,,State,AU1,,AUS,AUS-2656,,Victoria,2828,,,
Western Australia,2829,adm1,AU-WA,,,,,,,,0,0,,,State,AU1,,AUS,AUS-2651,,Western Australia,2829,,,
Jervis Bay Territory,2830,adm1,AU-X02~,,,,,,,,0,0,,,Territory,AU1,,AUS,AUS-1932,,Jervis Bay Territory,2830,,,
Macquarie Island,2831,adm1,AU-X03~,,,,,,,,0,0,,,,AU1,,AUS,AUS+00?,,Macquarie Island,2831,,,
Coral Sea Islands,2861,adm1,-99-X03~,,,,,,,,0,0,,,,AU1,,CSI,CSI+00?,,Coral Sea Islands,2861,,,
Heard Island and McDonald Islands,2881,adm1,HM-X01~,,,,,,,,0,0,,,,AU1,,HMD,HMD+00?,,Heard Island and McDonald Islands,2881,,,
Christmas Island,2901,adm1,-99-X14~,,,,,,,,0,0,,,,AU1,,IOA,IOA-2652,,Christmas Island,2901,,,
Cocos (Keeling) Islands,2902,adm1,-99-X15~,,,,,,,,0,0,,,Province,AU1,,IOA,IOA-1928,,Cocos (Keeling) Islands,2902,,,
Norfolk Island,2921,adm1,NF-X01~,,,,,,,,0,0,,,,AU1,,NFK,NFK+00?,,Norfolk Island,2921,,,
Burgenland,2941,adm1,AT-1,,,,,,,,0,0,,,State,AUT,,AUT,AUT-2322,,Burgenland,2941,,,
Kärnten,2942,adm1,AT-2,,,,,,,,0,0,,,State,AUT,,AUT,AUT-2325,,Kärnten,2942,,,
Niederösterreich,2943,adm1,AT-3,,,,,,,,0,0,,,State,AUT,,AUT,AUT-2330,,Niederösterreich,2943,,,
Oberösterreich,2944,adm1,AT-4,,,,,,,,0,0,,,State,AUT,,AUT,AUT-2326,,Oberösterreich,2944,,,
Salzburg,2945,adm1,AT-5,,,,,,,,0,0,,,State,AUT,,AUT,AUT-2327,,Salzburg,2945,,,
Steiermark,2946,adm1,AT-6,,,,,,,,0,0,,,State,AUT,,AUT,AUT-2323,,Steiermark,2946,,,
Tirol,2947,adm1,AT-7,,,,,,,,0,0,,,State,AUT,,AUT,AUT-2329,,Tirol,2947,,,
Vorarlberg,2948,adm1,AT-8,,,,,,,,0,0,,,State,AUT,,AUT,AUT-2320,,Vorarlberg,2948,,,
Wien,2949,adm1,AT-9,,,,,,,,0,0,,,State,AUT,,AUT,AUT-2331,,Wien,2949,,,
Abşeron,2961,adm1,AZ-ABS,,,,,,,,0,0,,,District,AZE,,AZE,AZE-1690,,Abşeron,2961,,,
Ağstafa,2962,adm1,AZ-AGA,,,,,,,,0,0,,,District,AZE,,AZE,AZE-1676,,Ağstafa,2962,,,
Ağcabədi,2963,adm1,AZ-AGC,,,,,,,,0,0,,,District,AZE,,AZE,AZE-1722,,Ağcabədi,2963,,,
Ağdam,2964,adm1,AZ-AGM,,,,,,,,0,0,,,District,AZE,,AZE,AZE-1691,,Ağdam,2964,,,
Ağdaş,2965,adm1,AZ-AGS,,,,,,,,0,0,,,District,AZE,,AZE,AZE-1692,,Ağdaş,2965,,,
Ağsu,2966,adm1,AZ-AGU,,,,,,,,0,0,,,District,AZE,,AZE,AZE-1693,,Ağsu,2966,,,
Astara,2967,adm1,AZ-AST,,,,,,,,0,0,,,District,AZE,,AZE,AZE-1695,,Astara,2967,,,
Bakı,2968,adm1,AZ-BA,,,,,,,,0,0,,,Municipality,AZE,,AZE,AZE-1689,,Bakı,2968,,,
Babək,2969,adm1,AZ-BAB,,,,,,,,0,0,,,District,AZE,,AZE,AZE-2420,,Babək,2969,,,
Balakən,2970,adm1,AZ-BAL,,,,,,,,0,0,,,District,AZE,,AZE,AZE-1723,,Balakən,2970,,,
Bərdə,2971,adm1,AZ-BAR,,,,,,,,0,0,,,District,AZE,,AZE,AZE-1696,,Bərdə,2971,,,
Beyləqan,2972,adm1,AZ-BEY,,,,,,,,0,0,,,District,AZE,,AZE,AZE-1697,,Beyləqan,2972,,,
Biləsuvar,2973,adm1,AZ-BIL,,,,,,,,0,0,,,District,AZE,,AZE,AZE-1698,,Biləsuvar,2973,,,
Cəbrayıl,2974,adm1,AZ-CAB,,,,,,,,0,0,,,District,AZE,,AZE,AZE-1699,,Cəbrayıl,2974,,,
Cəlilabad,2975,adm1,AZ-CAL,,,,,,,,0,0,,,District,AZE,,AZE,AZE-1700,,Cəlilabad,2975,,,
Culfa,2976,adm1,AZ-CUL,,,,,,,,0,0,,,District,AZE,,AZE,AZE-2421,,Culfa,2976,,,
Daşkəsən,2977,adm1,AZ-DAS,,,,,,,,0,0,,,District,AZE,,AZE,AZE-1677,,Daşkəsən,2977,,,
Füzuli,2978,adm1,AZ-FUZ,,,,,,,,0,0,,,District,AZE,,AZE,AZE-1702,,Füzuli,2978,,,
Gəncə,2979,adm1,AZ-GA,,,,,,,,0,0,,,Municipality,AZE,,AZE,AZE-1679,,Gəncə,2979,,,
Gədəbəy,2980,adm1,AZ-GAD,,,,,,,,0,0,,,District,AZE,,AZE,AZE-1678,,Gədəbəy,2980,,,
Goranboy,2981,adm1,AZ-GOR,,,,,,,,0,0,,,District,AZE,,AZE,AZE-1681,,Goranboy,2981,,,
Göyçay,2982,adm1,AZ-GOY,,,,,,,,0,0,,,District,AZE,,AZE,AZE-1703,,Göyçay,2982,,,
Xanlar,2983,adm1,AZ-GYG,,,,,,,,0,0,,,District,AZE,,AZE,AZE-1680,,Xanlar,2983,,,
Hajigabul,2984,adm1,AZ-HAC,,,,,,,,0,0,,,District,AZE,,AZE,AZE-1694,,Hajigabul,2984,,,
İmişli,2985,adm1,AZ-IMI,,,,,,,,0,0,,,District,AZE,,AZE,AZE-1704,,İmişli,2985,,,
İsmayıllı,2986,adm1,AZ-ISM,,,,,,,,0,0,,,District,AZE,,AZE,AZE-1705,,İsmayıllı,2986,,,
Kəlbəcər,2987,adm1,AZ-KAL,,,,,,,,0,0,,,District,AZE,,AZE,AZE-1682,,Kəlbəcər,2987,,,
Kangarli,2988,adm1,AZ-KAN,,,,,,,,0,0,,,District,AZE,,AZE,AZE-5567,,Kangarli,2988,,,
Kürdəmir,2989,adm1,AZ-KUR,,,,,,,,0,0,,,District,AZE,,AZE,AZE-1706,,Kürdəmir,2989,,,
Lankaran,2990,adm1,AZ-LA,,,,,,,,0,0,,,District,AZE,,AZE,AZE-1707,,Lankaran,2990,,,
Lankaran,2991,adm1,AZ-LA,,,,,,,,0,0,,,Municipality,AZE,,AZE,AZE-5562,,Lankaran,2991,,,
Lankaran,2992,adm1,AZ-LAN,,,,,,,,0,0,,,District,AZE,,AZE,AZE-1735,,Lankaran,2992,,,
Lerik,2993,adm1,AZ-LER,,,,,,,,0,0,,,District,AZE,,AZE,AZE-1709,,Lerik,2993,,,
Masallı,2994,adm1,AZ-MAS,,,,,,,,0,0,,,District,AZE,,AZE,AZE-1708,,Masallı,2994,,,
Mingəçevir,2995,adm1,AZ-MI,,,,,,,,0,0,,,Municipality,AZE,,AZE,AZE-1683,,Mingəçevir,2995,,,
Naftalan,2996,adm1,AZ-NA,,,,,,,,0,0,,,Municipality,AZE,,AZE,AZE-5561,,Naftalan,2996,,,
Neftçala,2997,adm1,AZ-NEF,,,,,,,,0,0,,,District,AZE,,AZE,AZE-1710,,Neftçala,2997,,,
Naxçıvan,2998,adm1,AZ-NX,,,,,,,,0,0,,,Municipality,AZE,,AZE,AZE-2422,,Naxçıvan,2998,,,
Oğuz,2999,adm1,AZ-OGU,,,,,,,,0,0,,,District,AZE,,AZE,AZE-1725,,Oğuz,2999,,,
Ordubad,3000,adm1,AZ-ORD,,,,,,,,0,0,,,District,AZE,,AZE,AZE-2418,,Ordubad,3000,,,
Qəbələ,3001,adm1,AZ-QAB,,,,,,,,0,0,,,District,AZE,,AZE,AZE-1724,,Qəbələ,3001,,,
Qax,3002,adm1,AZ-QAX,,,,,,,,0,0,,,District,AZE,,AZE,AZE-1726,,Qax,3002,,,
Qazax,3003,adm1,AZ-QAZ,,,,,,,,0,0,,,District,AZE,,AZE,AZE-1684,,Qazax,3003,,,
Quba,3004,adm1,AZ-QBA,,,,,,,,0,0,,,District,AZE,,AZE,AZE-1728,,Quba,3004,,,
Qubadli,3005,adm1,AZ-QBI,,,,,,,,0,0,,,District,AZE,,AZE,AZE-1736,,Qubadli,3005,,,
Qobustan,3006,adm1,AZ-QOB,,,,,,,,0,0,,,District,AZE,,AZE,AZE-1711,,Qobustan,3006,,,
Qusar,3007,adm1,AZ-QUS,,,,,,,,0,0,,,District,AZE,,AZE,AZE-1729,,Qusar,3007,,,
Şəki,3008,adm1,AZ-SA,,,,,,,,0,0,,,District,AZE,,AZE,AZE-1727,,Şəki,3008,,,
Şəki,3009,adm1,AZ-SA,,,,,,,,0,0,,,Municipality,AZE,,AZE,AZE-5564,,Şəki,3009,,,
Sabirabad,3010,adm1,AZ-SAB,,,,,,,,0,0,,,District,AZE,,AZE,AZE-1714,,Sabirabad,3010,,,
Sədərək,3011,adm1,AZ-SAD,,,,,,,,0,0,,,District,AZE,,AZE,AZE-2415,,Sədərək,3011,,,
Şahbuz,3012,adm1,AZ-SAH,,,,,,,,0,0,,,District,AZE,,AZE,AZE-2423,,Şahbuz,3012,,,
Salyan,3013,adm1,AZ-SAL,,,,,,,,0,0,,,District,AZE,,AZE,AZE-1715,,Salyan,3013,,,
Şərur,3014,adm1,AZ-SAR,,,,,,,,0,0,,,District,AZE,,AZE,AZE-2419,,Şərur,3014,,,
Saatlı,3015,adm1,AZ-SAT,,,,,,,,0,0,,,District,AZE,,AZE,AZE-1713,,Saatlı,3015,,,
Dəvəçi,3016,adm1,AZ-SBN,,,,,,,,0,0,,,District,AZE,,AZE,AZE-1701,,Dəvəçi,3016,,,
Siyəzən,3017,adm1,AZ-SIY,,,,,,,,0,0,,,District,AZE,,AZE,AZE-1712,,Siyəzən,3017,,,
Şəmkir,3018,adm1,AZ-SKR,,,,,,,,0,0,,,District,AZE,,AZE,AZE-1685,,Şəmkir,3018,,,
Sumqayıt,3019,adm1,AZ-SM,,,,,,,,0,0,,,Municipality,AZE,,AZE,AZE-1717,,Sumqayıt,3019,,,
Şamaxı,3020,adm1,AZ-SMI,,,,,,,,0,0,,,District,AZE,,AZE,AZE-1716,,Şamaxı,3020,,,
Samux,3021,adm1,AZ-SMX,,,,,,,,0,0,,,District,AZE,,AZE,AZE-1686,,Samux,3021,,,
Shirvan,3022,adm1,AZ-SR,,,,,,,,0,0,,,Municipality,AZE,,AZE,AZE-5563,,Shirvan,3022,,,
Şuşa,3023,adm1,AZ-SUS,,,,,,,,0,0,,,District,AZE,,AZE,AZE-1737,,Şuşa,3023,,,
Tərtər,3024,adm1,AZ-TAR,,,,,,,,0,0,,,District,AZE,,AZE,AZE-1738,,Tərtər,3024,,,
Tovuz,3025,adm1,AZ-TOV,,,,,,,,0,0,,,District,AZE,,AZE,AZE-1687,,Tovuz,3025,,,
Ucar,3026,adm1,AZ-UCA,,,,,,,,0,0,,,District,AZE,,AZE,AZE-1718,,Ucar,3026,,,
Şuşa,3027,adm1,AZ-X01~,,,,,,,,0,0,,,Municipality,AZE,,AZE,AZE-5565,,Şuşa,3027,,,
Stepanakert,3028,adm1,AZ-XA,,,,,,,,0,0,,,District,AZE,,AZE,AZE-4838,,Stepanakert,3028,,,
Xaçmaz,3029,adm1,AZ-XAC,,,,,,,,0,0,,,District,AZE,,AZE,AZE-1730,,Xaçmaz,3029,,,
Xocalı,3030,adm1,AZ-XCI,,,,,,,,0,0,,,District,AZE,,AZE,AZE-1739,,Xocalı,3030,,,
Xizı,3031,adm1,AZ-XIZ,,,,,,,,0,0,,,District,AZE,,AZE,AZE-1719,,Xizı,3031,,,
Xocavənd,3032,adm1,AZ-XVD,,,,,,,,0,0,,,District,AZE,,AZE,AZE-1734,,Xocavənd,3032,,,
Yardımlı,3033,adm1,AZ-YAR,,,,,,,,0,0,,,District,AZE,,AZE,AZE-1720,,Yardımlı,3033,,,
Yevlakh Rayon,3034,adm1,AZ-YEV,,,,,,,,0,0,,,District,AZE,,AZE,AZE-1688,,Yevlakh Rayon,3034,,,
Yevlakh,3035,adm1,AZ-YEV,,,,,,,,0,0,,,Municipality,AZE,,AZE,AZE-5566,,Yevlakh,3035,,,
Zəngilan,3036,adm1,AZ-ZAN,,,,,,,,0,0,,,District,AZE,,AZE,AZE-1740,,Zəngilan,3036,,,
Zaqatala,3037,adm1,AZ-ZAQ,,,,,,,,0,0,,,District,AZE,,AZE,AZE-1731,,Zaqatala,3037,,,
Zərdab,3038,adm1,AZ-ZAR,,,,,,,,0,0,,,District,AZE,,AZE,AZE-1721,,Zərdab,3038,,,
Bubanza,3061,adm1,BI-BB,,,,,,,,0,0,,,Province,BDI,,BDI,BDI-2636,,Bubanza,3061,,,
Bujumbura Rural,3062,adm1,BI-BL,,,,,,,,0,0,,,Province,BDI,,BDI,BDI-4854,,Bujumbura Rural,3062,,,
Bujumbura Mairie,3063,adm1,BI-BM,,,,,,,,0,0,,,Province,BDI,,BDI,BDI-3364,,Bujumbura Mairie,3063,,,
Bururi,3064,adm1,BI-BR,,,,,,,,0,0,,,Province,BDI,,BDI,BDI-2637,,Bururi,3064,,,
Cankuzo,3065,adm1,BI-CA,,,,,,,,0,0,,,Province,BDI,,BDI,BDI-2632,,Cankuzo,3065,,,
Cibitoke,3066,adm1,BI-CI,,,,,,,,0,0,,,Province,BDI,,BDI,BDI-2638,,Cibitoke,3066,,,
Gitega,3067,adm1,BI-GI,,,,,,,,0,0,,,Province,BDI,,BDI,BDI-2639,,Gitega,3067,,,
Kirundo,3068,adm1,BI-KI,,,,,,,,0,0,,,Province,BDI,,BDI,BDI-2643,,Kirundo,3068,,,
Karuzi,3069,adm1,BI-KR,,,,,,,,0,0,,,Province,BDI,,BDI,BDI-2633,,Karuzi,3069,,,
Kayanza,3070,adm1,BI-KY,,,,,,,,0,0,,,Province,BDI,,BDI,BDI-2640,,Kayanza,3070,,,
Makamba,3071,adm1,BI-MA,,,,,,,,0,0,,,Province,BDI,,BDI,BDI-2641,,Makamba,3071,,,
Muramvya,3072,adm1,BI-MU,,,,,,,,0,0,,,Province,BDI,,BDI,BDI-3365,,Muramvya,3072,,,
Mwaro,3073,adm1,BI-MW,,,,,,,,0,0,,,Province,BDI,,BDI,BDI-5588,,Mwaro,3073,,,
Muyinga,3074,adm1,BI-MY,,,,,,,,0,0,,,Province,BDI,,BDI,BDI-2644,,Muyinga,3074,,,
Ngozi,3075,adm1,BI-NG,,,,,,,,0,0,,,Province,BDI,,BDI,BDI-2642,,Ngozi,3075,,,
Rutana,3076,adm1,BI-RT,,,,,,,,0,0,,,Province,BDI,,BDI,BDI-2634,,Rutana,3076,,,
Ruyigi,3077,adm1,BI-RY,,,,,,,,0,0,,,Province,BDI,,BDI,BDI-2635,,Ruyigi,3077,,,
Brussels,3101,adm1,BE-BRU,,,,,,,,0,0,,,Capital Region,BEL,,BEL,BEL-3474,,Brussels,3101,,,
Antwerp,3102,adm1,BE-VAN,,,,,,,,0,0,,,Province,BEL,,BEL,BEL-3480,,Antwerp,3102,,,
Flemish Brabant,3103,adm1,BE-VBR,,,,,,,,0,0,,,Province,BEL,,BEL,BEL-3475,,Flemish Brabant,3103,,,
Limburg,3104,adm1,BE-VLI,,,,,,,,0,0,,,Province,BEL,,BEL,BEL-3,,Limburg,3104,,,
East Flanders,3105,adm1,BE-VOV,,,,,,,,0,0,,,Province,BEL,,BEL,BEL-3478,,East Flanders,3105,,,
West Flanders,3106,adm1,BE-VWV,,,,,,,,0,0,,,Province,BEL,,BEL,BEL-3479,,West Flanders,3106,,,
Walloon Brabant,3107,adm1,BE-WBR,,,,,,,,0,0,,,Province,BEL,,BEL,BEL-3482,,Walloon Brabant,3107,,,
Hainaut,3108,adm1,BE-WHT,,,,,,,,0,0,,,Province,BEL,,BEL,BEL-2,,Hainaut,3108,,,
Liege,3109,adm1,BE-WLG,,,,,,,,0,0,,,Province,BEL,,BEL,BEL-3481,,Liege,3109,,,
Luxembourg,3110,adm1,BE-WLX,,,,,,,,0,0,,,Province,BEL,,BEL,BEL-3477,,Luxembourg,3110,,,
Namur,3111,adm1,BE-WNA,,,,,,,,0,0,,,Province,BEL,,BEL,BEL-3476,,Namur,3111,,,
Atakora,3141,adm1,BJ-AK,,,,,,,,0,0,,,Department,BEN,,BEN,BEN-2181,,Atakora,3141,,,
Alibori,3142,adm1,BJ-AL,,,,,,,,0,0,,,Department,BEN,,BEN,BEN-2170,,Alibori,3142,,,
Atlantique,3143,adm1,BJ-AQ,,,,,,,,0,0,,,Department,BEN,,BEN,BEN-2174,,Atlantique,3143,,,
Borgou,3144,adm1,BJ-BO,,,,,,,,0,0,,,Department,BEN,,BEN,BEN-2169,,Borgou,3144,,,
Collines,3145,adm1,BJ-CO,,,,,,,,0,0,,,Department,BEN,,BEN,BEN-2171,,Collines,3145,,,
Donga,3146,adm1,BJ-DO,,,,,,,,0,0,,,Department,BEN,,BEN,BEN-2182,,Donga,3146,,,
Kouffo,3147,adm1,BJ-KO,,,,,,,,0,0,,,Department,BEN,,BEN,BEN-2176,,Kouffo,3147,,,
Littoral,3148,adm1,BJ-LI,,,,,,,,0,0,,,Department,BEN,,BEN,BEN-2175,,Littoral,3148,,,
Mono,3149,adm1,BJ-MO,,,,,,,,0,0,,,Department,BEN,,BEN,BEN-2180,,Mono,3149,,,
Ouémé,3150,adm1,BJ-OU,,,,,,,,0,0,,,Department,BEN,,BEN,BEN-2177,,Ouémé,3150,,,
Plateau,3151,adm1,BJ-PL,,,,,,,,0,0,,,Department,BEN,,BEN,BEN-2179,,Plateau,3151,,,
Zou,3152,adm1,BJ-ZO,,,,,,,,0,0,,,Department,BEN,,BEN,BEN-2178,,Zou,3152,,,
Balé,3181,adm1,BF-BAL,,,,,,,,0,0,,,Province,BFA,,BFA,BFA-2803,,Balé,3181,,,
Bam,3182,adm1,BF-BAM,,,,,,,,0,0,,,Province,BFA,,BFA,BFA-2811,,Bam,3182,,,
Banwa,3183,adm1,BF-BAN,,,,,,,,0,0,,,Province,BFA,,BFA,BFA-2801,,Banwa,3183,,,
Bazéga,3184,adm1,BF-BAZ,,,,,,,,0,0,,,Province,BFA,,BFA,BFA-2814,,Bazéga,3184,,,
Bougouriba,3185,adm1,BF-BGR,,,,,,,,0,0,,,Province,BFA,,BFA,BFA-2832,,Bougouriba,3185,,,
Boulgou,3186,adm1,BF-BLG,,,,,,,,0,0,,,Province,BFA,,BFA,BFA-2826,,Boulgou,3186,,,
Boulkiemdé,3187,adm1,BF-BLK,,,,,,,,0,0,,,Province,BFA,,BFA,BFA-2812,,Boulkiemdé,3187,,,
Komoé,3188,adm1,BF-COM,,,,,,,,0,0,,,Province,BFA,,BFA,BFA-2836,,Komoé,3188,,,
Ganzourgou,3189,adm1,BF-GAN,,,,,,,,0,0,,,Province,BFA,,BFA,BFA-2828,,Ganzourgou,3189,,,
Gnagna,3190,adm1,BF-GNA,,,,,,,,0,0,,,Province,BFA,,BFA,BFA-2874,,Gnagna,3190,,,
Gourma,3191,adm1,BF-GOU,,,,,,,,0,0,,,Province,BFA,,BFA,BFA-2184,,Gourma,3191,,,
Houet,3192,adm1,BF-HOU,,,,,,,,0,0,,,Province,BFA,,BFA,BFA-2799,,Houet,3192,,,
Ioba,3193,adm1,BF-IOB,,,,,,,,0,0,,,Province,BFA,,BFA,BFA-2833,,Ioba,3193,,,
Kadiogo,3194,adm1,BF-KAD,,,,,,,,0,0,,,Province,BFA,,BFA,BFA-2815,,Kadiogo,3194,,,
Kénédougou,3195,adm1,BF-KEN,,,,,,,,0,0,,,Province,BFA,,BFA,BFA-2800,,Kénédougou,3195,,,
Komondjari,3196,adm1,BF-KMD,,,,,,,,0,0,,,Province,BFA,,BFA,BFA-2875,,Komondjari,3196,,,
Kompienga,3197,adm1,BF-KMP,,,,,,,,0,0,,,Province,BFA,,BFA,BFA-2183,,Kompienga,3197,,,
Koulpélogo,3198,adm1,BF-KOP,,,,,,,,0,0,,,Province,BFA,,BFA,BFA-2827,,Koulpélogo,3198,,,
Kossi,3199,adm1,BF-KOS,,,,,,,,0,0,,,Province,BFA,,BFA,BFA-2802,,Kossi,3199,,,
Kouritenga,3200,adm1,BF-KOT,,,,,,,,0,0,,,Province,BFA,,BFA,BFA-2829,,Kouritenga,3200,,,
Kourwéogo,3201,adm1,BF-KOW,,,,,,,,0,0,,,Province,BFA,,BFA,BFA-2813,,Kourwéogo,3201,,,
Léraba,3202,adm1,BF-LER,,,,,,,,0,0,,,Province,BFA,,BFA,BFA-2835,,Léraba,3202,,,
Loroum,3203,adm1,BF-LOR,,,,,,,,0,0,,,Province,BFA,,BFA,BFA-2822,,Loroum,3203,,,
Mou Houn,3204,adm1,BF-MOU,,,,,,,,0,0,,,Province,BFA,,BFA,BFA-2804,,Mou Houn,3204,,,
Namentenga,3205,adm1,BF-NAM,,,,,,,,0,0,,,Province,BFA,,BFA,BFA-2824,,Namentenga,3205,,,
Nahouri,3206,adm1,BF-NAO,,,,,,,,0,0,,,Province,BFA,,BFA,BFA-2830,,Nahouri,3206,,,
Nayala,3207,adm1,BF-NAY,,,,,,,,0,0,,,Province,BFA,,BFA,BFA-2807,,Nayala,3207,,,
Noumbiel,3208,adm1,BF-NOU,,,,,,,,0,0,,,Province,BFA,,BFA,BFA-5989,,Noumbiel,3208,,,
Oubritenga,3209,adm1,BF-OUB,,,,,,,,0,0,,,Province,BFA,,BFA,BFA-2816,,Oubritenga,3209,,,
Oudalan,3210,adm1,BF-OUD,,,,,,,,0,0,,,Province,BFA,,BFA,BFA-2805,,Oudalan,3210,,,
Passoré,3211,adm1,BF-PAS,,,,,,,,0,0,,,Province,BFA,,BFA,BFA-2817,,Passoré,3211,,,
Poni,3212,adm1,BF-PON,,,,,,,,0,0,,,Province,BFA,,BFA,BFA-2837,,Poni,3212,,,
Séno,3213,adm1,BF-SEN,,,,,,,,0,0,,,Province,BFA,,BFA,BFA-2876,,Séno,3213,,,
Sissili,3214,adm1,BF-SIS,,,,,,,,0,0,,,Province,BFA,,BFA,BFA-2820,,Sissili,3214,,,
Sanmatenga,3215,adm1,BF-SMT,,,,,,,,0,0,,,Province,BFA,,BFA,BFA-2825,,Sanmatenga,3215,,,
Sanguié,3216,adm1,BF-SNG,,,,,,,,0,0,,,Province,BFA,,BFA,BFA-2819,,Sanguié,3216,,,
Soum,3217,adm1,BF-SOM,,,,,,,,0,0,,,Province,BFA,,BFA,BFA-2806,,Soum,3217,,,
Sourou,3218,adm1,BF-SOR,,,,,,,,0,0,,,Province,BFA,,BFA,BFA-2808,,Sourou,3218,,,
Tapoa,3219,adm1,BF-TAP,,,,,,,,0,0,,,Province,BFA,,BFA,BFA-2878,,Tapoa,3219,,,
Tuy,3220,adm1,BF-TUI,,,,,,,,0,0,,,Province,BFA,,BFA,BFA-2834,,Tuy,3220,,,
Yagha,3221,adm1,BF-YAG,,,,,,,,0,0,,,Province,BFA,,BFA,BFA-2877,,Yagha,3221,,,
Yatenga,3222,adm1,BF-YAT,,,,,,,,0,0,,,Province,BFA,,BFA,BFA-2823,,Yatenga,3222,,,
Ziro,3223,adm1,BF-ZIR,,,,,,,,0,0,,,Province,BFA,,BFA,BFA-2821,,Ziro,3223,,,
Zondoma,3224,adm1,BF-ZON,,,,,,,,0,0,,,Province,BFA,,BFA,BFA-2818,,Zondoma,3224,,,
Zoundwéogo,3225,adm1,BF-ZOU,,,,,,,,0,0,,,Province,BFA,,BFA,BFA-2831,,Zoundwéogo,3225,,,
Barisal,3241,adm1,BD-A,,,,,,,,0,0,,,Division,BGD,,BGD,BGD-2475,,Barisal,3241,,,
Chittagong,3242,adm1,BD-B,,,,,,,,0,0,,,Division,BGD,,BGD,BGD-2476,,Chittagong,3242,,,
Dhaka,3243,adm1,BD-C,,,,,,,,0,0,,,Division,BGD,,BGD,BGD-1806,,Dhaka,3243,,,
Khulna,3244,adm1,BD-D,,,,,,,,0,0,,,Division,BGD,,BGD,BGD-2432,,Khulna,3244,,,
Rajshahi,3245,adm1,BD-E,,,,,,,,0,0,,,Division,BGD,,BGD,BGD-3255,,Rajshahi,3245,,,
Rangpur,3246,adm1,BD-F,,,,,,,,0,0,,,Division,BGD,,BGD,BGD-5492,,Rangpur,3246,,,
Sylhet,3247,adm1,BD-G,,,,,,,,0,0,,,Division,BGD,,BGD,BGD-2488,,Sylhet,3247,,,
Blagoevgrad,3261,adm1,BG-01,,,,,,,,0,0,,,Province,BGR,,BGR,BGR-3002,,Blagoevgrad,3261,,,
Burgas,3262,adm1,BG-02,,,,,,,,0,0,,,Province,BGR,,BGR,BGR-2254,,Burgas,3262,,,
Varna,3263,adm1,BG-03,,,,,,,,0,0,,,Province,BGR,,BGR,BGR-2260,,Varna,3263,,,
Veliko Tarnovo,3264,adm1,BG-04,,,,,,,,0,0,,,Province,BGR,,BGR,BGR-2249,,Veliko Tarnovo,3264,,,
Vidin,3265,adm1,BG-05,,,,,,,,0,0,,,Province,BGR,,BGR,BGR-2253,,Vidin,3265,,,
Vratsa,3266,adm1,BG-06,,,,,,,,0,0,,,Province,BGR,,BGR,BGR-2251,,Vratsa,3266,,,
Gabrovo,3267,adm1,BG-07,,,,,,,,0,0,,,Province,BGR,,BGR,BGR-2246,,Gabrovo,3267,,,
Dobrich,3268,adm1,BG-08,,,,,,,,0,0,,,Province,BGR,,BGR,BGR-2259,,Dobrich,3268,,,
Kardzhali,3269,adm1,BG-09,,,,,,,,0,0,,,Province,BGR,,BGR,BGR-2237,,Kardzhali,3269,,,
Kyustendil,3270,adm1,BG-10,,,,,,,,0,0,,,Province,BGR,,BGR,BGR-2252,,Kyustendil,3270,,,
Lovech,3271,adm1,BG-11,,,,,,,,0,0,,,Province,BGR,,BGR,BGR-2247,,Lovech,3271,,,
Montana,3272,adm1,BG-12,,,,,,,,0,0,,,Province,BGR,,BGR,BGR-2250,,Montana,3272,,,
Pazardzhik,3273,adm1,BG-13,,,,,,,,0,0,,,Province,BGR,,BGR,BGR-2234,,Pazardzhik,3273,,,
Pernik,3274,adm1,BG-14,,,,,,,,0,0,,,Province,BGR,,BGR,BGR-2245,,Pernik,3274,,,
Pleven,3275,adm1,BG-15,,,,,,,,0,0,,,Province,BGR,,BGR,BGR-2248,,Pleven,3275,,,
Plovdiv,3276,adm1,BG-16,,,,,,,,0,0,,,Province,BGR,,BGR,BGR-2235,,Plovdiv,3276,,,
Razgrad,3277,adm1,BG-17,,,,,,,,0,0,,,Province,BGR,,BGR,BGR-2256,,Razgrad,3277,,,
Ruse,3278,adm1,BG-18,,,,,,,,0,0,,,Province,BGR,,BGR,BGR-2262,,Ruse,3278,,,
Silistra,3279,adm1,BG-19,,,,,,,,0,0,,,Province,BGR,,BGR,BGR-2261,,Silistra,3279,,,
Sliven,3280,adm1,BG-20,,,,,,,,0,0,,,Province,BGR,,BGR,BGR-2231,,Sliven,3280,,,
Smolyan,3281,adm1,BG-21,,,,,,,,0,0,,,Province,BGR,,BGR,BGR-2236,,Smolyan,3281,,,
Grad Sofiya,3282,adm1,BG-22,,,,,,,,0,0,,,Province,BGR,,BGR,BGR-2243,,Grad Sofiya,3282,,,
Sofia,3283,adm1,BG-23,,,,,,,,0,0,,,Province,BGR,,BGR,BGR-2244,,Sofia,3283,,,
Stara Zagora,3284,adm1,BG-24,,,,,,,,0,0,,,Province,BGR,,BGR,BGR-2233,,Stara Zagora,3284,,,
Targovishte,3285,adm1,BG-25,,,,,,,,0,0,,,Province,BGR,,BGR,BGR-2257,,Targovishte,3285,,,
Haskovo,3286,adm1,BG-26,,,,,,,,0,0,,,Province,BGR,,BGR,BGR-2232,,Haskovo,3286,,,
Shumen,3287,adm1,BG-27,,,,,,,,0,0,,,Province,BGR,,BGR,BGR-2258,,Shumen,3287,,,
Yambol,3288,adm1,BG-28,,,,,,,,0,0,,,Province,BGR,,BGR,BGR-2255,,Yambol,3288,,,
Al Manāmah,3301,adm1,BH-13,,,,,,,,0,0,,,Governorate,BHR,,BHR,BHR-4929,,Al Manāmah,3301,,,
Al Janūbīyah,3302,adm1,BH-14,,,,,,,,0,0,,,Governorate,BHR,,BHR,BHR-4926,,Al Janūbīyah,3302,,,
Al Muḩarraq,3303,adm1,BH-15,,,,,,,,0,0,,,Governorate,BHR,,BHR,BHR-4930,,Al Muḩarraq,3303,,,
Al Wusţá,3304,adm1,BH-16,,,,,,,,0,0,,,Governorate,BHR,,BHR,BHR-4928,,Al Wusţá,3304,,,
Ash Shamālīyah,3305,adm1,BH-17,,,,,,,,0,0,,,Governorate,BHR,,BHR,BHR-4927,,Ash Shamālīyah,3305,,,
Acklins,3321,adm1,BS-AK,,,,,,,,0,0,,,District,BHS,,BHS,BHS-5036,,Acklins,3321,,,
Bimini,3322,adm1,BS-BI,,,,,,,,0,0,,,District,BHS,,BHS,BHS-5039,,Bimini,3322,,,
Black Point,3323,adm1,BS-BP,,,,,,,,0,0,,,District,BHS,,BHS,BHS-5023,,Black Point,3323,,,
Berry Islands,3324,adm1,BS-BY,,,,,,,,0,0,,,District,BHS,,BHS,BHS-5018,,Berry Islands,3324,,,
Central Eleuthera,3325,adm1,BS-CE,,,,,,,,0,0,,,District,BHS,,BHS,BHS-5028,,Central Eleuthera,3325,,,
Cat Island,3326,adm1,BS-CI,,,,,,,,0,0,,,District,BHS,,BHS,BHS-5030,,Cat Island,3326,,,
Crooked Island and Long Cay,3327,adm1,BS-CK,,,,,,,,0,0,,,District,BHS,,BHS,BHS-5035,,Crooked Island and Long Cay,3327,,,
Central Abaco,3328,adm1,BS-CO,,,,,,,,0,0,,,District,BHS,,BHS,BHS-5015,,Central Abaco,3328,,,
Central Andros,3329,adm1,BS-CS,,,,,,,,0,0,,,District,BHS,,BHS,BHS-5020,,Central Andros,3329,,,
East Grand Bahama,3330,adm1,BS-EG,,,,,,,,0,0,,,District,BHS,,BHS,BHS-5012,,East Grand Bahama,3330,,,
Exuma,3331,adm1,BS-EX,,,,,,,,0,0,,,District,BHS,,BHS,BHS-5024,,Exuma,3331,,,
City of Freeport,3332,adm1,BS-FP,,,,,,,,0,0,,,District,BHS,,BHS,BHS-5010,,City of Freeport,3332,,,
Harbour Island,3333,adm1,BS-HI,,,,,,,,0,0,,,District,BHS,,BHS,BHS-5026,,Harbour Island,3333,,,
Inagua,3334,adm1,BS-IN,,,,,,,,0,0,,,District,BHS,,BHS,BHS-5038,,Inagua,3334,,,
Long Island,3335,adm1,BS-LI,,,,,,,,0,0,,,District,BHS,,BHS,BHS-5033,,Long Island,3335,,,
Mangrove Cay,3336,adm1,BS-MC,,,,,,,,0,0,,,District,BHS,,BHS,BHS-5021,,Mangrove Cay,3336,,,
Mayaguana,3337,adm1,BS-MG,,,,,,,,0,0,,,District,BHS,,BHS,BHS-5037,,Mayaguana,3337,,,
Moore's Island,3338,adm1,BS-MI,,,,,,,,0,0,,,District,BHS,,BHS,BHS-5017,,Moore's Island,3338,,,
North Eleuthera,3339,adm1,BS-NE,,,,,,,,0,0,,,District,BHS,,BHS,BHS-5027,,North Eleuthera,3339,,,
North Abaco,3340,adm1,BS-NO,,,,,,,,0,0,,,District,BHS,,BHS,BHS-5014,,North Abaco,3340,,,
North Andros,3341,adm1,BS-NS,,,,,,,,0,0,,,District,BHS,,BHS,BHS-5019,,North Andros,3341,,,
Rum Cay,3342,adm1,BS-RC,,,,,,,,0,0,,,District,BHS,,BHS,BHS-5032,,Rum Cay,3342,,,
Ragged Island,3343,adm1,BS-RI,,,,,,,,0,0,,,District,BHS,,BHS,BHS-5034,,Ragged Island,3343,,,
South Andros,3344,adm1,BS-SA,,,,,,,,0,0,,,District,BHS,,BHS,BHS-5022,,South Andros,3344,,,
South Eleuthera,3345,adm1,BS-SE,,,,,,,,0,0,,,District,BHS,,BHS,BHS-5029,,South Eleuthera,3345,,,
South Abaco,3346,adm1,BS-SO,,,,,,,,0,0,,,District,BHS,,BHS,BHS-5016,,South Abaco,3346,,,
San Salvador,3347,adm1,BS-SS,,,,,,,,0,0,,,District,BHS,,BHS,BHS-5031,,San Salvador,3347,,,
Spanish Wells,3348,adm1,BS-SW,,,,,,,,0,0,,,District,BHS,,BHS,BHS-5025,,Spanish Wells,3348,,,
West Grand Bahama,3349,adm1,BS-WG,,,,,,,,0,0,,,District,BHS,,BHS,BHS-5011,,West Grand Bahama,3349,,,
New Providence,3350,adm1,BS-X01~,,,,,,,,0,0,,,Capital,BHS,,BHS,BHS-5009,,New Providence,3350,,,
Herzegovina-Neretva,3381,adm1,BA-BIH,,,,,,,,0,0,,,Canton,BIH,,BIH,BIH-2228,,Herzegovina-Neretva,3381,,,
Una-Sana,3382,adm1,BA-BIH,,,,,,,,0,0,,,Canton,BIH,,BIH,BIH-2225,,Una-Sana,3382,,,
West Bosnia,3383,adm1,BA-BIH,,,,,,,,0,0,,,Canton,BIH,,BIH,BIH-2224,,West Bosnia,3383,,,
West Herzegovina,3384,adm1,BA-BIH,,,,,,,,0,0,,,Canton,BIH,,BIH,BIH-2227,,West Herzegovina,3384,,,
Central Bosnia,3385,adm1,BA-BIH,,,,,,,,0,0,,,Canton,BIH,,BIH,BIH-2226,,Central Bosnia,3385,,,
Zenica-Doboj,3386,adm1,BA-BIH,,,,,,,,0,0,,,Canton,BIH,,BIH,BIH-2889,,Zenica-Doboj,3386,,,
Tuzla,3387,adm1,BA-BIH,,,,,,,,0,0,,,Canton,BIH,,BIH,BIH-2887,,Tuzla,3387,,,
Sarajevo,3388,adm1,BA-BIH,,,,,,,,0,0,,,Canton,BIH,,BIH,BIH-2890,,Sarajevo,3388,,,
Bosnian Podrinje,3389,adm1,BA-BIH,,,,,,,,0,0,,,Canton,BIH,,BIH,BIH-2891,,Bosnian Podrinje,3389,,,
Brčko Distrikt,3390,adm1,BA-BRC,,,,,,,,0,0,,,,BIH,,BIH,BIH-4803,,Brčko Distrikt,3390,,,
Posavina,3391,adm1,BA-SRP,,,,,,,,0,0,,,Canton,BIH,,BIH,BIH-3153,,Posavina,3391,,,
Doboj,3392,adm1,BA-X01~,,,,,,,,0,0,,,,BIH,,BIH,BIH-4801,,Doboj,3392,,,
Banja Luka,3393,adm1,BA-X02~,,,,,,,,0,0,,,,BIH,,BIH,BIH-4802,,Banja Luka,3393,,,
Bijeljina,3394,adm1,BA-X03~,,,,,,,,0,0,,,,BIH,,BIH,BIH-4804,,Bijeljina,3394,,,
Vlasenica,3395,adm1,BA-X04~,,,,,,,,0,0,,,,BIH,,BIH,BIH-4805,,Vlasenica,3395,,,
Sarajevo-romanija,3396,adm1,BA-X05~,,,,,,,,0,0,,,,BIH,,BIH,BIH-4806,,Sarajevo-romanija,3396,,,
Foča,3397,adm1,BA-X06~,,,,,,,,0,0,,,,BIH,,BIH,BIH-4807,,Foča,3397,,,
Trebinje,3398,adm1,BA-X07~,,,,,,,,0,0,,,,BIH,,BIH,BIH-4808,,Trebinje,3398,,,
Brest,3421,adm1,BY-BR,,,,,,,,0,0,,,Region,BLR,,BLR,BLR-2338,,Brest,3421,,,
City of Minsk,3422,adm1,BY-HM,,,,,,,,0,0,,,Region,BLR,,BLR,BLR-4825,,City of Minsk,3422,,,
Gomel,3423,adm1,BY-HO,,,,,,,,0,0,,,Region,BLR,,BLR,BLR-2339,,Gomel,3423,,,
Grodno,3424,adm1,BY-HR,,,,,,,,0,0,,,Region,BLR,,BLR,BLR-2344,,Grodno,3424,,,
Mogilev,3425,adm1,BY-MA,,,,,,,,0,0,,,Region,BLR,,BLR,BLR-2340,,Mogilev,3425,,,
Minsk,3426,adm1,BY-MI,,,,,,,,0,0,,,Municipality,BLR,,BLR,BLR-2345,,Minsk,3426,,,
Vitebsk,3427,adm1,BY-VI,,,,,,,,0,0,,,Region,BLR,,BLR,BLR-2341,,Vitebsk,3427,,,
Belize,3441,adm1,BZ-BZ,,,,,,,,0,0,,,District,BLZ,,BLZ,BLZ-1323,,Belize,3441,,,
Cayo,3442,adm1,BZ-CY,,,,,,,,0,0,,,District,BLZ,,BLZ,BLZ-1324,,Cayo,3442,,,
Corozal,3443,adm1,BZ-CZL,,,,,,,,0,0,,,District,BLZ,,BLZ,BLZ-1325,,Corozal,3443,,,
Orange Walk,3444,adm1,BZ-OW,,,,,,,,0,0,,,District,BLZ,,BLZ,BLZ-1326,,Orange Walk,3444,,,
Stann Creek,3445,adm1,BZ-SC,,,,,,,,0,0,,,District,BLZ,,BLZ,BLZ-1355,,Stann Creek,3445,,,
Toledo,3446,adm1,BZ-TOL,,,,,,,,0,0,,,District,BLZ,,BLZ,BLZ-1356,,Toledo,3446,,,
El Beni,3461,adm1,BO-B,,,,,,,,0,0,,,Department,BOL,,BOL,BOL-1293,,El Beni,3461,,,
Cochabamba,3462,adm1,BO-C,,,AMAndes,4,,,,1,0,,,Department,BOL,,BOL,BOL-1291,,Cochabamba,3462,,,
Chuquisaca,3463,adm1,BO-H,,,AMAndes,4,,,,1,0,,,Department,BOL,,BOL,BOL-1292,,Chuquisaca,3463,,,
La Paz,3464,adm1,BO-L,,,AMAndes,4,,,,1,0,,,Department,BOL,,BOL,BOL-1936,,La Paz,3464,,,
Pando,3465,adm1,BO-N,,,,,,,,0,0,,,Department,BOL,,BOL,BOL-1938,,Pando,3465,,,
Oruro,3466,adm1,BO-O,,,AMAndes,4,,,,1,0,,,Department,BOL,,BOL,BOL-1937,,Oruro,3466,,,
Potosí,3467,adm1,BO-P,,,AMAndes,4,,,,1,0,,,Department,BOL,,BOL,BOL-1939,,Potosí,3467,,,
Santa Cruz,3468,adm1,BO-S,,,,,,,,0,0,,,Department,BOL,,BOL,BOL-1940,,Santa Cruz,3468,,,
Tarija,3469,adm1,BO-T,,,AMAndes,4,,,,1,0,,,Department,BOL,,BOL,BOL-1941,,Tarija,3469,,,
Acre,3481,adm1,BR-AC,,,,,,,,0,0,,,State,BRA,,BRA,BRA-576,,Acre,3481,,,
Alagoas,3482,adm1,BR-AL,,,,,,,,0,0,,,State,BRA,,BRA,BRA-623,,Alagoas,3482,,,
Amazonas,3483,adm1,BR-AM,,,,,,,,0,0,,,State,BRA,,BRA,BRA-592,,Amazonas,3483,,,
Amapá,3484,adm1,BR-AP,,,,,,,,0,0,,,State,BRA,,BRA,BRA-681,,Amapá,3484,,,
Bahia,3485,adm1,BR-BA,,,,,,,,0,0,,,State,BRA,,BRA,BRA-624,,Bahia,3485,,,
Ceará,3486,adm1,BR-CE,,,,,,,,0,0,,,State,BRA,,BRA,BRA-621,,Ceará,3486,,,
Distrito Federal,3487,adm1,BR-DF,,,,,,,,0,0,,,Federal District,BRA,,BRA,BRA-599,,Distrito Federal,3487,,,
Espírito Santo,3488,adm1,BR-ES,,,,,,,,0,0,,,State,BRA,,BRA,BRA-625,,Espírito Santo,3488,,,
Goiás,3489,adm1,BR-GO,,,,,,,,0,0,,,State,BRA,,BRA,BRA-1294,,Goiás,3489,,,
Maranhão,3490,adm1,BR-MA,,,,,,,,0,0,,,State,BRA,,BRA,BRA-593,,Maranhão,3490,,,
Minas Gerais,3491,adm1,BR-MG,,,,,,,,0,0,,,State,BRA,,BRA,BRA-601,,Minas Gerais,3491,,,
Mato Grosso do Sul,3492,adm1,BR-MS,,,,,,,,0,0,,,State,BRA,,BRA,BRA-600,,Mato Grosso do Sul,3492,,,
Mato Grosso,3493,adm1,BR-MT,,,,,,,,0,0,,,State,BRA,,BRA,BRA-602,,Mato Grosso,3493,,,
Pará,3494,adm1,BR-PA,,,,,,,,0,0,,,State,BRA,,BRA,BRA-594,,Pará,3494,,,
Paraíba,3495,adm1,BR-PB,,,,,,,,0,0,,,State,BRA,,BRA,BRA-626,,Paraíba,3495,,,
Pernambuco,3496,adm1,BR-PE,,,,,,,,0,0,,,State,BRA,,BRA,BRA-1313,,Pernambuco,3496,,,
Piauí,3497,adm1,BR-PI,,,,,,,,0,0,,,State,BRA,,BRA,BRA-622,,Piauí,3497,,,
Paraná,3498,adm1,BR-PR,,,,,,,,0,0,,,State,BRA,,BRA,BRA-613,,Paraná,3498,,,
Rio de Janeiro,3499,adm1,BR-RJ,,,,,,,,0,0,,,State,BRA,,BRA,BRA-627,,Rio de Janeiro,3499,,,
Rio Grande do Norte,3500,adm1,BR-RN,,,,,,,,0,0,,,State,BRA,,BRA,BRA-628,,Rio Grande do Norte,3500,,,
Rondônia,3501,adm1,BR-RO,,,,,,,,0,0,,,State,BRA,,BRA,BRA-595,,Rondônia,3501,,,
Roraima,3502,adm1,BR-RR,,,,,,,,0,0,,,State,BRA,,BRA,BRA-670,,Roraima,3502,,,
Rio Grande do Sul,3503,adm1,BR-RS,,,,,,,,0,0,,,State,BRA,,BRA,BRA-612,,Rio Grande do Sul,3503,,,
Santa Catarina,3504,adm1,BR-SC,,,,,,,,0,0,,,State,BRA,,BRA,BRA-614,,Santa Catarina,3504,,,
Sergipe,3505,adm1,BR-SE,,,,,,,,0,0,,,State,BRA,,BRA,BRA-629,,Sergipe,3505,,,
São Paulo,3506,adm1,BR-SP,,,,,,,,0,0,,,State,BRA,,BRA,BRA-1311,,São Paulo,3506,,,
Tocantins,3507,adm1,BR-TO,,,,,,,,0,0,,,State,BRA,,BRA,BRA-596,,Tocantins,3507,,,
Christ Church,3521,adm1,BB-01,,,,,,,,0,0,,,Parish,BRB,,BRB,BRB-1989,,Christ Church,3521,,,
Saint Andrew,3522,adm1,BB-02,,,,,,,,0,0,,,Parish,BRB,,BRB,BRB-1990,,Saint Andrew,3522,,,
Saint George,3523,adm1,BB-03,,,,,,,,0,0,,,Parish,BRB,,BRB,BRB-1991,,Saint George,3523,,,
Saint James,3524,adm1,BB-04,,,,,,,,0,0,,,Parish,BRB,,BRB,BRB-1992,,Saint James,3524,,,
Saint John,3525,adm1,BB-05,,,,,,,,0,0,,,Parish,BRB,,BRB,BRB-1993,,Saint John,3525,,,
Saint Joseph,3526,adm1,BB-06,,,,,,,,0,0,,,Parish,BRB,,BRB,BRB-1994,,Saint Joseph,3526,,,
Saint Lucy,3527,adm1,BB-07,,,,,,,,0,0,,,Parish,BRB,,BRB,BRB-1995,,Saint Lucy,3527,,,
Saint Michael,3528,adm1,BB-08,,,,,,,,0,0,,,Parish,BRB,,BRB,BRB-1996,,Saint Michael,3528,,,
Saint Peter,3529,adm1,BB-09,,,,,,,,0,0,,,Parish,BRB,,BRB,BRB-1997,,Saint Peter,3529,,,
Saint Philip,3530,adm1,BB-10,,,,,,,,0,0,,,Parish,BRB,,BRB,BRB-1998,,Saint Philip,3530,,,
Saint Thomas,3531,adm1,BB-11,,,,,,,,0,0,,,Parish,BRB,,BRB,BRB-1999,,Saint Thomas,3531,,,
Belait,3561,adm1,BN-BE,,,,,,,,0,0,,,District,BRN,,BRN,BRN-1181,,Belait,3561,,,
Brunei and Muara,3562,adm1,BN-BM,,,,,,,,0,0,,,District,BRN,,BRN,BRN-1182,,Brunei and Muara,3562,,,
Temburong,3563,adm1,BN-TE,,,,,,,,0,0,,,District,BRN,,BRN,BRN-1183,,Temburong,3563,,,
Tutong,3564,adm1,BN-TU,,,,,,,,0,0,,,District,BRN,,BRN,BRN-1184,,Tutong,3564,,,
Paro,3581,adm1,BT-11,,,,,,,,0,0,,,District,BTN,,BTN,BTN-2436,,Paro,3581,,,
Chhukha,3582,adm1,BT-12,,,,,,,,0,0,,,District,BTN,,BTN,BTN-2433,,Chhukha,3582,,,
Ha,3583,adm1,BT-13,,,,,,,,0,0,,,District,BTN,,BTN,BTN-2435,,Ha,3583,,,
Samchi,3584,adm1,BT-14,,,,,,,,0,0,,,District,BTN,,BTN,BTN-2438,,Samchi,3584,,,
Thimphu,3585,adm1,BT-15,,,,,,,,0,0,,,District,BTN,,BTN,BTN-2439,,Thimphu,3585,,,
Chirang,3586,adm1,BT-21,,,,,,,,0,0,,,District,BTN,,BTN,BTN-2481,,Chirang,3586,,,
Daga,3587,adm1,BT-22,,,,,,,,0,0,,,District,BTN,,BTN,BTN-2434,,Daga,3587,,,
Punakha,3588,adm1,BT-23,,,,,,,,0,0,,,District,BTN,,BTN,BTN-2440,,Punakha,3588,,,
Wangdi Phodrang,3589,adm1,BT-24,,,,,,,,0,0,,,District,BTN,,BTN,BTN-2487,,Wangdi Phodrang,3589,,,
Geylegphug,3590,adm1,BT-31,,,,,,,,0,0,,,District,BTN,,BTN,BTN-2482,,Geylegphug,3590,,,
Tongsa,3591,adm1,BT-32,,,,,,,,0,0,,,District,BTN,,BTN,BTN-2486,,Tongsa,3591,,,
Bumthang,3592,adm1,BT-33,,,,,,,,0,0,,,District,BTN,,BTN,BTN-2480,,Bumthang,3592,,,
Shemgang,3593,adm1,BT-34,,,,,,,,0,0,,,District,BTN,,BTN,BTN-2485,,Shemgang,3593,,,
Tashigang,3594,adm1,BT-41,,,,,,,,0,0,,,District,BTN,,BTN,BTN-2493,,Tashigang,3594,,,
Mongar,3595,adm1,BT-42,,,,,,,,0,0,,,District,BTN,,BTN,BTN-2490,,Mongar,3595,,,
Pemagatsel,3596,adm1,BT-43,,,,,,,,0,0,,,District,BTN,,BTN,BTN-2491,,Pemagatsel,3596,,,
Lhuntshi,3597,adm1,BT-44,,,,,,,,0,0,,,District,BTN,,BTN,BTN-2483,,Lhuntshi,3597,,,
Samdrup Jongkhar,3598,adm1,BT-45,,,,,,,,0,0,,,District,BTN,,BTN,BTN-2492,,Samdrup Jongkhar,3598,,,
Gasa,3599,adm1,BT-GA,,,,,,,,0,0,,,District,BTN,,BTN,BTN-2437,,Gasa,3599,,,
Tashi Yangtse,3600,adm1,BT-TY,,,,,,,,0,0,,,District,BTN,,BTN,BTN-2484,,Tashi Yangtse,3600,,,
Central,3621,adm1,BW-CE,,,,,,,,0,0,,,District,BWA,,BWA,BWA-2630,,Central,3621,,,
Francistown,3622,adm1,BW-FR,,,,,,,,0,0,,,City,BWA,,BWA,BWA-5502,,Francistown,3622,,,
Gaborone,3623,adm1,BW-GA,,,,,,,,0,0,,,City,BWA,,BWA,BWA-5501,,Gaborone,3623,,,
Ghanzi,3624,adm1,BW-GH,,,,,,,,0,0,,,District,BWA,,BWA,BWA-1191,,Ghanzi,3624,,,
Jwaneng,3625,adm1,BW-JW,,,,,,,,0,0,,,Town,BWA,,BWA,BWA-5506,,Jwaneng,3625,,,
Kgalagadi,3626,adm1,BW-KG,,,,,,,,0,0,,,District,BWA,,BWA,BWA-2625,,Kgalagadi,3626,,,
Kgatleng,3627,adm1,BW-KL,,,,,,,,0,0,,,District,BWA,,BWA,BWA-2646,,Kgatleng,3627,,,
Kweneng,3628,adm1,BW-KW,,,,,,,,0,0,,,District,BWA,,BWA,BWA-2647,,Kweneng,3628,,,
Lobatse,3629,adm1,BW-LO,,,,,,,,0,0,,,Town,BWA,,BWA,BWA-5503,,Lobatse,3629,,,
North-East,3630,adm1,BW-NE,,,,,,,,0,0,,,District,BWA,,BWA,BWA-4853,,North-East,3630,,,
North-West,3631,adm1,BW-NW,,,,,,,,0,0,,,District,BWA,,BWA,BWA-2629,,North-West,3631,,,
South-East,3632,adm1,BW-SE,,,,,,,,0,0,,,District,BWA,,BWA,BWA-2648,,South-East,3632,,,
Southern,3633,adm1,BW-SO,,,,,,,,0,0,,,District,BWA,,BWA,BWA-2649,,Southern,3633,,,
Selebi-Phikwe,3634,adm1,BW-SP,,,,,,,,0,0,,,Town,BWA,,BWA,BWA-5504,,Selebi-Phikwe,3634,,,
Sowa,3635,adm1,BW-ST,,,,,,,,0,0,,,Township,BWA,,BWA,BWA-5505,,Sowa,3635,,,
Ouham,3661,adm1,CF-AC,,,,,,,,0,0,,,Prefecture,CAF,,CAF,CAF-810,,Ouham,3661,,,
Bamingui-Bangoran,3662,adm1,CF-BB,,,,,,,,0,0,,,Prefecture,CAF,,CAF,CAF-806,,Bamingui-Bangoran,3662,,,
Bangui,3663,adm1,CF-BGF,,,,,,,,0,0,,,Autonomous Commune,CAF,,CAF,CAF-1460,,Bangui,3663,,,
Basse-Kotto,3664,adm1,CF-BK,,,,,,,,0,0,,,Prefecture,CAF,,CAF,CAF-794,,Basse-Kotto,3664,,,
Haute-Kotto,3665,adm1,CF-HK,,,,,,,,0,0,,,Prefecture,CAF,,CAF,CAF-866,,Haute-Kotto,3665,,,
Haut-Mbomou,3666,adm1,CF-HM,,,,,,,,0,0,,,Prefecture,CAF,,CAF,CAF-867,,Haut-Mbomou,3666,,,
Mambéré-Kadéï,3667,adm1,CF-HS,,,,,,,,0,0,,,Prefecture,CAF,,CAF,CAF-801,,Mambéré-Kadéï,3667,,,
Nana-Grébizi,3668,adm1,CF-KB,,,,,,,,0,0,,,Economic Prefecture,CAF,,CAF,CAF-807,,Nana-Grébizi,3668,,,
Kémo,3669,adm1,CF-KG,,,,,,,,0,0,,,Prefecture,CAF,,CAF,CAF-808,,Kémo,3669,,,
Lobaye,3670,adm1,CF-LB,,,,,,,,0,0,,,Prefecture,CAF,,CAF,CAF-795,,Lobaye,3670,,,
Mbomou,3671,adm1,CF-MB,,,,,,,,0,0,,,Prefecture,CAF,,CAF,CAF-868,,Mbomou,3671,,,
Ombella-M'Poko,3672,adm1,CF-MP,,,,,,,,0,0,,,Prefecture,CAF,,CAF,CAF-4856,,Ombella-M'Poko,3672,,,
Nana-Mambéré,3673,adm1,CF-NM,,,,,,,,0,0,,,Prefecture,CAF,,CAF,CAF-804,,Nana-Mambéré,3673,,,
Ouham-Pendé,3674,adm1,CF-OP,,,,,,,,0,0,,,Prefecture,CAF,,CAF,CAF-805,,Ouham-Pendé,3674,,,
Sangha-Mbaéré,3675,adm1,CF-SE,,,,,,,,0,0,,,Economic Prefecture,CAF,,CAF,CAF-802,,Sangha-Mbaéré,3675,,,
Ouaka,3676,adm1,CF-UK,,,,,,,,0,0,,,Prefecture,CAF,,CAF,CAF-809,,Ouaka,3676,,,
Vakaga,3677,adm1,CF-VK,,,,,,,,0,0,,,Prefecture,CAF,,CAF,CAF-812,,Vakaga,3677,,,
Alberta,3701,adm1,CA-AB,,,USAlaska,1,,,,2,0,,,Province,CAN,,CAN,CAN-632,,Alberta,3701,,,
British Columbia,3702,adm1,CA-BC,,,USAlaska,1,,,,1,0,,,Province,CAN,,CAN,CAN-633,,British Columbia,3702,,,
Manitoba,3703,adm1,CA-MB,,,,,,,,0,0,,,Province,CAN,,CAN,CAN-630,,Manitoba,3703,,,
New Brunswick,3704,adm1,CA-NB,,,,,,,,0,0,,,Province,CAN,,CAN,CAN-684,,New Brunswick,3704,,,
Newfoundland and Labrador,3705,adm1,CA-NL,,,,,,,,0,0,,,Province,CAN,,CAN,CAN-686,,Newfoundland and Labrador,3705,,,
Nova Scotia,3706,adm1,CA-NS,,,,,,,,0,0,,,Province,CAN,,CAN,CAN-685,,Nova Scotia,3706,,,
Northwest Territories,3707,adm1,CA-NT,,,USAlaska,1,,,,1,0,,,Territory,CAN,,CAN,CAN-635,,Northwest Territories,3707,,,
Nunavut,3708,adm1,CA-NU,,,,,,,,0,0,,,Territory,CAN,,CAN,CAN-634,,Nunavut,3708,,,
Ontario,3709,adm1,CA-ON,,,,,,,,0,0,,,Province,CAN,,CAN,CAN-682,,Ontario,3709,,,
Prince Edward Island,3710,adm1,CA-PE,,,,,,,,0,0,,,Province,CAN,,CAN,CAN-687,,Prince Edward Island,3710,,,
Québec,3711,adm1,CA-QC,,,,,,,,0,0,,,Province,CAN,,CAN,CAN-683,,Québec,3711,,,
Saskatchewan,3712,adm1,CA-SK,,,,,,,,0,0,,,Province,CAN,,CAN,CAN-631,,Saskatchewan,3712,,,
Yukon,3713,adm1,CA-YT,,,USAlaska,1,,,,1,0,,,Territory,CAN,,CAN,CAN-636,,Yukon,3713,,,
Anhui,3741,adm1,CN-AH,,,,,,,,0,0,,,Province,CH1,,CHN,CHN-1179,,Anhui,3741,,,
Beijing,3742,adm1,CN-BJ,,,,,,,,0,0,,,Municipality,CH1,,CHN,CHN-1155,,Beijing,3742,,,
Chongqing,3743,adm1,CN-CQ,,,,,,,,0,0,,,Municipality,CH1,,CHN,CHN-1154,,Chongqing,3743,,,
Fujian,3744,adm1,CN-FJ,,,,,,,,0,0,,,Province,CH1,,CHN,CHN-1178,,Fujian,3744,,,
Guangdong,3745,adm1,CN-GD,,,,,,,,0,0,,,Province,CH1,,CHN,CHN-1180,,Guangdong,3745,,,
Gansu,3746,adm1,CN-GS,,,ASHimalaya,2,,,,1,0,,,Province,CH1,,CHN,CHN-1150,,Gansu,3746,,,
Guangxi,3747,adm1,CN-GX,,,,,,,,0,0,,,Autonomous Region,CH1,,CHN,CHN-1152,,Guangxi,3747,,,
Guizhou,3748,adm1,CN-GZ,,,,,,,,0,0,,,Province,CH1,,CHN,CHN-1153,,Guizhou,3748,,,
Henan,3749,adm1,CN-HA,,,,,,,,0,0,,,Province,CH1,,CHN,CHN-1812,,Henan,3749,,,
Hubei,3750,adm1,CN-HB,,,,,,,,0,0,,,Province,CH1,,CHN,CHN-1807,,Hubei,3750,,,
Hebei,3751,adm1,CN-HE,,,,,,,,0,0,,,Province,CH1,,CHN,CHN-1811,,Hebei,3751,,,
Hainan,3752,adm1,CN-HI,,,,,,,,0,0,,,Province,CH1,,CHN,CHN-1775,,Hainan,3752,,,
Heilongjiang,3753,adm1,CN-HL,,,,,,,,0,0,,,Province,CH1,,CHN,CHN-1839,,Heilongjiang,3753,,,
Hunan,3754,adm1,CN-HN,,,,,,,,0,0,,,Province,CH1,,CHN,CHN-1808,,Hunan,3754,,,
Jilin,3755,adm1,CN-JL,,,,,,,,0,0,,,Province,CH1,,CHN,CHN-1828,,Jilin,3755,,,
Jiangsu,3756,adm1,CN-JS,,,,,,,,0,0,,,Province,CH1,,CHN,CHN-1818,,Jiangsu,3756,,,
Jiangxi,3757,adm1,CN-JX,,,,,,,,0,0,,,Province,CH1,,CHN,CHN-1817,,Jiangxi,3757,,,
Liaoning,3758,adm1,CN-LN,,,,,,,,0,0,,,Province,CH1,,CHN,CHN-1813,,Liaoning,3758,,,
Inner Mongol,3759,adm1,CN-NM,,,,,,,,0,0,,,Autonomous Region,CH1,,CHN,CHN-1838,,Inner Mongol,3759,,,
Ningxia,3760,adm1,CN-NX,,,ASHimalaya,2,,,,1,0,,,Autonomous Region,CH1,,CHN,CHN-1803,,Ningxia,3760,,,
Qinghai,3761,adm1,CN-QH,,,ASHimalaya,2,,,,1,0,,,Province,CH1,,CHN,CHN-1151,,Qinghai,3761,,,
Sichuan,3762,adm1,CN-SC,,,ASHimalaya,2,,,,1,0,,,Province,CH1,,CHN,CHN-1809,,Sichuan,3762,,,
Shandong,3763,adm1,CN-SD,,,,,,,,0,0,,,Province,CH1,,CHN,CHN-1814,,Shandong,3763,,,
Shanghai,3764,adm1,CN-SH,,,,,,,,0,0,,,Municipality,CH1,,CHN,CHN-1819,,Shanghai,3764,,,
Shaanxi,3765,adm1,CN-SN,,,,,,,,0,0,,,Province,CH1,,CHN,CHN-1804,,Shaanxi,3765,,,
Shanxi,3766,adm1,CN-SX,,,,,,,,0,0,,,Province,CH1,,CHN,CHN-1805,,Shanxi,3766,,,
Tianjin,3767,adm1,CN-TJ,,,,,,,,0,0,,,Municipality,CH1,,CHN,CHN-1816,,Tianjin,3767,,,
Paracel Islands,3768,adm1,CN-X01~,,,,,,,,0,0,,,,CH1,,CHN,PFA+00?,,Paracel Islands,3768,,,
Xinjiang,3769,adm1,CN-XJ,,,ASHimalaya,2,,,,0,0,,,Autonomous Region,CH1,,CHN,CHN-1756,,Xinjiang,3769,"EXCLUDED, there are bits of this subdivision everywhere in the world, the subdivision masks need to be reconstructed before use",,
Xizang,3770,adm1,CN-XZ,,,ASHimalaya,2,,,,1,0,,,Autonomous Region,CH1,,CHN,CHN-1662,,Xizang,3770,,,
Yunnan,3771,adm1,CN-YN,,,,,,,,0,0,,,Province,CH1,,CHN,CHN-1810,,Yunnan,3771,,,
Zhejiang,3772,adm1,CN-ZJ,,,,,,,,0,0,,,Province,CH1,,CHN,CHN-1820,,Zhejiang,3772,,,
Central and Western,3801,adm1,HK-X01~,,,,,,,,0,0,,,,CH1,,HKG,HKG-5153,,Central and Western,3801,,,
Wan Chai,3802,adm1,HK-X02~,,,,,,,,0,0,,,,CH1,,HKG,HKG-5154,,Wan Chai,3802,,,
Eastern,3803,adm1,HK-X03~,,,,,,,,0,0,,,,CH1,,HKG,HKG-5155,,Eastern,3803,,,
Southern,3804,adm1,HK-X04~,,,,,,,,0,0,,,,CH1,,HKG,HKG-5156,,Southern,3804,,,
Yau Tsim Mong,3805,adm1,HK-X05~,,,,,,,,0,0,,,,CH1,,HKG,HKG-5157,,Yau Tsim Mong,3805,,,
Kowloon City,3806,adm1,HK-X06~,,,,,,,,0,0,,,,CH1,,HKG,HKG-5158,,Kowloon City,3806,,,
Sham Shui Po,3807,adm1,HK-X07~,,,,,,,,0,0,,,,CH1,,HKG,HKG-5159,,Sham Shui Po,3807,,,
Wong Tai Sin,3808,adm1,HK-X08~,,,,,,,,0,0,,,,CH1,,HKG,HKG-5160,,Wong Tai Sin,3808,,,
Kwun Tong,3809,adm1,HK-X09~,,,,,,,,0,0,,,,CH1,,HKG,HKG-5161,,Kwun Tong,3809,,,
Sai Kung,3810,adm1,HK-X10~,,,,,,,,0,0,,,,CH1,,HKG,HKG-5162,,Sai Kung,3810,,,
Sha Tin,3811,adm1,HK-X11~,,,,,,,,0,0,,,,CH1,,HKG,HKG-5163,,Sha Tin,3811,,,
Kwai Tsing,3812,adm1,HK-X12~,,,,,,,,0,0,,,,CH1,,HKG,HKG-5164,,Kwai Tsing,3812,,,
Tsuen Wan,3813,adm1,HK-X13~,,,,,,,,0,0,,,,CH1,,HKG,HKG-5165,,Tsuen Wan,3813,,,
Tuen Mun,3814,adm1,HK-X14~,,,,,,,,0,0,,,,CH1,,HKG,HKG-5166,,Tuen Mun,3814,,,
Yuen Long,3815,adm1,HK-X15~,,,,,,,,0,0,,,,CH1,,HKG,HKG-5167,,Yuen Long,3815,,,
North,3816,adm1,HK-X16~,,,,,,,,0,0,,,,CH1,,HKG,HKG-5168,,North,3816,,,
Tai Po,3817,adm1,HK-X17~,,,,,,,,0,0,,,,CH1,,HKG,HKG-5169,,Tai Po,3817,,,
Islands,3818,adm1,HK-X18~,,,,,,,,0,0,,,,CH1,,HKG,HKG-5170,,Islands,3818,,,
Macau,3841,adm1,MO-M,,,,,,,,0,0,,,,CH1,,MAC,MAC+00?,,Macau,3841,,,
Aargau,3861,adm1,CH-AG,,,,,,,,0,0,,,Canton,CHE,,CHE,CHE-162,,Aargau,3861,,,
Appenzell Innerrhoden,3862,adm1,CH-AI,,,,,,,,0,0,,,Canton,CHE,,CHE,CHE-3473,,Appenzell Innerrhoden,3862,,,
Appenzell Ausserrhoden,3863,adm1,CH-AR,,,,,,,,0,0,,,Canton,CHE,,CHE,CHE-166,,Appenzell Ausserrhoden,3863,,,
Bern,3864,adm1,CH-BE,,,,,,,,0,0,,,Canton,CHE,,CHE,CHE-3424,,Bern,3864,,,
Basel-Landschaft,3865,adm1,CH-BL,,,,,,,,0,0,,,Canton,CHE,,CHE,CHE-3423,,Basel-Landschaft,3865,,,
Basel-Stadt,3866,adm1,CH-BS,,,,,,,,0,0,,,Canton,CHE,,CHE,CHE-3425,,Basel-Stadt,3866,,,
Fribourg,3867,adm1,CH-FR,,,,,,,,0,0,,,Canton,CHE,,CHE,CHE-3421,,Fribourg,3867,,,
Genève,3868,adm1,CH-GE,,,,,,,,0,0,,,Canton,CHE,,CHE,CHE-159,,Genève,3868,,,
Glarus,3869,adm1,CH-GL,,,,,,,,0,0,,,Canton,CHE,,CHE,CHE-169,,Glarus,3869,,,
Graubünden,3870,adm1,CH-GR,,,,,,,,0,0,,,Canton,CHE,,CHE,CHE-170,,Graubünden,3870,,,
Jura,3871,adm1,CH-JU,,,,,,,,0,0,,,Canton,CHE,,CHE,CHE-160,,Jura,3871,,,
Lucerne,3872,adm1,CH-LU,,,,,,,,0,0,,,Canton,CHE,,CHE,CHE-163,,Lucerne,3872,,,
Neuchâtel,3873,adm1,CH-NE,,,,,,,,0,0,,,Canton,CHE,,CHE,CHE-161,,Neuchâtel,3873,,,
Nidwalden,3874,adm1,CH-NW,,,,,,,,0,0,,,Canton,CHE,,CHE,CHE-164,,Nidwalden,3874,,,
Obwalden,3875,adm1,CH-OW,,,,,,,,0,0,,,Canton,CHE,,CHE,CHE-3427,,Obwalden,3875,,,
Sankt Gallen,3876,adm1,CH-SG,,,,,,,,0,0,,,Canton,CHE,,CHE,CHE-167,,Sankt Gallen,3876,,,
Schaffhausen,3877,adm1,CH-SH,,,,,,,,0,0,,,Canton,CHE,,CHE,CHE-171,,Schaffhausen,3877,,,
Solothurn,3878,adm1,CH-SO,,,,,,,,0,0,,,Canton,CHE,,CHE,CHE-3426,,Solothurn,3878,,,
Schwyz,3879,adm1,CH-SZ,,,,,,,,0,0,,,Canton,CHE,,CHE,CHE-173,,Schwyz,3879,,,
Thurgau,3880,adm1,CH-TG,,,,,,,,0,0,,,Canton,CHE,,CHE,CHE-174,,Thurgau,3880,,,
Ticino,3881,adm1,CH-TI,,,,,,,,0,0,,,Canton,CHE,,CHE,CHE-168,,Ticino,3881,,,
Uri,3882,adm1,CH-UR,,,,,,,,0,0,,,Canton,CHE,,CHE,CHE-175,,Uri,3882,,,
Vaud,3883,adm1,CH-VD,,,,,,,,0,0,,,Canton,CHE,,CHE,CHE-3422,,Vaud,3883,,,
Valais,3884,adm1,CH-VS,,,,,,,,0,0,,,Canton,CHE,,CHE,CHE-165,,Valais,3884,,,
Zug,3885,adm1,CH-ZG,,,,,,,,0,0,,,Canton,CHE,,CHE,CHE-177,,Zug,3885,,,
Zürich,3886,adm1,CH-ZH,,,,,,,,0,0,,,Canton,CHE,,CHE,CHE-176,,Zürich,3886,,,
Aisén del General Carlos Ibáñez del Campo,3901,adm1,CL-AI,,,,,,,,0,0,,,Region,CHL,,CHL,CHL-2691,,Aisén del General Carlos Ibáñez del Campo,3901,,,
Antofagasta,3902,adm1,CL-AN,,,,,,,,0,0,,,Region,CHL,,CHL,CHL-2695,,Antofagasta,3902,,,
Arica y Parinacota,3903,adm1,CL-AP,,,,,,,,0,0,,,Region,CHL,,CHL,CHL-2694,,Arica y Parinacota,3903,,,
La Araucanía,3904,adm1,CL-AR,,,,,,,,0,0,,,Region,CHL,,CHL,CHL-2700,,La Araucanía,3904,,,
Atacama,3905,adm1,CL-AT,,,,,,,,0,0,,,Region,CHL,,CHL,CHL-2696,,Atacama,3905,,,
Bío-Bío,3906,adm1,CL-BI,,,,,,,,0,0,,,Region,CHL,,CHL,CHL-2702,,Bío-Bío,3906,,,
Coquimbo,3907,adm1,CL-CO,,,,,,,,0,0,,,Region,CHL,,CHL,CHL-2697,,Coquimbo,3907,,,
Libertador General Bernardo O'Higgins,3908,adm1,CL-LI,,,AMAndes,4,,,,2,0,,,Region,CHL,,CHL,CHL-2703,,Libertador General Bernardo O'Higgins,3908,,,
Los Lagos,3909,adm1,CL-LL,,,,,,,,0,0,,,Region,CHL,,CHL,CHL-2704,,Los Lagos,3909,,,
Los Ríos,3910,adm1,CL-LR,,,,,,,,0,0,,,Region,CHL,,CHL,CHL-2701,,Los Ríos,3910,,,
Magallanes y Antártica Chilena,3911,adm1,CL-MA,,,,,,,,0,0,,,Region,CHL,,CHL,CHL-2692,,Magallanes y Antártica Chilena,3911,,,
Maule,3912,adm1,CL-ML,,,,,,,,0,0,,,Region,CHL,,CHL,CHL-2705,,Maule,3912,,,
Ñuble,3913,adm1,CL-NB,,,,,,,,0,0,,,Region,CHL,,CHL,CHL-20010,,Ñuble,3913,,,
Región Metropolitana de Santiago,3914,adm1,CL-RM,,,,,,,,0,0,,,Region,CHL,,CHL,CHL-2698,,Región Metropolitana de Santiago,3914,,,
Tarapacá,3915,adm1,CL-TA,,,,,,,,0,0,,,Region,CHL,,CHL,CHL-2693,,Tarapacá,3915,,,
Valparaíso,3916,adm1,CL-VS,,,,,,,,0,0,,,Region,CHL,,CHL,CHL-2699,,Valparaíso,3916,,,
Lagunes,3941,adm1,CI-01,,,,,,,,0,0,,,Department,CIV,,CIV,CIV-3458,,Lagunes,3941,,,
Haut-Sassandra,3942,adm1,CI-02,,,,,,,,0,0,,,Department,CIV,,CIV,CIV-3446,,Haut-Sassandra,3942,,,
Savanes,3943,adm1,CI-03,,,,,,,,0,0,,,Department,CIV,,CIV,CIV-3431,,Savanes,3943,,,
Vallée du Bandama,3944,adm1,CI-04,,,,,,,,0,0,,,Region,CIV,,CIV,CIV-3450,,Vallée du Bandama,3944,,,
Comoe,3945,adm1,CI-05,,,,,,,,0,0,,,Department,CIV,,CIV,CIV-3460,,Comoe,3945,,,
Dix-Huit Montagnes,3946,adm1,CI-06,,,,,,,,0,0,,,Department,CIV,,CIV,CIV-3441,,Dix-Huit Montagnes,3946,,,
Lacs,3947,adm1,CI-07,,,,,,,,0,0,,,Department,CIV,,CIV,CIV-3461,,Lacs,3947,,,
Zanzan,3948,adm1,CI-08,,,,,,,,0,0,,,Region,CIV,,CIV,CIV-3449,,Zanzan,3948,,,
Bas-Sassandra,3949,adm1,CI-09,,,,,,,,0,0,,,Department,CIV,,CIV,CIV-3448,,Bas-Sassandra,3949,,,
Denguélé,3950,adm1,CI-10,,,,,,,,0,0,,,Region,CIV,,CIV,CIV-3437,,Denguélé,3950,,,
N'zi-Comoé,3951,adm1,CI-11,,,,,,,,0,0,,,Department,CIV,,CIV,CIV-3452,,N'zi-Comoé,3951,,,
Marahoué,3952,adm1,CI-12,,,,,,,,0,0,,,Department,CIV,,CIV,CIV-3444,,Marahoué,3952,,,
Sud-Comoé,3953,adm1,CI-13,,,,,,,,0,0,,,Region,CIV,,CIV,CIV-3462,,Sud-Comoé,3953,,,
Worodougou,3954,adm1,CI-14,,,,,,,,0,0,,,Region,CIV,,CIV,CIV-3443,,Worodougou,3954,,,
Sud-Bandama,3955,adm1,CI-15,,,,,,,,0,0,,,Department,CIV,,CIV,CIV-3447,,Sud-Bandama,3955,,,
Agnéby,3956,adm1,CI-16,,,,,,,,0,0,,,Department,CIV,,CIV,CIV-3451,,Agnéby,3956,,,
Bafing,3957,adm1,CI-17,,,,,,,,0,0,,,Region,CIV,,CIV,CIV-3440,,Bafing,3957,,,
Fromager,3958,adm1,CI-18,,,,,,,,0,0,,,Region,CIV,,CIV,CIV-3445,,Fromager,3958,,,
Cavally,3959,adm1,CI-19,,,,,,,,0,0,,,Department,CIV,,CIV,CIV-3459,,Cavally,3959,,,
Adamaoua,3981,adm1,CM-AD,,,,,,,,0,0,,,Province,CMR,,CMR,CMR-1482,,Adamaoua,3981,,,
Centre,3982,adm1,CM-CE,,,,,,,,0,0,,,Province,CMR,,CMR,CMR-1480,,Centre,3982,,,
Extrême-Nord,3983,adm1,CM-EN,,,,,,,,0,0,,,Province,CMR,,CMR,CMR-1462,,Extrême-Nord,3983,,,
Est,3984,adm1,CM-ES,,,,,,,,0,0,,,Province,CMR,,CMR,CMR-1481,,Est,3984,,,
Littoral,3985,adm1,CM-LT,,,,,,,,0,0,,,Province,CMR,,CMR,CMR-1476,,Littoral,3985,,,
Nord,3986,adm1,CM-NO,,,,,,,,0,0,,,Province,CMR,,CMR,CMR-1483,,Nord,3986,,,
Nord-Ouest,3987,adm1,CM-NW,,,,,,,,0,0,,,Province,CMR,,CMR,CMR-1477,,Nord-Ouest,3987,,,
Ouest,3988,adm1,CM-OU,,,,,,,,0,0,,,Province,CMR,,CMR,CMR-798,,Ouest,3988,,,
Sud,3989,adm1,CM-SU,,,,,,,,0,0,,,Province,CMR,,CMR,CMR-803,,Sud,3989,,,
Sud-Ouest,3990,adm1,CM-SW,,,,,,,,0,0,,,Province,CMR,,CMR,CMR-799,,Sud-Ouest,3990,,,
Bas-Congo,4021,adm1,CD-BC,,,,,,,,0,0,,,Province,COD,,COD,COD-1883,,Bas-Congo,4021,,,
Bandundu,4022,adm1,CD-BN,,,,,,,,0,0,,,Province,COD,,COD,COD-1871,,Bandundu,4022,,,
Équateur,4023,adm1,CD-EQ,,,,,,,,0,0,,,Province,COD,,COD,COD-1461,,Équateur,4023,,,
Katanga,4024,adm1,CD-KA,,,,,,,,0,0,,,Province,COD,,COD,COD-1897,,Katanga,4024,,,
Kasaï-Oriental,4025,adm1,CD-KE,,,,,,,,0,0,,,Province,COD,,COD,COD-1896,,Kasaï-Oriental,4025,,,
Kinshasa City,4026,adm1,CD-KN,,,,,,,,0,0,,,Neutral City,COD,,COD,COD-1884,,Kinshasa City,4026,,,
Kasaï-Occidental,4027,adm1,CD-KW,,,,,,,,0,0,,,Province,COD,,COD,COD-1872,,Kasaï-Occidental,4027,,,
Maniema,4028,adm1,CD-MA,,,,,,,,0,0,,,Province,COD,,COD,COD-1895,,Maniema,4028,,,
Nord-Kivu,4029,adm1,CD-NK,,,,,,,,0,0,,,Province,COD,,COD,COD-1898,,Nord-Kivu,4029,,,
Orientale,4030,adm1,CD-OR,,,,,,,,0,0,,,Province,COD,,COD,COD-1559,,Orientale,4030,,,
Sud-Kivu,4031,adm1,CD-SK,,,,,,,,0,0,,,Province,COD,,COD,COD-1894,,Sud-Kivu,4031,,,
Bouenza,4061,adm1,CG-11,,,,,,,,0,0,,,Region,COG,,COG,COG-2626,,Bouenza,4061,,,
Pool,4062,adm1,CG-12,,,,,,,,0,0,,,Region,COG,,COG,COG-3341,,Pool,4062,,,
Sangha,4063,adm1,CG-13,,,,,,,,0,0,,,Region,COG,,COG,COG-2880,,Sangha,4063,,,
Plateaux,4064,adm1,CG-14,,,,,,,,0,0,,,Region,COG,,COG,COG-3346,,Plateaux,4064,,,
Cuvette-Ouest,4065,adm1,CG-15,,,,,,,,0,0,,,Region,COG,,COG,COG-2185,,Cuvette-Ouest,4065,,,
Pointe Noire,4066,adm1,CG-16,,,,,,,,0,0,,,Region,COG,,COG,COG-5855,,Pointe Noire,4066,,,
Lékoumou,4067,adm1,CG-2,,,,,,,,0,0,,,Region,COG,,COG,COG-3344,,Lékoumou,4067,,,
Kouilou,4068,adm1,CG-5,,,,,,,,0,0,,,Region,COG,,COG,COG-3343,,Kouilou,4068,,,
Likouala,4069,adm1,CG-7,,,,,,,,0,0,,,Region,COG,,COG,COG-2838,,Likouala,4069,,,
Cuvette,4070,adm1,CG-8,,,,,,,,0,0,,,Region,COG,,COG,COG-3342,,Cuvette,4070,,,
Niari,4071,adm1,CG-9,,,,,,,,0,0,,,Region,COG,,COG,COG-3345,,Niari,4071,,,
Brazzaville,4072,adm1,CG-BZV,,,,,,,,0,0,,,Region,COG,,COG,COG-4855,,Brazzaville,4072,,,
Amazonas,4101,adm1,CO-AMA,,,,,,,,0,0,,,Commissiary,COL,,COL,COL-1283,,Amazonas,4101,,,
Antioquia,4102,adm1,CO-ANT,,,,,,,,0,0,,,Department,COL,,COL,COL-1314,,Antioquia,4102,,,
Arauca,4103,adm1,CO-ARA,,,,,,,,0,0,,,Intendancy,COL,,COL,COL-1420,,Arauca,4103,,,
Atlántico,4104,adm1,CO-ATL,,,,,,,,0,0,,,Department,COL,,COL,COL-1412,,Atlántico,4104,,,
Bolívar,4105,adm1,CO-BOL,,,,,,,,0,0,,,Department,COL,,COL,COL-1413,,Bolívar,4105,,,
Boyacá,4106,adm1,CO-BOY,,,,,,,,0,0,,,Department,COL,,COL,COL-1315,,Boyacá,4106,,,
Caldas,4107,adm1,CO-CAL,,,,,,,,0,0,,,Department,COL,,COL,COL-1397,,Caldas,4107,,,
Caquetá,4108,adm1,CO-CAQ,,,,,,,,0,0,,,Intendancy,COL,,COL,COL-1403,,Caquetá,4108,,,
Casanare,4109,adm1,CO-CAS,,,,,,,,0,0,,,Intendancy,COL,,COL,COL-1422,,Casanare,4109,,,
Cauca,4110,adm1,CO-CAU,,,,,,,,0,0,,,Department,COL,,COL,COL-1404,,Cauca,4110,,,
Cesar,4111,adm1,CO-CES,,,,,,,,0,0,,,Department,COL,,COL,COL-1414,,Cesar,4111,,,
Chocó,4112,adm1,CO-CHO,,,,,,,,0,0,,,Department,COL,,COL,COL-1415,,Chocó,4112,,,
Córdoba,4113,adm1,CO-COR,,,,,,,,0,0,,,Department,COL,,COL,COL-1316,,Córdoba,4113,,,
Bogota,4114,adm1,CO-CUN,,,,,,,,0,0,,,Federal District,COL,,COL,COL-1399,,Bogota,4114,,,
Cundinamarca,4115,adm1,CO-CUN,,,,,,,,0,0,,,Department,COL,,COL,COL-1398,,Cundinamarca,4115,,,
Guainía,4116,adm1,CO-GUA,,,,,,,,0,0,,,Commissiary,COL,,COL,COL-1424,,Guainía,4116,,,
Guaviare,4117,adm1,CO-GUV,,,,,,,,0,0,,,Commissiary,COL,,COL,COL-1423,,Guaviare,4117,,,
Huila,4118,adm1,CO-HUI,,,,,,,,0,0,,,Department,COL,,COL,COL-1405,,Huila,4118,,,
La Guajira,4119,adm1,CO-LAG,,,,,,,,0,0,,,Department,COL,,COL,COL-1318,,La Guajira,4119,,,
Magdalena,4120,adm1,CO-MAG,,,,,,,,0,0,,,Department,COL,,COL,COL-1416,,Magdalena,4120,,,
Meta,4121,adm1,CO-MET,,,,,,,,0,0,,,Department,COL,,COL,COL-1425,,Meta,4121,,,
Nariño,4122,adm1,CO-NAR,,,,,,,,0,0,,,Department,COL,,COL,COL-1406,,Nariño,4122,,,
Norte de Santander,4123,adm1,CO-NSA,,,,,,,,0,0,,,Department,COL,,COL,COL-1421,,Norte de Santander,4123,,,
Putumayo,4124,adm1,CO-PUT,,,,,,,,0,0,,,Intendancy,COL,,COL,COL-1407,,Putumayo,4124,,,
Quindío,4125,adm1,CO-QUI,,,,,,,,0,0,,,Department,COL,,COL,COL-1400,,Quindío,4125,,,
Risaralda,4126,adm1,CO-RIS,,,,,,,,0,0,,,Department,COL,,COL,COL-1401,,Risaralda,4126,,,
Santander,4127,adm1,CO-SAN,,,,,,,,0,0,,,Department,COL,,COL,COL-1317,,Santander,4127,,,
San Andrés y Providencia,4128,adm1,CO-SAP,,,,,,,,0,0,,,Department,COL,,COL,COL-1342,,San Andrés y Providencia,4128,,,
Sucre,4129,adm1,CO-SUC,,,,,,,,0,0,,,Department,COL,,COL,COL-1417,,Sucre,4129,,,
Tolima,4130,adm1,CO-TOL,,,,,,,,0,0,,,Department,COL,,COL,COL-1402,,Tolima,4130,,,
Valle del Cauca,4131,adm1,CO-VAC,,,,,,,,0,0,,,Department,COL,,COL,COL-1408,,Valle del Cauca,4131,,,
Vaupés,4132,adm1,CO-VAU,,,,,,,,0,0,,,Commissiary,COL,,COL,COL-1426,,Vaupés,4132,,,
Vichada,4133,adm1,CO-VID,,,,,,,,0,0,,,Commissiary,COL,,COL,COL-1427,,Vichada,4133,,,
,4134,adm1,CO-X01~,,,,,,,,0,0,,,,COL,,COL,COL+99?,,,4134,,,
Andjouân,4161,adm1,KM-A,,,,,,,,0,0,,,,COM,,COM,COM-4936,,Andjouân,4161,,,
Andjazîdja,4162,adm1,KM-G,,,,,,,,0,0,,,,COM,,COM,COM-4935,,Andjazîdja,4162,,,
Moûhîlî,4163,adm1,KM-M,,,,,,,,0,0,,,,COM,,COM,COM-4934,,Moûhîlî,4163,,,
Brava,4181,adm1,CV-BR,,,,,,,,0,0,,,,CPV,,CPV,CPV-5041,,Brava,4181,,,
Boa Vista,4182,adm1,CV-BV,,,,,,,,0,0,,,,CPV,,CPV,CPV-5055,,Boa Vista,4182,,,
Santa Catarina,4183,adm1,CV-CA,,,,,,,,0,0,,,,CPV,,CPV,CPV-5046,,Santa Catarina,4183,,,
Santa Catarina do Fogo,4184,adm1,CV-CF,,,,,,,,0,0,,,,CPV,,CPV,CPV-5044,,Santa Catarina do Fogo,4184,,,
Santa Cruz,4185,adm1,CV-CR,,,,,,,,0,0,,,,CPV,,CPV,CPV-5048,,Santa Cruz,4185,,,
Maio,4186,adm1,CV-MA,,,,,,,,0,0,,,,CPV,,CPV,CPV-5054,,Maio,4186,,,
Mosteiros,4187,adm1,CV-MO,,,,,,,,0,0,,,,CPV,,CPV,CPV-5043,,Mosteiros,4187,,,
Paul,4188,adm1,CV-PA,,,,,,,,0,0,,,,CPV,,CPV,CPV-5062,,Paul,4188,,,
Porto Novo,4189,adm1,CV-PN,,,,,,,,0,0,,,,CPV,,CPV,CPV-5060,,Porto Novo,4189,,,
Praia,4190,adm1,CV-PR,,,,,,,,0,0,,,,CPV,,CPV,CPV-5053,,Praia,4190,,,
Ribeira Brava,4191,adm1,CV-RB,,,,,,,,0,0,,,,CPV,,CPV,CPV-5057,,Ribeira Brava,4191,,,
Ribeira Grande,4192,adm1,CV-RG,,,,,,,,0,0,,,,CPV,,CPV,CPV-5061,,Ribeira Grande,4192,,,
Ribeira Grande de Santiago,4193,adm1,CV-RS,,,,,,,,0,0,,,,CPV,,CPV,CPV-5052,,Ribeira Grande de Santiago,4193,,,
São Domingos,4194,adm1,CV-SD,,,,,,,,0,0,,,,CPV,,CPV,CPV-5051,,São Domingos,4194,,,
São Filipe,4195,adm1,CV-SF,,,,,,,,0,0,,,,CPV,,CPV,CPV-5042,,São Filipe,4195,,,
Sal,4196,adm1,CV-SL,,,,,,,,0,0,,,,CPV,,CPV,CPV-5056,,Sal,4196,,,
São Miguel,4197,adm1,CV-SM,,,,,,,,0,0,,,,CPV,,CPV,CPV-5047,,São Miguel,4197,,,
São Lourenço dos Órgãos,4198,adm1,CV-SO,,,,,,,,0,0,,,,CPV,,CPV,CPV-5050,,São Lourenço dos Órgãos,4198,,,
São Salvador do Mundo,4199,adm1,CV-SS,,,,,,,,0,0,,,,CPV,,CPV,CPV-5049,,São Salvador do Mundo,4199,,,
São Vicente,4200,adm1,CV-SV,,,,,,,,0,0,,,,CPV,,CPV,CPV-5059,,São Vicente,4200,,,
Tarrafal,4201,adm1,CV-TA,,,,,,,,0,0,,,,CPV,,CPV,CPV-5045,,Tarrafal,4201,,,
Tarrafal de São Nicolau,4202,adm1,CV-TS,,,,,,,,0,0,,,,CPV,,CPV,CPV-5058,,Tarrafal de São Nicolau,4202,,,
Alajuela,4221,adm1,CR-A,,,,,,,,0,0,,,Province,CRI,,CRI,CRI-1333,,Alajuela,4221,,,
Cartago,4222,adm1,CR-C,,,,,,,,0,0,,,Province,CRI,,CRI,CRI-1327,,Cartago,4222,,,
Guanacaste,4223,adm1,CR-G,,,,,,,,0,0,,,Province,CRI,,CRI,CRI-1334,,Guanacaste,4223,,,
Heredia,4224,adm1,CR-H,,,,,,,,0,0,,,Province,CRI,,CRI,CRI-1328,,Heredia,4224,,,
Limón,4225,adm1,CR-L,,,,,,,,0,0,,,Province,CRI,,CRI,CRI-1329,,Limón,4225,,,
Puntarenas,4226,adm1,CR-P,,,,,,,,0,0,,,Province,CRI,,CRI,CRI-1330,,Puntarenas,4226,,,
San José,4227,adm1,CR-SJ,,,,,,,,0,0,,,Province,CRI,,CRI,CRI-1331,,San José,4227,,,
Pinar del Río,4241,adm1,CU-01,,,,,,,,0,0,,,Province,CU1,,CUB,CUB-1321,,Pinar del Río,4241,,,
Ciudad de la Habana,4242,adm1,CU-03,,,,,,,,0,0,,,Province,CU1,,CUB,CUB-1428,,Ciudad de la Habana,4242,,,
Matanzas,4243,adm1,CU-04,,,,,,,,0,0,,,Province,CU1,,CUB,CUB-1430,,Matanzas,4243,,,
Villa Clara,4244,adm1,CU-05,,,,,,,,0,0,,,Province,CU1,,CUB,CUB-1431,,Villa Clara,4244,,,
Cienfuegos,4245,adm1,CU-06,,,,,,,,0,0,,,Province,CU1,,CUB,CUB-1319,,Cienfuegos,4245,,,
Sancti Spíritus,4246,adm1,CU-07,,,,,,,,0,0,,,Province,CU1,,CUB,CUB-1322,,Sancti Spíritus,4246,,,
Ciego de Ávila,4247,adm1,CU-08,,,,,,,,0,0,,,Province,CU1,,CUB,CUB-1363,,Ciego de Ávila,4247,,,
Camagüey,4248,adm1,CU-09,,,,,,,,0,0,,,Province,CU1,,CUB,CUB-1364,,Camagüey,4248,,,
Las Tunas,4249,adm1,CU-10,,,,,,,,0,0,,,Province,CU1,,CUB,CUB-1368,,Las Tunas,4249,,,
Holguín,4250,adm1,CU-11,,,,,,,,0,0,,,Province,CU1,,CUB,CUB-1367,,Holguín,4250,,,
Granma,4251,adm1,CU-12,,,,,,,,0,0,,,Province,CU1,,CUB,CUB-1366,,Granma,4251,,,
Santiago de Cuba,4252,adm1,CU-13,,,,,,,,0,0,,,Province,CU1,,CUB,CUB-1369,,Santiago de Cuba,4252,,,
Guantánamo,4253,adm1,CU-14,,,,,,,,0,0,,,Province,CU1,,CUB,CUB-1365,,Guantánamo,4253,,,
Artemisa,4254,adm1,CU-15,,,,,,,,0,0,,,Province,CU1,,CUB,CUB-1429,,Artemisa,4254,,,
Mayabeque,4255,adm1,CU-16,,,,,,,,0,0,,,Province,CU1,,CUB,CUB-5489,,Mayabeque,4255,,,
Isla de la Juventud,4256,adm1,CU-99,,,,,,,,0,0,,,Special Municipality,CU1,,CUB,CUB-1320,,Isla de la Juventud,4256,,,
Guantanamo Bay USNB,4281,adm1,-99-X13~,,,,,,,,0,0,,,,CU1,,USG,USG+00?,,Guantanamo Bay USNB,4281,,,
Northern Cyprus,4301,adm1,-99-X04~,,,,,,,,0,0,,,,CYN,,CYN,CYN+00?,,Northern Cyprus,4301,,,
Nicosia,4321,adm1,CY-01,,,,,,,,0,0,,,District,CYP,,CYP,CYP-3464,,Nicosia,4321,,,
Limassol,4322,adm1,CY-02,,,,,,,,0,0,,,District,CYP,,CYP,CYP-3489,,Limassol,4322,,,
Larnaca,4323,adm1,CY-03,,,,,,,,0,0,,,District,CYP,,CYP,CYP-3463,,Larnaca,4323,,,
Famagusta,4324,adm1,CY-04,,,,,,,,0,0,,,District,CYP,,CYP,CYP-3466,,Famagusta,4324,,,
Paphos,4325,adm1,CY-05,,,,,,,,0,0,,,District,CYP,,CYP,CYP-3465,,Paphos,4325,,,
Jihočeský,4341,adm1,CZ-JC,,,,,,,,0,0,,,Region,CZE,,CZE,CZE-1593,,Jihočeský,4341,,,
Jihomoravský,4342,adm1,CZ-JM,,,,,,,,0,0,,,Region,CZE,,CZE,CZE-10370,,Jihomoravský,4342,,,
Karlovarský,4343,adm1,CZ-KA,,,,,,,,0,0,,,Region,CZE,,CZE,CZE-1590,,Karlovarský,4343,,,
Královéhradecký,4344,adm1,CZ-KR,,,,,,,,0,0,,,Region,CZE,,CZE,CZE-1598,,Královéhradecký,4344,,,
Liberecký,4345,adm1,CZ-LI,,,,,,,,0,0,,,Region,CZE,,CZE,CZE-1597,,Liberecký,4345,,,
Moravskoslezský,4346,adm1,CZ-MO,,,,,,,,0,0,,,Region,CZE,,CZE,CZE-1612,,Moravskoslezský,4346,,,
Olomoucký,4347,adm1,CZ-OL,,,,,,,,0,0,,,Region,CZE,,CZE,CZE-10372,,Olomoucký,4347,,,
Pardubický,4348,adm1,CZ-PA,,,,,,,,0,0,,,Region,CZE,,CZE,CZE-10373,,Pardubický,4348,,,
Plzeňský,4349,adm1,CZ-PL,,,,,,,,0,0,,,Region,CZE,,CZE,CZE-10369,,Plzeňský,4349,,,
Prague,4350,adm1,CZ-PR,,,,,,,,0,0,,,Region,CZE,,CZE,CZE-1595,,Prague,4350,,,
Středočeský,4351,adm1,CZ-ST,,,,,,,,0,0,,,Region,CZE,,CZE,CZE-1596,,Středočeský,4351,,,
Ústecký,4352,adm1,CZ-US,,,,,,,,0,0,,,Region,CZE,,CZE,CZE-10368,,Ústecký,4352,,,
Vysočina,4353,adm1,CZ-VY,,,,,,,,0,0,,,Region,CZE,,CZE,CZE-1594,,Vysočina,4353,,,
Zlínský,4354,adm1,CZ-ZL,,,,,,,,0,0,,,Region,CZE,,CZE,CZE-10371,,Zlínský,4354,,,
Brandenburg,4381,adm1,DE-BB,,,,,,,,0,0,,,State,DEU,,DEU,DEU-3487,,Brandenburg,4381,,,
Berlin,4382,adm1,DE-BE,,,,,,,,0,0,,,State,DEU,,DEU,DEU-1599,,Berlin,4382,,,
Baden-Württemberg,4383,adm1,DE-BW,,,,,,,,0,0,,,State,DEU,,DEU,DEU-1573,,Baden-Württemberg,4383,,,
Bayern,4384,adm1,DE-BY,,,,,,,,0,0,,,State,DEU,,DEU,DEU-1591,,Bayern,4384,,,
Bremen,4385,adm1,DE-HB,,,,,,,,0,0,,,State,DEU,,DEU,DEU-1575,,Bremen,4385,,,
Hessen,4386,adm1,DE-HE,,,,,,,,0,0,,,State,DEU,,DEU,DEU-1574,,Hessen,4386,,,
Hamburg,4387,adm1,DE-HH,,,,,,,,0,0,,,State,DEU,,DEU,DEU-1578,,Hamburg,4387,,,
Mecklenburg-Vorpommern,4388,adm1,DE-MV,,,,,,,,0,0,,,State,DEU,,DEU,DEU-3488,,Mecklenburg-Vorpommern,4388,,,
Niedersachsen,4389,adm1,DE-NI,,,,,,,,0,0,,,State,DEU,,DEU,DEU-1576,,Niedersachsen,4389,,,
Nordrhein-Westfalen,4390,adm1,DE-NW,,,,,,,,0,0,,,State,DEU,,DEU,DEU-1572,,Nordrhein-Westfalen,4390,,,
Rheinland-Pfalz,4391,adm1,DE-RP,,,,,,,,0,0,,,State,DEU,,DEU,DEU-1580,,Rheinland-Pfalz,4391,,,
Schleswig-Holstein,4392,adm1,DE-SH,,,,,,,,0,0,,,State,DEU,,DEU,DEU-1579,,Schleswig-Holstein,4392,,,
Saarland,4393,adm1,DE-SL,,,,,,,,0,0,,,State,DEU,,DEU,DEU-1581,,Saarland,4393,,,
Sachsen,4394,adm1,DE-SN,,,,,,,,0,0,,,State,DEU,,DEU,DEU-1601,,Sachsen,4394,,,
Sachsen-Anhalt,4395,adm1,DE-ST,,,,,,,,0,0,,,State,DEU,,DEU,DEU-1600,,Sachsen-Anhalt,4395,,,
Thüringen,4396,adm1,DE-TH,,,,,,,,0,0,,,State,DEU,,DEU,DEU-1577,,Thüringen,4396,,,
Arta,4421,adm1,DJ-AR,,,,,,,,0,0,,,Region,DJI,,DJI,DJI-1568,,Arta,4421,,,
Ali Sabieh,4422,adm1,DJ-AS,,,,,,,,0,0,,,Region,DJI,,DJI,DJI-1566,,Ali Sabieh,4422,,,
Dikhil,4423,adm1,DJ-DI,,,,,,,,0,0,,,Region,DJI,,DJI,DJI-1569,,Dikhil,4423,,,
Djibouti,4424,adm1,DJ-DJ,,,,,,,,0,0,,,City,DJI,,DJI,DJI-1567,,Djibouti,4424,,,
Obock,4425,adm1,DJ-OB,,,,,,,,0,0,,,Region,DJI,,DJI,DJI-1570,,Obock,4425,,,
Tadjourah,4426,adm1,DJ-TA,,,,,,,,0,0,,,Region,DJI,,DJI,DJI-1571,,Tadjourah,4426,,,
Saint Andrew,4441,adm1,DM-02,,,,,,,,0,0,,,Parish,DMA,,DMA,DMA-1432,,Saint Andrew,4441,,,
Saint David,4442,adm1,DM-03,,,,,,,,0,0,,,Parish,DMA,,DMA,DMA-1433,,Saint David,4442,,,
Saint George,4443,adm1,DM-04,,,,,,,,0,0,,,Parish,DMA,,DMA,DMA-1434,,Saint George,4443,,,
Saint John,4444,adm1,DM-05,,,,,,,,0,0,,,Parish,DMA,,DMA,DMA-1435,,Saint John,4444,,,
Saint Joseph,4445,adm1,DM-06,,,,,,,,0,0,,,Parish,DMA,,DMA,DMA-1436,,Saint Joseph,4445,,,
Saint Luke,4446,adm1,DM-07,,,,,,,,0,0,,,Parish,DMA,,DMA,DMA-1437,,Saint Luke,4446,,,
Saint Mark,4447,adm1,DM-08,,,,,,,,0,0,,,Parish,DMA,,DMA,DMA-1438,,Saint Mark,4447,,,
Saint Patrick,4448,adm1,DM-09,,,,,,,,0,0,,,Parish,DMA,,DMA,DMA-1439,,Saint Patrick,4448,,,
Saint Paul,4449,adm1,DM-10,,,,,,,,0,0,,,Parish,DMA,,DMA,DMA-1440,,Saint Paul,4449,,,
Saint Peter,4450,adm1,DM-11,,,,,,,,0,0,,,Parish,DMA,,DMA,DMA-1441,,Saint Peter,4450,,,
Nordjylland,4481,adm1,DK-81,,,,,,,,0,0,,,Region,DN1,,DNK,DNK-3418,,Nordjylland,4481,,,
Midtjylland,4482,adm1,DK-82,,,,,,,,0,0,,,Region,DN1,,DNK,DNK-3416,,Midtjylland,4482,,,
Syddanmark,4483,adm1,DK-83,,,,,,,,0,0,,,Region,DN1,,DNK,DNK-3417,,Syddanmark,4483,,,
Hovedstaden,4484,adm1,DK-84,,,,,,,,0,0,,,Region,DN1,,DNK,DNK-3419,,Hovedstaden,4484,,,
Sjaælland,4485,adm1,DK-85,,,,,,,,0,0,,,Region,DN1,,DNK,DNK-3420,,Sjaælland,4485,,,
Eysturoyar,4501,adm1,FO-X00~,,,,,,,,0,0,,,Region,DN1,,FRO,FRO-1443,,Eysturoyar,4501,,,
Kommune Kujalleq,4521,adm1,GL-KU,,,,,,,,0,0,,,,DN1,,GRL,GRL-2740,,Kommune Kujalleq,4521,,,
Qaasuitsup Kommunia,4522,adm1,GL-QA,,,,,,,,0,0,,,,DN1,,GRL,GRL-2743,,Qaasuitsup Kommunia,4522,,,
Qeqqata Kommunia,4523,adm1,GL-QE,,,,,,,,0,0,,,,DN1,,GRL,GRL-2741,,Qeqqata Kommunia,4523,,,
Kommuneqarfik Sermersooq,4524,adm1,GL-SM,,,,,,,,0,0,,,,DN1,,GRL,GRL-2739,,Kommuneqarfik Sermersooq,4524,,,
Nationalparken,4525,adm1,GL-UO,,,,,,,,0,0,,,,DN1,,GRL,GRL-2742,,Nationalparken,4525,,,
Pituffik,4526,adm1,GL-UO,,,,,,,,0,0,,,,DN1,,GRL,GRL-2738,,Pituffik,4526,,,
Distrito Nacional,4541,adm1,DO-01,,,,,,,,0,0,,,National District,DOM,,DOM,DOM-1985,,Distrito Nacional,4541,,,
Azua,4542,adm1,DO-02,,,,,,,,0,0,,,Province,DOM,,DOM,DOM-1974,,Azua,4542,,,
Bahoruco,4543,adm1,DO-03,,,,,,,,0,0,,,Province,DOM,,DOM,DOM-1969,,Bahoruco,4543,,,
Barahona,4544,adm1,DO-04,,,,,,,,0,0,,,Province,DOM,,DOM,DOM-1970,,Barahona,4544,,,
Dajabón,4545,adm1,DO-05,,,,,,,,0,0,,,Province,DOM,,DOM,DOM-1966,,Dajabón,4545,,,
Duarte,4546,adm1,DO-06,,,,,,,,0,0,,,Province,DOM,,DOM,DOM-1979,,Duarte,4546,,,
La Estrelleta,4547,adm1,DO-07,,,,,,,,0,0,,,Province,DOM,,DOM,DOM-1972,,La Estrelleta,4547,,,
El Seybo,4548,adm1,DO-08,,,,,,,,0,0,,,Province,DOM,,DOM,DOM-1986,,El Seybo,4548,,,
Espaillat,4549,adm1,DO-09,,,,,,,,0,0,,,Province,DOM,,DOM,DOM-1967,,Espaillat,4549,,,
Independencia,4550,adm1,DO-10,,,,,,,,0,0,,,Province,DOM,,DOM,DOM-1971,,Independencia,4550,,,
La Altagracia,4551,adm1,DO-11,,,,,,,,0,0,,,Province,DOM,,DOM,DOM-1987,,La Altagracia,4551,,,
La Romana,4552,adm1,DO-12,,,,,,,,0,0,,,Province,DOM,,DOM,DOM-1988,,La Romana,4552,,,
La Vega,4553,adm1,DO-13,,,,,,,,0,0,,,Province,DOM,,DOM,DOM-1975,,La Vega,4553,,,
María Trinidad Sánchez,4554,adm1,DO-14,,,,,,,,0,0,,,Province,DOM,,DOM,DOM-1982,,María Trinidad Sánchez,4554,,,
Monte Cristi,4555,adm1,DO-15,,,,,,,,0,0,,,Province,DOM,,DOM,DOM-1964,,Monte Cristi,4555,,,
Pedernales,4556,adm1,DO-16,,,,,,,,0,0,,,Province,DOM,,DOM,DOM-1973,,Pedernales,4556,,,
Peravia,4557,adm1,DO-17,,,,,,,,0,0,,,Province,DOM,,DOM,DOM-1977,,Peravia,4557,,,
Puerto Plata,4558,adm1,DO-18,,,,,,,,0,0,,,Province,DOM,,DOM,DOM-1965,,Puerto Plata,4558,,,
Hermanas,4559,adm1,DO-19,,,,,,,,0,0,,,Province,DOM,,DOM,DOM-1968,,Hermanas,4559,,,
Samaná,4560,adm1,DO-20,,,,,,,,0,0,,,Province,DOM,,DOM,DOM-1983,,Samaná,4560,,,
San Cristóbal,4561,adm1,DO-21,,,,,,,,0,0,,,Province,DOM,,DOM,DOM-1984,,San Cristóbal,4561,,,
San Juan,4562,adm1,DO-22,,,,,,,,0,0,,,Province,DOM,,DOM,DOM-1393,,San Juan,4562,,,
San Pedro de Macorís,4563,adm1,DO-23,,,,,,,,0,0,,,Province,DOM,,DOM,DOM-1396,,San Pedro de Macorís,4563,,,
Sánchez Ramírez,4564,adm1,DO-24,,,,,,,,0,0,,,Province,DOM,,DOM,DOM-1395,,Sánchez Ramírez,4564,,,
Santiago,4565,adm1,DO-25,,,,,,,,0,0,,,Province,DOM,,DOM,DOM-1390,,Santiago,4565,,,
Santiago Rodríguez,4566,adm1,DO-26,,,,,,,,0,0,,,Province,DOM,,DOM,DOM-1391,,Santiago Rodríguez,4566,,,
Valverde,4567,adm1,DO-27,,,,,,,,0,0,,,Province,DOM,,DOM,DOM-1392,,Valverde,4567,,,
Monseñor Nouel,4568,adm1,DO-28,,,,,,,,0,0,,,Province,DOM,,DOM,DOM-1976,,Monseñor Nouel,4568,,,
Monte Plata,4569,adm1,DO-29,,,,,,,,0,0,,,Province,DOM,,DOM,DOM-1981,,Monte Plata,4569,,,
Hato Mayor,4570,adm1,DO-30,,,,,,,,0,0,,,Province,DOM,,DOM,DOM-1980,,Hato Mayor,4570,,,
San José de Ocoa,4571,adm1,DO-31,,,,,,,,0,0,,,Province,DOM,,DOM,DOM-1978,,San José de Ocoa,4571,,,
Santo Domingo,4572,adm1,DO-32,,,,,,,,0,0,,,Province,DOM,,DOM,DOM-1394,,Santo Domingo,4572,,,
Adrar,4601,adm1,DZ-01,,,,,,,,0,0,,,Province,DZA,,DZA,DZA-2143,,Adrar,4601,,,
Chlef,4602,adm1,DZ-02,,,,,,,,0,0,,,Province,DZA,,DZA,DZA-2200,,Chlef,4602,,,
Laghouat,4603,adm1,DZ-03,,,,,,,,0,0,,,Province,DZA,,DZA,DZA-2193,,Laghouat,4603,,,
Oum el Bouaghi,4604,adm1,DZ-04,,,,,,,,0,0,,,Province,DZA,,DZA,DZA-2221,,Oum el Bouaghi,4604,,,
Batna,4605,adm1,DZ-05,,,,,,,,0,0,,,Province,DZA,,DZA,DZA-2216,,Batna,4605,,,
Béjaïa,4606,adm1,DZ-06,,,,,,,,0,0,,,Province,DZA,,DZA,DZA-2208,,Béjaïa,4606,,,
Biskra,4607,adm1,DZ-07,,,,,,,,0,0,,,Province,DZA,,DZA,DZA-2211,,Biskra,4607,,,
Béchar,4608,adm1,DZ-08,,,,,,,,0,0,,,Province,DZA,,DZA,DZA-2148,,Béchar,4608,,,
Blida,4609,adm1,DZ-09,,,,,,,,0,0,,,Province,DZA,,DZA,DZA-2209,,Blida,4609,,,
Bouira,4610,adm1,DZ-10,,,,,,,,0,0,,,Province,DZA,,DZA,DZA-2210,,Bouira,4610,,,
Tamanghasset,4611,adm1,DZ-11,,,,,,,,0,0,,,Province,DZA,,DZA,DZA-2189,,Tamanghasset,4611,,,
Tébessa,4612,adm1,DZ-12,,,,,,,,0,0,,,Province,DZA,,DZA,DZA-2223,,Tébessa,4612,,,
Tlemcen,4613,adm1,DZ-13,,,,,,,,0,0,,,Province,DZA,,DZA,DZA-2147,,Tlemcen,4613,,,
Tiaret,4614,adm1,DZ-14,,,,,,,,0,0,,,Province,DZA,,DZA,DZA-2205,,Tiaret,4614,,,
Tizi Ouzou,4615,adm1,DZ-15,,,,,,,,0,0,,,Province,DZA,,DZA,DZA-2197,,Tizi Ouzou,4615,,,
Alger,4616,adm1,DZ-16,,,,,,,,0,0,,,Province,DZA,,DZA,DZA-2195,,Alger,4616,,,
Djelfa,4617,adm1,DZ-17,,,,,,,,0,0,,,Province,DZA,,DZA,DZA-2212,,Djelfa,4617,,,
Jijel,4618,adm1,DZ-18,,,,,,,,0,0,,,Province,DZA,,DZA,DZA-2165,,Jijel,4618,,,
Sétif,4619,adm1,DZ-19,,,,,,,,0,0,,,Province,DZA,,DZA,DZA-2215,,Sétif,4619,,,
Saïda,4620,adm1,DZ-20,,,,,,,,0,0,,,Province,DZA,,DZA,DZA-2204,,Saïda,4620,,,
Skikda,4621,adm1,DZ-21,,,,,,,,0,0,,,Province,DZA,,DZA,DZA-2166,,Skikda,4621,,,
Sidi Bel Abbès,4622,adm1,DZ-22,,,,,,,,0,0,,,Province,DZA,,DZA,DZA-2146,,Sidi Bel Abbès,4622,,,
Annaba,4623,adm1,DZ-23,,,,,,,,0,0,,,Province,DZA,,DZA,DZA-2163,,Annaba,4623,,,
Guelma,4624,adm1,DZ-24,,,,,,,,0,0,,,Province,DZA,,DZA,DZA-2218,,Guelma,4624,,,
Constantine,4625,adm1,DZ-25,,,,,,,,0,0,,,Province,DZA,,DZA,DZA-2217,,Constantine,4625,,,
Médéa,4626,adm1,DZ-26,,,,,,,,0,0,,,Province,DZA,,DZA,DZA-2213,,Médéa,4626,,,
Mostaganem,4627,adm1,DZ-27,,,,,,,,0,0,,,Province,DZA,,DZA,DZA-2202,,Mostaganem,4627,,,
M'Sila,4628,adm1,DZ-28,,,,,,,,0,0,,,Province,DZA,,DZA,DZA-2214,,M'Sila,4628,,,
Mascara,4629,adm1,DZ-29,,,,,,,,0,0,,,Province,DZA,,DZA,DZA-2201,,Mascara,4629,,,
Ouargla,4630,adm1,DZ-30,,,,,,,,0,0,,,Province,DZA,,DZA,DZA-2194,,Ouargla,4630,,,
Oran,4631,adm1,DZ-31,,,,,,,,0,0,,,Province,DZA,,DZA,DZA-2145,,Oran,4631,,,
El Bayadh,4632,adm1,DZ-32,,,,,,,,0,0,,,Province,DZA,,DZA,DZA-2190,,El Bayadh,4632,,,
Illizi,4633,adm1,DZ-33,,,,,,,,0,0,,,Province,DZA,,DZA,DZA-2188,,Illizi,4633,,,
Bordj Bou Arréridj,4634,adm1,DZ-34,,,,,,,,0,0,,,Province,DZA,,DZA,DZA-2207,,Bordj Bou Arréridj,4634,,,
Boumerdès,4635,adm1,DZ-35,,,,,,,,0,0,,,Province,DZA,,DZA,DZA-2196,,Boumerdès,4635,,,
El Tarf,4636,adm1,DZ-36,,,,,,,,0,0,,,Province,DZA,,DZA,DZA-2164,,El Tarf,4636,,,
Tindouf,4637,adm1,DZ-37,,,,,,,,0,0,,,Province,DZA,,DZA,DZA-2150,,Tindouf,4637,,,
Tissemsilt,4638,adm1,DZ-38,,,,,,,,0,0,,,Province,DZA,,DZA,DZA-2206,,Tissemsilt,4638,,,
El Oued,4639,adm1,DZ-39,,,,,,,,0,0,,,Province,DZA,,DZA,DZA-2191,,El Oued,4639,,,
Khenchela,4640,adm1,DZ-40,,,,,,,,0,0,,,Province,DZA,,DZA,DZA-2219,,Khenchela,4640,,,
Souk Ahras,4641,adm1,DZ-41,,,,,,,,0,0,,,Province,DZA,,DZA,DZA-2222,,Souk Ahras,4641,,,
Tipaza,4642,adm1,DZ-42,,,,,,,,0,0,,,Province,DZA,,DZA,DZA-2198,,Tipaza,4642,,,
Mila,4643,adm1,DZ-43,,,,,,,,0,0,,,Province,DZA,,DZA,DZA-2220,,Mila,4643,,,
Aïn Defla,4644,adm1,DZ-44,,,,,,,,0,0,,,Province,DZA,,DZA,DZA-2199,,Aïn Defla,4644,,,
Naâma,4645,adm1,DZ-45,,,,,,,,0,0,,,Province,DZA,,DZA,DZA-2149,,Naâma,4645,,,
Aïn Témouchent,4646,adm1,DZ-46,,,,,,,,0,0,,,Province,DZA,,DZA,DZA-2144,,Aïn Témouchent,4646,,,
Ghardaïa,4647,adm1,DZ-47,,,,,,,,0,0,,,Province,DZA,,DZA,DZA-2192,,Ghardaïa,4647,,,
Relizane,4648,adm1,DZ-48,,,,,,,,0,0,,,Province,DZA,,DZA,DZA-2203,,Relizane,4648,,,
Azuay,4661,adm1,EC-A,,,AMAndes,4,,,,1,0,,,Province,ECU,,ECU,ECU-1266,,Azuay,4661,,,
Bolivar,4662,adm1,EC-B,,,AMAndes,4,,,,1,0,,,Province,ECU,,ECU,ECU-1277,,Bolivar,4662,,,
Carchi,4663,adm1,EC-C,,,AMAndes,4,,,,1,0,,,Province,ECU,,ECU,ECU-1409,,Carchi,4663,,,
Orellana,4664,adm1,EC-D,,,,,,,,0,0,,,Province,ECU,,ECU,ECU-1286,,Orellana,4664,,,
Esmeraldas,4665,adm1,EC-E,,,,,,,,0,0,,,Province,ECU,,ECU,ECU-1335,,Esmeraldas,4665,,,
Cañar,4666,adm1,EC-F,,,AMAndes,4,,,,1,0,,,Province,ECU,,ECU,ECU-1278,,Cañar,4666,,,
Guayas,4667,adm1,EC-G,,,,,,,,0,0,,,Province,ECU,,ECU,ECU-1280,,Guayas,4667,,,
Chimborazo,4668,adm1,EC-H,,,AMAndes,4,,,,1,0,,,Province,ECU,,ECU,ECU-1284,,Chimborazo,4668,,,
Imbabura,4669,adm1,EC-I,,,AMAndes,4,,,,1,0,,,Province,ECU,,ECU,ECU-1410,,Imbabura,4669,,,
Loja,4670,adm1,EC-L,,,AMAndes,4,,,,1,0,,,Province,ECU,,ECU,ECU-1268,,Loja,4670,,,
Manabi,4671,adm1,EC-M,,,,,,,,0,0,,,Province,ECU,,ECU,ECU-1282,,Manabi,4671,,,
Napo,4672,adm1,EC-N,,,AMAndes,4,,,,1,0,,,Province,ECU,,ECU,ECU-1289,,Napo,4672,,,
El Oro,4673,adm1,EC-O,,,AMAndes,4,,,,1,0,,,Province,ECU,,ECU,ECU-1267,,El Oro,4673,,,
Pichincha,4674,adm1,EC-P,,,AMAndes,4,,,,1,0,,,Province,ECU,,ECU,ECU-1287,,Pichincha,4674,,,
Los Rios,4675,adm1,EC-R,,,,,,,,0,0,,,Province,ECU,,ECU,ECU-1281,,Los Rios,4675,,,
Morona Santiago,4676,adm1,EC-S,,,,,,,,0,0,,,Province,ECU,,ECU,ECU-1285,,Morona Santiago,4676,,,
Santo Domingo de los Tsáchilas,4677,adm1,EC-SD,,,,,,,,0,0,,,Province,ECU,,ECU,ECU-5508,,Santo Domingo de los Tsáchilas,4677,,,
Santa Elena,4678,adm1,EC-SE,,,,,,,,0,0,,,Province,ECU,,ECU,ECU-5507,,Santa Elena,4678,,,
Tungurahua,4679,adm1,EC-T,,,AMAndes,4,,,,1,0,,,Province,ECU,,ECU,ECU-1290,,Tungurahua,4679,,,
Sucumbios,4680,adm1,EC-U,,,,,,,,0,0,,,Province,ECU,,ECU,ECU-1411,,Sucumbios,4680,,,
Galápagos,4681,adm1,EC-W,,,,,,,,0,0,,,Province,ECU,,ECU,ECU-1270,,Galápagos,4681,,,
Cotopaxi,4682,adm1,EC-X,,,AMAndes,4,,,,1,0,,,Province,ECU,,ECU,ECU-1279,,Cotopaxi,4682,,,
Pastaza,4683,adm1,EC-Y,,,,,,,,0,0,,,Province,ECU,,ECU,ECU-1288,,Pastaza,4683,,,
Zamora Chinchipe,4684,adm1,EC-Z,,,,,,,,0,0,,,Province,ECU,,ECU,ECU-1269,,Zamora Chinchipe,4684,,,
Al Iskandariyah,4701,adm1,EG-ALX,,,,,,,,0,0,,,Governorate,EGY,,EGY,EGY-1543,,Al Iskandariyah,4701,,,
Aswan,4702,adm1,EG-ASN,,,,,,,,0,0,,,Governorate,EGY,,EGY,EGY-1548,,Aswan,4702,,,
Asyut,4703,adm1,EG-AST,,,,,,,,0,0,,,Governorate,EGY,,EGY,EGY-1549,,Asyut,4703,,,
Al Bahr al Ahmar,4704,adm1,EG-BA,,,,,,,,0,0,,,Governorate,EGY,,EGY,EGY-1556,,Al Bahr al Ahmar,4704,,,
Al Buhayrah,4705,adm1,EG-BH,,,,,,,,0,0,,,Governorate,EGY,,EGY,EGY-1541,,Al Buhayrah,4705,,,
Bani Suwayf,4706,adm1,EG-BNS,,,,,,,,0,0,,,Governorate,EGY,,EGY,EGY-1546,,Bani Suwayf,4706,,,
Al Qahirah,4707,adm1,EG-C,,,,,,,,0,0,,,Governorate,EGY,,EGY,EGY-1533,,Al Qahirah,4707,,,
Ad Daqahliyah,4708,adm1,EG-DK,,,,,,,,0,0,,,Governorate,EGY,,EGY,EGY-1537,,Ad Daqahliyah,4708,,,
Dumyat,4709,adm1,EG-DT,,,,,,,,0,0,,,Governorate,EGY,,EGY,EGY-1539,,Dumyat,4709,,,
Al Fayyum,4710,adm1,EG-FYM,,,,,,,,0,0,,,Governorate,EGY,,EGY,EGY-1542,,Al Fayyum,4710,,,
Al Gharbiyah,4711,adm1,EG-GH,,,,,,,,0,0,,,Governorate,EGY,,EGY,EGY-1530,,Al Gharbiyah,4711,,,
Al Jizah,4712,adm1,EG-GZ,,,,,,,,0,0,,,Governorate,EGY,,EGY,EGY-1544,,Al Jizah,4712,,,
Al Isma`iliyah,4713,adm1,EG-IS,,,,,,,,0,0,,,Governorate,EGY,,EGY,EGY-1531,,Al Isma`iliyah,4713,,,
Janub Sina',4714,adm1,EG-JS,,,,,,,,0,0,,,Governorate,EGY,,EGY,EGY-1557,,Janub Sina',4714,,,
Al Qalyubiyah,4715,adm1,EG-KB,,,,,,,,0,0,,,Governorate,EGY,,EGY,EGY-1534,,Al Qalyubiyah,4715,,,
Kafr ash Shaykh,4716,adm1,EG-KFS,,,,,,,,0,0,,,Governorate,EGY,,EGY,EGY-1547,,Kafr ash Shaykh,4716,,,
Qina,4717,adm1,EG-KN,,,,,,,,0,0,,,Governorate,EGY,,EGY,EGY-1551,,Qina,4717,,,
Luxor,4718,adm1,EG-LX,,,,,,,,0,0,,,Governorate,EGY,,EGY,EGY-5494,,Luxor,4718,,,
Al Minya,4719,adm1,EG-MN,,,,,,,,0,0,,,Governorate,EGY,,EGY,EGY-1545,,Al Minya,4719,,,
Al Minufiyah,4720,adm1,EG-MNF,,,,,,,,0,0,,,Governorate,EGY,,EGY,EGY-1532,,Al Minufiyah,4720,,,
Matruh,4721,adm1,EG-MT,,,,,,,,0,0,,,Governorate,EGY,,EGY,EGY-1540,,Matruh,4721,,,
Bur Sa`id,4722,adm1,EG-PTS,,,,,,,,0,0,,,Governorate,EGY,,EGY,EGY-1538,,Bur Sa`id,4722,,,
Suhaj,4723,adm1,EG-SHG,,,,,,,,0,0,,,Governorate,EGY,,EGY,EGY-1552,,Suhaj,4723,,,
Ash Sharqiyah,4724,adm1,EG-SHR,,,,,,,,0,0,,,Governorate,EGY,,EGY,EGY-1535,,Ash Sharqiyah,4724,,,
Shamal Sina',4725,adm1,EG-SIN,,,,,,,,0,0,,,Governorate,EGY,,EGY,EGY-1558,,Shamal Sina',4725,,,
As Suways,4726,adm1,EG-SUZ,,,,,,,,0,0,,,Governorate,EGY,,EGY,EGY-1536,,As Suways,4726,,,
Al Wadi at Jadid,4727,adm1,EG-WAD,,,,,,,,0,0,,,Governorate,EGY,,EGY,EGY-1550,,Al Wadi at Jadid,4727,,,
Anseba,4741,adm1,ER-AN,,,,,,,,0,0,,,Region,ERI,,ERI,ERI-1561,,Anseba,4741,,,
Debubawi Keyih Bahri,4742,adm1,ER-DK,,,,,,,,0,0,,,Region,ERI,,ERI,ERI-1565,,Debubawi Keyih Bahri,4742,,,
Debub,4743,adm1,ER-DU,,,,,,,,0,0,,,Region,ERI,,ERI,ERI-1562,,Debub,4743,,,
Gash Barka,4744,adm1,ER-GB,,,,,,,,0,0,,,Region,ERI,,ERI,ERI-1560,,Gash Barka,4744,,,
Maekel,4745,adm1,ER-MA,,,,,,,,0,0,,,Region,ERI,,ERI,ERI-1564,,Maekel,4745,,,
Semenawi Keyih Bahri,4746,adm1,ER-SK,,,,,,,,0,0,,,Region,ERI,,ERI,ERI-1563,,Semenawi Keyih Bahri,4746,,,
Alicante,4761,adm1,ES-A,,,,,,,,0,0,,,Autonomous Community,ESP,,ESP,ESP-5803,,Alicante,4761,,,
Albacete,4762,adm1,ES-AB,,,,,,,,0,0,,,Autonomous Community,ESP,,ESP,ESP-5802,,Albacete,4762,,,
Almería,4763,adm1,ES-AL,,,,,,,,0,0,,,Autonomous Community,ESP,,ESP,ESP-5804,,Almería,4763,,,
Ávila,4764,adm1,ES-AV,,,,,,,,0,0,,,Autonomous Community,ESP,,ESP,ESP-5806,,Ávila,4764,,,
Barcelona,4765,adm1,ES-B,,,,,,,,0,0,,,Autonomous Community,ESP,,ESP,ESP-5809,,Barcelona,4765,,,
Badajoz,4766,adm1,ES-BA,,,,,,,,0,0,,,Autonomous Community,ESP,,ESP,ESP-5807,,Badajoz,4766,,,
Bizkaia,4767,adm1,ES-BI,,,,,,,,0,0,,,Autonomous Community,ESP,,ESP,ESP-5851,,Bizkaia,4767,,,
Burgos,4768,adm1,ES-BU,,,,,,,,0,0,,,Autonomous Community,ESP,,ESP,ESP-5810,,Burgos,4768,,,
La Coruña,4769,adm1,ES-C,,,,,,,,0,0,,,Autonomous Community,ESP,,ESP,ESP-5827,,La Coruña,4769,,,
Cádiz,4770,adm1,ES-CA,,,,,,,,0,0,,,Autonomous Community,ESP,,ESP,ESP-5812,,Cádiz,4770,,,
Cáceres,4771,adm1,ES-CC,,,,,,,,0,0,,,Autonomous Community,ESP,,ESP,ESP-5811,,Cáceres,4771,,,
Ceuta,4772,adm1,ES-CE,,,,,,,,0,0,,,Autonomous City,ESP,,ESP,ESP-5815,,Ceuta,4772,,,
Córdoba,4773,adm1,ES-CO,,,,,,,,0,0,,,Autonomous Community,ESP,,ESP,ESP-5817,,Córdoba,4773,,,
Ciudad Real,4774,adm1,ES-CR,,,,,,,,0,0,,,Autonomous Community,ESP,,ESP,ESP-5816,,Ciudad Real,4774,,,
Castellón,4775,adm1,ES-CS,,,,,,,,0,0,,,Autonomous Community,ESP,,ESP,ESP-5814,,Castellón,4775,,,
Cuenca,4776,adm1,ES-CU,,,,,,,,0,0,,,Autonomous Community,ESP,,ESP,ESP-5818,,Cuenca,4776,,,
Las Palmas,4777,adm1,ES-GC,,,,,,,,0,0,,,Autonomous Community,ESP,,ESP,ESP-5829,,Las Palmas,4777,,,
Gerona,4778,adm1,ES-GI,,,,,,,,0,0,,,Autonomous Community,ESP,,ESP,ESP-5820,,Gerona,4778,,,
Granada,4779,adm1,ES-GR,,,,,,,,0,0,,,Autonomous Community,ESP,,ESP,ESP-5821,,Granada,4779,,,
Guadalajara,4780,adm1,ES-GU,,,,,,,,0,0,,,Autonomous Community,ESP,,ESP,ESP-5822,,Guadalajara,4780,,,
Huelva,4781,adm1,ES-H,,,,,,,,0,0,,,Autonomous Community,ESP,,ESP,ESP-5824,,Huelva,4781,,,
Huesca,4782,adm1,ES-HU,,,,,,,,0,0,,,Autonomous Community,ESP,,ESP,ESP-5825,,Huesca,4782,,,
Jaén,4783,adm1,ES-J,,,,,,,,0,0,,,Autonomous Community,ESP,,ESP,ESP-5826,,Jaén,4783,,,
Lérida,4784,adm1,ES-L,,,,,,,,0,0,,,Autonomous Community,ESP,,ESP,ESP-5831,,Lérida,4784,,,
León,4785,adm1,ES-LE,,,,,,,,0,0,,,Autonomous Community,ESP,,ESP,ESP-5830,,León,4785,,,
La Rioja,4786,adm1,ES-LO,,,,,,,,0,0,,,Autonomous Community,ESP,,ESP,ESP-5828,,La Rioja,4786,,,
Lugo,4787,adm1,ES-LU,,,,,,,,0,0,,,Autonomous Community,ESP,,ESP,ESP-5832,,Lugo,4787,,,
Madrid,4788,adm1,ES-M,,,,,,,,0,0,,,Autonomous Community,ESP,,ESP,ESP-5833,,Madrid,4788,,,
Málaga,4789,adm1,ES-MA,,,,,,,,0,0,,,Autonomous Community,ESP,,ESP,ESP-5834,,Málaga,4789,,,
Melilla,4790,adm1,ES-ML,,,,,,,,0,0,,,Autonomous City,ESP,,ESP,ESP-5835,,Melilla,4790,,,
Murcia,4791,adm1,ES-MU,,,,,,,,0,0,,,Autonomous Community,ESP,,ESP,ESP-5836,,Murcia,4791,,,
Navarra,4792,adm1,ES-NA,,,,,,,,0,0,,,Autonomous Community,ESP,,ESP,ESP-5837,,Navarra,4792,,,
Asturias,4793,adm1,ES-O,,,,,,,,0,0,,,Autonomous Community,ESP,,ESP,ESP-5805,,Asturias,4793,,,
Orense,4794,adm1,ES-OR,,,,,,,,0,0,,,Autonomous Community,ESP,,ESP,ESP-5838,,Orense,4794,,,
Palencia,4795,adm1,ES-P,,,,,,,,0,0,,,Autonomous Community,ESP,,ESP,ESP-5839,,Palencia,4795,,,
Baleares,4796,adm1,ES-PM,,,,,,,,0,0,,,Autonomous Community,ESP,,ESP,ESP-5808,,Baleares,4796,,,
Pontevedra,4797,adm1,ES-PO,,,,,,,,0,0,,,Autonomous Community,ESP,,ESP,ESP-5840,,Pontevedra,4797,,,
Cantabria,4798,adm1,ES-S,,,,,,,,0,0,,,Autonomous Community,ESP,,ESP,ESP-5813,,Cantabria,4798,,,
Salamanca,4799,adm1,ES-SA,,,,,,,,0,0,,,Autonomous Community,ESP,,ESP,ESP-5841,,Salamanca,4799,,,
Sevilla,4800,adm1,ES-SE,,,,,,,,0,0,,,Autonomous Community,ESP,,ESP,ESP-5844,,Sevilla,4800,,,
Segovia,4801,adm1,ES-SG,,,,,,,,0,0,,,Autonomous Community,ESP,,ESP,ESP-5843,,Segovia,4801,,,
Soria,4802,adm1,ES-SO,,,,,,,,0,0,,,Autonomous Community,ESP,,ESP,ESP-5845,,Soria,4802,,,
Gipuzkoa,4803,adm1,ES-SS,,,,,,,,0,0,,,Autonomous Community,ESP,,ESP,ESP-5823,,Gipuzkoa,4803,,,
Tarragona,4804,adm1,ES-T,,,,,,,,0,0,,,Autonomous Community,ESP,,ESP,ESP-5846,,Tarragona,4804,,,
Teruel,4805,adm1,ES-TE,,,,,,,,0,0,,,Autonomous Community,ESP,,ESP,ESP-5847,,Teruel,4805,,,
Santa Cruz de Tenerife,4806,adm1,ES-TF,,,,,,,,0,0,,,Autonomous Community,ESP,,ESP,ESP-5842,,Santa Cruz de Tenerife,4806,,,
Toledo,4807,adm1,ES-TO,,,,,,,,0,0,,,Autonomous Community,ESP,,ESP,ESP-5848,,Toledo,4807,,,
Valencia,4808,adm1,ES-V,,,,,,,,0,0,,,Autonomous Community,ESP,,ESP,ESP-5849,,Valencia,4808,,,
Valladolid,4809,adm1,ES-VA,,,,,,,,0,0,,,Autonomous Community,ESP,,ESP,ESP-5850,,Valladolid,4809,,,
Álava,4810,adm1,ES-VI,,,,,,,,0,0,,,Autonomous Community,ESP,,ESP,ESP-5801,,Álava,4810,,,
Zaragoza,4811,adm1,ES-Z,,,,,,,,0,0,,,Autonomous Community,ESP,,ESP,ESP-5853,,Zaragoza,4811,,,
Zamora,4812,adm1,ES-ZA,,,,,,,,0,0,,,Autonomous Community,ESP,,ESP,ESP-5852,,Zamora,4812,,,
Harju,4841,adm1,EE-37,,,,,,,,0,0,,,County,EST,,EST,EST-1654,,Harju,4841,,,
Hiiu,4842,adm1,EE-39,,,,,,,,0,0,,,County,EST,,EST,EST-1660,,Hiiu,4842,,,
Ida-Viru,4843,adm1,EE-44,,,,,,,,0,0,,,County,EST,,EST,EST-1655,,Ida-Viru,4843,,,
Jõgeva,4844,adm1,EE-49,,,,,,,,0,0,,,County,EST,,EST,EST-1657,,Jõgeva,4844,,,
Järva,4845,adm1,EE-51,,,,,,,,0,0,,,County,EST,,EST,EST-1656,,Järva,4845,,,
Lääne,4846,adm1,EE-57,,,,,,,,0,0,,,County,EST,,EST,EST-1661,,Lääne,4846,,,
Lääne-Viru,4847,adm1,EE-59,,,,,,,,0,0,,,County,EST,,EST,EST-1658,,Lääne-Viru,4847,,,
Põlva,4848,adm1,EE-65,,,,,,,,0,0,,,County,EST,,EST,EST-2347,,Põlva,4848,,,
Pärnu,4849,adm1,EE-67,,,,,,,,0,0,,,County,EST,,EST,EST-2346,,Pärnu,4849,,,
Rapla,4850,adm1,EE-70,,,,,,,,0,0,,,County,EST,,EST,EST-2348,,Rapla,4850,,,
Saare,4851,adm1,EE-74,,,,,,,,0,0,,,Municipality,EST,,EST,EST-2352,,Saare,4851,,,
Tartu,4852,adm1,EE-78,,,,,,,,0,0,,,County,EST,,EST,EST-1659,,Tartu,4852,,,
Valga,4853,adm1,EE-82,,,,,,,,0,0,,,County,EST,,EST,EST-2349,,Valga,4853,,,
Viljandi,4854,adm1,EE-84,,,,,,,,0,0,,,County,EST,,EST,EST-2350,,Viljandi,4854,,,
Võru,4855,adm1,EE-86,,,,,,,,0,0,,,County,EST,,EST,EST-2351,,Võru,4855,,,
Addis Ababa,4881,adm1,ET-AA,,,,,,,,0,0,,,Administrative State,ETH,,ETH,ETH-3133,,Addis Ababa,4881,,,
Afar,4882,adm1,ET-AF,,,,,,,,0,0,,,Administrative State,ETH,,ETH,ETH-3111,,Afar,4882,,,
Amhara,4883,adm1,ET-AM,,,,,,,,0,0,,,Administrative State,ETH,,ETH,ETH-3109,,Amhara,4883,,,
Benshangul-Gumaz,4884,adm1,ET-BE,,,,,,,,0,0,,,Administrative State,ETH,,ETH,ETH-3132,,Benshangul-Gumaz,4884,,,
Dire Dawa,4885,adm1,ET-DD,,,,,,,,0,0,,,Administrative State,ETH,,ETH,ETH-3135,,Dire Dawa,4885,,,
Gambela Peoples,4886,adm1,ET-GA,,,,,,,,0,0,,,Administrative State,ETH,,ETH,ETH-3130,,Gambela Peoples,4886,,,
Harari People,4887,adm1,ET-HA,,,,,,,,0,0,,,Administrative State,ETH,,ETH,ETH-3136,,Harari People,4887,,,
Oromiya,4888,adm1,ET-OR,,,,,,,,0,0,,,Administrative State,ETH,,ETH,ETH-3131,,Oromiya,4888,,,
"Southern Nations, Nationalities and Peoples",4889,adm1,ET-SN,,,,,,,,0,0,,,Administrative State,ETH,,ETH,ETH-3129,,"Southern Nations, Nationalities and Peoples",4889,,,
Somali,4890,adm1,ET-SO,,,,,,,,0,0,,,Administrative State,ETH,,ETH,ETH-3134,,Somali,4890,,,
Tigray,4891,adm1,ET-TI,,,,,,,,0,0,,,Administrative State,ETH,,ETH,ETH-3110,,Tigray,4891,,,
Jomala,4921,adm1,AX-X02~,,,,,,,,0,0,,,,FI1,,ALD,ALD-4810,,Jomala,4921,,,
Eckerö,4922,adm1,AX-X04~,,,,,,,,0,0,,,,FI1,,ALD,ALD-4812,,Eckerö,4922,,,
Föglö,4923,adm1,AX-X06~,,,,,,,,0,0,,,,FI1,,ALD,ALD-4814,,Föglö,4923,,,
Mariehamn,4924,adm1,AX-X09~,,,,,,,,0,0,,,,FI1,,ALD,ALD-4817,,Mariehamn,4924,,,
Lemland,4925,adm1,AX-X10~,,,,,,,,0,0,,,,FI1,,ALD,ALD-4818,,Lemland,4925,,,
Lumparland,4926,adm1,AX-X11~,,,,,,,,0,0,,,,FI1,,ALD,ALD-4819,,Lumparland,4926,,,
Vårdö,4927,adm1,AX-X12~,,,,,,,,0,0,,,,FI1,,ALD,ALD-4820,,Vårdö,4927,,,
Sottunga,4928,adm1,AX-X13~,,,,,,,,0,0,,,,FI1,,ALD,ALD-4821,,Sottunga,4928,,,
Kumlinge,4929,adm1,AX-X14~,,,,,,,,0,0,,,,FI1,,ALD,ALD-4822,,Kumlinge,4929,,,
Brändö,4930,adm1,AX-X15~,,,,,,,,0,0,,,,FI1,,ALD,ALD-4823,,Brändö,4930,,,
Kökar,4931,adm1,AX-X16~,,,,,,,,0,0,,,,FI1,,ALD,ALD-4824,,Kökar,4931,,,
South Karelia,4961,adm1,FI-02,,,,,,,,0,0,,,Province,FI1,,FIN,FIN-3188,,South Karelia,4961,,,
Southern Ostrobothnia,4962,adm1,FI-03,,,,,,,,0,0,,,Province,FI1,,FIN,FIN-3183,,Southern Ostrobothnia,4962,,,
Southern Savonia,4963,adm1,FI-04,,,,,,,,0,0,,,Province,FI1,,FIN,FIN-3189,,Southern Savonia,4963,,,
Kainuu,4964,adm1,FI-05,,,,,,,,0,0,,,Province,FI1,,FIN,FIN-3179,,Kainuu,4964,,,
Tavastia Proper,4965,adm1,FI-06,,,,,,,,0,0,,,Region,FI1,,FIN,FIN-3185,,Tavastia Proper,4965,,,
Central Ostrobothnia,4966,adm1,FI-07,,,,,,,,0,0,,,Province,FI1,,FIN,FIN-3181,,Central Ostrobothnia,4966,,,
Central Finland,4967,adm1,FI-08,,,,,,,,0,0,,,Province,FI1,,FIN,FIN-3177,,Central Finland,4967,,,
Kymenlaakso,4968,adm1,FI-09,,,,,,,,0,0,,,Province,FI1,,FIN,FIN-3187,,Kymenlaakso,4968,,,
Lapland,4969,adm1,FI-10,,,,,,,,0,0,,,Province,FI1,,FIN,FIN-3176,,Lapland,4969,,,
Pirkanmaa,4970,adm1,FI-11,,,,,,,,0,0,,,Region,FI1,,FIN,FIN-3186,,Pirkanmaa,4970,,,
Ostrobothnia,4971,adm1,FI-12,,,,,,,,0,0,,,Province,FI1,,FIN,FIN-3182,,Ostrobothnia,4971,,,
North Karelia,4972,adm1,FI-13,,,,,,,,0,0,,,Province,FI1,,FIN,FIN-3190,,North Karelia,4972,,,
Northern Ostrobothnia,4973,adm1,FI-14,,,,,,,,0,0,,,Province,FI1,,FIN,FIN-3180,,Northern Ostrobothnia,4973,,,
Northern Savonia,4974,adm1,FI-15,,,,,,,,0,0,,,Province,FI1,,FIN,FIN-3178,,Northern Savonia,4974,,,
Päijät-Häme,4975,adm1,FI-16,,,,,,,,0,0,,,Province,FI1,,FIN,FIN-3184,,Päijät-Häme,4975,,,
Satakunta,4976,adm1,FI-17,,,,,,,,0,0,,,Region,FI1,,FIN,FIN-3192,,Satakunta,4976,,,
Uusimaa,4977,adm1,FI-18,,,,,,,,0,0,,,Province,FI1,,FIN,FIN-3193,,Uusimaa,4977,,,
Finland Proper,4978,adm1,FI-19,,,,,,,,0,0,,,Region,FI1,,FIN,FIN-3191,,Finland Proper,4978,,,
Central,5001,adm1,FJ-C,,,,,,,,0,0,,,Division,FJI,,FJI,FJI-2617,,Central,5001,,,
Eastern,5002,adm1,FJ-E,,,,,,,,0,0,,,Division,FJI,,FJI,FJI-2618,,Eastern,5002,,,
Northern,5003,adm1,FJ-N,,,,,,,,0,0,,,Division,FJI,,FJI,FJI-2619,,Northern,5003,,,
Rotuma,5004,adm1,FJ-R,,,,,,,,0,0,,,Division,FJI,,FJI,FJI-2658,,Rotuma,5004,,,
Western,5005,adm1,FJ-W,,,,,,,,0,0,,,Division,FJI,,FJI,FJI-2620,,Western,5005,,,
Archipel des Kerguelen,5021,adm1,TF-X01~,,,,,,,,0,0,,,,FR1,,ATF,ATF-5916,,Archipel des Kerguelen,5021,,,
Archipel des Crozet,5022,adm1,TF-X02~,,,,,,,,0,0,,,,FR1,,ATF,ATF-5917,,Archipel des Crozet,5022,,,
Iles Eparses de l'ocean Indien,5023,adm1,TF-X03~,,,,,,,,0,0,,,,FR1,,ATF,ATF-5919,,Iles Eparses de l'ocean Indien,5023,,,
Iles Saint-Paul et Nouvelle-Amsterdam,5024,adm1,TF-X1~,,,,,,,,0,0,,,,FR1,,ATF,ATF-5918,,Iles Saint-Paul et Nouvelle-Amsterdam,5024,,,
Saint Barthélemy,5041,adm1,BL-X00~,,,,,,,,0,0,,,,FR1,,BLM,BLM-5113,,Saint Barthélemy,5041,,,
Clipperton Island,5061,adm1,-99-X02~,,,,,,,,0,0,,,,FR1,,CLP,CLP+00?,,Clipperton Island,5061,,,
Ain,5081,adm1,FR-01,,,,,,,,0,0,,,Metropolitan department,FR1,,FRA,FRA-5262,,Ain,5081,,,
Aisne,5082,adm1,FR-02,,,,,,,,0,0,,,Metropolitan department,FR1,,FRA,FRA-5263,,Aisne,5082,,,
Allier,5083,adm1,FR-03,,,,,,,,0,0,,,Metropolitan department,FR1,,FRA,FRA-5264,,Allier,5083,,,
Alpes-de-Haute-Provence,5084,adm1,FR-04,,,,,,,,0,0,,,Metropolitan department,FR1,,FRA,FRA-5265,,Alpes-de-Haute-Provence,5084,,,
Hautes-Alpes,5085,adm1,FR-05,,,,,,,,0,0,,,Metropolitan department,FR1,,FRA,FRA-5304,,Hautes-Alpes,5085,,,
Alpes-Maritimes,5086,adm1,FR-06,,,,,,,,0,0,,,Metropolitan department,FR1,,FRA,FRA-5266,,Alpes-Maritimes,5086,,,
Ardèche,5087,adm1,FR-07,,,,,,,,0,0,,,Metropolitan department,FR1,,FRA,FRA-5267,,Ardèche,5087,,,
Ardennes,5088,adm1,FR-08,,,,,,,,0,0,,,Metropolitan department,FR1,,FRA,FRA-5268,,Ardennes,5088,,,
Ariège,5089,adm1,FR-09,,,,,,,,0,0,,,Metropolitan department,FR1,,FRA,FRA-5269,,Ariège,5089,,,
Aube,5090,adm1,FR-10,,,,,,,,0,0,,,Metropolitan department,FR1,,FRA,FRA-5270,,Aube,5090,,,
Aude,5091,adm1,FR-11,,,,,,,,0,0,,,Metropolitan department,FR1,,FRA,FRA-5271,,Aude,5091,,,
Aveyron,5092,adm1,FR-12,,,,,,,,0,0,,,Metropolitan department,FR1,,FRA,FRA-5272,,Aveyron,5092,,,
Bouches-du-Rhône,5093,adm1,FR-13,,,,,,,,0,0,,,Metropolitan department,FR1,,FRA,FRA-5274,,Bouches-du-Rhône,5093,,,
Calvados,5094,adm1,FR-14,,,,,,,,0,0,,,Metropolitan department,FR1,,FRA,FRA-5275,,Calvados,5094,,,
Cantal,5095,adm1,FR-15,,,,,,,,0,0,,,Metropolitan department,FR1,,FRA,FRA-5276,,Cantal,5095,,,
Charente,5096,adm1,FR-16,,,,,,,,0,0,,,Metropolitan department,FR1,,FRA,FRA-5277,,Charente,5096,,,
Charente-Maritime,5097,adm1,FR-17,,,,,,,,0,0,,,Metropolitan department,FR1,,FRA,FRA-5278,,Charente-Maritime,5097,,,
Cher,5098,adm1,FR-18,,,,,,,,0,0,,,Metropolitan department,FR1,,FRA,FRA-5279,,Cher,5098,,,
Corrèze,5099,adm1,FR-19,,,,,,,,0,0,,,Metropolitan department,FR1,,FRA,FRA-5280,,Corrèze,5099,,,
Côte-d'Or,5100,adm1,FR-21,,,,,,,,0,0,,,Metropolitan department,FR1,,FRA,FRA-5282,,Côte-d'Or,5100,,,
Côtes-d'Armor,5101,adm1,FR-22,,,,,,,,0,0,,,Metropolitan department,FR1,,FRA,FRA-5283,,Côtes-d'Armor,5101,,,
Creuse,5102,adm1,FR-23,,,,,,,,0,0,,,Metropolitan department,FR1,,FRA,FRA-5284,,Creuse,5102,,,
Dordogne,5103,adm1,FR-24,,,,,,,,0,0,,,Metropolitan department,FR1,,FRA,FRA-5286,,Dordogne,5103,,,
Doubs,5104,adm1,FR-25,,,,,,,,0,0,,,Metropolitan department,FR1,,FRA,FRA-5287,,Doubs,5104,,,
Drôme,5105,adm1,FR-26,,,,,,,,0,0,,,Metropolitan department,FR1,,FRA,FRA-5288,,Drôme,5105,,,
Eure,5106,adm1,FR-27,,,,,,,,0,0,,,Metropolitan department,FR1,,FRA,FRA-5290,,Eure,5106,,,
Eure-et-Loir,5107,adm1,FR-28,,,,,,,,0,0,,,Metropolitan department,FR1,,FRA,FRA-5291,,Eure-et-Loir,5107,,,
Finistère,5108,adm1,FR-29,,,,,,,,0,0,,,Metropolitan department,FR1,,FRA,FRA-5292,,Finistère,5108,,,
Corse-du-Sud,5109,adm1,FR-2A,,,,,,,,0,0,,,Metropolitan department,FR1,,FRA,FRA-5281,,Corse-du-Sud,5109,,,
Haute-Corse,5110,adm1,FR-2B,,,,,,,,0,0,,,Metropolitan department,FR1,,FRA,FRA-5297,,Haute-Corse,5110,,,
Gard,5111,adm1,FR-30,,,,,,,,0,0,,,Metropolitan department,FR1,,FRA,FRA-5293,,Gard,5111,,,
Haute-Garonne,5112,adm1,FR-31,,,,,,,,0,0,,,Metropolitan department,FR1,,FRA,FRA-5298,,Haute-Garonne,5112,,,
Gers,5113,adm1,FR-32,,,,,,,,0,0,,,Metropolitan department,FR1,,FRA,FRA-5294,,Gers,5113,,,
Gironde,5114,adm1,FR-33,,,,,,,,0,0,,,Metropolitan department,FR1,,FRA,FRA-5295,,Gironde,5114,,,
Hérault,5115,adm1,FR-34,,,,,,,,0,0,,,Metropolitan department,FR1,,FRA,FRA-5307,,Hérault,5115,,,
Ille-et-Vilaine,5116,adm1,FR-35,,,,,,,,0,0,,,Metropolitan department,FR1,,FRA,FRA-5308,,Ille-et-Vilaine,5116,,,
Indre,5117,adm1,FR-36,,,,,,,,0,0,,,Metropolitan department,FR1,,FRA,FRA-5309,,Indre,5117,,,
Indre-et-Loire,5118,adm1,FR-37,,,,,,,,0,0,,,Metropolitan department,FR1,,FRA,FRA-5310,,Indre-et-Loire,5118,,,
Isère,5119,adm1,FR-38,,,,,,,,0,0,,,Metropolitan department,FR1,,FRA,FRA-5311,,Isère,5119,,,
Jura,5120,adm1,FR-39,,,,,,,,0,0,,,Metropolitan department,FR1,,FRA,FRA-5312,,Jura,5120,,,
Landes,5121,adm1,FR-40,,,,,,,,0,0,,,Metropolitan department,FR1,,FRA,FRA-5313,,Landes,5121,,,
Loir-et-Cher,5122,adm1,FR-41,,,,,,,,0,0,,,Metropolitan department,FR1,,FRA,FRA-5314,,Loir-et-Cher,5122,,,
Loire,5123,adm1,FR-42,,,,,,,,0,0,,,Metropolitan department,FR1,,FRA,FRA-5315,,Loire,5123,,,
Haute-Loire,5124,adm1,FR-43,,,,,,,,0,0,,,Metropolitan department,FR1,,FRA,FRA-5299,,Haute-Loire,5124,,,
Loire-Atlantique,5125,adm1,FR-44,,,,,,,,0,0,,,Metropolitan department,FR1,,FRA,FRA-5316,,Loire-Atlantique,5125,,,
Loiret,5126,adm1,FR-45,,,,,,,,0,0,,,Metropolitan department,FR1,,FRA,FRA-5317,,Loiret,5126,,,
Lot,5127,adm1,FR-46,,,,,,,,0,0,,,Metropolitan department,FR1,,FRA,FRA-5318,,Lot,5127,,,
Lot-et-Garonne,5128,adm1,FR-47,,,,,,,,0,0,,,Metropolitan department,FR1,,FRA,FRA-5319,,Lot-et-Garonne,5128,,,
Lozère,5129,adm1,FR-48,,,,,,,,0,0,,,Metropolitan department,FR1,,FRA,FRA-5320,,Lozère,5129,,,
Maine-et-Loire,5130,adm1,FR-49,,,,,,,,0,0,,,Metropolitan department,FR1,,FRA,FRA-5321,,Maine-et-Loire,5130,,,
Manche,5131,adm1,FR-50,,,,,,,,0,0,,,Metropolitan department,FR1,,FRA,FRA-5322,,Manche,5131,,,
Marne,5132,adm1,FR-51,,,,,,,,0,0,,,Metropolitan department,FR1,,FRA,FRA-5323,,Marne,5132,,,
Haute-Marne,5133,adm1,FR-52,,,,,,,,0,0,,,Metropolitan department,FR1,,FRA,FRA-5300,,Haute-Marne,5133,,,
Mayenne,5134,adm1,FR-53,,,,,,,,0,0,,,Metropolitan department,FR1,,FRA,FRA-5324,,Mayenne,5134,,,
Meurthe-et-Moselle,5135,adm1,FR-54,,,,,,,,0,0,,,Metropolitan department,FR1,,FRA,FRA-5325,,Meurthe-et-Moselle,5135,,,
Meuse,5136,adm1,FR-55,,,,,,,,0,0,,,Metropolitan department,FR1,,FRA,FRA-5326,,Meuse,5136,,,
Morbihan,5137,adm1,FR-56,,,,,,,,0,0,,,Metropolitan department,FR1,,FRA,FRA-5327,,Morbihan,5137,,,
Moselle,5138,adm1,FR-57,,,,,,,,0,0,,,Metropolitan department,FR1,,FRA,FRA-5328,,Moselle,5138,,,
Nièvre,5139,adm1,FR-58,,,,,,,,0,0,,,Metropolitan department,FR1,,FRA,FRA-5329,,Nièvre,5139,,,
Nord,5140,adm1,FR-59,,,,,,,,0,0,,,Metropolitan department,FR1,,FRA,FRA-5330,,Nord,5140,,,
Oise,5141,adm1,FR-60,,,,,,,,0,0,,,Metropolitan department,FR1,,FRA,FRA-5331,,Oise,5141,,,
Orne,5142,adm1,FR-61,,,,,,,,0,0,,,Metropolitan department,FR1,,FRA,FRA-5332,,Orne,5142,,,
Pas-de-Calais,5143,adm1,FR-62,,,,,,,,0,0,,,Metropolitan department,FR1,,FRA,FRA-5334,,Pas-de-Calais,5143,,,
Puy-de-Dôme,5144,adm1,FR-63,,,,,,,,0,0,,,Metropolitan department,FR1,,FRA,FRA-5335,,Puy-de-Dôme,5144,,,
Pyrénées-Atlantiques,5145,adm1,FR-64,,,,,,,,0,0,,,Metropolitan department,FR1,,FRA,FRA-5336,,Pyrénées-Atlantiques,5145,,,
Hautes-Pyrénées,5146,adm1,FR-65,,,,,,,,0,0,,,Metropolitan department,FR1,,FRA,FRA-5305,,Hautes-Pyrénées,5146,,,
Pyrénées-Orientales,5147,adm1,FR-66,,,,,,,,0,0,,,Metropolitan department,FR1,,FRA,FRA-5337,,Pyrénées-Orientales,5147,,,
Bas-Rhin,5148,adm1,FR-67,,,,,,,,0,0,,,Metropolitan department,FR1,,FRA,FRA-5273,,Bas-Rhin,5148,,,
Haute-Rhin,5149,adm1,FR-68,,,,,,,,0,0,,,Metropolitan department,FR1,,FRA,FRA-5296,,Haute-Rhin,5149,,,
Rhône,5150,adm1,FR-69,,,,,,,,0,0,,,Metropolitan department,FR1,,FRA,FRA-5338,,Rhône,5150,,,
Haute-Saône,5151,adm1,FR-70,,,,,,,,0,0,,,Metropolitan department,FR1,,FRA,FRA-5301,,Haute-Saône,5151,,,
Saône-et-Loire,5152,adm1,FR-71,,,,,,,,0,0,,,Metropolitan department,FR1,,FRA,FRA-5339,,Saône-et-Loire,5152,,,
Sarthe,5153,adm1,FR-72,,,,,,,,0,0,,,Metropolitan department,FR1,,FRA,FRA-5340,,Sarthe,5153,,,
Savoie,5154,adm1,FR-73,,,,,,,,0,0,,,Metropolitan department,FR1,,FRA,FRA-5341,,Savoie,5154,,,
Haute-Savoie,5155,adm1,FR-74,,,,,,,,0,0,,,Metropolitan department,FR1,,FRA,FRA-5302,,Haute-Savoie,5155,,,
Paris,5156,adm1,FR-75,,,,,,,,0,0,,,Metropolitan department,FR1,,FRA,FRA-5333,,Paris,5156,,,
Seine-Maritime,5157,adm1,FR-76,,,,,,,,0,0,,,Metropolitan department,FR1,,FRA,FRA-5343,,Seine-Maritime,5157,,,
Seien-et-Marne,5158,adm1,FR-77,,,,,,,,0,0,,,Metropolitan department,FR1,,FRA,FRA-5342,,Seien-et-Marne,5158,,,
Yvelines,5159,adm1,FR-78,,,,,,,,0,0,,,Metropolitan department,FR1,,FRA,FRA-5357,,Yvelines,5159,,,
Deux-Sèvres,5160,adm1,FR-79,,,,,,,,0,0,,,Metropolitan department,FR1,,FRA,FRA-5285,,Deux-Sèvres,5160,,,
Somme,5161,adm1,FR-80,,,,,,,,0,0,,,Metropolitan department,FR1,,FRA,FRA-5345,,Somme,5161,,,
Tarn,5162,adm1,FR-81,,,,,,,,0,0,,,Metropolitan department,FR1,,FRA,FRA-5346,,Tarn,5162,,,
Tarn-et-Garonne,5163,adm1,FR-82,,,,,,,,0,0,,,Metropolitan department,FR1,,FRA,FRA-5347,,Tarn-et-Garonne,5163,,,
Var,5164,adm1,FR-83,,,,,,,,0,0,,,Metropolitan department,FR1,,FRA,FRA-5351,,Var,5164,,,
Vaucluse,5165,adm1,FR-84,,,,,,,,0,0,,,Metropolitan department,FR1,,FRA,FRA-5352,,Vaucluse,5165,,,
Vendée,5166,adm1,FR-85,,,,,,,,0,0,,,Metropolitan department,FR1,,FRA,FRA-5353,,Vendée,5166,,,
Vienne,5167,adm1,FR-86,,,,,,,,0,0,,,Metropolitan department,FR1,,FRA,FRA-5354,,Vienne,5167,,,
Haute-Vienne,5168,adm1,FR-87,,,,,,,,0,0,,,Metropolitan department,FR1,,FRA,FRA-5303,,Haute-Vienne,5168,,,
Vosges,5169,adm1,FR-88,,,,,,,,0,0,,,Metropolitan department,FR1,,FRA,FRA-5355,,Vosges,5169,,,
Yonne,5170,adm1,FR-89,,,,,,,,0,0,,,Metropolitan department,FR1,,FRA,FRA-5356,,Yonne,5170,,,
Territoire de Belfort,5171,adm1,FR-90,,,,,,,,0,0,,,Metropolitan department,FR1,,FRA,FRA-5348,,Territoire de Belfort,5171,,,
Essonne,5172,adm1,FR-91,,,,,,,,0,0,,,Metropolitan department,FR1,,FRA,FRA-5289,,Essonne,5172,,,
Hauts-de-Seine,5173,adm1,FR-92,,,,,,,,0,0,,,Metropolitan department,FR1,,FRA,FRA-5306,,Hauts-de-Seine,5173,,,
Seine-Saint-Denis,5174,adm1,FR-93,,,,,,,,0,0,,,Metropolitan department,FR1,,FRA,FRA-5344,,Seine-Saint-Denis,5174,,,
Val-de-Marne,5175,adm1,FR-94,,,,,,,,0,0,,,Metropolitan department,FR1,,FRA,FRA-5350,,Val-de-Marne,5175,,,
Val-d'Oise,5176,adm1,FR-95,,,,,,,,0,0,,,Metropolitan department,FR1,,FRA,FRA-5349,,Val-d'Oise,5176,,,
Guyane française,5177,adm1,FR-GF,,,,,,,,0,0,,,Overseas department,FR1,,FRA,FRA-2000,,Guyane française,5177,,,
Guadeloupe,5178,adm1,FR-GP,,,,,,,,0,0,,,Overseas department,FR1,,FRA,FRA-4603,,Guadeloupe,5178,,,
Martinique,5179,adm1,FR-MQ,,,,,,,,0,0,,,Overseas department,FR1,,FRA,FRA-1442,,Martinique,5179,,,
La Réunion,5180,adm1,FR-RE,,,,,,,,0,0,,,Overseas department,FR1,,FRA,FRA-4601,,La Réunion,5180,,,
Mayotte,5181,adm1,FR-YT,,,,,,,,0,0,,,Overseas department,FR1,,FRA,FRA-4602,,Mayotte,5181,,,
St. Martin,5201,adm1,MF-X00~,,,,,,,,0,0,,,,FR1,,MAF,MAF-5145,,St. Martin,5201,,,
Îles Loyauté,5221,adm1,NC-X01~,,,,,,,,0,0,,,Province,FR1,,NCL,NCL-1258,,Îles Loyauté,5221,,,
Sud,5222,adm1,NC-X02~,,,,,,,,0,0,,,Province,FR1,,NCL,NCL-1259,,Sud,5222,,,
Nord,5223,adm1,NC-X03~,,,,,,,,0,0,,,Province,FR1,,NCL,NCL-559,,Nord,5223,,,
Windward Islands,5241,adm1,PF-X01~,,,,,,,,0,0,,,,FR1,,PYF,PYF-4963,,Windward Islands,5241,,,
Leeward Islands,5242,adm1,PF-X02~,,,,,,,,0,0,,,,FR1,,PYF,PYF-4964,,Leeward Islands,5242,,,
Tuamotu-Gambier,5243,adm1,PF-X03~,,,,,,,,0,0,,,,FR1,,PYF,PYF-4965,,Tuamotu-Gambier,5243,,,
Austral Islands,5244,adm1,PF-X04~,,,,,,,,0,0,,,,FR1,,PYF,PYF-4966,,Austral Islands,5244,,,
Marquesas Islands,5245,adm1,PF-X05~,,,,,,,,0,0,,,,FR1,,PYF,PYF-4967,,Marquesas Islands,5245,,,
Saint-Pierre,5261,adm1,PM-X01~,,,,,,,,0,0,,,Commune,FR1,,SPM,SPM-4866,,Saint-Pierre,5261,,,
Miquelon-Langlade,5262,adm1,PM-X02~,,,,,,,,0,0,,,Commune,FR1,,SPM,SPM-4867,,Miquelon-Langlade,5262,,,
Alo,5281,adm1,WF-AL,,,,,,,,0,0,,,,FR1,,WLF,WLF-4997,,Alo,5281,,,
Sigave,5282,adm1,WF-SG,,,,,,,,0,0,,,,FR1,,WLF,WLF-4995,,Sigave,5282,,,
`Uvea,5283,adm1,WF-UV,,,,,,,,0,0,,,,FR1,,WLF,WLF-4996,,`Uvea,5283,,,
Kosrae,5301,adm1,FM-KSA,,,,,,,,0,0,,,,FSM,,FSM,FSM-4944,,Kosrae,5301,,,
Pohnpei,5302,adm1,FM-PNI,,,,,,,,0,0,,,,FSM,,FSM,FSM-4941,,Pohnpei,5302,,,
Chuuk,5303,adm1,FM-TRK,,,,,,,,0,0,,,,FSM,,FSM,FSM-4942,,Chuuk,5303,,,
Yap,5304,adm1,FM-YAP,,,,,,,,0,0,,,,FSM,,FSM,FSM-4943,,Yap,5304,,,
Estuaire,5321,adm1,GA-1,,,,,,,,0,0,,,Province,GAB,,GAB,GAB-2168,,Estuaire,5321,,,
Haut-Ogooué,5322,adm1,GA-2,,,,,,,,0,0,,,Province,GAB,,GAB,GAB-2627,,Haut-Ogooué,5322,,,
Moyen-Ogooué,5323,adm1,GA-3,,,,,,,,0,0,,,Province,GAB,,GAB,GAB-2621,,Moyen-Ogooué,5323,,,
Ngounié,5324,adm1,GA-4,,,,,,,,0,0,,,Province,GAB,,GAB,GAB-2622,,Ngounié,5324,,,
Nyanga,5325,adm1,GA-5,,,,,,,,0,0,,,Province,GAB,,GAB,GAB-2623,,Nyanga,5325,,,
Ogooué-Ivindo,5326,adm1,GA-6,,,,,,,,0,0,,,Province,GAB,,GAB,GAB-2186,,Ogooué-Ivindo,5326,,,
Ogooué-Lolo,5327,adm1,GA-7,,,,,,,,0,0,,,Province,GAB,,GAB,GAB-2628,,Ogooué-Lolo,5327,,,
Ogooué-Maritime,5328,adm1,GA-8,,,,,,,,0,0,,,Province,GAB,,GAB,GAB-2624,,Ogooué-Maritime,5328,,,
Wouleu-Ntem,5329,adm1,GA-9,,,,,,,,0,0,,,Province,GAB,,GAB,GAB-2187,,Wouleu-Ntem,5329,,,
,5341,adm1,AI-X00,,,,,,,,0,0,,,,GB1,,AIA,AIA+99?,,,5341,,,
Blowing Point,5342,adm1,AI-X01~,,,,,,,,0,0,,,District,GB1,,AIA,AIA-5114,,Blowing Point,5342,,,
East End,5343,adm1,AI-X02~,,,,,,,,0,0,,,District,GB1,,AIA,AIA-5115,,East End,5343,,,
George Hill,5344,adm1,AI-X03~,,,,,,,,0,0,,,District,GB1,,AIA,AIA-5116,,George Hill,5344,,,
Island Harbour,5345,adm1,AI-X04~,,,,,,,,0,0,,,District,GB1,,AIA,AIA-5117,,Island Harbour,5345,,,
North Hill,5346,adm1,AI-X05~,,,,,,,,0,0,,,District,GB1,,AIA,AIA-5118,,North Hill,5346,,,
North Side,5347,adm1,AI-X06~,,,,,,,,0,0,,,District,GB1,,AIA,AIA-5119,,North Side,5347,,,
Sandy Ground,5348,adm1,AI-X07~,,,,,,,,0,0,,,District,GB1,,AIA,AIA-5120,,Sandy Ground,5348,,,
Sandy Hill,5349,adm1,AI-X08~,,,,,,,,0,0,,,District,GB1,,AIA,AIA-5121,,Sandy Hill,5349,,,
South Hill,5350,adm1,AI-X09~,,,,,,,,0,0,,,District,GB1,,AIA,AIA-5122,,South Hill,5350,,,
Stoney Ground,5351,adm1,AI-X10~,,,,,,,,0,0,,,District,GB1,,AIA,AIA-5123,,Stoney Ground,5351,,,
The Farrington,5352,adm1,AI-X11~,,,,,,,,0,0,,,District,GB1,,AIA,AIA-5124,,The Farrington,5352,,,
The Quarter,5353,adm1,AI-X12~,,,,,,,,0,0,,,District,GB1,,AIA,AIA-5125,,The Quarter,5353,,,
The Valley,5354,adm1,AI-X13~,,,,,,,,0,0,,,District,GB1,,AIA,AIA-5126,,The Valley,5354,,,
West End,5355,adm1,AI-X14~,,,,,,,,0,0,,,District,GB1,,AIA,AIA-5127,,West End,5355,,,
Devonshire,5381,adm1,BM-DEV,,,,,,,,0,0,,,,GB1,,BMU,BMU-5136,,Devonshire,5381,,,
City of Hamilton,5382,adm1,BM-HA,,,,,,,,0,0,,,,GB1,,BMU,BMU-5134,,City of Hamilton,5382,,,
Hamilton,5383,adm1,BM-HAM,,,,,,,,0,0,,,,GB1,,BMU,BMU-5137,,Hamilton,5383,,,
Paget,5384,adm1,BM-PAG,,,,,,,,0,0,,,,GB1,,BMU,BMU-5138,,Paget,5384,,,
Pembroke,5385,adm1,BM-PEM,,,,,,,,0,0,,,,GB1,,BMU,BMU-5139,,Pembroke,5385,,,
Sandys,5386,adm1,BM-SAN,,,,,,,,0,0,,,,GB1,,BMU,BMU-5141,,Sandys,5386,,,
City of Saint George,5387,adm1,BM-SG,,,,,,,,0,0,,,,GB1,,BMU,BMU-5135,,City of Saint George,5387,,,
Saint George's,5388,adm1,BM-SGE,,,,,,,,0,0,,,,GB1,,BMU,BMU-5140,,Saint George's,5388,,,
Smith's,5389,adm1,BM-SMI,,,,,,,,0,0,,,,GB1,,BMU,BMU-5142,,Smith's,5389,,,
Southampton,5390,adm1,BM-SOU,,,,,,,,0,0,,,,GB1,,BMU,BMU-5143,,Southampton,5390,,,
Warwick,5391,adm1,BM-WAR,,,,,,,,0,0,,,,GB1,,BMU,BMU-5144,,Warwick,5391,,,
Cayman Islands,5421,adm1,KY-X01~,,,,,,,,0,0,,,,GB1,,CYM,CYM+00?,,Cayman Islands,5421,,,
Dhekelia,5441,adm1,-99-X16~,,,,,,,,0,0,,,,GB1,,ESB,ESB-5132,,Dhekelia,5441,,,
Falkland Islands,5461,adm1,FK-X01~,,,,,,,,0,0,,,,GB1,,FLK,FLK-5152,,Falkland Islands,5461,,,
Aberdeenshire,5481,adm1,GB-ABD,,,,,,,,0,0,,,Unitary District,GB1,,GBR,GBR-2013,,Aberdeenshire,5481,,,
Aberdeen,5482,adm1,GB-ABE,,,,,,,,0,0,,,Unitary District (city),GB1,,GBR,GBR-2012,,Aberdeen,5482,,,
Argyll and Bute,5483,adm1,GB-AGB,,,,,,,,0,0,,,Unitary District,GB1,,GBR,GBR-2746,,Argyll and Bute,5483,,,
Anglesey,5484,adm1,GB-AGY,,,,,,,,0,0,,,Unitary Authority (wales),GB1,,GBR,GBR-2128,,Anglesey,5484,,,
Angus,5485,adm1,GB-ANS,,,,,,,,0,0,,,Unitary District,GB1,,GBR,GBR-2019,,Angus,5485,,,
Antrim,5486,adm1,GB-ANT,,,,,,,,0,0,,,District,GB1,,GBR,GBR-2092,,Antrim,5486,,,
Ards,5487,adm1,GB-ARD,,,,,,,,0,0,,,District,GB1,,GBR,GBR-2137,,Ards,5487,,,
Armagh,5488,adm1,GB-ARM,,,,,,,,0,0,,,District,GB1,,GBR,GBR-2085,,Armagh,5488,,,
Bath and North East Somerset,5489,adm1,GB-BAS,,,,,,,,0,0,,,Unitary Authority,GB1,,GBR,GBR-2043,,Bath and North East Somerset,5489,,,
Blackburn with Darwen,5490,adm1,GB-BBD,,,,,,,,0,0,,,Unitary Authority,GB1,,GBR,GBR-2122,,Blackburn with Darwen,5490,,,
Bedford,5491,adm1,GB-BDF,,,,,,,,0,0,,,Unitary Authority,GB1,,GBR,GBR-5698,,Bedford,5491,,,
Barking and Dagenham,5492,adm1,GB-BDG,,,,,,,,0,0,,,London Borough,GB1,,GBR,GBR-2060,,Barking and Dagenham,5492,,,
Brent,5493,adm1,GB-BEN,,,,,,,,0,0,,,London Borough,GB1,,GBR,GBR-2062,,Brent,5493,,,
Bexley,5494,adm1,GB-BEX,,,,,,,,0,0,,,London Borough,GB1,,GBR,GBR-2061,,Bexley,5494,,,
Belfast,5495,adm1,GB-BFS,,,,,,,,0,0,,,District,GB1,,GBR,GBR-2082,,Belfast,5495,,,
Bridgend,5496,adm1,GB-BGE,,,,,,,,0,0,,,Unitary Authority (wales),GB1,,GBR,GBR-2112,,Bridgend,5496,,,
Blaenau Gwent,5497,adm1,GB-BGW,,,,,,,,0,0,,,Unitary Authority (wales),GB1,,GBR,GBR-2131,,Blaenau Gwent,5497,,,
Birmingham,5498,adm1,GB-BIR,,,,,,,,0,0,,,Metropolitan Borough,GB1,,GBR,GBR-5690,,Birmingham,5498,,,
Buckinghamshire,5499,adm1,GB-BKM,,,,,,,,0,0,,,Administrative County,GB1,,GBR,GBR-2040,,Buckinghamshire,5499,,,
Ballymena,5500,adm1,GB-BLA,,,,,,,,0,0,,,District,GB1,,GBR,GBR-2094,,Ballymena,5500,,,
Ballymoney,5501,adm1,GB-BLY,,,,,,,,0,0,,,District,GB1,,GBR,GBR-2101,,Ballymoney,5501,,,
Bournemouth,5502,adm1,GB-BMH,,,,,,,,0,0,,,Unitary Authority,GB1,,GBR,GBR-2050,,Bournemouth,5502,,,
Banbridge,5503,adm1,GB-BNB,,,,,,,,0,0,,,District,GB1,,GBR,GBR-2087,,Banbridge,5503,,,
Barnet,5504,adm1,GB-BNE,,,,,,,,0,0,,,London Borough,GB1,,GBR,GBR-5705,,Barnet,5504,,,
Brighton and Hove,5505,adm1,GB-BNH,,,,,,,,0,0,,,Unitary Authority,GB1,,GBR,GBR-2674,,Brighton and Hove,5505,,,
Barnsley,5506,adm1,GB-BNS,,,,,,,,0,0,,,Metropolitan Borough,GB1,,GBR,GBR-5688,,Barnsley,5506,,,
Bolton,5507,adm1,GB-BOL,,,,,,,,0,0,,,Metropolitan Borough,GB1,,GBR,GBR-5678,,Bolton,5507,,,
Blackpool,5508,adm1,GB-BPL,,,,,,,,0,0,,,Unitary Authority,GB1,,GBR,GBR-5670,,Blackpool,5508,,,
Bracknell Forest,5509,adm1,GB-BRC,,,,,,,,0,0,,,Unitary Authority,GB1,,GBR,GBR-5702,,Bracknell Forest,5509,,,
Bradford,5510,adm1,GB-BRD,,,,,,,,0,0,,,Metropolitan Borough,GB1,,GBR,GBR-5673,,Bradford,5510,,,
Bromley,5511,adm1,GB-BRY,,,,,,,,0,0,,,London Borough,GB1,,GBR,GBR-2063,,Bromley,5511,,,
Bristol,5512,adm1,GB-BST,,,,,,,,0,0,,,Unitary Authority,GB1,,GBR,GBR-2044,,Bristol,5512,,,
Bury,5513,adm1,GB-BUR,,,,,,,,0,0,,,Metropolitan Borough,GB1,,GBR,GBR-5679,,Bury,5513,,,
Cambridgeshire,5514,adm1,GB-CAM,,,,,,,,0,0,,,Administrative County,GB1,,GBR,GBR-2053,,Cambridgeshire,5514,,,
Caerphilly,5515,adm1,GB-CAY,,,,,,,,0,0,,,Unitary Authority (wales),GB1,,GBR,GBR-2113,,Caerphilly,5515,,,
Central Bedfordshire,5516,adm1,GB-CBF,,,,,,,,0,0,,,Unitary Authority,GB1,,GBR,GBR-5697,,Central Bedfordshire,5516,,,
Ceredigion,5517,adm1,GB-CGN,,,,,,,,0,0,,,Principality,GB1,,GBR,GBR-2105,,Ceredigion,5517,,,
Craigavon,5518,adm1,GB-CGV,,,,,,,,0,0,,,District,GB1,,GBR,GBR-2088,,Craigavon,5518,,,
Cheshire East,5519,adm1,GB-CHE,,,,,,,,0,0,,,Unitary Authority,GB1,,GBR,GBR-5706,,Cheshire East,5519,,,
Cheshire West and Chester,5520,adm1,GB-CHW,,,,,,,,0,0,,,Unitary Authority,GB1,,GBR,GBR-5707,,Cheshire West and Chester,5520,,,
Carrickfergus,5521,adm1,GB-CKF,,,,,,,,0,0,,,District,GB1,,GBR,GBR-2096,,Carrickfergus,5521,,,
Mid Ulster,5522,adm1,GB-CKT,,,,,,,,0,0,,,Province,GB1,,GBR,GBR-2091,,Mid Ulster,5522,,,
Calderdale,5523,adm1,GB-CLD,,,,,,,,0,0,,,Metropolitan Borough,GB1,,GBR,GBR-5672,,Calderdale,5523,,,
Clackmannanshire,5524,adm1,GB-CLK,,,,,,,,0,0,,,Unitary District,GB1,,GBR,GBR-2017,,Clackmannanshire,5524,,,
Coleraine,5525,adm1,GB-CLR,,,,,,,,0,0,,,District,GB1,,GBR,GBR-2100,,Coleraine,5525,,,
Cumbria,5526,adm1,GB-CMA,,,,,,,,0,0,,,Administrative County,GB1,,GBR,GBR-2139,,Cumbria,5526,,,
Camden,5527,adm1,GB-CMD,,,,,,,,0,0,,,London Borough,GB1,,GBR,GBR-2064,,Camden,5527,,,
Carmarthenshire,5528,adm1,GB-CMN,,,,,,,,0,0,,,Unitary Authority (wales),GB1,,GBR,GBR-2104,,Carmarthenshire,5528,,,
Cornwall,5529,adm1,GB-CON,,,,,,,,0,0,,,Unitary Single-Tier County,GB1,,GBR,GBR-2110,,Cornwall,5529,,,
Coventry,5530,adm1,GB-COV,,,,,,,,0,0,,,Metropolitan Borough,GB1,,GBR,GBR-5696,,Coventry,5530,,,
Cardiff,5531,adm1,GB-CRF,,,,,,,,0,0,,,Unitary Authority (wales),GB1,,GBR,GBR-2116,,Cardiff,5531,,,
Croydon,5532,adm1,GB-CRY,,,,,,,,0,0,,,London Borough,GB1,,GBR,GBR-2065,,Croydon,5532,,,
Castlereagh,5533,adm1,GB-CSR,,,,,,,,0,0,,,District,GB1,,GBR,GBR-2103,,Castlereagh,5533,,,
Conwy,5534,adm1,GB-CWY,,,,,,,,0,0,,,Unitary Authority (wales),GB1,,GBR,GBR-2129,,Conwy,5534,,,
Darlington,5535,adm1,GB-DAL,,,,,,,,0,0,,,Unitary Authority,GB1,,GBR,GBR-2028,,Darlington,5535,,,
Derbyshire,5536,adm1,GB-DBY,,,,,,,,0,0,,,Administrative County,GB1,,GBR,GBR-2059,,Derbyshire,5536,,,
Denbighshire,5537,adm1,GB-DEN,,,,,,,,0,0,,,Unitary Authority (wales),GB1,,GBR,GBR-2125,,Denbighshire,5537,,,
Derby,5538,adm1,GB-DER,,,,,,,,0,0,,,Unitary Authority,GB1,,GBR,GBR-2058,,Derby,5538,,,
Devon,5539,adm1,GB-DEV,,,,,,,,0,0,,,Administrative County,GB1,,GBR,GBR-2048,,Devon,5539,,,
Dungannon,5540,adm1,GB-DGN,,,,,,,,0,0,,,District,GB1,,GBR,GBR-2089,,Dungannon,5540,,,
Dumfries and Galloway,5541,adm1,GB-DGY,,,,,,,,0,0,,,Unitary District,GB1,,GBR,GBR-2138,,Dumfries and Galloway,5541,,,
Doncaster,5542,adm1,GB-DNC,,,,,,,,0,0,,,Metropolitan Borough,GB1,,GBR,GBR-5689,,Doncaster,5542,,,
Dundee,5543,adm1,GB-DND,,,,,,,,0,0,,,Unitary District (city),GB1,,GBR,GBR-2020,,Dundee,5543,,,
Dorset,5544,adm1,GB-DOR,,,,,,,,0,0,,,Administrative County,GB1,,GBR,GBR-2051,,Dorset,5544,,,
Down,5545,adm1,GB-DOW,,,,,,,,0,0,,,District,GB1,,GBR,GBR-2099,,Down,5545,,,
Derry,5546,adm1,GB-DRY,,,,,,,,0,0,,,London Borough (city),GB1,,GBR,GBR-2083,,Derry,5546,,,
Dudley,5547,adm1,GB-DUD,,,,,,,,0,0,,,Metropolitan Borough,GB1,,GBR,GBR-5692,,Dudley,5547,,,
Durham,5548,adm1,GB-DUR,,,,,,,,0,0,,,Unitary Single-Tier County,GB1,,GBR,GBR-2029,,Durham,5548,,,
Ealing,5549,adm1,GB-EAL,,,,,,,,0,0,,,London Borough,GB1,,GBR,GBR-2066,,Ealing,5549,,,
East Ayrshire,5550,adm1,GB-EAY,,,,,,,,0,0,,,Unitary District,GB1,,GBR,GBR-2001,,East Ayrshire,5550,,,
Edinburgh,5551,adm1,GB-EDH,,,,,,,,0,0,,,Unitary District (city),GB1,,GBR,GBR-2023,,Edinburgh,5551,,,
East Dunbartonshire,5552,adm1,GB-EDU,,,,,,,,0,0,,,Unitary District,GB1,,GBR,GBR-2002,,East Dunbartonshire,5552,,,
East Lothian,5553,adm1,GB-ELN,,,,,,,,0,0,,,Unitary District,GB1,,GBR,GBR-2022,,East Lothian,5553,,,
Eilean Siar,5554,adm1,GB-ELS,,,,,,,,0,0,,,Island Area,GB1,,GBR,GBR-2772,,Eilean Siar,5554,,,
Enfield,5555,adm1,GB-ENF,,,,,,,,0,0,,,London Borough,GB1,,GBR,GBR-2067,,Enfield,5555,,,
East Renfrewshire,5556,adm1,GB-ERW,,,,,,,,0,0,,,Unitary District,GB1,,GBR,GBR-2003,,East Renfrewshire,5556,,,
East Riding of Yorkshire,5557,adm1,GB-ERY,,,,,,,,0,0,,,Unitary Authority,GB1,,GBR,GBR-2124,,East Riding of Yorkshire,5557,,,
Essex,5558,adm1,GB-ESS,,,,,,,,0,0,,,Administrative County,GB1,,GBR,GBR-2317,,Essex,5558,,,
East Sussex,5559,adm1,GB-ESX,,,,,,,,0,0,,,Administrative County,GB1,,GBR,GBR-2677,,East Sussex,5559,,,
Falkirk,5560,adm1,GB-FAL,,,,,,,,0,0,,,Unitary District,GB1,,GBR,GBR-2015,,Falkirk,5560,,,
Fermanagh,5561,adm1,GB-FER,,,,,,,,0,0,,,District,GB1,,GBR,GBR-2136,,Fermanagh,5561,,,
Fife,5562,adm1,GB-FIF,,,,,,,,0,0,,,Unitary District,GB1,,GBR,GBR-2021,,Fife,5562,,,
Flintshire,5563,adm1,GB-FLN,,,,,,,,0,0,,,Unitary Authority (wales),GB1,,GBR,GBR-2126,,Flintshire,5563,,,
Gateshead,5564,adm1,GB-GAT,,,,,,,,0,0,,,Metropolitan Borough,GB1,,GBR,GBR-5665,,Gateshead,5564,,,
Glasgow,5565,adm1,GB-GLG,,,,,,,,0,0,,,Unitary District (city),GB1,,GBR,GBR-2004,,Glasgow,5565,,,
Gloucestershire,5566,adm1,GB-GLS,,,,,,,,0,0,,,Administrative County,GB1,,GBR,GBR-2039,,Gloucestershire,5566,,,
Greenwich,5567,adm1,GB-GRE,,,,,,,,0,0,,,London Borough (royal),GB1,,GBR,GBR-2068,,Greenwich,5567,,,
Gwynedd,5568,adm1,GB-GWN,,,,,,,,0,0,,,Unitary Authority (wales),GB1,,GBR,GBR-2130,,Gwynedd,5568,,,
Halton,5569,adm1,GB-HAL,,,,,,,,0,0,,,Unitary Authority,GB1,,GBR,GBR-5708,,Halton,5569,,,
Hampshire,5570,adm1,GB-HAM,,,,,,,,0,0,,,Administrative County,GB1,,GBR,GBR-2035,,Hampshire,5570,,,
Havering,5571,adm1,GB-HAV,,,,,,,,0,0,,,London Borough,GB1,,GBR,GBR-2675,,Havering,5571,,,
Hackney,5572,adm1,GB-HCK,,,,,,,,0,0,,,London Borough,GB1,,GBR,GBR-2765,,Hackney,5572,,,
Herefordshire,5573,adm1,GB-HEF,,,,,,,,0,0,,,Unitary Authority,GB1,,GBR,GBR-2775,,Herefordshire,5573,,,
Hillingdon,5574,adm1,GB-HIL,,,,,,,,0,0,,,London Borough,GB1,,GBR,GBR-2753,,Hillingdon,5574,,,
Highland,5575,adm1,GB-HLD,,,,,,,,0,0,,,Unitary District,GB1,,GBR,GBR-2745,,Highland,5575,,,
Hammersmith and Fulham,5576,adm1,GB-HMF,,,,,,,,0,0,,,London Borough,GB1,,GBR,GBR-2069,,Hammersmith and Fulham,5576,,,
Hounslow,5577,adm1,GB-HNS,,,,,,,,0,0,,,London Borough,GB1,,GBR,GBR-2070,,Hounslow,5577,,,
Hartlepool,5578,adm1,GB-HPL,,,,,,,,0,0,,,Unitary Authority,GB1,,GBR,GBR-2030,,Hartlepool,5578,,,
Hertfordshire,5579,adm1,GB-HRT,,,,,,,,0,0,,,Administrative County,GB1,,GBR,GBR-2042,,Hertfordshire,5579,,,
Harrow,5580,adm1,GB-HRW,,,,,,,,0,0,,,London Borough,GB1,,GBR,GBR-2767,,Harrow,5580,,,
Haringey,5581,adm1,GB-HRY,,,,,,,,0,0,,,London Borough,GB1,,GBR,GBR-2766,,Haringey,5581,,,
Isles of Scilly,5582,adm1,GB-IOS,,,,,,,,0,0,,,Unitary Single-Tier County,GB1,,GBR,GBR-5988,,Isles of Scilly,5582,,,
Isle of Wight,5583,adm1,GB-IOW,,,,,,,,0,0,,,Unitary Authority,GB1,,GBR,GBR-2758,,Isle of Wight,5583,,,
Islington,5584,adm1,GB-ISL,,,,,,,,0,0,,,London Borough,GB1,,GBR,GBR-2071,,Islington,5584,,,
Inverclyde,5585,adm1,GB-IVC,,,,,,,,0,0,,,Unitary District,GB1,,GBR,GBR-2005,,Inverclyde,5585,,,
Kensington and Chelsea,5586,adm1,GB-KEC,,,,,,,,0,0,,,London Borough (royal),GB1,,GBR,GBR-2072,,Kensington and Chelsea,5586,,,
Kent,5587,adm1,GB-KEN,,,,,,,,0,0,,,Administrative County,GB1,,GBR,GBR-3409,,Kent,5587,,,
Kingston upon Hull,5588,adm1,GB-KHL,,,,,,,,0,0,,,Unitary Authority,GB1,,GBR,GBR-2055,,Kingston upon Hull,5588,,,
Kirklees,5589,adm1,GB-KIR,,,,,,,,0,0,,,Metropolitan Borough,GB1,,GBR,GBR-5671,,Kirklees,5589,,,
Kingston upon Thames,5590,adm1,GB-KTT,,,,,,,,0,0,,,London Borough (royal),GB1,,GBR,GBR-2754,,Kingston upon Thames,5590,,,
Knowsley,5591,adm1,GB-KWL,,,,,,,,0,0,,,Metropolitan Borough,GB1,,GBR,GBR-5666,,Knowsley,5591,,,
Lancashire,5592,adm1,GB-LAN,,,,,,,,0,0,,,Administrative County,GB1,,GBR,GBR-2123,,Lancashire,5592,,,
Lambeth,5593,adm1,GB-LBH,,,,,,,,0,0,,,London Borough,GB1,,GBR,GBR-2768,,Lambeth,5593,,,
Leicester,5594,adm1,GB-LCE,,,,,,,,0,0,,,Unitary Authority,GB1,,GBR,GBR-2761,,Leicester,5594,,,
Leeds,5595,adm1,GB-LDS,,,,,,,,0,0,,,Metropolitan Borough,GB1,,GBR,GBR-5674,,Leeds,5595,,,
Leicestershire,5596,adm1,GB-LEC,,,,,,,,0,0,,,Kingdom,GB1,,GBR,GBR-2054,,Leicestershire,5596,,,
Lewisham,5597,adm1,GB-LEW,,,,,,,,0,0,,,London Borough,GB1,,GBR,GBR-2769,,Lewisham,5597,,,
Lincolnshire,5598,adm1,GB-LIN,,,,,,,,0,0,,,Administrative County,GB1,,GBR,GBR-2081,,Lincolnshire,5598,,,
Liverpool,5599,adm1,GB-LIV,,,,,,,,0,0,,,Metropolitan Borough,GB1,,GBR,GBR-5668,,Liverpool,5599,,,
Limavady,5600,adm1,GB-LMV,,,,,,,,0,0,,,District,GB1,,GBR,GBR-2102,,Limavady,5600,,,
City,5601,adm1,GB-LND,,,,,,,,0,0,,,City Corporation,GB1,,GBR,GBR-4809,,City,5601,,,
Larne,5602,adm1,GB-LRN,,,,,,,,0,0,,,District,GB1,,GBR,GBR-2095,,Larne,5602,,,
Lisburn,5603,adm1,GB-LSB,,,,,,,,0,0,,,District,GB1,,GBR,GBR-2090,,Lisburn,5603,,,
Luton,5604,adm1,GB-LUT,,,,,,,,0,0,,,Unitary Authority,GB1,,GBR,GBR-2752,,Luton,5604,,,
Manchester,5605,adm1,GB-MAN,,,,,,,,0,0,,,Metropolitan Borough,GB1,,GBR,GBR-5684,,Manchester,5605,,,
Middlesbrough,5606,adm1,GB-MDB,,,,,,,,0,0,,,Unitary Authority,GB1,,GBR,GBR-2031,,Middlesbrough,5606,,,
Medway,5607,adm1,GB-MDW,,,,,,,,0,0,,,Unitary Authority,GB1,,GBR,GBR-2678,,Medway,5607,,,
Magherafelt,5608,adm1,GB-MFT,,,,,,,,0,0,,,District,GB1,,GBR,GBR-2093,,Magherafelt,5608,,,
Milton Keynes,5609,adm1,GB-MIK,,,,,,,,0,0,,,Unitary Authority,GB1,,GBR,GBR-2038,,Milton Keynes,5609,,,
Midlothian,5610,adm1,GB-MLN,,,,,,,,0,0,,,Unitary District,GB1,,GBR,GBR-2024,,Midlothian,5610,,,
Monmouthshire,5611,adm1,GB-MON,,,,,,,,0,0,,,Unitary Authority (wales),GB1,,GBR,GBR-2132,,Monmouthshire,5611,,,
Merton,5612,adm1,GB-MRT,,,,,,,,0,0,,,London Borough,GB1,,GBR,GBR-2073,,Merton,5612,,,
Moray,5613,adm1,GB-MRY,,,,,,,,0,0,,,Unitary District,GB1,,GBR,GBR-2014,,Moray,5613,,,
Merthyr Tydfil,5614,adm1,GB-MTY,,,,,,,,0,0,,,Unitary Authority (wales),GB1,,GBR,GBR-2114,,Merthyr Tydfil,5614,,,
Moyle,5615,adm1,GB-MYL,,,,,,,,0,0,,,District,GB1,,GBR,GBR-2773,,Moyle,5615,,,
North Ayshire,5616,adm1,GB-NAY,,,,,,,,0,0,,,Unitary District,GB1,,GBR,GBR-2006,,North Ayshire,5616,,,
Northumberland,5617,adm1,GB-NBL,,,,,,,,0,0,,,Unitary Single-Tier County,GB1,,GBR,GBR-2034,,Northumberland,5617,,,
North Down,5618,adm1,GB-NDN,,,,,,,,0,0,,,District,GB1,,GBR,GBR-2098,,North Down,5618,,,
North East Lincolnshire,5619,adm1,GB-NEL,,,,,,,,0,0,,,Unitary Authority,GB1,,GBR,GBR-2056,,North East Lincolnshire,5619,,,
Newcastle upon Tyne,5620,adm1,GB-NET,,,,,,,,0,0,,,Metropolitan Borough,GB1,,GBR,GBR-5661,,Newcastle upon Tyne,5620,,,
Norfolk,5621,adm1,GB-NFK,,,,,,,,0,0,,,Administrative County,GB1,,GBR,GBR-2319,,Norfolk,5621,,,
Nottingham,5622,adm1,GB-NGM,,,,,,,,0,0,,,Unitary Authority,GB1,,GBR,GBR-2763,,Nottingham,5622,,,
North Lanarkshire,5623,adm1,GB-NLK,,,,,,,,0,0,,,Unitary District,GB1,,GBR,GBR-2007,,North Lanarkshire,5623,,,
North Lincolnshire,5624,adm1,GB-NLN,,,,,,,,0,0,,,Unitary Authority,GB1,,GBR,GBR-2057,,North Lincolnshire,5624,,,
North Somerset,5625,adm1,GB-NSM,,,,,,,,0,0,,,Unitary Authority,GB1,,GBR,GBR-2045,,North Somerset,5625,,,
Newtownabbey,5626,adm1,GB-NTA,,,,,,,,0,0,,,District,GB1,,GBR,GBR-2097,,Newtownabbey,5626,,,
Northamptonshire,5627,adm1,GB-NTH,,,,,,,,0,0,,,Administrative County,GB1,,GBR,GBR-2749,,Northamptonshire,5627,,,
Neath Port Talbot,5628,adm1,GB-NTL,,,,,,,,0,0,,,Unitary Authority (wales),GB1,,GBR,GBR-2118,,Neath Port Talbot,5628,,,
Nottinghamshire,5629,adm1,GB-NTT,,,,,,,,0,0,,,Administrative County,GB1,,GBR,GBR-2764,,Nottinghamshire,5629,,,
North Tyneside,5630,adm1,GB-NTY,,,,,,,,0,0,,,Metropolitan Borough,GB1,,GBR,GBR-5662,,North Tyneside,5630,,,
Newham,5631,adm1,GB-NWM,,,,,,,,0,0,,,London Borough,GB1,,GBR,GBR-2770,,Newham,5631,,,
Newport,5632,adm1,GB-NWP,,,,,,,,0,0,,,Unitary Authority (wales),GB1,,GBR,GBR-2133,,Newport,5632,,,
North Yorkshire,5633,adm1,GB-NYK,,,,,,,,0,0,,,Administrative County,GB1,,GBR,GBR-2140,,North Yorkshire,5633,,,
Newry and Mourne,5634,adm1,GB-NYM,,,,,,,,0,0,,,District,GB1,,GBR,GBR-2086,,Newry and Mourne,5634,,,
Oldham,5635,adm1,GB-OLD,,,,,,,,0,0,,,Metropolitan Borough,GB1,,GBR,GBR-5681,,Oldham,5635,,,
Omagh,5636,adm1,GB-OMH,,,,,,,,0,0,,,District,GB1,,GBR,GBR-2084,,Omagh,5636,,,
Orkney,5637,adm1,GB-ORK,,,,,,,,0,0,,,Unitary District,GB1,,GBR,GBR-2744,,Orkney,5637,,,
Oxfordshire,5638,adm1,GB-OXF,,,,,,,,0,0,,,Administrative County,GB1,,GBR,GBR-2751,,Oxfordshire,5638,,,
Pembrokeshire,5639,adm1,GB-PEM,,,,,,,,0,0,,,Unitary Authority (wales),GB1,,GBR,GBR-2106,,Pembrokeshire,5639,,,
Perthshire and Kinross,5640,adm1,GB-PKN,,,,,,,,0,0,,,Unitary District,GB1,,GBR,GBR-2018,,Perthshire and Kinross,5640,,,
Plymouth,5641,adm1,GB-PLY,,,,,,,,0,0,,,Unitary Authority,GB1,,GBR,GBR-2141,,Plymouth,5641,,,
Poole,5642,adm1,GB-POL,,,,,,,,0,0,,,Unitary Authority,GB1,,GBR,GBR-2052,,Poole,5642,,,
Portsmouth,5643,adm1,GB-POR,,,,,,,,0,0,,,Unitary Authority,GB1,,GBR,GBR-2759,,Portsmouth,5643,,,
Powys,5644,adm1,GB-POW,,,,,,,,0,0,,,Unitary Authority (wales),GB1,,GBR,GBR-2111,,Powys,5644,,,
Peterborough,5645,adm1,GB-PTE,,,,,,,,0,0,,,Unitary Authority,GB1,,GBR,GBR-2760,,Peterborough,5645,,,
Redcar and Cleveland,5646,adm1,GB-RCC,,,,,,,,0,0,,,Unitary Authority,GB1,,GBR,GBR-2032,,Redcar and Cleveland,5646,,,
Rochdale,5647,adm1,GB-RCH,,,,,,,,0,0,,,Metropolitan Borough,GB1,,GBR,GBR-5680,,Rochdale,5647,,,
"Rhondda, Cynon, Taff",5648,adm1,GB-RCT,,,,,,,,0,0,,,Unitary Authority (wales),GB1,,GBR,GBR-2115,,"Rhondda, Cynon, Taff",5648,,,
Redbridge,5649,adm1,GB-RDB,,,,,,,,0,0,,,London Borough,GB1,,GBR,GBR-2074,,Redbridge,5649,,,
Reading,5650,adm1,GB-RDG,,,,,,,,0,0,,,Unitary Authority,GB1,,GBR,GBR-5699,,Reading,5650,,,
Renfrewshire,5651,adm1,GB-RFW,,,,,,,,0,0,,,Unitary District,GB1,,GBR,GBR-2008,,Renfrewshire,5651,,,
Richmond upon Thames,5652,adm1,GB-RIC,,,,,,,,0,0,,,London Borough,GB1,,GBR,GBR-2075,,Richmond upon Thames,5652,,,
Rotherham,5653,adm1,GB-ROT,,,,,,,,0,0,,,Metropolitan Borough,GB1,,GBR,GBR-5686,,Rotherham,5653,,,
Rutland,5654,adm1,GB-RUT,,,,,,,,0,0,,,Unitary Authority,GB1,,GBR,GBR-2762,,Rutland,5654,,,
Sandwell,5655,adm1,GB-SAW,,,,,,,,0,0,,,Metropolitan Borough,GB1,,GBR,GBR-5691,,Sandwell,5655,,,
South Ayrshire,5656,adm1,GB-SAY,,,,,,,,0,0,,,Unitary District,GB1,,GBR,GBR-2009,,South Ayrshire,5656,,,
Scottish Borders,5657,adm1,GB-SCB,,,,,,,,0,0,,,Unitary District,GB1,,GBR,GBR-2026,,Scottish Borders,5657,,,
Suffolk,5658,adm1,GB-SFK,,,,,,,,0,0,,,Administrative County,GB1,,GBR,GBR-2318,,Suffolk,5658,,,
Sefton,5659,adm1,GB-SFT,,,,,,,,0,0,,,Metropolitan Borough,GB1,,GBR,GBR-5667,,Sefton,5659,,,
South Gloucestershire,5660,adm1,GB-SGC,,,,,,,,0,0,,,Unitary Authority,GB1,,GBR,GBR-2046,,South Gloucestershire,5660,,,
Sheffield,5661,adm1,GB-SHF,,,,,,,,0,0,,,Metropolitan Borough,GB1,,GBR,GBR-5687,,Sheffield,5661,,,
Merseyside,5662,adm1,GB-SHN,,,,,,,,0,0,,,Metropolitan Borough,GB1,,GBR,GBR-5669,,Merseyside,5662,,,
Shropshire,5663,adm1,GB-SHR,,,,,,,,0,0,,,Unitary Single-Tier County,GB1,,GBR,GBR-2779,,Shropshire,5663,,,
Stockport,5664,adm1,GB-SKP,,,,,,,,0,0,,,Metropolitan Borough,GB1,,GBR,GBR-5683,,Stockport,5664,,,
Salford,5665,adm1,GB-SLF,,,,,,,,0,0,,,Metropolitan Borough,GB1,,GBR,GBR-5676,,Salford,5665,,,
Slough,5666,adm1,GB-SLG,,,,,,,,0,0,,,Unitary Authority,GB1,,GBR,GBR-5704,,Slough,5666,,,
South Lanarkshire,5667,adm1,GB-SLK,,,,,,,,0,0,,,Unitary District,GB1,,GBR,GBR-2010,,South Lanarkshire,5667,,,
Sunderland,5668,adm1,GB-SND,,,,,,,,0,0,,,Metropolitan Borough,GB1,,GBR,GBR-5664,,Sunderland,5668,,,
Solihull,5669,adm1,GB-SOL,,,,,,,,0,0,,,Metropolitan Borough,GB1,,GBR,GBR-5695,,Solihull,5669,,,
Somerset,5670,adm1,GB-SOM,,,,,,,,0,0,,,Administrative County,GB1,,GBR,GBR-2047,,Somerset,5670,,,
Southend-on-Sea,5671,adm1,GB-SOS,,,,,,,,0,0,,,Unitary Authority,GB1,,GBR,GBR-2679,,Southend-on-Sea,5671,,,
Surrey,5672,adm1,GB-SRY,,,,,,,,0,0,,,Administrative County,GB1,,GBR,GBR-2755,,Surrey,5672,,,
Strabane,5673,adm1,GB-STB,,,,,,,,0,0,,,District,GB1,,GBR,GBR-2135,,Strabane,5673,,,
Stoke-on-Trent,5674,adm1,GB-STE,,,,,,,,0,0,,,Unitary Authority,GB1,,GBR,GBR-2778,,Stoke-on-Trent,5674,,,
Stirling,5675,adm1,GB-STG,,,,,,,,0,0,,,Unitary District,GB1,,GBR,GBR-2016,,Stirling,5675,,,
Southampton,5676,adm1,GB-STH,,,,,,,,0,0,,,Unitary Authority,GB1,,GBR,GBR-2036,,Southampton,5676,,,
Sutton,5677,adm1,GB-STN,,,,,,,,0,0,,,London Borough,GB1,,GBR,GBR-2076,,Sutton,5677,,,
Staffordshire,5678,adm1,GB-STS,,,,,,,,0,0,,,Administrative County,GB1,,GBR,GBR-2777,,Staffordshire,5678,,,
Stockton-on-Tees,5679,adm1,GB-STT,,,,,,,,0,0,,,Unitary Authority,GB1,,GBR,GBR-2033,,Stockton-on-Tees,5679,,,
South Tyneside,5680,adm1,GB-STY,,,,,,,,0,0,,,Metropolitan Borough,GB1,,GBR,GBR-5663,,South Tyneside,5680,,,
Swansea,5681,adm1,GB-SWA,,,,,,,,0,0,,,Unitary Authority (wales),GB1,,GBR,GBR-2119,,Swansea,5681,,,
Swindon,5682,adm1,GB-SWD,,,,,,,,0,0,,,Unitary Authority,GB1,,GBR,GBR-2756,,Swindon,5682,,,
Southwark,5683,adm1,GB-SWK,,,,,,,,0,0,,,London Borough,GB1,,GBR,GBR-2771,,Southwark,5683,,,
Tameside,5684,adm1,GB-TAM,,,,,,,,0,0,,,Metropolitan Borough,GB1,,GBR,GBR-5682,,Tameside,5684,,,
Telford and Wrekin,5685,adm1,GB-TFW,,,,,,,,0,0,,,Unitary Authority,GB1,,GBR,GBR-2121,,Telford and Wrekin,5685,,,
Thurrock,5686,adm1,GB-THR,,,,,,,,0,0,,,Unitary Authority,GB1,,GBR,GBR-2676,,Thurrock,5686,,,
Torbay,5687,adm1,GB-TOB,,,,,,,,0,0,,,Unitary Authority,GB1,,GBR,GBR-2142,,Torbay,5687,,,
Torfaen,5688,adm1,GB-TOF,,,,,,,,0,0,,,Unitary Authority (wales),GB1,,GBR,GBR-2134,,Torfaen,5688,,,
Trafford,5689,adm1,GB-TRF,,,,,,,,0,0,,,Metropolitan Borough,GB1,,GBR,GBR-5685,,Trafford,5689,,,
Tower Hamlets,5690,adm1,GB-TWH,,,,,,,,0,0,,,London Borough,GB1,,GBR,GBR-2077,,Tower Hamlets,5690,,,
Vale of Glamorgan,5691,adm1,GB-VGL,,,,,,,,0,0,,,Unitary Authority (wales),GB1,,GBR,GBR-2117,,Vale of Glamorgan,5691,,,
Warwickshire,5692,adm1,GB-WAR,,,,,,,,0,0,,,Administrative County,GB1,,GBR,GBR-2750,,Warwickshire,5692,,,
West Berkshire,5693,adm1,GB-WBK,,,,,,,,0,0,,,Unitary Authority,GB1,,GBR,GBR-5700,,West Berkshire,5693,,,
West Dunbartonshire,5694,adm1,GB-WDU,,,,,,,,0,0,,,Unitary District,GB1,,GBR,GBR-2011,,West Dunbartonshire,5694,,,
Waltham Forest,5695,adm1,GB-WFT,,,,,,,,0,0,,,London Borough,GB1,,GBR,GBR-2078,,Waltham Forest,5695,,,
Wigan,5696,adm1,GB-WGN,,,,,,,,0,0,,,Metropolitan Borough,GB1,,GBR,GBR-5677,,Wigan,5696,,,
Wiltshire,5697,adm1,GB-WIL,,,,,,,,0,0,,,Unitary Single-Tier County,GB1,,GBR,GBR-2757,,Wiltshire,5697,,,
Wakefield,5698,adm1,GB-WKF,,,,,,,,0,0,,,Metropolitan Borough,GB1,,GBR,GBR-5675,,Wakefield,5698,,,
Walsall,5699,adm1,GB-WLL,,,,,,,,0,0,,,Metropolitan Borough,GB1,,GBR,GBR-5694,,Walsall,5699,,,
West Lothian,5700,adm1,GB-WLN,,,,,,,,0,0,,,Unitary District,GB1,,GBR,GBR-2025,,West Lothian,5700,,,
Wolverhampton,5701,adm1,GB-WLV,,,,,,,,0,0,,,Metropolitan Borough,GB1,,GBR,GBR-5693,,Wolverhampton,5701,,,
Wandsworth,5702,adm1,GB-WND,,,,,,,,0,0,,,London Borough,GB1,,GBR,GBR-2079,,Wandsworth,5702,,,
Royal Borough of Windsor and Maidenhead,5703,adm1,GB-WNM,,,,,,,,0,0,,,Unitary Authority,GB1,,GBR,GBR-5703,,Royal Borough of Windsor and Maidenhead,5703,,,
Wokingham,5704,adm1,GB-WOK,,,,,,,,0,0,,,Unitary Authority,GB1,,GBR,GBR-5701,,Wokingham,5704,,,
Worcestershire,5705,adm1,GB-WOR,,,,,,,,0,0,,,Administrative County,GB1,,GBR,GBR-2776,,Worcestershire,5705,,,
Halton,5706,adm1,GB-WRL,,,,,,,,0,0,,,Metropolitan Borough,GB1,,GBR,GBR-2108,,Halton,5706,,,
Warrington,5707,adm1,GB-WRT,,,,,,,,0,0,,,Unitary Authority,GB1,,GBR,GBR-2774,,Warrington,5707,,,
Wrexham,5708,adm1,GB-WRX,,,,,,,,0,0,,,Unitary Authority (wales),GB1,,GBR,GBR-2127,,Wrexham,5708,,,
Westminster,5709,adm1,GB-WSM,,,,,,,,0,0,,,London Borough (city),GB1,,GBR,GBR-2080,,Westminster,5709,,,
West Sussex,5710,adm1,GB-WSX,,,,,,,,0,0,,,Administrative County,GB1,,GBR,GBR-2748,,West Sussex,5710,,,
York,5711,adm1,GB-YOR,,,,,,,,0,0,,,Unitary Authority,GB1,,GBR,GBR-2120,,York,5711,,,
Shetland Islands,5712,adm1,GB-ZET,,,,,,,,0,0,,,Unitary District (city),GB1,,GBR,GBR-2747,,Shetland Islands,5712,,,
Sark,5741,adm1,GG-X01~,,,,,,,,0,0,,,,GB1,,GGY,GGY+00?,,Sark,5741,,,
Gibraltar,5761,adm1,GI-X01~,,,,,,,,0,0,,,,GB1,,GIB,GIB+00?,,Gibraltar,5761,,,
Isle of Man,5781,adm1,IM-X01~,,,,,,,,0,0,,,,GB1,,IMN,IMN+00?,,Isle of Man,5781,,,
British Indian Ocean Territory,5801,adm1,IO-X01~,,,,,,,,0,0,,,,GB1,,IOT,IOT+00?,,British Indian Ocean Territory,5801,,,
Jersey,5821,adm1,JE-X01~,,,,,,,,0,0,,,,GB1,,JEY,JEY+00?,,Jersey,5821,,,
Saint Anthony,5841,adm1,MS-A,,,,,,,,0,0,,,Parish,GB1,,MSR,MSR-5087,,Saint Anthony,5841,,,
Saint Georges,5842,adm1,MS-G,,,,,,,,0,0,,,Parish,GB1,,MSR,MSR-5088,,Saint Georges,5842,,,
Saint Peter,5843,adm1,MS-P,,,,,,,,0,0,,,Parish,GB1,,MSR,MSR-5089,,Saint Peter,5843,,,
Pitcairn Islands,5861,adm1,PN-X01~,,,,,,,,0,0,,,,GB1,,PCN,PCN+00?,,Pitcairn Islands,5861,,,
South Georgia and the South Sandwich Islands,5881,adm1,GS-X01~,,,,,,,,0,0,,,,GB1,,SGS,SGS+00?,,South Georgia and the South Sandwich Islands,5881,,,
Ascension,5901,adm1,SH-AC,,,,,,,,0,0,,,,GB1,,SHN,SHN-4863,,Ascension,5901,,,
Saint Helena,5902,adm1,SH-HL,,,,,,,,0,0,,,,GB1,,SHN,SHN-4864,,Saint Helena,5902,,,
Tristan da Cunha,5903,adm1,SH-TA,,,,,,,,0,0,,,,GB1,,SHN,SHN-4865,,Tristan da Cunha,5903,,,
Middle Caicos,5921,adm1,TC-X01~,,,,,,,,0,0,,,,GB1,,TCA,TCA-5003,,Middle Caicos,5921,,,
North Caicos,5922,adm1,TC-X02~,,,,,,,,0,0,,,,GB1,,TCA,TCA-5004,,North Caicos,5922,,,
Providenciales and West Caicos,5923,adm1,TC-X03~,,,,,,,,0,0,,,,GB1,,TCA,TCA-5005,,Providenciales and West Caicos,5923,,,
South Caicos and East Caicos,5924,adm1,TC-X04~,,,,,,,,0,0,,,,GB1,,TCA,TCA-5006,,South Caicos and East Caicos,5924,,,
Grand Turk,5925,adm1,TC-X05~,,,,,,,,0,0,,,,GB1,,TCA,TCA-5007,,Grand Turk,5925,,,
Salt Cay,5926,adm1,TC-X06~,,,,,,,,0,0,,,,GB1,,TCA,TCA-5008,,Salt Cay,5926,,,
British Virgin Islands,5941,adm1,VG-X01~,,,,,,,,0,0,,,,GB1,,VGB,VGB+00?,,British Virgin Islands,5941,,,
Akrotiri,5961,adm1,-99-X17~,,,,,,,,0,0,,,,GB1,,WSB,WSB-5133,,Akrotiri,5961,,,
Abkhazia,5981,adm1,GE-AB,,,,,,,,0,0,,,Autonomous Republic,GEO,,GEO,GEO-3015,,Abkhazia,5981,,,
Ajaria,5982,adm1,GE-AJ,,,,,,,,0,0,,,Autonomous Republic,GEO,,GEO,GEO-3027,,Ajaria,5982,,,
Guria,5983,adm1,GE-GU,,,,,,,,0,0,,,Region,GEO,,GEO,GEO-3028,,Guria,5983,,,
Imereti,5984,adm1,GE-IM,,,,,,,,0,0,,,Region,GEO,,GEO,GEO-3030,,Imereti,5984,,,
Kakheti,5985,adm1,GE-KA,,,,,,,,0,0,,,Region,GEO,,GEO,GEO-3033,,Kakheti,5985,,,
Kvemo Kartli,5986,adm1,GE-KK,,,,,,,,0,0,,,Region,GEO,,GEO,GEO-3037,,Kvemo Kartli,5986,,,
Mtskheta-Mtianeti,5987,adm1,GE-MM,,,,,,,,0,0,,,Region,GEO,,GEO,GEO-3034,,Mtskheta-Mtianeti,5987,,,
Racha-Lechkhumi-Kvemo Svaneti,5988,adm1,GE-RL,,,,,,,,0,0,,,Region,GEO,,GEO,GEO-3035,,Racha-Lechkhumi-Kvemo Svaneti,5988,,,
Samtskhe-Javakheti,5989,adm1,GE-SJ,,,,,,,,0,0,,,Region,GEO,,GEO,GEO-3038,,Samtskhe-Javakheti,5989,,,
Shida Kartli,5990,adm1,GE-SK,,,,,,,,0,0,,,Region,GEO,,GEO,GEO-3039,,Shida Kartli,5990,,,
Samegrelo-Zemo Svaneti,5991,adm1,GE-SZ,,,,,,,,0,0,,,Region,GEO,,GEO,GEO-3029,,Samegrelo-Zemo Svaneti,5991,,,
Tbilisi,5992,adm1,GE-TB,,,,,,,,0,0,,,Independent City,GEO,,GEO,GEO-3036,,Tbilisi,5992,,,
Greater Accra,6021,adm1,GH-AA,,,,,,,,0,0,,,Region,GHA,,GHA,GHA-2172,,Greater Accra,6021,,,
Ashanti,6022,adm1,GH-AH,,,,,,,,0,0,,,Region,GHA,,GHA,GHA-2158,,Ashanti,6022,,,
Brong Ahafo,6023,adm1,GH-BA,,,,,,,,0,0,,,Region,GHA,,GHA,GHA-2159,,Brong Ahafo,6023,,,
Central,6024,adm1,GH-CP,,,,,,,,0,0,,,Region,GHA,,GHA,GHA-2160,,Central,6024,,,
Eastern,6025,adm1,GH-EP,,,,,,,,0,0,,,Region,GHA,,GHA,GHA-2161,,Eastern,6025,,,
Northern,6026,adm1,GH-NP,,,,,,,,0,0,,,Region,GHA,,GHA,GHA-2155,,Northern,6026,,,
Volta,6027,adm1,GH-TV,,,,,,,,0,0,,,Region,GHA,,GHA,GHA-2173,,Volta,6027,,,
Upper East,6028,adm1,GH-UE,,,,,,,,0,0,,,Region,GHA,,GHA,GHA-2156,,Upper East,6028,,,
Upper West,6029,adm1,GH-UW,,,,,,,,0,0,,,Region,GHA,,GHA,GHA-2157,,Upper West,6029,,,
Western,6030,adm1,GH-WP,,,,,,,,0,0,,,Region,GHA,,GHA,GHA-2162,,Western,6030,,,
Beyla,6061,adm1,GN-BE,,,,,,,,0,0,,,Prefecture,GIN,,GIN,GIN-5627,,Beyla,6061,,,
Boffa,6062,adm1,GN-BF,,,,,,,,0,0,,,Prefecture,GIN,,GIN,GIN-5628,,Boffa,6062,,,
Boke,6063,adm1,GN-BK,,,,,,,,0,0,,,Prefecture,GIN,,GIN,GIN-5629,,Boke,6063,,,
Conakry,6064,adm1,GN-C,,,,,,,,0,0,,,Administrative Zone,GIN,,GIN,GIN-5630,,Conakry,6064,,,
Coyah,6065,adm1,GN-CO,,,,,,,,0,0,,,Prefecture,GIN,,GIN,GIN-5631,,Coyah,6065,,,
Dabola,6066,adm1,GN-DB,,,,,,,,0,0,,,Prefecture,GIN,,GIN,GIN-5632,,Dabola,6066,,,
Dinguiraye,6067,adm1,GN-DI,,,,,,,,0,0,,,Prefecture,GIN,,GIN,GIN-5634,,Dinguiraye,6067,,,
Dalaba,6068,adm1,GN-DL,,,,,,,,0,0,,,Prefecture,GIN,,GIN,GIN-5633,,Dalaba,6068,,,
Dubréka,6069,adm1,GN-DU,,,,,,,,0,0,,,Prefecture,GIN,,GIN,GIN-5635,,Dubréka,6069,,,
Faranah,6070,adm1,GN-FA,,,,,,,,0,0,,,Prefecture,GIN,,GIN,GIN-5636,,Faranah,6070,,,
Forécariah,6071,adm1,GN-FO,,,,,,,,0,0,,,Prefecture,GIN,,GIN,GIN-5637,,Forécariah,6071,,,
Fria,6072,adm1,GN-FR,,,,,,,,0,0,,,Prefecture,GIN,,GIN,GIN-5638,,Fria,6072,,,
Gaoual,6073,adm1,GN-GA,,,,,,,,0,0,,,Prefecture,GIN,,GIN,GIN-5639,,Gaoual,6073,,,
Guéckédou,6074,adm1,GN-GU,,,,,,,,0,0,,,Prefecture,GIN,,GIN,GIN-5640,,Guéckédou,6074,,,
Kankan,6075,adm1,GN-K,,,,,,,,0,0,,,Prefecture,GIN,,GIN,GIN-5641,,Kankan,6075,,,
Koubia,6076,adm1,GN-KB,,,,,,,,0,0,,,Prefecture,GIN,,GIN,GIN-5645,,Koubia,6076,,,
Kindia,6077,adm1,GN-KD,,,,,,,,0,0,,,Prefecture,GIN,,GIN,GIN-5643,,Kindia,6077,,,
Kérouané,6078,adm1,GN-KE,,,,,,,,0,0,,,Prefecture,GIN,,GIN,GIN-5642,,Kérouané,6078,,,
Koundara,6079,adm1,GN-KN,,,,,,,,0,0,,,Prefecture,GIN,,GIN,GIN-5646,,Koundara,6079,,,
Kouroussa,6080,adm1,GN-KO,,,,,,,,0,0,,,Prefecture,GIN,,GIN,GIN-5647,,Kouroussa,6080,,,
Kissidougou,6081,adm1,GN-KS,,,,,,,,0,0,,,Prefecture,GIN,,GIN,GIN-5644,,Kissidougou,6081,,,
Labé,6082,adm1,GN-LA,,,,,,,,0,0,,,Prefecture,GIN,,GIN,GIN-5648,,Labé,6082,,,
Lélouma,6083,adm1,GN-LE,,,,,,,,0,0,,,Prefecture,GIN,,GIN,GIN-5649,,Lélouma,6083,,,
Lola,6084,adm1,GN-LO,,,,,,,,0,0,,,Prefecture,GIN,,GIN,GIN-5650,,Lola,6084,,,
Macenta,6085,adm1,GN-MC,,,,,,,,0,0,,,Prefecture,GIN,,GIN,GIN-5651,,Macenta,6085,,,
Mandiana,6086,adm1,GN-MD,,,,,,,,0,0,,,Prefecture,GIN,,GIN,GIN-5654,,Mandiana,6086,,,
Mali,6087,adm1,GN-ML,,,,,,,,0,0,,,Prefecture,GIN,,GIN,GIN-5652,,Mali,6087,,,
Mamou,6088,adm1,GN-MM,,,,,,,,0,0,,,Prefecture,GIN,,GIN,GIN-5653,,Mamou,6088,,,
Nzérékoré,6089,adm1,GN-NZ,,,,,,,,0,0,,,Prefecture,GIN,,GIN,GIN-5655,,Nzérékoré,6089,,,
Pita,6090,adm1,GN-PI,,,,,,,,0,0,,,Prefecture,GIN,,GIN,GIN-5656,,Pita,6090,,,
Siguiri,6091,adm1,GN-SI,,,,,,,,0,0,,,Prefecture,GIN,,GIN,GIN-5657,,Siguiri,6091,,,
Télimélé,6092,adm1,GN-TE,,,,,,,,0,0,,,Prefecture,GIN,,GIN,GIN-5660,,Télimélé,6092,,,
Tougué,6093,adm1,GN-TO,,,,,,,,0,0,,,Prefecture,GIN,,GIN,GIN-5658,,Tougué,6093,,,
Yomou,6094,adm1,GN-YO,,,,,,,,0,0,,,Prefecture,GIN,,GIN,GIN-5659,,Yomou,6094,,,
Banjul,6121,adm1,GM-B,,,,,,,,0,0,,,Independent City,GMB,,GMB,GMB-2153,,Banjul,6121,,,
Lower River,6122,adm1,GM-L,,,,,,,,0,0,,,Division,GMB,,GMB,GMB-2154,,Lower River,6122,,,
Central River,6123,adm1,GM-M,,,,,,,,0,0,,,Division,GMB,,GMB,GMB-2151,,Central River,6123,,,
North Bank,6124,adm1,GM-N,,,,,,,,0,0,,,Division,GMB,,GMB,GMB-5513,,North Bank,6124,,,
Upper River,6125,adm1,GM-U,,,,,,,,0,0,,,Division,GMB,,GMB,GMB-2152,,Upper River,6125,,,
West Coast,6126,adm1,GM-W,,,,,,,,0,0,,,Division,GMB,,GMB,GMB-5512,,West Coast,6126,,,
Bafatá,6141,adm1,GW-BA,,,,,,,,0,0,,,Region,GNB,,GNB,GNB-776,,Bafatá,6141,,,
Bolama,6142,adm1,GW-BL,,,,,,,,0,0,,,Region,GNB,,GNB,GNB-770,,Bolama,6142,,,
Biombo,6143,adm1,GW-BM,,,,,,,,0,0,,,Region,GNB,,GNB,GNB-5500,,Biombo,6143,,,
Bissau,6144,adm1,GW-BS,,,,,,,,0,0,,,Autonomous Sector,GNB,,GNB,GNB-769,,Bissau,6144,,,
Cacheu,6145,adm1,GW-CA,,,,,,,,0,0,,,Region,GNB,,GNB,GNB-771,,Cacheu,6145,,,
Gabú,6146,adm1,GW-GA,,,,,,,,0,0,,,Region,GNB,,GNB,GNB-777,,Gabú,6146,,,
Oio,6147,adm1,GW-OI,,,,,,,,0,0,,,Region,GNB,,GNB,GNB-772,,Oio,6147,,,
Quinara,6148,adm1,GW-QU,,,,,,,,0,0,,,Region,GNB,,GNB,GNB-773,,Quinara,6148,,,
Tombali,6149,adm1,GW-TO,,,,,,,,0,0,,,Region,GNB,,GNB,GNB-778,,Tombali,6149,,,
Annobón,6161,adm1,GQ-AN,,,,,,,,0,0,,,Province,GNQ,,GNQ,GNQ-1467,,Annobón,6161,,,
Bioko Norte,6162,adm1,GQ-BN,,,,,,,,0,0,,,Province,GNQ,,GNQ,GNQ-1478,,Bioko Norte,6162,,,
Bioko Sur,6163,adm1,GQ-BS,,,,,,,,0,0,,,Province,GNQ,,GNQ,GNQ-1479,,Bioko Sur,6163,,,
Centro Sur,6164,adm1,GQ-CS,,,,,,,,0,0,,,Province,GNQ,,GNQ,GNQ-1468,,Centro Sur,6164,,,
Kié-Ntem,6165,adm1,GQ-KN,,,,,,,,0,0,,,Province,GNQ,,GNQ,GNQ-1469,,Kié-Ntem,6165,,,
Litoral,6166,adm1,GQ-LI,,,,,,,,0,0,,,Province,GNQ,,GNQ,GNQ-1470,,Litoral,6166,,,
Wele-Nzás,6167,adm1,GQ-WN,,,,,,,,0,0,,,Province,GNQ,,GNQ,GNQ-1471,,Wele-Nzás,6167,,,
Ayion Oros,6181,adm1,GR-69,,,,,,,,0,0,,,Autonomous Monastic State,GRC,,GRC,GRC-2992,,Ayion Oros,6181,,,
Anatoliki Makedonia kai Thraki,6182,adm1,GR-A,,,,,,,,0,0,,,Region,GRC,,GRC,GRC-3001,,Anatoliki Makedonia kai Thraki,6182,,,
Attiki,6183,adm1,GR-A1,,,,,,,,0,0,,,Region,GRC,,GRC,GRC-2884,,Attiki,6183,,,
Kentriki Makedonia,6184,adm1,GR-B,,,,,,,,0,0,,,Region,GRC,,GRC,GRC-2991,,Kentriki Makedonia,6184,,,
Dytiki Makedonia,6185,adm1,GR-C,,,,,,,,0,0,,,Region,GRC,,GRC,GRC-2892,,Dytiki Makedonia,6185,,,
Ipeiros,6186,adm1,GR-D,,,,,,,,0,0,,,Region,GRC,,GRC,GRC-2949,,Ipeiros,6186,,,
Thessalia,6187,adm1,GR-E,,,,,,,,0,0,,,Region,GRC,,GRC,GRC-2900,,Thessalia,6187,,,
Ionioi Nisoi,6188,adm1,GR-F,,,,,,,,0,0,,,Region,GRC,,GRC,GRC-2883,,Ionioi Nisoi,6188,,,
Dytiki Ellada,6189,adm1,GR-G,,,,,,,,0,0,,,Region,GRC,,GRC,GRC-2886,,Dytiki Ellada,6189,,,
Stereá Elláda,6190,adm1,GR-H,,,,,,,,0,0,,,Region,GRC,,GRC,GRC-2989,,Stereá Elláda,6190,,,
Peloponnisos,6191,adm1,GR-J,,,,,,,,0,0,,,Region,GRC,,GRC,GRC-2885,,Peloponnisos,6191,,,
Voreio Aigaio,6192,adm1,GR-K,,,,,,,,0,0,,,Region,GRC,,GRC,GRC-2988,,Voreio Aigaio,6192,,,
Notio Aigaio,6193,adm1,GR-L,,,,,,,,0,0,,,Region,GRC,,GRC,GRC-3013,,Notio Aigaio,6193,,,
Kriti,6194,adm1,GR-M,,,,,,,,0,0,,,Region,GRC,,GRC,GRC-2990,,Kriti,6194,,,
Saint Andrew,6221,adm1,GD-01,,,,,,,,0,0,,,Parish,GRD,,GRD,GRD-5070,,Saint Andrew,6221,,,
Saint David,6222,adm1,GD-02,,,,,,,,0,0,,,Parish,GRD,,GRD,GRD-5071,,Saint David,6222,,,
Saint George,6223,adm1,GD-03,,,,,,,,0,0,,,Parish,GRD,,GRD,GRD-5072,,Saint George,6223,,,
Saint John,6224,adm1,GD-04,,,,,,,,0,0,,,Parish,GRD,,GRD,GRD-5073,,Saint John,6224,,,
Saint Mark,6225,adm1,GD-05,,,,,,,,0,0,,,Parish,GRD,,GRD,GRD-5074,,Saint Mark,6225,,,
Saint Patrick,6226,adm1,GD-06,,,,,,,,0,0,,,Parish,GRD,,GRD,GRD-5075,,Saint Patrick,6226,,,
Carriacou and Petite Martinique,6227,adm1,GD-10,,,,,,,,0,0,,,Dependency,GRD,,GRD,GRD-5069,,Carriacou and Petite Martinique,6227,,,
Alta Verapaz,6241,adm1,GT-AV,,,,,,,,0,0,,,Department,GTM,,GTM,GTM-1948,,Alta Verapaz,6241,,,
Baja Verapaz,6242,adm1,GT-BV,,,,,,,,0,0,,,Department,GTM,,GTM,GTM-1942,,Baja Verapaz,6242,,,
Chimaltenango,6243,adm1,GT-CM,,,,,,,,0,0,,,Department,GTM,,GTM,GTM-1949,,Chimaltenango,6243,,,
Chiquimula,6244,adm1,GT-CQ,,,,,,,,0,0,,,Department,GTM,,GTM,GTM-1960,,Chiquimula,6244,,,
Escuintla,6245,adm1,GT-ES,,,,,,,,0,0,,,Department,GTM,,GTM,GTM-1950,,Escuintla,6245,,,
Guatemala,6246,adm1,GT-GU,,,,,,,,0,0,,,Department,GTM,,GTM,GTM-1951,,Guatemala,6246,,,
Huehuetenango,6247,adm1,GT-HU,,,,,,,,0,0,,,Department,GTM,,GTM,GTM-1943,,Huehuetenango,6247,,,
Izabal,6248,adm1,GT-IZ,,,,,,,,0,0,,,Department,GTM,,GTM,GTM-1959,,Izabal,6248,,,
Jalapa,6249,adm1,GT-JA,,,,,,,,0,0,,,Department,GTM,,GTM,GTM-1961,,Jalapa,6249,,,
Jutiapa,6250,adm1,GT-JU,,,,,,,,0,0,,,Department,GTM,,GTM,GTM-1962,,Jutiapa,6250,,,
Petén,6251,adm1,GT-PE,,,,,,,,0,0,,,Department,GTM,,GTM,GTM-1944,,Petén,6251,,,
El Progreso,6252,adm1,GT-PR,,,,,,,,0,0,,,Department,GTM,,GTM,GTM-1956,,El Progreso,6252,,,
Quiché,6253,adm1,GT-QC,,,,,,,,0,0,,,Department,GTM,,GTM,GTM-3467,,Quiché,6253,,,
Quezaltenango,6254,adm1,GT-QZ,,,,,,,,0,0,,,Department,GTM,,GTM,GTM-1945,,Quezaltenango,6254,,,
Retalhuleu,6255,adm1,GT-RE,,,,,,,,0,0,,,Department,GTM,,GTM,GTM-1946,,Retalhuleu,6255,,,
Sacatepéquez,6256,adm1,GT-SA,,,,,,,,0,0,,,Department,GTM,,GTM,GTM-1953,,Sacatepéquez,6256,,,
San Marcos,6257,adm1,GT-SM,,,,,,,,0,0,,,Department,GTM,,GTM,GTM-1947,,San Marcos,6257,,,
Sololá,6258,adm1,GT-SO,,,,,,,,0,0,,,Department,GTM,,GTM,GTM-1954,,Sololá,6258,,,
Santa Rosa,6259,adm1,GT-SR,,,,,,,,0,0,,,Department,GTM,,GTM,GTM-1957,,Santa Rosa,6259,,,
Suchitepéquez,6260,adm1,GT-SU,,,,,,,,0,0,,,Department,GTM,,GTM,GTM-1952,,Suchitepéquez,6260,,,
Totonicapán,6261,adm1,GT-TO,,,,,,,,0,0,,,Department,GTM,,GTM,GTM-1955,,Totonicapán,6261,,,
Zacapa,6262,adm1,GT-ZA,,,,,,,,0,0,,,Department,GTM,,GTM,GTM-1963,,Zacapa,6262,,,
Barima-Waini,6281,adm1,GY-BA,,,,,,,,0,0,,,Region,GUY,,GUY,GUY-675,,Barima-Waini,6281,,,
Cuyuni-Mazaruni,6282,adm1,GY-CU,,,,,,,,0,0,,,Region,GUY,,GUY,GUY-680,,Cuyuni-Mazaruni,6282,,,
Demerara-Mahaica,6283,adm1,GY-DE,,,,,,,,0,0,,,Region,GUY,,GUY,GUY-678,,Demerara-Mahaica,6283,,,
East Berbice-Corentyne,6284,adm1,GY-EB,,,,,,,,0,0,,,Region,GUY,,GUY,GUY-677,,East Berbice-Corentyne,6284,,,
Essequibo Islands-West Demerara,6285,adm1,GY-ES,,,,,,,,0,0,,,Region,GUY,,GUY,GUY-679,,Essequibo Islands-West Demerara,6285,,,
Mahaica-Berbice,6286,adm1,GY-MA,,,,,,,,0,0,,,Region,GUY,,GUY,GUY-671,,Mahaica-Berbice,6286,,,
Pomeroon-Supenaam,6287,adm1,GY-PM,,,,,,,,0,0,,,Region,GUY,,GUY,GUY-676,,Pomeroon-Supenaam,6287,,,
Potaro-Siparuni,6288,adm1,GY-PT,,,,,,,,0,0,,,Region,GUY,,GUY,GUY-672,,Potaro-Siparuni,6288,,,
Upper Demerara-Berbice,6289,adm1,GY-UD,,,,,,,,0,0,,,Region,GUY,,GUY,GUY-674,,Upper Demerara-Berbice,6289,,,
Upper Takutu-Upper Essequibo,6290,adm1,GY-UT,,,,,,,,0,0,,,Region,GUY,,GUY,GUY-673,,Upper Takutu-Upper Essequibo,6290,,,
Atlántida,6321,adm1,HN-AT,,,,,,,,0,0,,,Department,HND,,HND,HND-637,,Atlántida,6321,,,
Choluteca,6322,adm1,HN-CH,,,,,,,,0,0,,,Department,HND,,HND,HND-661,,Choluteca,6322,,,
Colón,6323,adm1,HN-CL,,,,,,,,0,0,,,Department,HND,,HND,HND-638,,Colón,6323,,,
Comayagua,6324,adm1,HN-CM,,,,,,,,0,0,,,Department,HND,,HND,HND-646,,Comayagua,6324,,,
Copán,6325,adm1,HN-CP,,,,,,,,0,0,,,Department,HND,,HND,HND-651,,Copán,6325,,,
Cortés,6326,adm1,HN-CR,,,,,,,,0,0,,,Department,HND,,HND,HND-647,,Cortés,6326,,,
El Paraíso,6327,adm1,HN-EP,,,,,,,,0,0,,,Department,HND,,HND,HND-662,,El Paraíso,6327,,,
Francisco Morazán,6328,adm1,HN-FM,,,,,,,,0,0,,,Department,HND,,HND,HND-639,,Francisco Morazán,6328,,,
Gracias a Dios,6329,adm1,HN-GD,,,,,,,,0,0,,,Department,HND,,HND,HND-640,,Gracias a Dios,6329,,,
Islas de la Bahía,6330,adm1,HN-IB,,,,,,,,0,0,,,Department,HND,,HND,HND-641,,Islas de la Bahía,6330,,,
Intibucá,6331,adm1,HN-IN,,,,,,,,0,0,,,Department,HND,,HND,HND-648,,Intibucá,6331,,,
Lempira,6332,adm1,HN-LE,,,,,,,,0,0,,,Department,HND,,HND,HND-652,,Lempira,6332,,,
La Paz,6333,adm1,HN-LP,,,,,,,,0,0,,,Department,HND,,HND,HND-649,,La Paz,6333,,,
Ocotepeque,6334,adm1,HN-OC,,,,,,,,0,0,,,Department,HND,,HND,HND-653,,Ocotepeque,6334,,,
Olancho,6335,adm1,HN-OL,,,,,,,,0,0,,,Department,HND,,HND,HND-642,,Olancho,6335,,,
Santa Bárbara,6336,adm1,HN-SB,,,,,,,,0,0,,,Department,HND,,HND,HND-650,,Santa Bárbara,6336,,,
Valle,6337,adm1,HN-VA,,,,,,,,0,0,,,Department,HND,,HND,HND-645,,Valle,6337,,,
Yoro,6338,adm1,HN-YO,,,,,,,,0,0,,,Department,HND,,HND,HND-643,,Yoro,6338,,,
Zagrebacka,6361,adm1,HR-01,,,,,,,,0,0,,,County,HRV,,HRV,HRV-1588,,Zagrebacka,6361,,,
Krapinsko-Zagorska,6362,adm1,HR-02,,,,,,,,0,0,,,County,HRV,,HRV,HRV-1582,,Krapinsko-Zagorska,6362,,,
Sisacko-Moslavacka,6363,adm1,HR-03,,,,,,,,0,0,,,County,HRV,,HRV,HRV-1587,,Sisacko-Moslavacka,6363,,,
Karlovacka,6364,adm1,HR-04,,,,,,,,0,0,,,County,HRV,,HRV,HRV-1583,,Karlovacka,6364,,,
Varaždinska,6365,adm1,HR-05,,,,,,,,0,0,,,County,HRV,,HRV,HRV-1610,,Varaždinska,6365,,,
Koprivničko-Križevačka,6366,adm1,HR-06,,,,,,,,0,0,,,County,HRV,,HRV,HRV-1608,,Koprivničko-Križevačka,6366,,,
Bjelovarsko-bilogorska,6367,adm1,HR-07,,,,,,,,0,0,,,County,HRV,,HRV,HRV-1607,,Bjelovarsko-bilogorska,6367,,,
Primorsko-Goranska,6368,adm1,HR-08,,,,,,,,0,0,,,County,HRV,,HRV,HRV-1586,,Primorsko-Goranska,6368,,,
Licko-Senjska,6369,adm1,HR-09,,,,,,,,0,0,,,County,HRV,,HRV,HRV-1584,,Licko-Senjska,6369,,,
Viroviticko-Podravska,6370,adm1,HR-10,,,,,,,,0,0,,,County,HRV,,HRV,HRV-1606,,Viroviticko-Podravska,6370,,,
Brodsko-Posavska,6371,adm1,HR-12,,,,,,,,0,0,,,County,HRV,,HRV,HRV-1602,,Brodsko-Posavska,6371,,,
Brodsko-Posavska,6372,adm1,HR-12,,,,,,,,0,0,,,County,HRV,,HRV,HRV-1604,,Brodsko-Posavska,6372,,,
Zadarska,6373,adm1,HR-13,,,,,,,,0,0,,,County,HRV,,HRV,HRV-1493,,Zadarska,6373,,,
Osjecko-Baranjska,6374,adm1,HR-14,,,,,,,,0,0,,,County,HRV,,HRV,HRV-1603,,Osjecko-Baranjska,6374,,,
Šibensko-Kninska,6375,adm1,HR-15,,,,,,,,0,0,,,County,HRV,,HRV,HRV-1491,,Šibensko-Kninska,6375,,,
Vukovarsko-Srijemska,6376,adm1,HR-16,,,,,,,,0,0,,,County,HRV,,HRV,HRV-1605,,Vukovarsko-Srijemska,6376,,,
Splitsko-Dalmatinska,6377,adm1,HR-17,,,,,,,,0,0,,,County,HRV,,HRV,HRV-1492,,Splitsko-Dalmatinska,6377,,,
Istarska,6378,adm1,HR-18,,,,,,,,0,0,,,County,HRV,,HRV,HRV-1592,,Istarska,6378,,,
Dubrovacko-Neretvanska,6379,adm1,HR-19,,,,,,,,0,0,,,County,HRV,,HRV,HRV-1490,,Dubrovacko-Neretvanska,6379,,,
Medimurska,6380,adm1,HR-20,,,,,,,,0,0,,,County,HRV,,HRV,HRV-1609,,Medimurska,6380,,,
Grad Zagreb,6381,adm1,HR-21,,,,,,,,0,0,,,City,HRV,,HRV,HRV-1589,,Grad Zagreb,6381,,,
L'Artibonite,6401,adm1,HT-AR,,,,,,,,0,0,,,Department,HTI,,HTI,HTI-1384,,L'Artibonite,6401,,,
Centre,6402,adm1,HT-CE,,,,,,,,0,0,,,Department,HTI,,HTI,HTI-1385,,Centre,6402,,,
Grand'Anse,6403,adm1,HT-GA,,,,,,,,0,0,,,Department,HTI,,HTI,HTI-1359,,Grand'Anse,6403,,,
Nord,6404,adm1,HT-ND,,,,,,,,0,0,,,Department,HTI,,HTI,HTI-1387,,Nord,6404,,,
Nord-Est,6405,adm1,HT-NE,,,,,,,,0,0,,,Department,HTI,,HTI,HTI-1386,,Nord-Est,6405,,,
Nippes,6406,adm1,HT-NI,,,,,,,,0,0,,,Department,HTI,,HTI,HTI-1360,,Nippes,6406,,,
Nord-Ouest,6407,adm1,HT-NO,,,,,,,,0,0,,,Department,HTI,,HTI,HTI-1361,,Nord-Ouest,6407,,,
Ouest,6408,adm1,HT-OU,,,,,,,,0,0,,,Department,HTI,,HTI,HTI-1388,,Ouest,6408,,,
Sud,6409,adm1,HT-SD,,,,,,,,0,0,,,Department,HTI,,HTI,HTI-1362,,Sud,6409,,,
Sud-Est,6410,adm1,HT-SE,,,,,,,,0,0,,,Department,HTI,,HTI,HTI-1389,,Sud-Est,6410,,,
Baranya,6441,adm1,HU-BA,,,,,,,,0,0,,,County,HUN,,HUN,HUN-3155,,Baranya,6441,,,
Békéscsaba,6442,adm1,HU-BC,,,,,,,,0,0,,,Urban county,HUN,,HUN,HUN-4919,,Békéscsaba,6442,,,
Békés,6443,adm1,HU-BE,,,,,,,,0,0,,,County,HUN,,HUN,HUN-3171,,Békés,6443,,,
Bács-Kiskun,6444,adm1,HU-BK,,,,,,,,0,0,,,County,HUN,,HUN,HUN-3161,,Bács-Kiskun,6444,,,
Budapest,6445,adm1,HU-BU,,,,,,,,0,0,,,Capital City,HUN,,HUN,HUN-3160,,Budapest,6445,,,
Borsod-Abaúj-Zemplén,6446,adm1,HU-BZ,,,,,,,,0,0,,,County,HUN,,HUN,HUN-3168,,Borsod-Abaúj-Zemplén,6446,,,
Csongrád,6447,adm1,HU-CS,,,,,,,,0,0,,,County,HUN,,HUN,HUN-3172,,Csongrád,6447,,,
Debrecen,6448,adm1,HU-DE,,,,,,,,0,0,,,Urban county,HUN,,HUN,HUN-4924,,Debrecen,6448,,,
Dunaújváros,6449,adm1,HU-DU,,,,,,,,0,0,,,Urban county,HUN,,HUN,HUN-4925,,Dunaújváros,6449,,,
Érd,6450,adm1,HU-ED,,,,,,,,0,0,,,Urban county,HUN,,HUN,HUN-4907,,Érd,6450,,,
Eger,6451,adm1,HU-EG,,,,,,,,0,0,,,Urban county,HUN,,HUN,HUN-4920,,Eger,6451,,,
Fejér,6452,adm1,HU-FE,,,,,,,,0,0,,,County,HUN,,HUN,HUN-3162,,Fejér,6452,,,
Gyor-Moson-Sopron,6453,adm1,HU-GS,,,,,,,,0,0,,,County,HUN,,HUN,HUN-3156,,Gyor-Moson-Sopron,6453,,,
Gyôr,6454,adm1,HU-GY,,,,,,,,0,0,,,Urban county,HUN,,HUN,HUN-4905,,Gyôr,6454,,,
Hajdú-Bihar,6455,adm1,HU-HB,,,,,,,,0,0,,,County,HUN,,HUN,HUN-3173,,Hajdú-Bihar,6455,,,
Heves,6456,adm1,HU-HE,,,,,,,,0,0,,,County,HUN,,HUN,HUN-3174,,Heves,6456,,,
Hódmezôvásárhely,6457,adm1,HU-HV,,,,,,,,0,0,,,Urban county,HUN,,HUN,HUN-4917,,Hódmezôvásárhely,6457,,,
Jász-Nagykun-Szolnok,6458,adm1,HU-JN,,,,,,,,0,0,,,County,HUN,,HUN,HUN-3175,,Jász-Nagykun-Szolnok,6458,,,
Komárom-Esztergom,6459,adm1,HU-KE,,,,,,,,0,0,,,County,HUN,,HUN,HUN-3163,,Komárom-Esztergom,6459,,,
Kecskemét,6460,adm1,HU-KM,,,,,,,,0,0,,,Urban county,HUN,,HUN,HUN-4915,,Kecskemét,6460,,,
Kaposvár,6461,adm1,HU-KV,,,,,,,,0,0,,,Urban county,HUN,,HUN,HUN-4912,,Kaposvár,6461,,,
Miskolc,6462,adm1,HU-MI,,,,,,,,0,0,,,Urban county,HUN,,HUN,HUN-4922,,Miskolc,6462,,,
Nagykanizsa,6463,adm1,HU-NK,,,,,,,,0,0,,,Urban county,HUN,,HUN,HUN-4911,,Nagykanizsa,6463,,,
Nógrád,6464,adm1,HU-NO,,,,,,,,0,0,,,County,HUN,,HUN,HUN-3166,,Nógrád,6464,,,
Nyíregyháza,6465,adm1,HU-NY,,,,,,,,0,0,,,Urban county,HUN,,HUN,HUN-4923,,Nyíregyháza,6465,,,
Pest,6466,adm1,HU-PE,,,,,,,,0,0,,,County,HUN,,HUN,HUN-3164,,Pest,6466,,,
Pécs,6467,adm1,HU-PS,,,,,,,,0,0,,,Urban county,HUN,,HUN,HUN-4913,,Pécs,6467,,,
Szeged,6468,adm1,HU-SD,,,,,,,,0,0,,,Urban county,HUN,,HUN,HUN-4916,,Szeged,6468,,,
Székesfehérvár,6469,adm1,HU-SF,,,,,,,,0,0,,,Urban county,HUN,,HUN,HUN-4908,,Székesfehérvár,6469,,,
Szombathely,6470,adm1,HU-SH,,,,,,,,0,0,,,Urban county,HUN,,HUN,HUN-4903,,Szombathely,6470,,,
Szolnok,6471,adm1,HU-SK,,,,,,,,0,0,,,Urban county,HUN,,HUN,HUN-4918,,Szolnok,6471,,,
Sopron,6472,adm1,HU-SN,,,,,,,,0,0,,,Urban county,HUN,,HUN,HUN-4904,,Sopron,6472,,,
Somogy,6473,adm1,HU-SO,,,,,,,,0,0,,,County,HUN,,HUN,HUN-3157,,Somogy,6473,,,
Szekszárd,6474,adm1,HU-SS,,,,,,,,0,0,,,Urban county,HUN,,HUN,HUN-4914,,Szekszárd,6474,,,
Salgótarján,6475,adm1,HU-ST,,,,,,,,0,0,,,Urban county,HUN,,HUN,HUN-4921,,Salgótarján,6475,,,
Szabolcs-Szatmár-Bereg,6476,adm1,HU-SZ,,,,,,,,0,0,,,County,HUN,,HUN,HUN-3169,,Szabolcs-Szatmár-Bereg,6476,,,
Tatabánya,6477,adm1,HU-TB,,,,,,,,0,0,,,Urban county,HUN,,HUN,HUN-4906,,Tatabánya,6477,,,
Tolna,6478,adm1,HU-TO,,,,,,,,0,0,,,County,HUN,,HUN,HUN-3165,,Tolna,6478,,,
Vas,6479,adm1,HU-VA,,,,,,,,0,0,,,County,HUN,,HUN,HUN-3138,,Vas,6479,,,
Veszprém,6480,adm1,HU-VE,,,,,,,,0,0,,,County,HUN,,HUN,HUN-3158,,Veszprém,6480,,,
Veszprém,6481,adm1,HU-VM,,,,,,,,0,0,,,Urban county,HUN,,HUN,HUN-4909,,Veszprém,6481,,,
Zala,6482,adm1,HU-ZA,,,,,,,,0,0,,,County,HUN,,HUN,HUN-3159,,Zala,6482,,,
Zalaegerszeg,6483,adm1,HU-ZE,,,,,,,,0,0,,,Urban county,HUN,,HUN,HUN-4910,,Zalaegerszeg,6483,,,
Aceh,6501,adm1,ID-AC,,,,,,,,0,0,,,Autonomous Province,IDN,,IDN,IDN-1136,,Aceh,6501,,,
Bali,6502,adm1,ID-BA,,,,,,,,0,0,,,Province,IDN,,IDN,IDN-1232,,Bali,6502,,,
Bangka-Belitung,6503,adm1,ID-BB,,,,,,,,0,0,,,Province,IDN,,IDN,IDN-1231,,Bangka-Belitung,6503,,,
Bengkulu,6504,adm1,ID-BE,,,,,,,,0,0,,,Province,IDN,,IDN,IDN-1225,,Bengkulu,6504,,,
Banten,6505,adm1,ID-BT,,,,,,,,0,0,,,Province,IDN,,IDN,IDN-1226,,Banten,6505,,,
Gorontalo,6506,adm1,ID-GO,,,,,,,,0,0,,,Province,IDN,,IDN,IDN-1837,,Gorontalo,6506,,,
Jambi,6507,adm1,ID-JA,,,,,,,,0,0,,,Province,IDN,,IDN,IDN-1930,,Jambi,6507,,,
Jawa Barat,6508,adm1,ID-JB,,,,,,,,0,0,,,Province,IDN,,IDN,IDN-1223,,Jawa Barat,6508,,,
Jawa Timur,6509,adm1,ID-JI,,,,,,,,0,0,,,Province,IDN,,IDN,IDN-1233,,Jawa Timur,6509,,,
Jakarta Raya,6510,adm1,ID-JK,,,,,,,,0,0,,,Special district,IDN,,IDN,IDN-1227,,Jakarta Raya,6510,,,
Jawa Tengah,6511,adm1,ID-JT,,,,,,,,0,0,,,Province,IDN,,IDN,IDN-1224,,Jawa Tengah,6511,,,
Kalimantan Barat,6512,adm1,ID-KB,,,,,,,,0,0,,,Province,IDN,,IDN,IDN-1228,,Kalimantan Barat,6512,,,
Kalimantan Timur,6513,adm1,ID-KI,,,,,,,,0,0,,,Province,IDN,,IDN,IDN-1185,,Kalimantan Timur,6513,,,
Kepulauan Riau,6514,adm1,ID-KR,,,,,,,,0,0,,,Province,IDN,,IDN,IDN-1796,,Kepulauan Riau,6514,,,
Kalimantan Selatan,6515,adm1,ID-KS,,,,,,,,0,0,,,Province,IDN,,IDN,IDN-1234,,Kalimantan Selatan,6515,,,
Kalimantan Tengah,6516,adm1,ID-KT,,,,,,,,0,0,,,Province,IDN,,IDN,IDN-1931,,Kalimantan Tengah,6516,,,
Lampung,6517,adm1,ID-LA,,,,,,,,0,0,,,Province,IDN,,IDN,IDN-1229,,Lampung,6517,,,
Maluku,6518,adm1,ID-MA,,,,,,,,0,0,,,Province,IDN,,IDN,IDN-554,,Maluku,6518,,,
Maluku Utara,6519,adm1,ID-MU,,,,,,,,0,0,,,Province,IDN,,IDN,IDN-538,,Maluku Utara,6519,,,
Nusa Tenggara Barat,6520,adm1,ID-NB,,,,,,,,0,0,,,Province,IDN,,IDN,IDN-555,,Nusa Tenggara Barat,6520,,,
Nusa Tenggara Timur,6521,adm1,ID-NT,,,,,,,,0,0,,,Province,IDN,,IDN,IDN-1235,,Nusa Tenggara Timur,6521,,,
Papua,6522,adm1,ID-PA,,,,,,,,0,0,,,Province,IDN,,IDN,IDN-558,,Papua,6522,,,
Papua Barat,6523,adm1,ID-PB,,,,,,,,0,0,,,Province,IDN,,IDN,IDN-1933,,Papua Barat,6523,,,
Riau,6524,adm1,ID-RI,,,,,,,,0,0,,,Province,IDN,,IDN,IDN-492,,Riau,6524,,,
Sulawesi Utara,6525,adm1,ID-SA,,,,,,,,0,0,,,Province,IDN,,IDN,IDN-513,,Sulawesi Utara,6525,,,
Sumatera Barat,6526,adm1,ID-SB,,,,,,,,0,0,,,Province,IDN,,IDN,IDN-539,,Sumatera Barat,6526,,,
Sulawesi Tenggara,6527,adm1,ID-SG,,,,,,,,0,0,,,Province,IDN,,IDN,IDN-556,,Sulawesi Tenggara,6527,,,
Sulawesi Selatan,6528,adm1,ID-SN,,,,,,,,0,0,,,Province,IDN,,IDN,IDN-1236,,Sulawesi Selatan,6528,,,
Sulawesi Barat,6529,adm1,ID-SR,,,,,,,,0,0,,,Province,IDN,,IDN,IDN-1237,,Sulawesi Barat,6529,,,
Sumatera Selatan,6530,adm1,ID-SS,,,,,,,,0,0,,,Province,IDN,,IDN,IDN-1230,,Sumatera Selatan,6530,,,
Sulawesi Tengah,6531,adm1,ID-ST,,,,,,,,0,0,,,Province,IDN,,IDN,IDN-557,,Sulawesi Tengah,6531,,,
Sumatera Utara,6532,adm1,ID-SU,,,,,,,,0,0,,,Province,IDN,,IDN,IDN-381,,Sumatera Utara,6532,,,
Yogyakarta,6533,adm1,ID-YO,,,,,,,,0,0,,,Special region,IDN,,IDN,IDN-540,,Yogyakarta,6533,,,
Andaman and Nicobar,6561,adm1,IN-AN,,,,,,,,0,0,,,Union Territory,IND,,IND,IND-2474,,Andaman and Nicobar,6561,,,
Andhra Pradesh,6562,adm1,IN-AP,,,,,,,,0,0,,,State,IND,,IND,IND-2441,,Andhra Pradesh,6562,,,
Arunachal Pradesh,6563,adm1,IN-AR,,,ASHimalaya,2,,,,1,0,,,State,IND,,IND,IND-3299,,Arunachal Pradesh,6563,,,
Assam,6564,adm1,IN-AS,,,,,,,,0,0,,,State,IND,,IND,IND-2477,,Assam,6564,,,
Bihar,6565,adm1,IN-BR,,,,,,,,0,0,,,State,IND,,IND,IND-3258,,Bihar,6565,,,
Chandigarh,6566,adm1,IN-CH,,,,,,,,0,0,,,Union Territory,IND,,IND,IND-2427,,Chandigarh,6566,,,
Chhattisgarh,6567,adm1,IN-CT,,,,,,,,0,0,,,State,IND,,IND,IND-3260,,Chhattisgarh,6567,,,
Dadra and Nagar Haveli and Daman and Diu,6568,adm1,IN-DH,,,,,,,,0,0,,,Union Territory,IND,,IND,IND-2445,,Dadra and Nagar Haveli and Daman and Diu,6568,,,
Delhi,6569,adm1,IN-DL,,,,,,,,0,0,,,Union Territory,IND,,IND,IND-2428,,Delhi,6569,,,
Goa,6570,adm1,IN-GA,,,,,,,,0,0,,,State,IND,,IND,IND-3265,,Goa,6570,,,
Gujarat,6571,adm1,IN-GJ,,,,,,,,0,0,,,,IND,,IND,IND-3264,,Gujarat,6571,,,
Himachal Pradesh,6572,adm1,IN-HP,,,ASHimalaya,2,,,,1,0,,,Union Territory,IND,,IND,IND-2429,,Himachal Pradesh,6572,,,
Haryana,6573,adm1,IN-HR,,,,,,,,0,0,,,State,IND,,IND,IND-2430,,Haryana,6573,,,
Jharkhand,6574,adm1,IN-JH,,,,,,,,0,0,,,State,IND,,IND,IND-3256,,Jharkhand,6574,,,
Jammu and Kashmir,6575,adm1,IN-JK,,,ASHimalaya,2,,,,1,0,,,Union Territory,IND,,IND,IND-2431,,Jammu and Kashmir,6575,,,
Karnataka,6576,adm1,IN-KA,,,,,,,,0,0,,,State,IND,,IND,IND-2446,,Karnataka,6576,,,
Kerala,6577,adm1,IN-KL,,,,,,,,0,0,,,State,IND,,IND,IND-2442,,Kerala,6577,,,
Ladakh,6578,adm1,IN-LA,,,ASHimalaya,2,,,,1,0,,,Union Territory,IND,,IND,IND-20012,,Ladakh,6578,,,
Lakshadweep,6579,adm1,IN-LD,,,,,,,,0,0,,,Union Territory,IND,,IND,IND-2443,,Lakshadweep,6579,,,
Maharashtra,6580,adm1,IN-MH,,,,,,,,0,0,,,State,IND,,IND,IND-2447,,Maharashtra,6580,,,
Meghalaya,6581,adm1,IN-ML,,,,,,,,0,0,,,State,IND,,IND,IND-2489,,Meghalaya,6581,,,
Manipur,6582,adm1,IN-MN,,,ASHimalaya,2,,,,1,0,,,State,IND,,IND,IND-2478,,Manipur,6582,,,
Madhya Pradesh,6583,adm1,IN-MP,,,,,,,,0,0,,,State,IND,,IND,IND-3261,,Madhya Pradesh,6583,,,
Mizoram,6584,adm1,IN-MZ,,,,,,,,0,0,,,State,IND,,IND,IND-3300,,Mizoram,6584,,,
Nagaland,6585,adm1,IN-NL,,,ASHimalaya,2,,,,1,0,,,State,IND,,IND,IND-2479,,Nagaland,6585,,,
Odisha,6586,adm1,IN-OR,,,,,,,,0,0,,,State,IND,,IND,IND-2444,,Odisha,6586,,,
Punjab,6587,adm1,IN-PB,,,,,,,,0,0,,,State,IND,,IND,IND-3249,,Punjab,6587,,,
Puducherry,6588,adm1,IN-PY,,,,,,,,0,0,,,Union Territory,IND,,IND,IND-3262,,Puducherry,6588,,,
Rajasthan,6589,adm1,IN-RJ,,,,,,,,0,0,,,State,IND,,IND,IND-3250,,Rajasthan,6589,,,
Sikkim,6590,adm1,IN-SK,,,ASHimalaya,2,,,,1,0,,,State,IND,,IND,IND-3259,,Sikkim,6590,,,
Telangana,6591,adm1,IN-TG,,,,,,,,0,0,,,State,IND,,IND,IND-20011,,Telangana,6591,,,
Tamil Nadu,6592,adm1,IN-TN,,,,,,,,0,0,,,State,IND,,IND,IND-3263,,Tamil Nadu,6592,,,
Tripura,6593,adm1,IN-TR,,,,,,,,0,0,,,State,IND,,IND,IND-3301,,Tripura,6593,,,
Uttar Pradesh,6594,adm1,IN-UP,,,,,,,,0,0,,,State,IND,,IND,IND-3253,,Uttar Pradesh,6594,,,
Uttarakhand,6595,adm1,IN-UT,,,ASHimalaya,2,,,,1,0,,,State,IND,,IND,IND-3254,,Uttarakhand,6595,,,
West Bengal,6596,adm1,IN-WB,,,,,,,,0,0,,,State,IND,,IND,IND-3257,,West Bengal,6596,,,
Clare,6621,adm1,IE-CE,,,,,,,,0,0,,,County,IRL,,IRL,IRL-76,,Clare,6621,,,
Cavan,6622,adm1,IE-CN,,,,,,,,0,0,,,County,IRL,,IRL,IRL-79,,Cavan,6622,,,
Cork,6623,adm1,IE-CO,,,,,,,,0,0,,,County,IRL,,IRL,IRL-78,,Cork,6623,,,
Cork,6624,adm1,IE-CO,,,,,,,,0,0,,,City,IRL,,IRL,IRL-5569,,Cork,6624,,,
Carlow,6625,adm1,IE-CW,,,,,,,,0,0,,,County,IRL,,IRL,IRL-77,,Carlow,6625,,,
Dublin,6626,adm1,IE-D,,,,,,,,0,0,,,County,IRL,,IRL,IRL-5575,,Dublin,6626,,,
Dún Laoghaire–Rathdown,6627,adm1,IE-D,,,,,,,,0,0,,,County,IRL,,IRL,IRL-5576,,Dún Laoghaire–Rathdown,6627,,,
Fingal,6628,adm1,IE-D,,,,,,,,0,0,,,County,IRL,,IRL,IRL-5574,,Fingal,6628,,,
South Dublin,6629,adm1,IE-D,,,,,,,,0,0,,,County,IRL,,IRL,IRL-5573,,South Dublin,6629,,,
Donegal,6630,adm1,IE-DL,,,,,,,,0,0,,,County,IRL,,IRL,IRL-729,,Donegal,6630,,,
Galway,6631,adm1,IE-G,,,,,,,,0,0,,,County,IRL,,IRL,IRL-713,,Galway,6631,,,
Galway,6632,adm1,IE-G,,,,,,,,0,0,,,City,IRL,,IRL,IRL-5568,,Galway,6632,,,
Kildare,6633,adm1,IE-KE,,,,,,,,0,0,,,County,IRL,,IRL,IRL-721,,Kildare,6633,,,
Kilkenny,6634,adm1,IE-KK,,,,,,,,0,0,,,County,IRL,,IRL,IRL-722,,Kilkenny,6634,,,
Kerry,6635,adm1,IE-KY,,,,,,,,0,0,,,County,IRL,,IRL,IRL-725,,Kerry,6635,,,
Longford,6636,adm1,IE-LD,,,,,,,,0,0,,,County,IRL,,IRL,IRL-731,,Longford,6636,,,
Louth,6637,adm1,IE-LH,,,,,,,,0,0,,,County,IRL,,IRL,IRL-712,,Louth,6637,,,
Limerick,6638,adm1,IE-LK,,,,,,,,0,0,,,County,IRL,,IRL,IRL-726,,Limerick,6638,,,
Limerick,6639,adm1,IE-LK,,,,,,,,0,0,,,City,IRL,,IRL,IRL-5570,,Limerick,6639,,,
Leitrim,6640,adm1,IE-LM,,,,,,,,0,0,,,County,IRL,,IRL,IRL-730,,Leitrim,6640,,,
Laoighis,6641,adm1,IE-LS,,,,,,,,0,0,,,County,IRL,,IRL,IRL-723,,Laoighis,6641,,,
Meath,6642,adm1,IE-MH,,,,,,,,0,0,,,County,IRL,,IRL,IRL-715,,Meath,6642,,,
Monaghan,6643,adm1,IE-MN,,,,,,,,0,0,,,Administrative County,IRL,,IRL,IRL-3412,,Monaghan,6643,,,
Mayo,6644,adm1,IE-MO,,,,,,,,0,0,,,County,IRL,,IRL,IRL-714,,Mayo,6644,,,
Offaly,6645,adm1,IE-OY,,,,,,,,0,0,,,County,IRL,,IRL,IRL-716,,Offaly,6645,,,
Roscommon,6646,adm1,IE-RN,,,,,,,,0,0,,,County,IRL,,IRL,IRL-727,,Roscommon,6646,,,
Sligo,6647,adm1,IE-SO,,,,,,,,0,0,,,County,IRL,,IRL,IRL-728,,Sligo,6647,,,
North Tipperary,6648,adm1,IE-TA,,,,,,,,0,0,,,County,IRL,,IRL,IRL-724,,North Tipperary,6648,,,
South Tipperary,6649,adm1,IE-TA,,,,,,,,0,0,,,County,IRL,,IRL,IRL-5572,,South Tipperary,6649,,,
Waterford,6650,adm1,IE-WD,,,,,,,,0,0,,,County,IRL,,IRL,IRL-1444,,Waterford,6650,,,
Waterford,6651,adm1,IE-WD,,,,,,,,0,0,,,City,IRL,,IRL,IRL-5571,,Waterford,6651,,,
Westmeath,6652,adm1,IE-WH,,,,,,,,0,0,,,County,IRL,,IRL,IRL-717,,Westmeath,6652,,,
Wicklow,6653,adm1,IE-WW,,,,,,,,0,0,,,County,IRL,,IRL,IRL-719,,Wicklow,6653,,,
Wexford,6654,adm1,IE-WX,,,,,,,,0,0,,,County,IRL,,IRL,IRL-718,,Wexford,6654,,,
East Azarbaijan,6681,adm1,IR-01,,,,,,,,0,0,,,Province,IRN,,IRN,IRN-3238,,East Azarbaijan,6681,,,
West Azarbaijan,6682,adm1,IR-02,,,,,,,,0,0,,,Province,IRN,,IRN,IRN-3237,,West Azarbaijan,6682,,,
Ardebil,6683,adm1,IR-03,,,,,,,,0,0,,,Province,IRN,,IRN,IRN-3230,,Ardebil,6683,,,
Esfahan,6684,adm1,IR-04,,,,,,,,0,0,,,Province,IRN,,IRN,IRN-3211,,Esfahan,6684,,,
Ilam,6685,adm1,IR-05,,,,,,,,0,0,,,Province,IRN,,IRN,IRN-3221,,Ilam,6685,,,
Bushehr,6686,adm1,IR-06,,,,,,,,0,0,,,Province,IRN,,IRN,IRN-3210,,Bushehr,6686,,,
Tehran,6687,adm1,IR-07,,,,,,,,0,0,,,Province,IRN,,IRN,IRN-3216,,Tehran,6687,,,
Alborz,6688,adm1,IR-07,,,,,,,,0,0,,,Province,IRN,,IRN,IRN-5490,,Alborz,6688,,,
Chahar Mahall and Bakhtiari,6689,adm1,IR-08,,,,,,,,0,0,,,Province,IRN,,IRN,IRN-3218,,Chahar Mahall and Bakhtiari,6689,,,
Khuzestan,6690,adm1,IR-10,,,,,,,,0,0,,,Province,IRN,,IRN,IRN-3219,,Khuzestan,6690,,,
Zanjan,6691,adm1,IR-11,,,,,,,,0,0,,,Province,IRN,,IRN,IRN-3234,,Zanjan,6691,,,
Semnan,6692,adm1,IR-12,,,,,,,,0,0,,,Province,IRN,,IRN,IRN-3215,,Semnan,6692,,,
Sistan and Baluchestan,6693,adm1,IR-13,,,,,,,,0,0,,,Province,IRN,,IRN,IRN-3247,,Sistan and Baluchestan,6693,,,
Fars,6694,adm1,IR-14,,,,,,,,0,0,,,Province,IRN,,IRN,IRN-3212,,Fars,6694,,,
Kerman,6695,adm1,IR-15,,,,,,,,0,0,,,Province,IRN,,IRN,IRN-3248,,Kerman,6695,,,
Kordestan,6696,adm1,IR-16,,,,,,,,0,0,,,Province,IRN,,IRN,IRN-3241,,Kordestan,6696,,,
Kermanshah,6697,adm1,IR-17,,,,,,,,0,0,,,Province,IRN,,IRN,IRN-3239,,Kermanshah,6697,,,
Kohgiluyeh and Buyer Ahmad,6698,adm1,IR-18,,,,,,,,0,0,,,Province,IRN,,IRN,IRN-3209,,Kohgiluyeh and Buyer Ahmad,6698,,,
Gilan,6699,adm1,IR-19,,,,,,,,0,0,,,Province,IRN,,IRN,IRN-3240,,Gilan,6699,,,
Lorestan,6700,adm1,IR-20,,,,,,,,0,0,,,Province,IRN,,IRN,IRN-3220,,Lorestan,6700,,,
Mazandaran,6701,adm1,IR-21,,,,,,,,0,0,,,Province,IRN,,IRN,IRN-3214,,Mazandaran,6701,,,
Markazi,6702,adm1,IR-22,,,,,,,,0,0,,,Province,IRN,,IRN,IRN-3231,,Markazi,6702,,,
Hormozgan,6703,adm1,IR-23,,,,,,,,0,0,,,Province,IRN,,IRN,IRN-3228,,Hormozgan,6703,,,
Hamadan,6704,adm1,IR-24,,,,,,,,0,0,,,Province,IRN,,IRN,IRN-3233,,Hamadan,6704,,,
Yazd,6705,adm1,IR-25,,,,,,,,0,0,,,Province,IRN,,IRN,IRN-3217,,Yazd,6705,,,
Qom,6706,adm1,IR-26,,,,,,,,0,0,,,Province,IRN,,IRN,IRN-3232,,Qom,6706,,,
Golestan,6707,adm1,IR-27,,,,,,,,0,0,,,Province,IRN,,IRN,IRN-3213,,Golestan,6707,,,
Qazvin,6708,adm1,IR-28,,,,,,,,0,0,,,Province,IRN,,IRN,IRN-3235,,Qazvin,6708,,,
South Khorasan,6709,adm1,IR-29,,,,,,,,0,0,,,Province,IRN,,IRN,IRN-3244,,South Khorasan,6709,,,
Razavi Khorasan,6710,adm1,IR-30,,,,,,,,0,0,,,Province,IRN,,IRN,IRN-3245,,Razavi Khorasan,6710,,,
North Khorasan,6711,adm1,IR-31,,,,,,,,0,0,,,Province,IRN,,IRN,IRN-3246,,North Khorasan,6711,,,
Al-Anbar,6741,adm1,IQ-AN,,,,,,,,0,0,,,Province,IRQ,,IRQ,IRQ-3471,,Al-Anbar,6741,,,
Arbil,6742,adm1,IQ-AR,,,,,,,,0,0,,,Province,IRQ,,IRQ,IRQ-3050,,Arbil,6742,,,
Al-Basrah,6743,adm1,IQ-BA,,,,,,,,0,0,,,Province,IRQ,,IRQ,IRQ-3222,,Al-Basrah,6743,,,
Babil,6744,adm1,IQ-BB,,,,,,,,0,0,,,Province,IRQ,,IRQ,IRQ-3472,,Babil,6744,,,
Baghdad,6745,adm1,IQ-BG,,,,,,,,0,0,,,Province,IRQ,,IRQ,IRQ-3063,,Baghdad,6745,,,
Dihok,6746,adm1,IQ-DA,,,,,,,,0,0,,,Province,IRQ,,IRQ,IRQ-3046,,Dihok,6746,,,
Diyala,6747,adm1,IQ-DI,,,,,,,,0,0,,,Province,IRQ,,IRQ,IRQ-3243,,Diyala,6747,,,
Dhi-Qar,6748,adm1,IQ-DQ,,,,,,,,0,0,,,Province,IRQ,,IRQ,IRQ-3225,,Dhi-Qar,6748,,,
Karbala',6749,adm1,IQ-KA,,,,,,,,0,0,,,Province,IRQ,,IRQ,IRQ-3062,,Karbala',6749,,,
Maysan,6750,adm1,IQ-MA,,,,,,,,0,0,,,Province,IRQ,,IRQ,IRQ-3226,,Maysan,6750,,,
Al-Muthannia,6751,adm1,IQ-MU,,,,,,,,0,0,,,Province,IRQ,,IRQ,IRQ-3223,,Al-Muthannia,6751,,,
An-Najaf,6752,adm1,IQ-NA,,,,,,,,0,0,,,Province,IRQ,,IRQ,IRQ-3061,,An-Najaf,6752,,,
Ninawa,6753,adm1,IQ-NI,,,,,,,,0,0,,,Province,IRQ,,IRQ,IRQ-3051,,Ninawa,6753,,,
Al-Qādisiyyah,6754,adm1,IQ-QA,,,,,,,,0,0,,,Province,IRQ,,IRQ,IRQ-3224,,Al-Qādisiyyah,6754,,,
Sala ad-Din,6755,adm1,IQ-SD,,,,,,,,0,0,,,Province,IRQ,,IRQ,IRQ-3052,,Sala ad-Din,6755,,,
As-Sulaymaniyah,6756,adm1,IQ-SU,,,,,,,,0,0,,,Province,IRQ,,IRQ,IRQ-3242,,As-Sulaymaniyah,6756,,,
At-Ta'mim,6757,adm1,IQ-TS,,,,,,,,0,0,,,Province,IRQ,,IRQ,IRQ-3049,,At-Ta'mim,6757,,,
Wasit,6758,adm1,IQ-WA,,,,,,,,0,0,,,Province,IRQ,,IRQ,IRQ-3227,,Wasit,6758,,,
Reykjavík,6781,adm1,IS-0,,,,,,,,0,0,,,Region,ISL,,ISL,ISL-5131,,Reykjavík,6781,,,
Höfuðborgarsvæði,6782,adm1,IS-1,,,,,,,,0,0,,,Region,ISL,,ISL,ISL-709,,Höfuðborgarsvæði,6782,,,
Suðurnes,6783,adm1,IS-2,,,,,,,,0,0,,,Independent Town,ISL,,ISL,ISL-704,,Suðurnes,6783,,,
Vesturland,6784,adm1,IS-3,,,,,,,,0,0,,,Region,ISL,,ISL,ISL-710,,Vesturland,6784,,,
Vestfirðir,6785,adm1,IS-4,,,,,,,,0,0,,,Region,ISL,,ISL,ISL-690,,Vestfirðir,6785,,,
Norðurland vestra,6786,adm1,IS-5,,,,,,,,0,0,,,Region,ISL,,ISL,ISL-697,,Norðurland vestra,6786,,,
Norðurland eystra,6787,adm1,IS-6,,,,,,,,0,0,,,Region,ISL,,ISL,ISL-702,,Norðurland eystra,6787,,,
Austurland,6788,adm1,IS-7,,,,,,,,0,0,,,Region,ISL,,ISL,ISL-695,,Austurland,6788,,,
Suðurland,6789,adm1,IS-8,,,,,,,,0,0,,,Region,ISL,,ISL,ISL-705,,Suðurland,6789,,,
HaDarom,6801,adm1,IL-D,,,,,,,,0,0,,,District,ISR,,ISR,ISR-3053,,HaDarom,6801,,,
Haifa,6802,adm1,IL-HA,,,,,,,,0,0,,,District,ISR,,ISR,ISR-3054,,Haifa,6802,,,
Jerusalem,6803,adm1,IL-JM,,,,,,,,0,0,,,District,ISR,,ISR,ISR-3058,,Jerusalem,6803,,,
HaMerkaz,6804,adm1,IL-M,,,,,,,,0,0,,,District,ISR,,ISR,ISR-3055,,HaMerkaz,6804,,,
Tel Aviv,6805,adm1,IL-TA,,,,,,,,0,0,,,District,ISR,,ISR,ISR-3057,,Tel Aviv,6805,,,
HaZafon,6806,adm1,IL-Z,,,,,,,,0,0,,,District,ISR,,ISR,ISR-3056,,HaZafon,6806,,,
Gaza Strip,6821,adm1,PS-GZZ,,,,,,,,0,0,,,,ISR,,PSX,GAZ+00?,,Gaza Strip,6821,,,
West Bank,6822,adm1,PS-WBK,,,,,,,,0,0,,,,ISR,,PSX,WEB+00?,,West Bank,6822,,,
Agrigento,6841,adm1,IT-AG,,,,,,,,0,0,,,Province,ITA,,ITA,ITA-5417,,Agrigento,6841,,,
Alessandria,6842,adm1,IT-AL,,,,,,,,0,0,,,Province,ITA,,ITA,ITA-5439,,Alessandria,6842,,,
Ancona,6843,adm1,IT-AN,,,,,,,,0,0,,,Province,ITA,,ITA,ITA-5427,,Ancona,6843,,,
Aoste,6844,adm1,IT-AO,,,,,,,,0,0,,,Province,ITA,,ITA,ITA-5442,,Aoste,6844,,,
Ascoli Piceno,6845,adm1,IT-AP,,,,,,,,0,0,,,Province,ITA,,ITA,ITA-5431,,Ascoli Piceno,6845,,,
L'Aquila,6846,adm1,IT-AQ,,,,,,,,0,0,,,Province,ITA,,ITA,ITA-5420,,L'Aquila,6846,,,
Arezzo,6847,adm1,IT-AR,,,,,,,,0,0,,,Province,ITA,,ITA,ITA-5387,,Arezzo,6847,,,
Asti,6848,adm1,IT-AT,,,,,,,,0,0,,,Province,ITA,,ITA,ITA-5440,,Asti,6848,,,
Avellino,6849,adm1,IT-AV,,,,,,,,0,0,,,Province,ITA,,ITA,ITA-5399,,Avellino,6849,,,
Bari,6850,adm1,IT-BA,,,,,,,,0,0,,,Province,ITA,,ITA,ITA-5403,,Bari,6850,,,
Bergamo,6851,adm1,IT-BG,,,,,,,,0,0,,,Province,ITA,,ITA,ITA-5443,,Bergamo,6851,,,
Biella,6852,adm1,IT-BI,,,,,,,,0,0,,,Province,ITA,,ITA,ITA-5435,,Biella,6852,,,
Belluno,6853,adm1,IT-BL,,,,,,,,0,0,,,Province,ITA,,ITA,ITA-5467,,Belluno,6853,,,
Benevento,6854,adm1,IT-BN,,,,,,,,0,0,,,Province,ITA,,ITA,ITA-5398,,Benevento,6854,,,
Bologna,6855,adm1,IT-BO,,,,,,,,0,0,,,Province,ITA,,ITA,ITA-5362,,Bologna,6855,,,
Brindisi,6856,adm1,IT-BR,,,,,,,,0,0,,,Province,ITA,,ITA,ITA-5406,,Brindisi,6856,,,
Brescia,6857,adm1,IT-BS,,,,,,,,0,0,,,Province,ITA,,ITA,ITA-5445,,Brescia,6857,,,
Barletta-Andria Trani,6858,adm1,IT-BT,,,,,,,,0,0,,,Province,ITA,,ITA,ITA-5405,,Barletta-Andria Trani,6858,,,
Bozen,6859,adm1,IT-BZ,,,,,,,,0,0,,,Province,ITA,,ITA,ITA-5459,,Bozen,6859,,,
Cagliari,6860,adm1,IT-CA,,,,,,,,0,0,,,Province,ITA,,ITA,ITA-5378,,Cagliari,6860,,,
Campobasso,6861,adm1,IT-CB,,,,,,,,0,0,,,Province,ITA,,ITA,ITA-5401,,Campobasso,6861,,,
Caserta,6862,adm1,IT-CE,,,,,,,,0,0,,,Province,ITA,,ITA,ITA-5396,,Caserta,6862,,,
Chieti,6863,adm1,IT-CH,,,,,,,,0,0,,,Province,ITA,,ITA,ITA-5421,,Chieti,6863,,,
Carbonia-Iglesias,6864,adm1,IT-CI,,,,,,,,0,0,,,Province,ITA,,ITA,ITA-5371,,Carbonia-Iglesias,6864,,,
Caltanissetta,6865,adm1,IT-CL,,,,,,,,0,0,,,Province,ITA,,ITA,ITA-5416,,Caltanissetta,6865,,,
Cuneo,6866,adm1,IT-CN,,,,,,,,0,0,,,Province,ITA,,ITA,ITA-5441,,Cuneo,6866,,,
Como,6867,adm1,IT-CO,,,,,,,,0,0,,,Province,ITA,,ITA,ITA-5452,,Como,6867,,,
Cremona,6868,adm1,IT-CR,,,,,,,,0,0,,,Province,ITA,,ITA,ITA-5447,,Cremona,6868,,,
Cosenza,6869,adm1,IT-CS,,,,,,,,0,0,,,Province,ITA,,ITA,ITA-5391,,Cosenza,6869,,,
Catania,6870,adm1,IT-CT,,,,,,,,0,0,,,Province,ITA,,ITA,ITA-5413,,Catania,6870,,,
Catanzaro,6871,adm1,IT-CZ,,,,,,,,0,0,,,Province,ITA,,ITA,ITA-5393,,Catanzaro,6871,,,
Enna,6872,adm1,IT-EN,,,,,,,,0,0,,,Province,ITA,,ITA,ITA-5412,,Enna,6872,,,
Forlì-Cesena,6873,adm1,IT-FC,,,,,,,,0,0,,,Province,ITA,,ITA,ITA-5365,,Forlì-Cesena,6873,,,
Ferrara,6874,adm1,IT-FE,,,,,,,,0,0,,,Province,ITA,,ITA,ITA-5363,,Ferrara,6874,,,
Foggia,6875,adm1,IT-FG,,,,,,,,0,0,,,Province,ITA,,ITA,ITA-5404,,Foggia,6875,,,
Firenze,6876,adm1,IT-FI,,,,,,,,0,0,,,Province,ITA,,ITA,ITA-5386,,Firenze,6876,,,
Fermo,6877,adm1,IT-FM,,,,,,,,0,0,,,Province,ITA,,ITA,ITA-5430,,Fermo,6877,,,
Frosinone,6878,adm1,IT-FR,,,,,,,,0,0,,,Province,ITA,,ITA,ITA-5425,,Frosinone,6878,,,
Genova,6879,adm1,IT-GE,,,,,,,,0,0,,,Province,ITA,,ITA,ITA-5367,,Genova,6879,,,
Gorizia,6880,adm1,IT-GO,,,,,,,,0,0,,,Province,ITA,,ITA,ITA-5457,,Gorizia,6880,,,
Grosseto,6881,adm1,IT-GR,,,,,,,,0,0,,,Province,ITA,,ITA,ITA-5379,,Grosseto,6881,,,
Imperia,6882,adm1,IT-IM,,,,,,,,0,0,,,Province,ITA,,ITA,ITA-5369,,Imperia,6882,,,
Isernia,6883,adm1,IT-IS,,,,,,,,0,0,,,Province,ITA,,ITA,ITA-5402,,Isernia,6883,,,
Crotene,6884,adm1,IT-KR,,,,,,,,0,0,,,Province,ITA,,ITA,ITA-5392,,Crotene,6884,,,
Lecco,6885,adm1,IT-LC,,,,,,,,0,0,,,Province,ITA,,ITA,ITA-5453,,Lecco,6885,,,
Lecce,6886,adm1,IT-LE,,,,,,,,0,0,,,Province,ITA,,ITA,ITA-5407,,Lecce,6886,,,
Livorno,6887,adm1,IT-LI,,,,,,,,0,0,,,Province,ITA,,ITA,ITA-5380,,Livorno,6887,,,
Lodi,6888,adm1,IT-LO,,,,,,,,0,0,,,Province,ITA,,ITA,ITA-5448,,Lodi,6888,,,
Latina,6889,adm1,IT-LT,,,,,,,,0,0,,,Province,ITA,,ITA,ITA-5426,,Latina,6889,,,
Lucca,6890,adm1,IT-LU,,,,,,,,0,0,,,Province,ITA,,ITA,ITA-5383,,Lucca,6890,,,
Monza e Brianza,6891,adm1,IT-MB,,,,,,,,0,0,,,Province,ITA,,ITA,ITA-5454,,Monza e Brianza,6891,,,
Macerata,6892,adm1,IT-MC,,,,,,,,0,0,,,Province,ITA,,ITA,ITA-5429,,Macerata,6892,,,
Messina,6893,adm1,IT-ME,,,,,,,,0,0,,,Province,ITA,,ITA,ITA-5411,,Messina,6893,,,
Milano,6894,adm1,IT-MI,,,,,,,,0,0,,,Province,ITA,,ITA,ITA-5450,,Milano,6894,,,
Mantova,6895,adm1,IT-MN,,,,,,,,0,0,,,Province,ITA,,ITA,ITA-5446,,Mantova,6895,,,
Modena,6896,adm1,IT-MO,,,,,,,,0,0,,,Province,ITA,,ITA,ITA-5358,,Modena,6896,,,
Massa-Carrara,6897,adm1,IT-MS,,,,,,,,0,0,,,Province,ITA,,ITA,ITA-5382,,Massa-Carrara,6897,,,
Matera,6898,adm1,IT-MT,,,,,,,,0,0,,,Province,ITA,,ITA,ITA-5389,,Matera,6898,,,
Napoli,6899,adm1,IT-NA,,,,,,,,0,0,,,Province,ITA,,ITA,ITA-5397,,Napoli,6899,,,
Novara,6900,adm1,IT-NO,,,,,,,,0,0,,,Province,ITA,,ITA,ITA-5438,,Novara,6900,,,
Nuoro,6901,adm1,IT-NU,,,,,,,,0,0,,,Province,ITA,,ITA,ITA-5376,,Nuoro,6901,,,
Ogliastra,6902,adm1,IT-OG,,,,,,,,0,0,,,Province,ITA,,ITA,ITA-5377,,Ogliastra,6902,,,
Oristrano,6903,adm1,IT-OR,,,,,,,,0,0,,,Province,ITA,,ITA,ITA-5373,,Oristrano,6903,,,
Olbia-Tempio,6904,adm1,IT-OT,,,,,,,,0,0,,,Province,ITA,,ITA,ITA-5375,,Olbia-Tempio,6904,,,
Palermo,6905,adm1,IT-PA,,,,,,,,0,0,,,Province,ITA,,ITA,ITA-5410,,Palermo,6905,,,
Piacenza,6906,adm1,IT-PC,,,,,,,,0,0,,,Province,ITA,,ITA,ITA-5361,,Piacenza,6906,,,
Padova,6907,adm1,IT-PD,,,,,,,,0,0,,,Province,ITA,,ITA,ITA-5463,,Padova,6907,,,
Pescara,6908,adm1,IT-PE,,,,,,,,0,0,,,Province,ITA,,ITA,ITA-5418,,Pescara,6908,,,
Perugia,6909,adm1,IT-PG,,,,,,,,0,0,,,Province,ITA,,ITA,ITA-5432,,Perugia,6909,,,
Pisa,6910,adm1,IT-PI,,,,,,,,0,0,,,Province,ITA,,ITA,ITA-5381,,Pisa,6910,,,
Pordenone,6911,adm1,IT-PN,,,,,,,,0,0,,,Province,ITA,,ITA,ITA-5456,,Pordenone,6911,,,
Prato,6912,adm1,IT-PO,,,,,,,,0,0,,,Province,ITA,,ITA,ITA-5385,,Prato,6912,,,
Parma,6913,adm1,IT-PR,,,,,,,,0,0,,,Province,ITA,,ITA,ITA-5360,,Parma,6913,,,
Pistoia,6914,adm1,IT-PT,,,,,,,,0,0,,,Province,ITA,,ITA,ITA-5384,,Pistoia,6914,,,
Pesaro e Urbino,6915,adm1,IT-PU,,,,,,,,0,0,,,Province,ITA,,ITA,ITA-5428,,Pesaro e Urbino,6915,,,
Pavia,6916,adm1,IT-PV,,,,,,,,0,0,,,Province,ITA,,ITA,ITA-5449,,Pavia,6916,,,
Potenza,6917,adm1,IT-PZ,,,,,,,,0,0,,,Province,ITA,,ITA,ITA-5390,,Potenza,6917,,,
Ravenna,6918,adm1,IT-RA,,,,,,,,0,0,,,Province,ITA,,ITA,ITA-5364,,Ravenna,6918,,,
Reggio Calabria,6919,adm1,IT-RC,,,,,,,,0,0,,,Province,ITA,,ITA,ITA-5395,,Reggio Calabria,6919,,,
Reggio Emilia,6920,adm1,IT-RE,,,,,,,,0,0,,,Province,ITA,,ITA,ITA-5359,,Reggio Emilia,6920,,,
Ragusa,6921,adm1,IT-RG,,,,,,,,0,0,,,Province,ITA,,ITA,ITA-5415,,Ragusa,6921,,,
Rieti,6922,adm1,IT-RI,,,,,,,,0,0,,,Province,ITA,,ITA,ITA-5424,,Rieti,6922,,,
Roma,6923,adm1,IT-RM,,,,,,,,0,0,,,Province,ITA,,ITA,ITA-5422,,Roma,6923,,,
Rimini,6924,adm1,IT-RN,,,,,,,,0,0,,,Province,ITA,,ITA,ITA-5366,,Rimini,6924,,,
Rovigo,6925,adm1,IT-RO,,,,,,,,0,0,,,Province,ITA,,ITA,ITA-5462,,Rovigo,6925,,,
Salerno,6926,adm1,IT-SA,,,,,,,,0,0,,,Province,ITA,,ITA,ITA-5400,,Salerno,6926,,,
Siena,6927,adm1,IT-SI,,,,,,,,0,0,,,Province,ITA,,ITA,ITA-5388,,Siena,6927,,,
Sondrio,6928,adm1,IT-SO,,,,,,,,0,0,,,Province,ITA,,ITA,ITA-5444,,Sondrio,6928,,,
La Spezia,6929,adm1,IT-SP,,,,,,,,0,0,,,Province,ITA,,ITA,ITA-5370,,La Spezia,6929,,,
Siracusa,6930,adm1,IT-SR,,,,,,,,0,0,,,Province,ITA,,ITA,ITA-5414,,Siracusa,6930,,,
Sassari,6931,adm1,IT-SS,,,,,,,,0,0,,,Province,ITA,,ITA,ITA-5374,,Sassari,6931,,,
Savona,6932,adm1,IT-SV,,,,,,,,0,0,,,Province,ITA,,ITA,ITA-5368,,Savona,6932,,,
Taranto,6933,adm1,IT-TA,,,,,,,,0,0,,,Province,ITA,,ITA,ITA-5408,,Taranto,6933,,,
Teramo,6934,adm1,IT-TE,,,,,,,,0,0,,,Province,ITA,,ITA,ITA-5419,,Teramo,6934,,,
Trento,6935,adm1,IT-TN,,,,,,,,0,0,,,Province,ITA,,ITA,ITA-5460,,Trento,6935,,,
Turin,6936,adm1,IT-TO,,,,,,,,0,0,,,Province,ITA,,ITA,ITA-5434,,Turin,6936,,,
Trapani,6937,adm1,IT-TP,,,,,,,,0,0,,,Province,ITA,,ITA,ITA-5409,,Trapani,6937,,,
Terni,6938,adm1,IT-TR,,,,,,,,0,0,,,Province,ITA,,ITA,ITA-5433,,Terni,6938,,,
Trieste,6939,adm1,IT-TS,,,,,,,,0,0,,,Province,ITA,,ITA,ITA-5458,,Trieste,6939,,,
Treviso,6940,adm1,IT-TV,,,,,,,,0,0,,,Province,ITA,,ITA,ITA-5466,,Treviso,6940,,,
Udine,6941,adm1,IT-UD,,,,,,,,0,0,,,Province,ITA,,ITA,ITA-5455,,Udine,6941,,,
Varese,6942,adm1,IT-VA,,,,,,,,0,0,,,Province,ITA,,ITA,ITA-5451,,Varese,6942,,,
Verbano-Cusio-Ossola,6943,adm1,IT-VB,,,,,,,,0,0,,,Province,ITA,,ITA,ITA-5437,,Verbano-Cusio-Ossola,6943,,,
Vercelli,6944,adm1,IT-VC,,,,,,,,0,0,,,Province,ITA,,ITA,ITA-5436,,Vercelli,6944,,,
Venezia,6945,adm1,IT-VE,,,,,,,,0,0,,,Province,ITA,,ITA,ITA-5461,,Venezia,6945,,,
Vicenza,6946,adm1,IT-VI,,,,,,,,0,0,,,Province,ITA,,ITA,ITA-5465,,Vicenza,6946,,,
Verona,6947,adm1,IT-VR,,,,,,,,0,0,,,Province,ITA,,ITA,ITA-5464,,Verona,6947,,,
Medio Campidano,6948,adm1,IT-VS,,,,,,,,0,0,,,Province,ITA,,ITA,ITA-5372,,Medio Campidano,6948,,,
Viterbo,6949,adm1,IT-VT,,,,,,,,0,0,,,Province,ITA,,ITA,ITA-5423,,Viterbo,6949,,,
Vibo Valentia,6950,adm1,IT-VV,,,,,,,,0,0,,,Province,ITA,,ITA,ITA-5394,,Vibo Valentia,6950,,,
Kingston,6981,adm1,JM-01,,,,,,,,0,0,,,Parish,JAM,,JAM,JAM-1377,,Kingston,6981,,,
Saint Andrew,6982,adm1,JM-02,,,,,,,,0,0,,,Parish,JAM,,JAM,JAM-1382,,Saint Andrew,6982,,,
Saint Thomas,6983,adm1,JM-03,,,,,,,,0,0,,,Parish,JAM,,JAM,JAM-1383,,Saint Thomas,6983,,,
Portland,6984,adm1,JM-04,,,,,,,,0,0,,,Parish,JAM,,JAM,JAM-1378,,Portland,6984,,,
Saint Mary,6985,adm1,JM-05,,,,,,,,0,0,,,Parish,JAM,,JAM,JAM-1381,,Saint Mary,6985,,,
Saint Ann,6986,adm1,JM-06,,,,,,,,0,0,,,Parish,JAM,,JAM,JAM-1379,,Saint Ann,6986,,,
Trelawny,6987,adm1,JM-07,,,,,,,,0,0,,,Parish,JAM,,JAM,JAM-1375,,Trelawny,6987,,,
Saint James,6988,adm1,JM-08,,,,,,,,0,0,,,Parish,JAM,,JAM,JAM-1374,,Saint James,6988,,,
Hanover,6989,adm1,JM-09,,,,,,,,0,0,,,Parish,JAM,,JAM,JAM-1371,,Hanover,6989,,,
Westmoreland,6990,adm1,JM-10,,,,,,,,0,0,,,Parish,JAM,,JAM,JAM-1376,,Westmoreland,6990,,,
Saint Elizabeth,6991,adm1,JM-11,,,,,,,,0,0,,,Parish,JAM,,JAM,JAM-1373,,Saint Elizabeth,6991,,,
Manchester,6992,adm1,JM-12,,,,,,,,0,0,,,Parish,JAM,,JAM,JAM-1372,,Manchester,6992,,,
Clarendon,6993,adm1,JM-13,,,,,,,,0,0,,,Parish,JAM,,JAM,JAM-1370,,Clarendon,6993,,,
Saint Catherine,6994,adm1,JM-14,,,,,,,,0,0,,,Parish,JAM,,JAM,JAM-1380,,Saint Catherine,6994,,,
Ajlun,7021,adm1,JO-AJ,,,,,,,,0,0,,,Province,JOR,,JOR,JOR-855,,Ajlun,7021,,,
Amman,7022,adm1,JO-AM,,,,,,,,0,0,,,Province,JOR,,JOR,JOR-851,,Amman,7022,,,
Aqaba,7023,adm1,JO-AQ,,,,,,,,0,0,,,Province,JOR,,JOR,JOR-849,,Aqaba,7023,,,
Tafilah,7024,adm1,JO-AT,,,,,,,,0,0,,,Province,JOR,,JOR,JOR-852,,Tafilah,7024,,,
Zarqa,7025,adm1,JO-AZ,,,,,,,,0,0,,,Province,JOR,,JOR,JOR-860,,Zarqa,7025,,,
Balqa,7026,adm1,JO-BA,,,,,,,,0,0,,,Province,JOR,,JOR,JOR-857,,Balqa,7026,,,
Irbid,7027,adm1,JO-IR,,,,,,,,0,0,,,Province,JOR,,JOR,JOR-854,,Irbid,7027,,,
Jarash,7028,adm1,JO-JA,,,,,,,,0,0,,,Province,JOR,,JOR,JOR-856,,Jarash,7028,,,
Karak,7029,adm1,JO-KA,,,,,,,,0,0,,,Province,JOR,,JOR,JOR-859,,Karak,7029,,,
Mafraq,7030,adm1,JO-MA,,,,,,,,0,0,,,Province,JOR,,JOR,JOR-850,,Mafraq,7030,,,
Madaba,7031,adm1,JO-MD,,,,,,,,0,0,,,Province,JOR,,JOR,JOR-858,,Madaba,7031,,,
Ma`an,7032,adm1,JO-MN,,,,,,,,0,0,,,Province,JOR,,JOR,JOR-853,,Ma`an,7032,,,
Hokkaidō,7061,adm1,JP-01,,,,,,,,0,0,,,Circuit,JPN,,JPN,JPN-1847,,Hokkaidō,7061,,,
Aomori,7062,adm1,JP-02,,,,,,,,0,0,,,Prefecture,JPN,,JPN,JPN-1863,,Aomori,7062,,,
Iwate,7063,adm1,JP-03,,,,,,,,0,0,,,Prefecture,JPN,,JPN,JPN-1865,,Iwate,7063,,,
Miyagi,7064,adm1,JP-04,,,,,,,,0,0,,,Prefecture,JPN,,JPN,JPN-1866,,Miyagi,7064,,,
Akita,7065,adm1,JP-05,,,,,,,,0,0,,,Prefecture,JPN,,JPN,JPN-1862,,Akita,7065,,,
Yamagata,7066,adm1,JP-06,,,,,,,,0,0,,,Prefecture,JPN,,JPN,JPN-1868,,Yamagata,7066,,,
Fukushima,7067,adm1,JP-07,,,,,,,,0,0,,,Prefecture,JPN,,JPN,JPN-1864,,Fukushima,7067,,,
Ibaraki,7068,adm1,JP-08,,,,,,,,0,0,,,Prefecture,JPN,,JPN,JPN-1856,,Ibaraki,7068,,,
Tochigi,7069,adm1,JP-09,,,,,,,,0,0,,,Prefecture,JPN,,JPN,JPN-1859,,Tochigi,7069,,,
Gunma,7070,adm1,JP-10,,,,,,,,0,0,,,Prefecture,JPN,,JPN,JPN-3503,,Gunma,7070,,,
Saitama,7071,adm1,JP-11,,,,,,,,0,0,,,Prefecture,JPN,,JPN,JPN-1858,,Saitama,7071,,,
Chiba,7072,adm1,JP-12,,,,,,,,0,0,,,Prefecture,JPN,,JPN,JPN-1855,,Chiba,7072,,,
Tokyo,7073,adm1,JP-13,,,,,,,,0,0,,,Metropolis,JPN,,JPN,JPN-1860,,Tokyo,7073,,,
Kanagawa,7074,adm1,JP-14,,,,,,,,0,0,,,Prefecture,JPN,,JPN,JPN-1857,,Kanagawa,7074,,,
Niigata,7075,adm1,JP-15,,,,,,,,0,0,,,Prefecture,JPN,,JPN,JPN-1867,,Niigata,7075,,,
Toyama,7076,adm1,JP-16,,,,,,,,0,0,,,Prefecture,JPN,,JPN,JPN-1846,,Toyama,7076,,,
Ishikawa,7077,adm1,JP-17,,,,,,,,0,0,,,Prefecture,JPN,,JPN,JPN-1842,,Ishikawa,7077,,,
Fukui,7078,adm1,JP-18,,,,,,,,0,0,,,Prefecture,JPN,,JPN,JPN-1848,,Fukui,7078,,,
Yamanashi,7079,adm1,JP-19,,,,,,,,0,0,,,Prefecture,JPN,,JPN,JPN-1861,,Yamanashi,7079,,,
Nagano,7080,adm1,JP-20,,,,,,,,0,0,,,Prefecture,JPN,,JPN,JPN-1844,,Nagano,7080,,,
Gifu,7081,adm1,JP-21,,,,,,,,0,0,,,Prefecture,JPN,,JPN,JPN-1841,,Gifu,7081,,,
Shizuoka,7082,adm1,JP-22,,,,,,,,0,0,,,Prefecture,JPN,,JPN,JPN-1845,,Shizuoka,7082,,,
Aichi,7083,adm1,JP-23,,,,,,,,0,0,,,Prefecture,JPN,,JPN,JPN-1840,,Aichi,7083,,,
Mie,7084,adm1,JP-24,,,,,,,,0,0,,,Prefecture,JPN,,JPN,JPN-1843,,Mie,7084,,,
Shiga,7085,adm1,JP-25,,,,,,,,0,0,,,Prefecture,JPN,,JPN,JPN-1853,,Shiga,7085,,,
Kyōto,7086,adm1,JP-26,,,,,,,,0,0,,,Urban Prefecture,JPN,,JPN,JPN-1850,,Kyōto,7086,,,
Ōsaka,7087,adm1,JP-27,,,,,,,,0,0,,,Urban Prefecture,JPN,,JPN,JPN-1852,,Ōsaka,7087,,,
Hyōgo,7088,adm1,JP-28,,,,,,,,0,0,,,Prefecture,JPN,,JPN,JPN-1849,,Hyōgo,7088,,,
Nara,7089,adm1,JP-29,,,,,,,,0,0,,,Prefecture,JPN,,JPN,JPN-1851,,Nara,7089,,,
Wakayama,7090,adm1,JP-30,,,,,,,,0,0,,,Prefecture,JPN,,JPN,JPN-1854,,Wakayama,7090,,,
Tottori,7091,adm1,JP-31,,,,,,,,0,0,,,Prefecture,JPN,,JPN,JPN-1825,,Tottori,7091,,,
Shimane,7092,adm1,JP-32,,,,,,,,0,0,,,Prefecture,JPN,,JPN,JPN-1824,,Shimane,7092,,,
Okayama,7093,adm1,JP-33,,,,,,,,0,0,,,Prefecture,JPN,,JPN,JPN-1822,,Okayama,7093,,,
Hiroshima,7094,adm1,JP-34,,,,,,,,0,0,,,Prefecture,JPN,,JPN,JPN-1821,,Hiroshima,7094,,,
Yamaguchi,7095,adm1,JP-35,,,,,,,,0,0,,,Prefecture,JPN,,JPN,JPN-1826,,Yamaguchi,7095,,,
Tokushima,7096,adm1,JP-36,,,,,,,,0,0,,,Prefecture,JPN,,JPN,JPN-1836,,Tokushima,7096,,,
Kagawa,7097,adm1,JP-37,,,,,,,,0,0,,,Prefecture,JPN,,JPN,JPN-1833,,Kagawa,7097,,,
Ehime,7098,adm1,JP-38,,,,,,,,0,0,,,Prefecture,JPN,,JPN,JPN-1832,,Ehime,7098,,,
Kōchi,7099,adm1,JP-39,,,,,,,,0,0,,,Prefecture,JPN,,JPN,JPN-1834,,Kōchi,7099,,,
Fukuoka,7100,adm1,JP-40,,,,,,,,0,0,,,Prefecture,JPN,,JPN,JPN-1829,,Fukuoka,7100,,,
Saga,7101,adm1,JP-41,,,,,,,,0,0,,,Prefecture,JPN,,JPN,JPN-1827,,Saga,7101,,,
Nagasaki,7102,adm1,JP-42,,,,,,,,0,0,,,Prefecture,JPN,,JPN,JPN-3500,,Nagasaki,7102,,,
Kumamoto,7103,adm1,JP-43,,,,,,,,0,0,,,Prefecture,JPN,,JPN,JPN-1830,,Kumamoto,7103,,,
Ōita,7104,adm1,JP-44,,,,,,,,0,0,,,Prefecture,JPN,,JPN,JPN-1835,,Ōita,7104,,,
Miyazaki,7105,adm1,JP-45,,,,,,,,0,0,,,Prefecture,JPN,,JPN,JPN-1831,,Miyazaki,7105,,,
Kagoshima,7106,adm1,JP-46,,,,,,,,0,0,,,Prefecture,JPN,,JPN,JPN-3501,,Kagoshima,7106,,,
Okinawa,7107,adm1,JP-47,,,,,,,,0,0,,,Prefecture,JPN,,JPN,JPN-3502,,Okinawa,7107,,,
Baykonur lease in Qyzylorda,7121,adm1,-99-X05~,,,,,,,,0,0,,,,KA1,,KAB,KAB+00?,,Baykonur lease in Qyzylorda,7121,,,
Aqmola,7141,adm1,KZ-AKM,,,,,,,,0,0,,,Region,KA1,,KAZ,KAZ-3202,,Aqmola,7141,,,
Aqtöbe,7142,adm1,KZ-AKT,,,,,,,,0,0,,,Region,KA1,,KAZ,KAZ-3195,,Aqtöbe,7142,,,
Almaty,7143,adm1,KZ-ALA,,,,,,,,0,0,,,Region,KA1,,KAZ,KAZ-3207,,Almaty,7143,,,
Almaty City,7144,adm1,KZ-ALA,,,,,,,,0,0,,,City,KA1,,KAZ,KAZ-4829,,Almaty City,7144,,,
Astana,7145,adm1,KZ-AST,,,,,,,,0,0,,,City,KA1,,KAZ,KAZ-4830,,Astana,7145,,,
Atyrau,7146,adm1,KZ-ATY,,,,,,,,0,0,,,Region,KA1,,KAZ,KAZ-3198,,Atyrau,7146,,,
Qaraghandy,7147,adm1,KZ-KAR,,,,,,,,0,0,,,Region,KA1,,KAZ,KAZ-3203,,Qaraghandy,7147,,,
Qostanay,7148,adm1,KZ-KUS,,,,,,,,0,0,,,Region,KA1,,KAZ,KAZ-3196,,Qostanay,7148,,,
Qyzylorda,7149,adm1,KZ-KZY,,,,,,,,0,0,,,Region,KA1,,KAZ,KAZ-3197,,Qyzylorda,7149,,,
Mangghystau,7150,adm1,KZ-MAN,,,,,,,,0,0,,,Region,KA1,,KAZ,KAZ-3236,,Mangghystau,7150,,,
Pavlodar,7151,adm1,KZ-PAV,,,,,,,,0,0,,,Region,KA1,,KAZ,KAZ-3205,,Pavlodar,7151,,,
North Kazakhstan,7152,adm1,KZ-SEV,,,,,,,,0,0,,,Region,KA1,,KAZ,KAZ-3204,,North Kazakhstan,7152,,,
East Kazakhstan,7153,adm1,KZ-VOS,,,,,,,,0,0,,,Region,KA1,,KAZ,KAZ-3206,,East Kazakhstan,7153,,,
South Kazakhstan,7154,adm1,KZ-YUZ,,,,,,,,0,0,,,Region,KA1,,KAZ,KAZ-3251,,South Kazakhstan,7154,,,
West Kazakhstan,7155,adm1,KZ-ZAP,,,,,,,,0,0,,,Region,KA1,,KAZ,KAZ-3201,,West Kazakhstan,7155,,,
Zhambyl,7156,adm1,KZ-ZHA,,,,,,,,0,0,,,Region,KA1,,KAZ,KAZ-3252,,Zhambyl,7156,,,
Kashmir,7181,adm1,-99-X06~,,,,,,,,0,0,,,,KAS,,KAS,KAS+00?,,Kashmir,7181,,,
Nairobi,7201,adm1,KE-110,,,,,,,,0,0,,,National Capital Area,KEN,,KEN,KEN-1196,,Nairobi,7201,,,
Central,7202,adm1,KE-200,,,,,,,,0,0,,,Province,KEN,,KEN,KEN-1195,,Central,7202,,,
Coast,7203,adm1,KE-300,,,,,,,,0,0,,,Province,KEN,,KEN,KEN-1193,,Coast,7203,,,
Eastern,7204,adm1,KE-400,,,,,,,,0,0,,,National Capital Area,KEN,,KEN,KEN-889,,Eastern,7204,,,
North-Eastern,7205,adm1,KE-500,,,,,,,,0,0,,,Province,KEN,,KEN,KEN-893,,North-Eastern,7205,,,
Nyanza,7206,adm1,KE-600,,,,,,,,0,0,,,Province,KEN,,KEN,KEN-1197,,Nyanza,7206,,,
Rift Valley,7207,adm1,KE-700,,,,,,,,0,0,,,Province,KEN,,KEN,KEN-890,,Rift Valley,7207,,,
Western,7208,adm1,KE-800,,,,,,,,0,0,,,Province,KEN,,KEN,KEN-891,,Western,7208,,,
Batken,7221,adm1,KG-B,,,,,,,,0,0,,,Region,KGZ,,KGZ,KGZ-1119,,Batken,7221,,,
Chuy,7222,adm1,KG-C,,,,,,,,0,0,,,Region,KGZ,,KGZ,KGZ-1116,,Chuy,7222,,,
Bishkek,7223,adm1,KG-GB,,,,,,,,0,0,,,Region,KGZ,,KGZ,KGZ-1115,,Bishkek,7223,,,
Jalal-Abad,7224,adm1,KG-J,,,,,,,,0,0,,,Region,KGZ,,KGZ,KGZ-1120,,Jalal-Abad,7224,,,
Naryn,7225,adm1,KG-N,,,,,,,,0,0,,,Region,KGZ,,KGZ,KGZ-1118,,Naryn,7225,,,
Osh,7226,adm1,KG-O,,,,,,,,0,0,,,Region,KGZ,,KGZ,KGZ-1122,,Osh,7226,,,
Talas,7227,adm1,KG-T,,,,,,,,0,0,,,Region,KGZ,,KGZ,KGZ-1121,,Talas,7227,,,
Ysyk-Köl,7228,adm1,KG-Y,,,,,,,,0,0,,,Region,KGZ,,KGZ,KGZ-1117,,Ysyk-Köl,7228,,,
Bântéay Méanchey,7241,adm1,KH-1,,,,,,,,0,0,,,Province,KHM,,KHM,KHM-1777,,Bântéay Méanchey,7241,,,
Krâchéh,7242,adm1,KH-10,,,,,,,,0,0,,,Province,KHM,,KHM,KHM-1793,,Krâchéh,7242,,,
Môndól Kiri,7243,adm1,KH-11,,,,,,,,0,0,,,Province,KHM,,KHM,KHM-1794,,Môndól Kiri,7243,,,
Phnom Penh,7244,adm1,KH-12,,,,,,,,0,0,,,Municipality,KHM,,KHM,KHM-1789,,Phnom Penh,7244,,,
Preah Vihéar,7245,adm1,KH-13,,,,,,,,0,0,,,Province,KHM,,KHM,KHM-1791,,Preah Vihéar,7245,,,
Prey Vêng,7246,adm1,KH-14,,,,,,,,0,0,,,Province,KHM,,KHM,KHM-1790,,Prey Vêng,7246,,,
Pouthisat,7247,adm1,KH-15,,,,,,,,0,0,,,Province,KHM,,KHM,KHM-1780,,Pouthisat,7247,,,
Rôtânôkiri,7248,adm1,KH-16,,,,,,,,0,0,,,Province,KHM,,KHM,KHM-1795,,Rôtânôkiri,7248,,,
Siemréab,7249,adm1,KH-17,,,,,,,,0,0,,,Province,KHM,,KHM,KHM-1781,,Siemréab,7249,,,
Krong Preah Sihanouk,7250,adm1,KH-18,,,,,,,,0,0,,,Municipality,KHM,,KHM,KHM-1800,,Krong Preah Sihanouk,7250,,,
Stœng Trêng,7251,adm1,KH-19,,,,,,,,0,0,,,Province,KHM,,KHM,KHM-1792,,Stœng Trêng,7251,,,
Batdâmbâng,7252,adm1,KH-2,,,,,,,,0,0,,,Province,KHM,,KHM,KHM-1778,,Batdâmbâng,7252,,,
Svay Rieng,7253,adm1,KH-20,,,,,,,,0,0,,,Province,KHM,,KHM,KHM-1801,,Svay Rieng,7253,,,
Takêv,7254,adm1,KH-21,,,,,,,,0,0,,,Province,KHM,,KHM,KHM-1802,,Takêv,7254,,,
Otdar Mean Chey,7255,adm1,KH-22,,,,,,,,0,0,,,Province,KHM,,KHM,KHM-1782,,Otdar Mean Chey,7255,,,
Kep,7256,adm1,KH-23,,,,,,,,0,0,,,Province,KHM,,KHM,KHM-1798,,Kep,7256,,,
Krong Pailin,7257,adm1,KH-24,,,,,,,,0,0,,,Municipality,KHM,,KHM,KHM-1783,,Krong Pailin,7257,,,
Kâmpóng Cham,7258,adm1,KH-3,,,,,,,,0,0,,,Province,KHM,,KHM,KHM-1784,,Kâmpóng Cham,7258,,,
Kâmpóng Chhnang,7259,adm1,KH-4,,,,,,,,0,0,,,Province,KHM,,KHM,KHM-1785,,Kâmpóng Chhnang,7259,,,
Kâmpóng Spœ,7260,adm1,KH-5,,,,,,,,0,0,,,Province,KHM,,KHM,KHM-1787,,Kâmpóng Spœ,7260,,,
Kâmpóng Thum,7261,adm1,KH-6,,,,,,,,0,0,,,Province,KHM,,KHM,KHM-1788,,Kâmpóng Thum,7261,,,
Kâmpôt,7262,adm1,KH-7,,,,,,,,0,0,,,Province,KHM,,KHM,KHM-1797,,Kâmpôt,7262,,,
Kândal,7263,adm1,KH-8,,,,,,,,0,0,,,Province,KHM,,KHM,KHM-1786,,Kândal,7263,,,
Kaôh Kong,7264,adm1,KH-9,,,,,,,,0,0,,,Province,KHM,,KHM,KHM-1779,,Kaôh Kong,7264,,,
Kiribati,7281,adm1,KI-X01~,,,,,,,,0,0,,,,KIR,,KIR,KIR+00?,,Kiribati,7281,,,
,7282,adm1,KI-X02~,,,,,,,,0,0,,,,KIR,,KIR,KIR+99?,,,7282,,,
Christ Church Nichola Town,7301,adm1,KN-01,,,,,,,,0,0,,,Parish,KNA,,KNA,KNA-5099,,Christ Church Nichola Town,7301,,,
Saint Anne Sandy Point,7302,adm1,KN-02,,,,,,,,0,0,,,Parish,KNA,,KNA,KNA-5100,,Saint Anne Sandy Point,7302,,,
Saint George Basseterre,7303,adm1,KN-03,,,,,,,,0,0,,,Parish,KNA,,KNA,KNA-5101,,Saint George Basseterre,7303,,,
Saint George Gingerland,7304,adm1,KN-04,,,,,,,,0,0,,,Parish,KNA,,KNA,KNA-5102,,Saint George Gingerland,7304,,,
Saint James Windward,7305,adm1,KN-05,,,,,,,,0,0,,,Parish,KNA,,KNA,KNA-5103,,Saint James Windward,7305,,,
Saint John Capesterre,7306,adm1,KN-06,,,,,,,,0,0,,,Parish,KNA,,KNA,KNA-5104,,Saint John Capesterre,7306,,,
Saint John Figtree,7307,adm1,KN-07,,,,,,,,0,0,,,Parish,KNA,,KNA,KNA-5105,,Saint John Figtree,7307,,,
Saint Mary Cayon,7308,adm1,KN-08,,,,,,,,0,0,,,Parish,KNA,,KNA,KNA-5106,,Saint Mary Cayon,7308,,,
Saint Paul Capesterre,7309,adm1,KN-09,,,,,,,,0,0,,,Parish,KNA,,KNA,KNA-5107,,Saint Paul Capesterre,7309,,,
Saint Paul Charlestown,7310,adm1,KN-10,,,,,,,,0,0,,,Parish,KNA,,KNA,KNA-5108,,Saint Paul Charlestown,7310,,,
Saint Peter Basseterre,7311,adm1,KN-11,,,,,,,,0,0,,,Parish,KNA,,KNA,KNA-5109,,Saint Peter Basseterre,7311,,,
Saint Thomas Lowland,7312,adm1,KN-12,,,,,,,,0,0,,,Parish,KNA,,KNA,KNA-5110,,Saint Thomas Lowland,7312,,,
Saint Thomas Middle Island,7313,adm1,KN-13,,,,,,,,0,0,,,Parish,KNA,,KNA,KNA-5111,,Saint Thomas Middle Island,7313,,,
Trinity Palmetto Point,7314,adm1,KN-14,,,,,,,,0,0,,,Parish,KNA,,KNA,KNA-5112,,Trinity Palmetto Point,7314,,,
Seoul,7341,adm1,KR-11,,,,,,,,0,0,,,Capital Metropolitan City,KOR,,KOR,KOR-2497,,Seoul,7341,,,
Busan,7342,adm1,KR-26,,,,,,,,0,0,,,Metropolitan City,KOR,,KOR,KOR-2507,,Busan,7342,,,
Daegu,7343,adm1,KR-27,,,,,,,,0,0,,,Metropolitan City,KOR,,KOR,KOR-2504,,Daegu,7343,,,
Incheon,7344,adm1,KR-28,,,,,,,,0,0,,,Metropolitan City,KOR,,KOR,KOR-2495,,Incheon,7344,,,
Gwangju,7345,adm1,KR-29,,,,,,,,0,0,,,Metropolitan City,KOR,,KOR,KOR-2500,,Gwangju,7345,,,
Daejeon,7346,adm1,KR-30,,,,,,,,0,0,,,Metropolitan City,KOR,,KOR,KOR-2503,,Daejeon,7346,,,
Ulsan,7347,adm1,KR-31,,,,,,,,0,0,,,Metropolitan City,KOR,,KOR,KOR-2508,,Ulsan,7347,,,
Gyeonggi,7348,adm1,KR-41,,,,,,,,0,0,,,Province,KOR,,KOR,KOR-2498,,Gyeonggi,7348,,,
Gangwon,7349,adm1,KR-42,,,,,,,,0,0,,,Province,KOR,,KOR,KOR-2496,,Gangwon,7349,,,
North Chungcheong,7350,adm1,KR-43,,,,,,,,0,0,,,Province,KOR,,KOR,KOR-2494,,North Chungcheong,7350,,,
South Chungcheong,7351,adm1,KR-44,,,,,,,,0,0,,,Province,KOR,,KOR,KOR-2502,,South Chungcheong,7351,,,
North Jeolla,7352,adm1,KR-45,,,,,,,,0,0,,,Province,KOR,,KOR,KOR-2499,,North Jeolla,7352,,,
South Jeolla,7353,adm1,KR-46,,,,,,,,0,0,,,Metropolitan City,KOR,,KOR,KOR-2506,,South Jeolla,7353,,,
North Gyeongsang,7354,adm1,KR-47,,,,,,,,0,0,,,Metropolitan City,KOR,,KOR,KOR-2509,,North Gyeongsang,7354,,,
South Gyeongsang,7355,adm1,KR-48,,,,,,,,0,0,,,Province,KOR,,KOR,KOR-2505,,South Gyeongsang,7355,,,
Jeju,7356,adm1,KR-49,,,,,,,,0,0,,,Province,KOR,,KOR,KOR-2510,,Jeju,7356,,,
Sejong,7357,adm1,KR-50,,,,,,,,0,0,,,Special self-governing city,KOR,,KOR,KOR-5129,,Sejong,7357,,,
Đakovica,7381,adm1,XK-X01~,,,,,,,,0,0,,,District,KOS,,KOS,KOS-5890,,Đakovica,7381,,,
Dečani,7382,adm1,XK-X02~,,,,,,,,0,0,,,District,KOS,,KOS,KOS-5889,,Dečani,7382,,,
Dragaš,7383,adm1,XK-X03~,,,,,,,,0,0,,,District,KOS,,KOS,KOS-5909,,Dragaš,7383,,,
Glogovac,7384,adm1,XK-X04~,,,,,,,,0,0,,,District,KOS,,KOS,KOS-5899,,Glogovac,7384,,,
Gnjilane,7385,adm1,XK-X05~,,,,,,,,0,0,,,District,KOS,,KOS,KOS-5904,,Gnjilane,7385,,,
Istok,7386,adm1,XK-X06~,,,,,,,,0,0,,,District,KOS,,KOS,KOS-5887,,Istok,7386,,,
Kačanik,7387,adm1,XK-X07~,,,,,,,,0,0,,,District,KOS,,KOS,KOS-5915,,Kačanik,7387,,,
Klina,7388,adm1,XK-X08~,,,,,,,,0,0,,,District,KOS,,KOS,KOS-5888,,Klina,7388,,,
Kosovo Polje,7389,adm1,XK-X09~,,,,,,,,0,0,,,District,KOS,,KOS,KOS-5898,,Kosovo Polje,7389,,,
Kosovska Kamenica,7390,adm1,XK-X10~,,,,,,,,0,0,,,District,KOS,,KOS,KOS-5907,,Kosovska Kamenica,7390,,,
Kosovska Mitrovica,7391,adm1,XK-X11~,,,,,,,,0,0,,,District,KOS,,KOS,KOS-5894,,Kosovska Mitrovica,7391,,,
Leposavić,7392,adm1,XK-X12~,,,,,,,,0,0,,,District,KOS,,KOS,KOS-5893,,Leposavić,7392,,,
Lipljan,7393,adm1,XK-X13~,,,,,,,,0,0,,,District,KOS,,KOS,KOS-5903,,Lipljan,7393,,,
Mališevo,7394,adm1,XK-X14~,,,,,,,,0,0,,,District,KOS,,KOS,KOS-5911,,Mališevo,7394,,,
Novo Brdo,7395,adm1,XK-X15~,,,,,,,,0,0,,,District,KOS,,KOS,KOS-5906,,Novo Brdo,7395,,,
Obilić,7396,adm1,XK-X16~,,,,,,,,0,0,,,District,KOS,,KOS,KOS-5900,,Obilić,7396,,,
Orahovac,7397,adm1,XK-X17~,,,,,,,,0,0,,,District,KOS,,KOS,KOS-5891,,Orahovac,7397,,,
Peć,7398,adm1,XK-X18~,,,,,,,,0,0,,,District,KOS,,KOS,KOS-5886,,Peć,7398,,,
Podujevo,7399,adm1,XK-X19~,,,,,,,,0,0,,,District,KOS,,KOS,KOS-5901,,Podujevo,7399,,,
Priština,7400,adm1,XK-X20~,,,,,,,,0,0,,,District,KOS,,KOS,KOS-5902,,Priština,7400,,,
Prizren,7401,adm1,XK-X21~,,,,,,,,0,0,,,District,KOS,,KOS,KOS-5908,,Prizren,7401,,,
Srbica,7402,adm1,XK-X22~,,,,,,,,0,0,,,District,KOS,,KOS,KOS-5896,,Srbica,7402,,,
Štimlje,7403,adm1,XK-X23~,,,,,,,,0,0,,,District,KOS,,KOS,KOS-5912,,Štimlje,7403,,,
Štrpce,7404,adm1,XK-X24~,,,,,,,,0,0,,,District,KOS,,KOS,KOS-5914,,Štrpce,7404,,,
Suva Reka,7405,adm1,XK-X25~,,,,,,,,0,0,,,District,KOS,,KOS,KOS-5910,,Suva Reka,7405,,,
Uroševac,7406,adm1,XK-X26~,,,,,,,,0,0,,,District,KOS,,KOS,KOS-5913,,Uroševac,7406,,,
Vitina,7407,adm1,XK-X27~,,,,,,,,0,0,,,District,KOS,,KOS,KOS-5905,,Vitina,7407,,,
Vučitrn,7408,adm1,XK-X28~,,,,,,,,0,0,,,District,KOS,,KOS,KOS-5895,,Vučitrn,7408,,,
Zubin Potok,7409,adm1,XK-X29~,,,,,,,,0,0,,,District,KOS,,KOS,KOS-5897,,Zubin Potok,7409,,,
Zvečan,7410,adm1,XK-X30~,,,,,,,,0,0,,,District,KOS,,KOS,KOS-5892,,Zvečan,7410,,,
Al Ahmadi,7441,adm1,KW-AH,,,,,,,,0,0,,,Province,KWT,,KWT,KWT-1665,,Al Ahmadi,7441,,,
Al Farwaniyah,7442,adm1,KW-FA,,,,,,,,0,0,,,Province,KWT,,KWT,KWT-1664,,Al Farwaniyah,7442,,,
Hawalli,7443,adm1,KW-HA,,,,,,,,0,0,,,Province,KWT,,KWT,KWT-3506,,Hawalli,7443,,,
Al Jahrah,7444,adm1,KW-JA,,,,,,,,0,0,,,Province,KWT,,KWT,KWT-1667,,Al Jahrah,7444,,,
Al Asimah,7445,adm1,KW-KU,,,,,,,,0,0,,,Province,KWT,,KWT,KWT-1663,,Al Asimah,7445,,,
Mubarak Al-Kabeer,7446,adm1,KW-MU,,,,,,,,0,0,,,Province,KWT,,KWT,KWT-1666,,Mubarak Al-Kabeer,7446,,,
Attapu,7461,adm1,LA-AT,,,,,,,,0,0,,,Province,LAO,,LAO,LAO-3294,,Attapu,7461,,,
Bokeo,7462,adm1,LA-BK,,,,,,,,0,0,,,Province,LAO,,LAO,LAO-3271,,Bokeo,7462,,,
Bolikhamxai,7463,adm1,LA-BL,,,,,,,,0,0,,,Province,LAO,,LAO,LAO-3292,,Bolikhamxai,7463,,,
Champasak,7464,adm1,LA-CH,,,,,,,,0,0,,,Province,LAO,,LAO,LAO-3280,,Champasak,7464,,,
Houaphan,7465,adm1,LA-HO,,,,,,,,0,0,,,Province,LAO,,LAO,LAO-3288,,Houaphan,7465,,,
Khammouan,7466,adm1,LA-KH,,,,,,,,0,0,,,Province,LAO,,LAO,LAO-3293,,Khammouan,7466,,,
Louang Namtha,7467,adm1,LA-LM,,,,,,,,0,0,,,Province,LAO,,LAO,LAO-3272,,Louang Namtha,7467,,,
Louangphrabang,7468,adm1,LA-LP,,,,,,,,0,0,,,Province,LAO,,LAO,LAO-3289,,Louangphrabang,7468,,,
Oudômxai,7469,adm1,LA-OU,,,,,,,,0,0,,,Province,LAO,,LAO,LAO-3290,,Oudômxai,7469,,,
Phôngsali,7470,adm1,LA-PH,,,,,,,,0,0,,,Province,LAO,,LAO,LAO-3291,,Phôngsali,7470,,,
Saravan,7471,adm1,LA-SL,,,,,,,,0,0,,,Province,LAO,,LAO,LAO-3281,,Saravan,7471,,,
Savannakhét,7472,adm1,LA-SV,,,,,,,,0,0,,,Province,LAO,,LAO,LAO-3282,,Savannakhét,7472,,,
Vientiane [prefecture],7473,adm1,LA-VI,,,,,,,,0,0,,,Municipality|Prefecture,LAO,,LAO,LAO-3283,,Vientiane [prefecture],7473,,,
Vientiane,7474,adm1,LA-VI,,,,,,,,0,0,,,Province,LAO,,LAO,LAO-3284,,Vientiane,7474,,,
Xaignabouri,7475,adm1,LA-XA,,,,,,,,0,0,,,Province,LAO,,LAO,LAO-3278,,Xaignabouri,7475,,,
Xékong,7476,adm1,LA-XE,,,,,,,,0,0,,,Province,LAO,,LAO,LAO-3295,,Xékong,7476,,,
Xiangkhoang,7477,adm1,LA-XI,,,,,,,,0,0,,,Province,LAO,,LAO,LAO-3286,,Xiangkhoang,7477,,,
North Lebanon,7501,adm1,LB-AS,,,,,,,,0,0,,,Province,LBN,,LBN,LBN-3023,,North Lebanon,7501,,,
Beirut,7502,adm1,LB-BA,,,,,,,,0,0,,,Province,LBN,,LBN,LBN-3024,,Beirut,7502,,,
Beqaa,7503,adm1,LB-BI,,,,,,,,0,0,,,Province,LBN,,LBN,LBN-3022,,Beqaa,7503,,,
South Lebanon,7504,adm1,LB-JA,,,,,,,,0,0,,,Province,LBN,,LBN,LBN-3060,,South Lebanon,7504,,,
Mount Lebanon,7505,adm1,LB-JL,,,,,,,,0,0,,,Province,LBN,,LBN,LBN-3025,,Mount Lebanon,7505,,,
An Nabatiyah,7506,adm1,LB-NA,,,,,,,,0,0,,,Province,LBN,,LBN,LBN-3059,,An Nabatiyah,7506,,,
Bong,7521,adm1,LR-BG,,,,,,,,0,0,,,County,LBR,,LBR,LBR-784,,Bong,7521,,,
Bomi,7522,adm1,LR-BM,,,,,,,,0,0,,,County,LBR,,LBR,LBR-783,,Bomi,7522,,,
Grand Cape Mount,7523,adm1,LR-CM,,,,,,,,0,0,,,County,LBR,,LBR,LBR-786,,Grand Cape Mount,7523,,,
Grand Bassa,7524,adm1,LR-GB,,,,,,,,0,0,,,County,LBR,,LBR,LBR-785,,Grand Bassa,7524,,,
Grand Gedeh,7525,adm1,LR-GG,,,,,,,,0,0,,,County,LBR,,LBR,LBR-793,,Grand Gedeh,7525,,,
Grand Kru,7526,adm1,LR-GK,,,,,,,,0,0,,,County,LBR,,LBR,LBR-780,,Grand Kru,7526,,,
Lofa,7527,adm1,LR-LO,,,,,,,,0,0,,,County,LBR,,LBR,LBR-787,,Lofa,7527,,,
Margibi,7528,adm1,LR-MG,,,,,,,,0,0,,,County,LBR,,LBR,LBR-789,,Margibi,7528,,,
Montserrado,7529,adm1,LR-MO,,,,,,,,0,0,,,County,LBR,,LBR,LBR-788,,Montserrado,7529,,,
Maryland,7530,adm1,LR-MY,,,,,,,,0,0,,,County,LBR,,LBR,LBR-781,,Maryland,7530,,,
Nimba,7531,adm1,LR-NI,,,,,,,,0,0,,,County,LBR,,LBR,LBR-791,,Nimba,7531,,,
River Cess,7532,adm1,LR-RI,,,,,,,,0,0,,,County,LBR,,LBR,LBR-792,,River Cess,7532,,,
Sinoe,7533,adm1,LR-SI,,,,,,,,0,0,,,County,LBR,,LBR,LBR-782,,Sinoe,7533,,,
Gbapolu,7534,adm1,LR-X1~,,,,,,,,0,0,,,County,LBR,,LBR,LBR-1459,,Gbapolu,7534,,,
River Gee,7535,adm1,LR-X2~,,,,,,,,0,0,,,County,LBR,,LBR,LBR-1458,,River Gee,7535,,,
Ajdabiya,7561,adm1,LY-AJ,,,,,,,,0,0,,,Municipality|Governarate,LBY,,LBY,LBY-2983,,Ajdabiya,7561,,,
Benghazi,7562,adm1,LY-BA,,,,,,,,0,0,,,Municipality|Governarate,LBY,,LBY,LBY-2984,,Benghazi,7562,,,
Al Butnan,7563,adm1,LY-BU,,,,,,,,0,0,,,Municipality|Governarate,LBY,,LBY,LBY-2987,,Al Butnan,7563,,,
Ghadamis,7564,adm1,LY-GD,,,,,,,,0,0,,,Municipality|Governarate,LBY,,LBY,LBY-2882,,Ghadamis,7564,,,
Ghat,7565,adm1,LY-GT,,,,,,,,0,0,,,Municipality|Governarate,LBY,,LBY,LBY-2968,,Ghat,7565,,,
Al Jabal al Akhdar,7566,adm1,LY-JA,,,,,,,,0,0,,,Municipality|Governarate,LBY,,LBY,LBY-2982,,Al Jabal al Akhdar,7566,,,
Al Jifarah,7567,adm1,LY-JI,,,,,,,,0,0,,,Municipality|Governarate,LBY,,LBY,LBY-2973,,Al Jifarah,7567,,,
Al Jufrah,7568,adm1,LY-JU,,,,,,,,0,0,,,Municipality|Governarate,LBY,,LBY,LBY-2964,,Al Jufrah,7568,,,
Al Kufrah,7569,adm1,LY-KF,,,,,,,,0,0,,,Municipality|Governarate,LBY,,LBY,LBY-2965,,Al Kufrah,7569,,,
Al Marqab,7570,adm1,LY-MB,,,,,,,,0,0,,,Municipality|Governarate,LBY,,LBY,LBY-2966,,Al Marqab,7570,,,
Misratah,7571,adm1,LY-MI,,,,,,,,0,0,,,Municipality|Governarate,LBY,,LBY,LBY-2970,,Misratah,7571,,,
Al Marj,7572,adm1,LY-MJ,,,,,,,,0,0,,,Municipality|Governarate,LBY,,LBY,LBY-2981,,Al Marj,7572,,,
Murzuq,7573,adm1,LY-MQ,,,,,,,,0,0,,,Municipality|Governarate,LBY,,LBY,LBY-2969,,Murzuq,7573,,,
Mizdah,7574,adm1,LY-MZ,,,,,,,,0,0,,,Municipality|Governarate,LBY,,LBY,LBY-2976,,Mizdah,7574,,,
An Nuqat al Khams,7575,adm1,LY-NQ,,,,,,,,0,0,,,Municipality|Governarate,LBY,,LBY,LBY-2974,,An Nuqat al Khams,7575,,,
Al Qubbah,7576,adm1,LY-QB,,,,,,,,0,0,,,Municipality|Governarate,LBY,,LBY,LBY-2986,,Al Qubbah,7576,,,
Sabha,7577,adm1,LY-SB,,,,,,,,0,0,,,Municipality|Governarate,LBY,,LBY,LBY-2971,,Sabha,7577,,,
Surt,7578,adm1,LY-SR,,,,,,,,0,0,,,Municipality|Governarate,LBY,,LBY,LBY-2985,,Surt,7578,,,
Tajura' wa an Nawahi al Arba,7579,adm1,LY-TN,,,,,,,,0,0,,,Municipality|Governarate,LBY,,LBY,LBY-2978,,Tajura' wa an Nawahi al Arba,7579,,,
Wadi al Hayaa,7580,adm1,LY-WD,,,,,,,,0,0,,,Municipality|Governarate,LBY,,LBY,LBY-5488,,Wadi al Hayaa,7580,,,
Ash Shati',7581,adm1,LY-WS,,,,,,,,0,0,,,Municipality|Governarate,LBY,,LBY,LBY-2967,,Ash Shati',7581,,,
Az Zawiyah,7582,adm1,LY-ZA,,,,,,,,0,0,,,Municipality|Governarate,LBY,,LBY,LBY-2975,,Az Zawiyah,7582,,,
Anse-la-Raye,7601,adm1,LC-01,,,,,,,,0,0,,,Quarter,LCA,,LCA,LCA-5076,,Anse-la-Raye,7601,,,
Castries,7602,adm1,LC-02,,,,,,,,0,0,,,Quarter,LCA,,LCA,LCA-5077,,Castries,7602,,,
Choiseul,7603,adm1,LC-03,,,,,,,,0,0,,,Quarter,LCA,,LCA,LCA-5078,,Choiseul,7603,,,
Dauphin,7604,adm1,LC-04,,,,,,,,0,0,,,Quarter,LCA,,LCA,LCA-5079,,Dauphin,7604,,,
Dennery,7605,adm1,LC-05,,,,,,,,0,0,,,Quarter,LCA,,LCA,LCA-5080,,Dennery,7605,,,
Gros Islet,7606,adm1,LC-06,,,,,,,,0,0,,,Quarter,LCA,,LCA,LCA-5081,,Gros Islet,7606,,,
Laborie,7607,adm1,LC-07,,,,,,,,0,0,,,Quarter,LCA,,LCA,LCA-5082,,Laborie,7607,,,
Micoud,7608,adm1,LC-08,,,,,,,,0,0,,,Quarter,LCA,,LCA,LCA-5083,,Micoud,7608,,,
Praslin,7609,adm1,LC-09,,,,,,,,0,0,,,Quarter,LCA,,LCA,LCA-5084,,Praslin,7609,,,
Soufrière,7610,adm1,LC-10,,,,,,,,0,0,,,Quarter,LCA,,LCA,LCA-5085,,Soufrière,7610,,,
Vieux Fort,7611,adm1,LC-11,,,,,,,,0,0,,,Quarter,LCA,,LCA,LCA-5086,,Vieux Fort,7611,,,
Balzers,7641,adm1,LI-01,,,,,,,,0,0,,,,LIE,,LIE,LIE-4894,,Balzers,7641,,,
Eschen,7642,adm1,LI-02,,,,,,,,0,0,,,,LIE,,LIE,LIE-4902,,Eschen,7642,,,
Gamprin,7643,adm1,LI-03,,,,,,,,0,0,,,,LIE,,LIE,LIE-4897,,Gamprin,7643,,,
Mauren,7644,adm1,LI-04,,,,,,,,0,0,,,,LIE,,LIE,LIE-4900,,Mauren,7644,,,
Planken,7645,adm1,LI-05,,,,,,,,0,0,,,,LIE,,LIE,LIE-4901,,Planken,7645,,,
Ruggell,7646,adm1,LI-06,,,,,,,,0,0,,,,LIE,,LIE,LIE-4898,,Ruggell,7646,,,
Schaan,7647,adm1,LI-07,,,,,,,,0,0,,,,LIE,,LIE,LIE-4896,,Schaan,7647,,,
Schellenberg,7648,adm1,LI-08,,,,,,,,0,0,,,,LIE,,LIE,LIE-4899,,Schellenberg,7648,,,
Triesen,7649,adm1,LI-09,,,,,,,,0,0,,,,LIE,,LIE,LIE-4893,,Triesen,7649,,,
Triesenberg,7650,adm1,LI-10,,,,,,,,0,0,,,,LIE,,LIE,LIE-4892,,Triesenberg,7650,,,
Vaduz,7651,adm1,LI-11,,,,,,,,0,0,,,,LIE,,LIE,LIE-4895,,Vaduz,7651,,,
Kŏḷamba,7681,adm1,LK-11,,,,,,,,0,0,,,District,LKA,,LKA,LKA-2470,,Kŏḷamba,7681,,,
Gampaha,7682,adm1,LK-12,,,,,,,,0,0,,,District,LKA,,LKA,LKA-2471,,Gampaha,7682,,,
Kaḷutara,7683,adm1,LK-13,,,,,,,,0,0,,,District,LKA,,LKA,LKA-2472,,Kaḷutara,7683,,,
Mahanuvara,7684,adm1,LK-21,,,,,,,,0,0,,,District,LKA,,LKA,LKA-2448,,Mahanuvara,7684,,,
Mātale,7685,adm1,LK-22,,,,,,,,0,0,,,District,LKA,,LKA,LKA-2449,,Mātale,7685,,,
Nuvara Ĕliya,7686,adm1,LK-23,,,,,,,,0,0,,,District,LKA,,LKA,LKA-2450,,Nuvara Ĕliya,7686,,,
Gālla,7687,adm1,LK-31,,,,,,,,0,0,,,District,LKA,,LKA,LKA-2464,,Gālla,7687,,,
Mātara,7688,adm1,LK-32,,,,,,,,0,0,,,District,LKA,,LKA,LKA-2466,,Mātara,7688,,,
Hambantŏṭa,7689,adm1,LK-33,,,,,,,,0,0,,,District,LKA,,LKA,LKA-2465,,Hambantŏṭa,7689,,,
Yāpanaya,7690,adm1,LK-41,,,,,,,,0,0,,,District,LKA,,LKA,LKA-2459,,Yāpanaya,7690,,,
Kilinŏchchi,7691,adm1,LK-42,,,,,,,,0,0,,,District,LKA,,LKA,LKA-2460,,Kilinŏchchi,7691,,,
Mannārama,7692,adm1,LK-43,,,,,,,,0,0,,,District,LKA,,LKA,LKA-2457,,Mannārama,7692,,,
Vavuniyāva,7693,adm1,LK-44,,,,,,,,0,0,,,District,LKA,,LKA,LKA-2456,,Vavuniyāva,7693,,,
Mulativ,7694,adm1,LK-45,,,,,,,,0,0,,,District,LKA,,LKA,LKA-2458,,Mulativ,7694,,,
Maḍakalapuva,7695,adm1,LK-51,,,,,,,,0,0,,,District,LKA,,LKA,LKA-2452,,Maḍakalapuva,7695,,,
Ampāra,7696,adm1,LK-52,,,,,,,,0,0,,,District,LKA,,LKA,LKA-2451,,Ampāra,7696,,,
Trikuṇāmalaya,7697,adm1,LK-53,,,,,,,,0,0,,,District,LKA,,LKA,LKA-2454,,Trikuṇāmalaya,7697,,,
Kuruṇægala,7698,adm1,LK-61,,,,,,,,0,0,,,District,LKA,,LKA,LKA-2461,,Kuruṇægala,7698,,,
Puttalama,7699,adm1,LK-62,,,,,,,,0,0,,,District,LKA,,LKA,LKA-2462,,Puttalama,7699,,,
Anurādhapura,7700,adm1,LK-71,,,,,,,,0,0,,,District,LKA,,LKA,LKA-2455,,Anurādhapura,7700,,,
Pŏḷŏnnaruva,7701,adm1,LK-72,,,,,,,,0,0,,,District,LKA,,LKA,LKA-2453,,Pŏḷŏnnaruva,7701,,,
Badulla,7702,adm1,LK-81,,,,,,,,0,0,,,District,LKA,,LKA,LKA-2467,,Badulla,7702,,,
Mŏṇarāgala,7703,adm1,LK-82,,,,,,,,0,0,,,District,LKA,,LKA,LKA-2468,,Mŏṇarāgala,7703,,,
Ratnapura,7704,adm1,LK-91,,,,,,,,0,0,,,District,LKA,,LKA,LKA-2463,,Ratnapura,7704,,,
Kægalla,7705,adm1,LK-92,,,,,,,,0,0,,,District,LKA,,LKA,LKA-2469,,Kægalla,7705,,,
Maseru,7721,adm1,LS-A,,,,,,,,0,0,,,District,LSO,,LSO,LSO-1203,,Maseru,7721,,,
Butha-Buthe,7722,adm1,LS-B,,,,,,,,0,0,,,District,LSO,,LSO,LSO-1211,,Butha-Buthe,7722,,,
Leribe,7723,adm1,LS-C,,,,,,,,0,0,,,District,LSO,,LSO,LSO-1212,,Leribe,7723,,,
Berea,7724,adm1,LS-D,,,,,,,,0,0,,,District,LSO,,LSO,LSO-1202,,Berea,7724,,,
Mafeteng,7725,adm1,LS-E,,,,,,,,0,0,,,District,LSO,,LSO,LSO-3453,,Mafeteng,7725,,,
Mohale's Hoek,7726,adm1,LS-F,,,,,,,,0,0,,,District,LSO,,LSO,LSO-1204,,Mohale's Hoek,7726,,,
Quthing,7727,adm1,LS-G,,,,,,,,0,0,,,District,LSO,,LSO,LSO-1205,,Quthing,7727,,,
Qacha's Nek,7728,adm1,LS-H,,,,,,,,0,0,,,District,LSO,,LSO,LSO-1214,,Qacha's Nek,7728,,,
Mokhotlong,7729,adm1,LS-J,,,,,,,,0,0,,,District,LSO,,LSO,LSO-1213,,Mokhotlong,7729,,,
Thaba-Tseka,7730,adm1,LS-K,,,,,,,,0,0,,,District,LSO,,LSO,LSO-1215,,Thaba-Tseka,7730,,,
Alytaus,7761,adm1,LT-AL,,,,,,,,0,0,,,County,LTU,,LTU,LTU-1067,,Alytaus,7761,,,
Klaipedos,7762,adm1,LT-KL,,,,,,,,0,0,,,County,LTU,,LTU,LTU-935,,Klaipedos,7762,,,
Kauno,7763,adm1,LT-KU,,,,,,,,0,0,,,County,LTU,,LTU,LTU-1069,,Kauno,7763,,,
Marijampoles,7764,adm1,LT-MR,,,,,,,,0,0,,,County,LTU,,LTU,LTU-1070,,Marijampoles,7764,,,
Panevezio,7765,adm1,LT-PN,,,,,,,,0,0,,,County,LTU,,LTU,LTU-1071,,Panevezio,7765,,,
Šiauliai,7766,adm1,LT-SA,,,,,,,,0,0,,,County,LTU,,LTU,LTU-1072,,Šiauliai,7766,,,
Taurages,7767,adm1,LT-TA,,,,,,,,0,0,,,County,LTU,,LTU,LTU-1073,,Taurages,7767,,,
Telšiai,7768,adm1,LT-TE,,,,,,,,0,0,,,County,LTU,,LTU,LTU-936,,Telšiai,7768,,,
Utenos,7769,adm1,LT-UT,,,,,,,,0,0,,,County,LTU,,LTU,LTU-1074,,Utenos,7769,,,
Vilniaus,7770,adm1,LT-VL,,,,,,,,0,0,,,County,LTU,,LTU,LTU-1075,,Vilniaus,7770,,,
Diekirch,7801,adm1,LU-D,,,,,,,,0,0,,,District,LUX,,LUX,LUX-906,,Diekirch,7801,,,
Grevenmacher,7802,adm1,LU-G,,,,,,,,0,0,,,District,LUX,,LUX,LUX-907,,Grevenmacher,7802,,,
Luxembourg,7803,adm1,LU-L,,,,,,,,0,0,,,District,LUX,,LUX,LUX-908,,Luxembourg,7803,,,
Aglonas,7821,adm1,LV-001,,,,,,,,0,0,,,Municipality,LVA,,LVA,LVA-5748,,Aglonas,7821,,,
Aizkraukles,7822,adm1,LV-002,,,,,,,,0,0,,,Municipality,LVA,,LVA,LVA-5730,,Aizkraukles,7822,,,
Aizputes,7823,adm1,LV-003,,,,,,,,0,0,,,Municipality,LVA,,LVA,LVA-5714,,Aizputes,7823,,,
Aknistes,7824,adm1,LV-004,,,,,,,,0,0,,,Municipality,LVA,,LVA,LVA-5734,,Aknistes,7824,,,
Alojas,7825,adm1,LV-005,,,,,,,,0,0,,,Municipality,LVA,,LVA,LVA-5755,,Alojas,7825,,,
Alsungas,7826,adm1,LV-006,,,,,,,,0,0,,,Municipality,LVA,,LVA,LVA-5710,,Alsungas,7826,,,
Aluksne,7827,adm1,LV-007,,,,,,,,0,0,,,Municipality,LVA,,LVA,LVA-1076,,Aluksne,7827,,,
Amatas,7828,adm1,LV-008,,,,,,,,0,0,,,Municipality,LVA,,LVA,LVA-5781,,Amatas,7828,,,
Apes,7829,adm1,LV-009,,,,,,,,0,0,,,Municipality,LVA,,LVA,LVA-5782,,Apes,7829,,,
Auces,7830,adm1,LV-010,,,,,,,,0,0,,,Municipality,LVA,,LVA,LVA-5740,,Auces,7830,,,
Ādaži,7831,adm1,LV-011,,,,,,,,0,0,,,Municipality,LVA,,LVA,LVA-5754,,Ādaži,7831,,,
Babites,7832,adm1,LV-012,,,,,,,,0,0,,,Municipality,LVA,,LVA,LVA-5756,,Babites,7832,,,
Baldones,7833,adm1,LV-013,,,,,,,,0,0,,,Municipality,LVA,,LVA,LVA-5757,,Baldones,7833,,,
Baltinavas,7834,adm1,LV-014,,,,,,,,0,0,,,Municipality,LVA,,LVA,LVA-5743,,Baltinavas,7834,,,
Balvu,7835,adm1,LV-015,,,,,,,,0,0,,,Municipality,LVA,,LVA,LVA-1063,,Balvu,7835,,,
Bauska,7836,adm1,LV-016,,,,,,,,0,0,,,Municipality,LVA,,LVA,LVA-1079,,Bauska,7836,,,
Beverinas,7837,adm1,LV-017,,,,,,,,0,0,,,Municipality,LVA,,LVA,LVA-5783,,Beverinas,7837,,,
Brocenu,7838,adm1,LV-018,,,,,,,,0,0,,,Municipality,LVA,,LVA,LVA-5711,,Brocenu,7838,,,
Burtnieku,7839,adm1,LV-019,,,,,,,,0,0,,,Municipality,LVA,,LVA,LVA-5784,,Burtnieku,7839,,,
Carnikavas,7840,adm1,LV-020,,,,,,,,0,0,,,Municipality,LVA,,LVA,LVA-5758,,Carnikavas,7840,,,
Cesvaines,7841,adm1,LV-021,,,,,,,,0,0,,,Municipality,LVA,,LVA,LVA-5785,,Cesvaines,7841,,,
Cesu,7842,adm1,LV-022,,,,,,,,0,0,,,Municipality,LVA,,LVA,LVA-1080,,Cesu,7842,,,
Ciblas,7843,adm1,LV-023,,,,,,,,0,0,,,Municipality,LVA,,LVA,LVA-5745,,Ciblas,7843,,,
Dagdas,7844,adm1,LV-024,,,,,,,,0,0,,,Municipality,LVA,,LVA,LVA-5747,,Dagdas,7844,,,
Dobele,7845,adm1,LV-026,,,,,,,,0,0,,,Municipality,LVA,,LVA,LVA-1082,,Dobele,7845,,,
Dundagas,7846,adm1,LV-027,,,,,,,,0,0,,,Municipality,LVA,,LVA,LVA-5721,,Dundagas,7846,,,
Durbes,7847,adm1,LV-028,,,,,,,,0,0,,,Municipality,LVA,,LVA,LVA-5720,,Durbes,7847,,,
Engures,7848,adm1,LV-029,,,,,,,,0,0,,,Municipality,LVA,,LVA,LVA-5759,,Engures,7848,,,
Erglu,7849,adm1,LV-030,,,,,,,,0,0,,,Municipality,LVA,,LVA,LVA-5786,,Erglu,7849,,,
Garkalnes,7850,adm1,LV-031,,,,,,,,0,0,,,Municipality,LVA,,LVA,LVA-5760,,Garkalnes,7850,,,
Grobinas,7851,adm1,LV-032,,,,,,,,0,0,,,Municipality,LVA,,LVA,LVA-5716,,Grobinas,7851,,,
Gulbene,7852,adm1,LV-033,,,,,,,,0,0,,,Municipality,LVA,,LVA,LVA-1083,,Gulbene,7852,,,
Iecavas,7853,adm1,LV-034,,,,,,,,0,0,,,Municipality,LVA,,LVA,LVA-5736,,Iecavas,7853,,,
Ikskiles,7854,adm1,LV-035,,,,,,,,0,0,,,Municipality,LVA,,LVA,LVA-5761,,Ikskiles,7854,,,
Ilukstes,7855,adm1,LV-036,,,,,,,,0,0,,,Municipality,LVA,,LVA,LVA-5749,,Ilukstes,7855,,,
Incukalna,7856,adm1,LV-037,,,,,,,,0,0,,,Municipality,LVA,,LVA,LVA-5762,,Incukalna,7856,,,
Jaunjelgavas,7857,adm1,LV-038,,,,,,,,0,0,,,Municipality,LVA,,LVA,LVA-5732,,Jaunjelgavas,7857,,,
Jaunpiebalgas,7858,adm1,LV-039,,,,,,,,0,0,,,Municipality,LVA,,LVA,LVA-5787,,Jaunpiebalgas,7858,,,
Jaunpils,7859,adm1,LV-040,,,,,,,,0,0,,,Municipality,LVA,,LVA,LVA-5763,,Jaunpils,7859,,,
Kandavas,7860,adm1,LV-043,,,,,,,,0,0,,,Municipality,LVA,,LVA,LVA-5765,,Kandavas,7860,,,
Karsavas,7861,adm1,LV-044,,,,,,,,0,0,,,Municipality,LVA,,LVA,LVA-5744,,Karsavas,7861,,,
Kocenu,7862,adm1,LV-045,,,,,,,,0,0,,,Municipality,LVA,,LVA,LVA-5788,,Kocenu,7862,,,
Kokneses,7863,adm1,LV-046,,,,,,,,0,0,,,Municipality,LVA,,LVA,LVA-5729,,Kokneses,7863,,,
Kraslavas,7864,adm1,LV-047,,,,,,,,0,0,,,Municipality,LVA,,LVA,LVA-1064,,Kraslavas,7864,,,
Krimuldas,7865,adm1,LV-048,,,,,,,,0,0,,,Municipality,LVA,,LVA,LVA-5768,,Krimuldas,7865,,,
Krustpils,7866,adm1,LV-049,,,,,,,,0,0,,,Municipality,LVA,,LVA,LVA-5726,,Krustpils,7866,,,
Kuldigas,7867,adm1,LV-050,,,,,,,,0,0,,,Municipality,LVA,,LVA,LVA-5709,,Kuldigas,7867,,,
Keguma,7868,adm1,LV-051,,,,,,,,0,0,,,Municipality,LVA,,LVA,LVA-5766,,Keguma,7868,,,
Kekavas,7869,adm1,LV-052,,,,,,,,0,0,,,Municipality,LVA,,LVA,LVA-5767,,Kekavas,7869,,,
Lielvardes,7870,adm1,LV-053,,,,,,,,0,0,,,Municipality,LVA,,LVA,LVA-5769,,Lielvardes,7870,,,
Limbaži,7871,adm1,LV-054,,,,,,,,0,0,,,Municipality,LVA,,LVA,LVA-1086,,Limbaži,7871,,,
Ligatnes,7872,adm1,LV-055,,,,,,,,0,0,,,Municipality,LVA,,LVA,LVA-5789,,Ligatnes,7872,,,
Livanu,7873,adm1,LV-056,,,,,,,,0,0,,,Municipality,LVA,,LVA,LVA-5750,,Livanu,7873,,,
Lubanas,7874,adm1,LV-057,,,,,,,,0,0,,,Municipality,LVA,,LVA,LVA-5790,,Lubanas,7874,,,
Ludzas,7875,adm1,LV-058,,,,,,,,0,0,,,Municipality,LVA,,LVA,LVA-1065,,Ludzas,7875,,,
Madona,7876,adm1,LV-059,,,,,,,,0,0,,,Municipality,LVA,,LVA,LVA-1087,,Madona,7876,,,
Mazsalacas,7877,adm1,LV-060,,,,,,,,0,0,,,Municipality,LVA,,LVA,LVA-5791,,Mazsalacas,7877,,,
Malpils,7878,adm1,LV-061,,,,,,,,0,0,,,Municipality,LVA,,LVA,LVA-5770,,Malpils,7878,,,
Marupes,7879,adm1,LV-062,,,,,,,,0,0,,,Municipality,LVA,,LVA,LVA-5771,,Marupes,7879,,,
Mersraga,7880,adm1,LV-063,,,,,,,,0,0,,,Municipality,LVA,,LVA,LVA-5723,,Mersraga,7880,,,
Nauksenu,7881,adm1,LV-064,,,,,,,,0,0,,,Municipality,LVA,,LVA,LVA-5792,,Nauksenu,7881,,,
Neretas,7882,adm1,LV-065,,,,,,,,0,0,,,Municipality,LVA,,LVA,LVA-5724,,Neretas,7882,,,
Nicas,7883,adm1,LV-066,,,,,,,,0,0,,,Municipality,LVA,,LVA,LVA-5717,,Nicas,7883,,,
Ogre,7884,adm1,LV-067,,,,,,,,0,0,,,Municipality,LVA,,LVA,LVA-1088,,Ogre,7884,,,
Olaines,7885,adm1,LV-068,,,,,,,,0,0,,,Municipality,LVA,,LVA,LVA-5772,,Olaines,7885,,,
Ozolnieku,7886,adm1,LV-069,,,,,,,,0,0,,,Municipality,LVA,,LVA,LVA-5737,,Ozolnieku,7886,,,
Pargaujas,7887,adm1,LV-070,,,,,,,,0,0,,,Municipality,LVA,,LVA,LVA-5793,,Pargaujas,7887,,,
Pavilostas,7888,adm1,LV-071,,,,,,,,0,0,,,Municipality,LVA,,LVA,LVA-5719,,Pavilostas,7888,,,
Plavinu,7889,adm1,LV-072,,,,,,,,0,0,,,Municipality,LVA,,LVA,LVA-5728,,Plavinu,7889,,,
Preilu,7890,adm1,LV-073,,,,,,,,0,0,,,Municipality,LVA,,LVA,LVA-1089,,Preilu,7890,,,
Priekules,7891,adm1,LV-074,,,,,,,,0,0,,,Municipality,LVA,,LVA,LVA-5715,,Priekules,7891,,,
Priekulu,7892,adm1,LV-075,,,,,,,,0,0,,,Municipality,LVA,,LVA,LVA-5794,,Priekulu,7892,,,
Raunas,7893,adm1,LV-076,,,,,,,,0,0,,,Municipality,LVA,,LVA,LVA-5799,,Raunas,7893,,,
Riebinu,7894,adm1,LV-078,,,,,,,,0,0,,,Municipality,LVA,,LVA,LVA-5752,,Riebinu,7894,,,
Rojas,7895,adm1,LV-079,,,,,,,,0,0,,,Municipality,LVA,,LVA,LVA-5722,,Rojas,7895,,,
Ropazu,7896,adm1,LV-080,,,,,,,,0,0,,,Municipality,LVA,,LVA,LVA-5773,,Ropazu,7896,,,
Rucavas,7897,adm1,LV-081,,,,,,,,0,0,,,Municipality,LVA,,LVA,LVA-5718,,Rucavas,7897,,,
Rugaju,7898,adm1,LV-082,,,,,,,,0,0,,,Municipality,LVA,,LVA,LVA-5741,,Rugaju,7898,,,
Rundales,7899,adm1,LV-083,,,,,,,,0,0,,,Municipality,LVA,,LVA,LVA-5738,,Rundales,7899,,,
Rujienas,7900,adm1,LV-084,,,,,,,,0,0,,,Municipality,LVA,,LVA,LVA-5796,,Rujienas,7900,,,
Salacgrivas,7901,adm1,LV-085,,,,,,,,0,0,,,Municipality,LVA,,LVA,LVA-5774,,Salacgrivas,7901,,,
Salas,7902,adm1,LV-086,,,,,,,,0,0,,,Municipality,LVA,,LVA,LVA-5727,,Salas,7902,,,
Salaspils,7903,adm1,LV-087,,,,,,,,0,0,,,Municipality,LVA,,LVA,LVA-5775,,Salaspils,7903,,,
Saldus,7904,adm1,LV-088,,,,,,,,0,0,,,Municipality,LVA,,LVA,LVA-1068,,Saldus,7904,,,
Saulkrastu,7905,adm1,LV-089,,,,,,,,0,0,,,Municipality,LVA,,LVA,LVA-5776,,Saulkrastu,7905,,,
Sejas,7906,adm1,LV-090,,,,,,,,0,0,,,Municipality,LVA,,LVA,LVA-5777,,Sejas,7906,,,
Siguldas,7907,adm1,LV-091,,,,,,,,0,0,,,Municipality,LVA,,LVA,LVA-5778,,Siguldas,7907,,,
Skriveru,7908,adm1,LV-092,,,,,,,,0,0,,,Municipality,LVA,,LVA,LVA-5731,,Skriveru,7908,,,
Skrundas,7909,adm1,LV-093,,,,,,,,0,0,,,Municipality,LVA,,LVA,LVA-5712,,Skrundas,7909,,,
Smiltenes,7910,adm1,LV-094,,,,,,,,0,0,,,Municipality,LVA,,LVA,LVA-5798,,Smiltenes,7910,,,
Stopinu,7911,adm1,LV-095,,,,,,,,0,0,,,Municipality,LVA,,LVA,LVA-5780,,Stopinu,7911,,,
Strencu,7912,adm1,LV-096,,,,,,,,0,0,,,Municipality,LVA,,LVA,LVA-5795,,Strencu,7912,,,
Talsi,7913,adm1,LV-097,,,,,,,,0,0,,,Municipality,LVA,,LVA,LVA-1091,,Talsi,7913,,,
Tervetes,7914,adm1,LV-098,,,,,,,,0,0,,,Municipality,LVA,,LVA,LVA-5739,,Tervetes,7914,,,
Tukums,7915,adm1,LV-099,,,,,,,,0,0,,,Municipality,LVA,,LVA,LVA-1092,,Tukums,7915,,,
Vainodes,7916,adm1,LV-100,,,,,,,,0,0,,,Municipality,LVA,,LVA,LVA-5713,,Vainodes,7916,,,
Valkas,7917,adm1,LV-101,,,,,,,,0,0,,,Municipality,LVA,,LVA,LVA-1077,,Valkas,7917,,,
Varaklanu,7918,adm1,LV-102,,,,,,,,0,0,,,Municipality,LVA,,LVA,LVA-5800,,Varaklanu,7918,,,
Varkavas,7919,adm1,LV-103,,,,,,,,0,0,,,Municipality,LVA,,LVA,LVA-5751,,Varkavas,7919,,,
Vecpiebalgas,7920,adm1,LV-104,,,,,,,,0,0,,,Municipality,LVA,,LVA,LVA-5797,,Vecpiebalgas,7920,,,
Vecumnieku,7921,adm1,LV-105,,,,,,,,0,0,,,Municipality,LVA,,LVA,LVA-5735,,Vecumnieku,7921,,,
Viesites,7922,adm1,LV-107,,,,,,,,0,0,,,Municipality,LVA,,LVA,LVA-5733,,Viesites,7922,,,
Vilakas,7923,adm1,LV-108,,,,,,,,0,0,,,Municipality,LVA,,LVA,LVA-5742,,Vilakas,7923,,,
Vilanu,7924,adm1,LV-109,,,,,,,,0,0,,,Municipality,LVA,,LVA,LVA-5753,,Vilanu,7924,,,
Zilupes,7925,adm1,LV-110,,,,,,,,0,0,,,Municipality,LVA,,LVA,LVA-5746,,Zilupes,7925,,,
Daugavpils,7926,adm1,LV-DGV,,,,,,,,0,0,,,Municipality,LVA,,LVA,LVA-1081,,Daugavpils,7926,,,
Daugavpils,7927,adm1,LV-DGV,,,,,,,,0,0,,,Republican City,LVA,,LVA,LVA-4850,,Daugavpils,7927,,,
Jelgava,7928,adm1,LV-JEL,,,,,,,,0,0,,,Municipality,LVA,,LVA,LVA-1084,,Jelgava,7928,,,
Jelgava,7929,adm1,LV-JEL,,,,,,,,0,0,,,Republican City,LVA,,LVA,LVA-4849,,Jelgava,7929,,,
Jekabpils,7930,adm1,LV-JKB,,,,,,,,0,0,,,Municipality,LVA,,LVA,LVA-5725,,Jekabpils,7930,,,
Jekabpils,7931,adm1,LV-JKB,,,,,,,,0,0,,,Republican City,LVA,,LVA,LVA-1085,,Jekabpils,7931,,,
Jurmala,7932,adm1,LV-JUR,,,,,,,,0,0,,,Republican City,LVA,,LVA,LVA-5764,,Jurmala,7932,,,
Liepāja,7933,adm1,LV-LPX,,,,,,,,0,0,,,Republican City,LVA,,LVA,LVA-4848,,Liepāja,7933,,,
Rezeknes,7934,adm1,LV-REZ,,,,,,,,0,0,,,Municipality,LVA,,LVA,LVA-1066,,Rezeknes,7934,,,
Rezekne,7935,adm1,LV-REZ,,,,,,,,0,0,,,Republican City,LVA,,LVA,LVA-4851,,Rezekne,7935,,,
Riga,7936,adm1,LV-RIX,,,,,,,,0,0,,,Republican City,LVA,,LVA,LVA-1094,,Riga,7936,,,
Ventspils,7937,adm1,LV-VEN,,,,,,,,0,0,,,Municipality,LVA,,LVA,LVA-934,,Ventspils,7937,,,
Ventspils,7938,adm1,LV-VEN,,,,,,,,0,0,,,Republican City,LVA,,LVA,LVA-4852,,Ventspils,7938,,,
Valmiera,7939,adm1,LV-VMR,,,,,,,,0,0,,,Republican City,LVA,,LVA,LVA-1093,,Valmiera,7939,,,
Tanger - Tétouan,7961,adm1,MA-01,,,,,,,,0,0,,,Region,MAR,,MAR,MAR-1445,,Tanger - Tétouan,7961,,,
Gharb - Chrarda - Béni Hssen,7962,adm1,MA-02,,,,,,,,0,0,,,Region,MAR,,MAR,MAR-1448,,Gharb - Chrarda - Béni Hssen,7962,,,
Taza - Al Hoceima - Taounate,7963,adm1,MA-03,,,,,,,,0,0,,,Region,MAR,,MAR,MAR-1447,,Taza - Al Hoceima - Taounate,7963,,,
Oriental,7964,adm1,MA-04,,,,,,,,0,0,,,Region,MAR,,MAR,MAR-1454,,Oriental,7964,,,
Fès - Boulemane,7965,adm1,MA-05,,,,,,,,0,0,,,Region,MAR,,MAR,MAR-1446,,Fès - Boulemane,7965,,,
Meknès - Tafilalet,7966,adm1,MA-06,,,,,,,,0,0,,,Region,MAR,,MAR,MAR-1452,,Meknès - Tafilalet,7966,,,
Rabat - Salé - Zemmour - Zaer,7967,adm1,MA-07,,,,,,,,0,0,,,Region,MAR,,MAR,MAR-1451,,Rabat - Salé - Zemmour - Zaer,7967,,,
Grand Casablanca,7968,adm1,MA-08,,,,,,,,0,0,,,Region,MAR,,MAR,MAR-1450,,Grand Casablanca,7968,,,
Chaouia - Ouardigha,7969,adm1,MA-09,,,,,,,,0,0,,,Region,MAR,,MAR,MAR-1449,,Chaouia - Ouardigha,7969,,,
Doukkala - Abda,7970,adm1,MA-10,,,,,,,,0,0,,,Region,MAR,,MAR,MAR-1457,,Doukkala - Abda,7970,,,
Marrakech - Tensift - Al Haouz,7971,adm1,MA-11,,,,,,,,0,0,,,Region,MAR,,MAR,MAR-1456,,Marrakech - Tensift - Al Haouz,7971,,,
Tadla - Azilal,7972,adm1,MA-12,,,,,,,,0,0,,,Region,MAR,,MAR,MAR-1453,,Tadla - Azilal,7972,,,
Souss - Massa - Draâ,7973,adm1,MA-13,,,,,,,,0,0,,,Region,MAR,,MAR,MAR-1455,,Souss - Massa - Draâ,7973,,,
Guelmim - Es-Semara,7974,adm1,MA-14,,,,,,,,0,0,,,Region,MAR,,MAR,MAR-3457,,Guelmim - Es-Semara,7974,,,
Laâyoune - Boujdour - Sakia El Hamra,7975,adm1,MA-15,,,,,,,,0,0,,,Region,MAR,,MAR,MAR-3456,,Laâyoune - Boujdour - Sakia El Hamra,7975,,,
Oued el Dahab,7976,adm1,MA-16,,,,,,,,0,0,,,Region,MAR,,MAR,MAR-3469,,Oued el Dahab,7976,,,
Monaco,8001,adm1,MC-X01~,,,,,,,,0,0,,,,MCO,,MCO,MCO+00?,,Monaco,8001,,,
Anenii Noi,8021,adm1,MD-AN,,,,,,,,0,0,,,District,MDA,,MDA,MDA-1629,,Anenii Noi,8021,,,
Bălţi,8022,adm1,MD-BA,,,,,,,,0,0,,,City,MDA,,MDA,MDA-1618,,Bălţi,8022,,,
Bender,8023,adm1,MD-BD,,,,,,,,0,0,,,City,MDA,,MDA,MDA-1650,,Bender,8023,,,
Briceni,8024,adm1,MD-BR,,,,,,,,0,0,,,District,MDA,,MDA,MDA-1613,,Briceni,8024,,,
Basarabeasca,8025,adm1,MD-BS,,,,,,,,0,0,,,District,MDA,,MDA,MDA-1630,,Basarabeasca,8025,,,
Cahul,8026,adm1,MD-CA,,,,,,,,0,0,,,District,MDA,,MDA,MDA-1624,,Cahul,8026,,,
Camenca,8027,adm1,MD-CAM,,,,,,,,0,0,,,District,MDA,,MDA,MDA-1652,,Camenca,8027,,,
Călărași,8028,adm1,MD-CL,,,,,,,,0,0,,,District,MDA,,MDA,MDA-1632,,Călărași,8028,,,
Cimişlia,8029,adm1,MD-CM,,,,,,,,0,0,,,District,MDA,,MDA,MDA-1633,,Cimişlia,8029,,,
Criuleni,8030,adm1,MD-CR,,,,,,,,0,0,,,District,MDA,,MDA,MDA-1634,,Criuleni,8030,,,
Causeni,8031,adm1,MD-CS,,,,,,,,0,0,,,District,MDA,,MDA,MDA-1649,,Causeni,8031,,,
Cantemir,8032,adm1,MD-CT,,,,,,,,0,0,,,District,MDA,,MDA,MDA-1631,,Cantemir,8032,,,
Chişinău,8033,adm1,MD-CU,,,,,,,,0,0,,,City,MDA,,MDA,MDA-1627,,Chişinău,8033,,,
Donduseni,8034,adm1,MD-DO,,,,,,,,0,0,,,District,MDA,,MDA,MDA-1614,,Donduseni,8034,,,
Drochia,8035,adm1,MD-DR,,,,,,,,0,0,,,District,MDA,,MDA,MDA-1619,,Drochia,8035,,,
Edineţ,8036,adm1,MD-ED,,,,,,,,0,0,,,District,MDA,,MDA,MDA-1615,,Edineţ,8036,,,
Făleşti,8037,adm1,MD-FA,,,,,,,,0,0,,,District,MDA,,MDA,MDA-1620,,Făleşti,8037,,,
Floreşti,8038,adm1,MD-FL,,,,,,,,0,0,,,District,MDA,,MDA,MDA-1635,,Floreşti,8038,,,
Comrat,8039,adm1,MD-GA,,,,,,,,0,0,,,Autonomous Territory,MDA,,MDA,MDA-1626,,Comrat,8039,,,
Glodeni,8040,adm1,MD-GL,,,,,,,,0,0,,,District,MDA,,MDA,MDA-1621,,Glodeni,8040,,,
Grigoriopol,8041,adm1,MD-GRI,,,,,,,,0,0,,,Territorial Unit,MDA,,MDA,MDA-1637,,Grigoriopol,8041,,,
Hîncesti,8042,adm1,MD-HI,,,,,,,,0,0,,,District,MDA,,MDA,MDA-1639,,Hîncesti,8042,,,
Ialoveni,8043,adm1,MD-IA,,,,,,,,0,0,,,District,MDA,,MDA,MDA-1640,,Ialoveni,8043,,,
Leova,8044,adm1,MD-LE,,,,,,,,0,0,,,District,MDA,,MDA,MDA-1641,,Leova,8044,,,
Nisporeni,8045,adm1,MD-NI,,,,,,,,0,0,,,District,MDA,,MDA,MDA-1642,,Nisporeni,8045,,,
Ocniţa,8046,adm1,MD-OC,,,,,,,,0,0,,,District,MDA,,MDA,MDA-1616,,Ocniţa,8046,,,
Orhei,8047,adm1,MD-OR,,,,,,,,0,0,,,District,MDA,,MDA,MDA-1643,,Orhei,8047,,,
Rezina,8048,adm1,MD-RE,,,,,,,,0,0,,,District,MDA,,MDA,MDA-1645,,Rezina,8048,,,
Rezina,8049,adm1,MD-RE,,,,,,,,0,0,,,District,MDA,,MDA,MDA-1644,,Rezina,8049,,,
Rîşcani,8050,adm1,MD-RI,,,,,,,,0,0,,,District,MDA,,MDA,MDA-1617,,Rîşcani,8050,,,
Şoldăneşti,8051,adm1,MD-SD,,,,,,,,0,0,,,District,MDA,,MDA,MDA-1646,,Şoldăneşti,8051,,,
Sîngerei,8052,adm1,MD-SI,,,,,,,,0,0,,,District,MDA,,MDA,MDA-1622,,Sîngerei,8052,,,
Stîngă Nistrului,8053,adm1,MD-SN,,,,,,,,0,0,,,District,MDA,,MDA,MDA-1628,,Stîngă Nistrului,8053,,,
Transnistria,8054,adm1,MD-SN,,,,,,,,0,0,,,District,MDA,,MDA,MDA-1638,,Transnistria,8054,,,
Soroca,8055,adm1,MD-SO,,,,,,,,0,0,,,District,MDA,,MDA,MDA-1653,,Soroca,8055,,,
Străşeni,8056,adm1,MD-ST,,,,,,,,0,0,,,District,MDA,,MDA,MDA-1647,,Străşeni,8056,,,
Ștefan Vodă,8057,adm1,MD-SV,,,,,,,,0,0,,,District,MDA,,MDA,MDA-1651,,Ștefan Vodă,8057,,,
Taraclia,8058,adm1,MD-TA,,,,,,,,0,0,,,District,MDA,,MDA,MDA-1625,,Taraclia,8058,,,
Teleneşti,8059,adm1,MD-TE,,,,,,,,0,0,,,District,MDA,,MDA,MDA-1648,,Teleneşti,8059,,,
Ungheni,8060,adm1,MD-UN,,,,,,,,0,0,,,District,MDA,,MDA,MDA-1623,,Ungheni,8060,,,
Analanjirofo,8081,adm1,MG-A,,,,,,,,0,0,,,Autonomous Province,MDG,,MDG,MDG-5863,,Analanjirofo,8081,,,
Atsinanana,8082,adm1,MG-A,,,,,,,,0,0,,,Autonomous Province,MDG,,MDG,MDG-5868,,Atsinanana,8082,,,
Alaotra-Mangoro,8083,adm1,MG-A,,,,,,,,0,0,,,Autonomous Province,MDG,,MDG,MDG-5860,,Alaotra-Mangoro,8083,,,
Diana,8084,adm1,MG-D,,,,,,,,0,0,,,Autonomous Province,MDG,,MDG,MDG-5872,,Diana,8084,,,
Sava,8085,adm1,MG-D,,,,,,,,0,0,,,Autonomous Province,MDG,,MDG,MDG-5879,,Sava,8085,,,
Vatovavy-Fitovinany,8086,adm1,MG-F,,,,,,,,0,0,,,Autonomous Province,MDG,,MDG,MDG-5882,,Vatovavy-Fitovinany,8086,,,
Atsimo-Atsinanana,8087,adm1,MG-F,,,,,,,,0,0,,,Autonomous Province,MDG,,MDG,MDG-5867,,Atsimo-Atsinanana,8087,,,
Amoron'i Mania,8088,adm1,MG-F,,,,,,,,0,0,,,Autonomous Province,MDG,,MDG,MDG-5861,,Amoron'i Mania,8088,,,
Ihorombe,8089,adm1,MG-F,,,,,,,,0,0,,,Autonomous Province,MDG,,MDG,MDG-5874,,Ihorombe,8089,,,
Haute Matsiatra,8090,adm1,MG-F,,,,,,,,0,0,,,Autonomous Province,MDG,,MDG,MDG-5873,,Haute Matsiatra,8090,,,
Boeny,8091,adm1,MG-M,,,,,,,,0,0,,,Autonomous Province,MDG,,MDG,MDG-5870,,Boeny,8091,,,
Sofia,8092,adm1,MG-M,,,,,,,,0,0,,,Autonomous Province,MDG,,MDG,MDG-5880,,Sofia,8092,,,
Melaky,8093,adm1,MG-M,,,,,,,,0,0,,,Autonomous Province,MDG,,MDG,MDG-5876,,Melaky,8093,,,
Betsiboka,8094,adm1,MG-M,,,,,,,,0,0,,,Autonomous Province,MDG,,MDG,MDG-5869,,Betsiboka,8094,,,
Analamanga,8095,adm1,MG-T,,,,,,,,0,0,,,Autonomous Province,MDG,,MDG,MDG-5862,,Analamanga,8095,,,
Bongolava,8096,adm1,MG-T,,,,,,,,0,0,,,Autonomous Province,MDG,,MDG,MDG-5871,,Bongolava,8096,,,
Vakinankaratra,8097,adm1,MG-T,,,,,,,,0,0,,,Autonomous Province,MDG,,MDG,MDG-5881,,Vakinankaratra,8097,,,
Itasy,8098,adm1,MG-T,,,,,,,,0,0,,,Autonomous Province,MDG,,MDG,MDG-5875,,Itasy,8098,,,
Anosy,8099,adm1,MG-U,,,,,,,,0,0,,,Autonomous Province,MDG,,MDG,MDG-5865,,Anosy,8099,,,
Androy,8100,adm1,MG-U,,,,,,,,0,0,,,Autonomous Province,MDG,,MDG,MDG-5864,,Androy,8100,,,
Atsimo-Andrefana,8101,adm1,MG-U,,,,,,,,0,0,,,Autonomous Province,MDG,,MDG,MDG-5866,,Atsimo-Andrefana,8101,,,
Menabe,8102,adm1,MG-U,,,,,,,,0,0,,,Autonomous Province,MDG,,MDG,MDG-5878,,Menabe,8102,,,
Alifu Dhaalu,8121,adm1,MV-00,,,,,,,,0,0,,,Atoll,MDV,,MDV,MDV-5232,,Alifu Dhaalu,8121,,,
Addu,8122,adm1,MV-01,,,,,,,,0,0,,,City,MDV,,MDV,MDV-5243,,Addu,8122,,,
Alifu Alifu,8123,adm1,MV-02,,,,,,,,0,0,,,Atoll,MDV,,MDV,MDV-5231,,Alifu Alifu,8123,,,
Lhaviyani,8124,adm1,MV-03,,,,,,,,0,0,,,Atoll,MDV,,MDV,MDV-5229,,Lhaviyani,8124,,,
Vaavu,8125,adm1,MV-04,,,,,,,,0,0,,,Atoll,MDV,,MDV,MDV-5235,,Vaavu,8125,,,
Laamu,8126,adm1,MV-05,,,,,,,,0,0,,,Atoll,MDV,,MDV,MDV-5239,,Laamu,8126,,,
Haa Alifu,8127,adm1,MV-07,,,,,,,,0,0,,,Atoll,MDV,,MDV,MDV-5223,,Haa Alifu,8127,,,
Thaa,8128,adm1,MV-08,,,,,,,,0,0,,,Atoll,MDV,,MDV,MDV-5238,,Thaa,8128,,,
Meemu,8129,adm1,MV-12,,,,,,,,0,0,,,Atoll,MDV,,MDV,MDV-5236,,Meemu,8129,,,
Malé,8130,adm1,MV-12,,,,,,,,0,0,,,Capital,MDV,,MDV,MDV-5234,,Malé,8130,,,
Raa,8131,adm1,MV-13,,,,,,,,0,0,,,Atoll,MDV,,MDV,MDV-5226,,Raa,8131,,,
Faafu,8132,adm1,MV-14,,,,,,,,0,0,,,Atoll,MDV,,MDV,MDV-5233,,Faafu,8132,,,
Dhaalu,8133,adm1,MV-17,,,,,,,,0,0,,,Atoll,MDV,,MDV,MDV-5237,,Dhaalu,8133,,,
Baa,8134,adm1,MV-20,,,,,,,,0,0,,,Atoll,MDV,,MDV,MDV-5228,,Baa,8134,,,
Haa Dhaalu,8135,adm1,MV-23,,,,,,,,0,0,,,Atoll,MDV,,MDV,MDV-5224,,Haa Dhaalu,8135,,,
Shaviyani,8136,adm1,MV-24,,,,,,,,0,0,,,Atoll,MDV,,MDV,MDV-5225,,Shaviyani,8136,,,
Noonu,8137,adm1,MV-25,,,,,,,,0,0,,,Atoll,MDV,,MDV,MDV-5227,,Noonu,8137,,,
Kaafu,8138,adm1,MV-26,,,,,,,,0,0,,,Atoll,MDV,,MDV,MDV-5230,,Kaafu,8138,,,
Gaafu Alifu,8139,adm1,MV-27,,,,,,,,0,0,,,Atoll,MDV,,MDV,MDV-5240,,Gaafu Alifu,8139,,,
Gaafu Dhaalu,8140,adm1,MV-28,,,,,,,,0,0,,,Atoll,MDV,,MDV,MDV-5241,,Gaafu Dhaalu,8140,,,
Gnaviyani,8141,adm1,MV-29,,,,,,,,0,0,,,Atoll,MDV,,MDV,MDV-5242,,Gnaviyani,8141,,,
Aguascalientes,8161,adm1,MX-AGU,,,,,,,,0,0,,,State,MEX,,MEX,MEX-2717,,Aguascalientes,8161,,,
Baja California,8162,adm1,MX-BCN,,,,,,,,0,0,,,State,MEX,,MEX,MEX-2706,,Baja California,8162,,,
Baja California Sur,8163,adm1,MX-BCS,,,,,,,,0,0,,,State,MEX,,MEX,MEX-2707,,Baja California Sur,8163,,,
Campeche,8164,adm1,MX-CAM,,,,,,,,0,0,,,State,MEX,,MEX,MEX-2722,,Campeche,8164,,,
Chihuahua,8165,adm1,MX-CHH,,,,,,,,0,0,,,State,MEX,,MEX,MEX-2709,,Chihuahua,8165,,,
Chiapas,8166,adm1,MX-CHP,,,,,,,,0,0,,,State,MEX,,MEX,MEX-2735,,Chiapas,8166,,,
Coahuila,8167,adm1,MX-COA,,,,,,,,0,0,,,State,MEX,,MEX,MEX-2708,,Coahuila,8167,,,
Colima,8168,adm1,MX-COL,,,,,,,,0,0,,,State,MEX,,MEX,MEX-2718,,Colima,8168,,,
Distrito Federal,8169,adm1,MX-DIF,,,,,,,,0,0,,,Federal District,MEX,,MEX,MEX-2727,,Distrito Federal,8169,,,
Durango,8170,adm1,MX-DUR,,,,,,,,0,0,,,State,MEX,,MEX,MEX-2710,,Durango,8170,,,
Guerrero,8171,adm1,MX-GRO,,,,,,,,0,0,,,State,MEX,,MEX,MEX-2729,,Guerrero,8171,,,
Guanajuato,8172,adm1,MX-GUA,,,,,,,,0,0,,,State,MEX,,MEX,MEX-2728,,Guanajuato,8172,,,
Hidalgo,8173,adm1,MX-HID,,,,,,,,0,0,,,State,MEX,,MEX,MEX-2730,,Hidalgo,8173,,,
Jalisco,8174,adm1,MX-JAL,,,,,,,,0,0,,,State,MEX,,MEX,MEX-2719,,Jalisco,8174,,,
México,8175,adm1,MX-MEX,,,,,,,,0,0,,,State,MEX,,MEX,MEX-2731,,México,8175,,,
Michoacán,8176,adm1,MX-MIC,,,,,,,,0,0,,,State,MEX,,MEX,MEX-2720,,Michoacán,8176,,,
Morelos,8177,adm1,MX-MOR,,,,,,,,0,0,,,State,MEX,,MEX,MEX-2732,,Morelos,8177,,,
Nayarit,8178,adm1,MX-NAY,,,,,,,,0,0,,,State,MEX,,MEX,MEX-2721,,Nayarit,8178,,,
Nuevo León,8179,adm1,MX-NLE,,,,,,,,0,0,,,State,MEX,,MEX,MEX-2714,,Nuevo León,8179,,,
Oaxaca,8180,adm1,MX-OAX,,,,,,,,0,0,,,State,MEX,,MEX,MEX-2723,,Oaxaca,8180,,,
Puebla,8181,adm1,MX-PUE,,,,,,,,0,0,,,State,MEX,,MEX,MEX-2724,,Puebla,8181,,,
Querétaro,8182,adm1,MX-QUE,,,,,,,,0,0,,,State,MEX,,MEX,MEX-2733,,Querétaro,8182,,,
Quintana Roo,8183,adm1,MX-ROO,,,,,,,,0,0,,,State,MEX,,MEX,MEX-2736,,Quintana Roo,8183,,,
Sinaloa,8184,adm1,MX-SIN,,,,,,,,0,0,,,State,MEX,,MEX,MEX-2711,,Sinaloa,8184,,,
San Luis Potosí,8185,adm1,MX-SLP,,,,,,,,0,0,,,State,MEX,,MEX,MEX-2715,,San Luis Potosí,8185,,,
Sonora,8186,adm1,MX-SON,,,,,,,,0,0,,,State,MEX,,MEX,MEX-2712,,Sonora,8186,,,
Tabasco,8187,adm1,MX-TAB,,,,,,,,0,0,,,State,MEX,,MEX,MEX-2725,,Tabasco,8187,,,
Tamaulipas,8188,adm1,MX-TAM,,,,,,,,0,0,,,State,MEX,,MEX,MEX-2716,,Tamaulipas,8188,,,
Tlaxcala,8189,adm1,MX-TLA,,,,,,,,0,0,,,State,MEX,,MEX,MEX-2726,,Tlaxcala,8189,,,
Veracruz,8190,adm1,MX-VER,,,,,,,,0,0,,,State,MEX,,MEX,MEX-2734,,Veracruz,8190,,,
,8191,adm1,MX-X01~,,,,,,,,0,0,,,,MEX,,MEX,MEX+99?,,,8191,,,
Yucatán,8192,adm1,MX-YUC,,,,,,,,0,0,,,State,MEX,,MEX,MEX-2737,,Yucatán,8192,,,
Zacatecas,8193,adm1,MX-ZAC,,,,,,,,0,0,,,State,MEX,,MEX,MEX-2713,,Zacatecas,8193,,,
Railik Chain,8221,adm1,MH-L,,,,,,,,0,0,,,,MHL,,MHL,MHL-4968,,Railik Chain,8221,,,
Ratak Chain,8222,adm1,MH-T,,,,,,,,0,0,,,,MHL,,MHL,MHL-4969,,Ratak Chain,8222,,,
Aerodrom,8241,adm1,MK-01,,,,,,,,0,0,,,Municipality,MKD,,MKD,MKD-2937,,Aerodrom,8241,,,
Aračinovo,8242,adm1,MK-02,,,,,,,,0,0,,,Statistical Region,MKD,,MKD,MKD-2919,,Aračinovo,8242,,,
Berovo,8243,adm1,MK-03,,,,,,,,0,0,,,Statistical Region,MKD,,MKD,MKD-3004,,Berovo,8243,,,
Bitola,8244,adm1,MK-04,,,,,,,,0,0,,,Statistical Region,MKD,,MKD,MKD-2896,,Bitola,8244,,,
Bogdanci,8245,adm1,MK-05,,,,,,,,0,0,,,Statistical Region,MKD,,MKD,MKD-2996,,Bogdanci,8245,,,
Bogovinje,8246,adm1,MK-06,,,,,,,,0,0,,,Statistical Region,MKD,,MKD,MKD-2960,,Bogovinje,8246,,,
Bosilovo,8247,adm1,MK-07,,,,,,,,0,0,,,Statistical Region,MKD,,MKD,MKD-2997,,Bosilovo,8247,,,
Brvenica,8248,adm1,MK-08,,,,,,,,0,0,,,Statistical Region,MKD,,MKD,MKD-2961,,Brvenica,8248,,,
Butel,8249,adm1,MK-09,,,,,,,,0,0,,,Municipality,MKD,,MKD,MKD-2921,,Butel,8249,,,
Valandovo,8250,adm1,MK-10,,,,,,,,0,0,,,Statistical Region,MKD,,MKD,MKD-2994,,Valandovo,8250,,,
Vasilevo,8251,adm1,MK-11,,,,,,,,0,0,,,Statistical Region,MKD,,MKD,MKD-2995,,Vasilevo,8251,,,
Vevčani,8252,adm1,MK-12,,,,,,,,0,0,,,Statistical Region,MKD,,MKD,MKD-2895,,Vevčani,8252,,,
Veles,8253,adm1,MK-13,,,,,,,,0,0,,,Statistical Region,MKD,,MKD,MKD-2915,,Veles,8253,,,
Vinica,8254,adm1,MK-14,,,,,,,,0,0,,,Statistical Region,MKD,,MKD,MKD-3003,,Vinica,8254,,,
Vraneštica,8255,adm1,MK-15,,,,,,,,0,0,,,Statistical Region,MKD,,MKD,MKD-2916,,Vraneštica,8255,,,
Vrapcište,8256,adm1,MK-16,,,,,,,,0,0,,,Statistical Region,MKD,,MKD,MKD-2959,,Vrapcište,8256,,,
Gazi Baba,8257,adm1,MK-17,,,,,,,,0,0,,,Municipality,MKD,,MKD,MKD-2929,,Gazi Baba,8257,,,
Gevgelija,8258,adm1,MK-18,,,,,,,,0,0,,,Statistical Region,MKD,,MKD,MKD-2998,,Gevgelija,8258,,,
Gostivar,8259,adm1,MK-19,,,,,,,,0,0,,,Statistical Region,MKD,,MKD,MKD-2962,,Gostivar,8259,,,
Gradsko,8260,adm1,MK-20,,,,,,,,0,0,,,Statistical Region,MKD,,MKD,MKD-2930,,Gradsko,8260,,,
Debar,8261,adm1,MK-21,,,,,,,,0,0,,,Statistical Region,MKD,,MKD,MKD-2952,,Debar,8261,,,
Debarca,8262,adm1,MK-22,,,,,,,,0,0,,,Statistical Region,MKD,,MKD,MKD-2899,,Debarca,8262,,,
Delčevo,8263,adm1,MK-23,,,,,,,,0,0,,,Statistical Region,MKD,,MKD,MKD-3005,,Delčevo,8263,,,
Demir Kapija,8264,adm1,MK-24,,,,,,,,0,0,,,Statistical Region,MKD,,MKD,MKD-2927,,Demir Kapija,8264,,,
Demir Hisar,8265,adm1,MK-25,,,,,,,,0,0,,,Statistical Region,MKD,,MKD,MKD-2897,,Demir Hisar,8265,,,
Dojran,8266,adm1,MK-26,,,,,,,,0,0,,,Statistical Region,MKD,,MKD,MKD-3000,,Dojran,8266,,,
Dolneni,8267,adm1,MK-27,,,,,,,,0,0,,,Statistical Region,MKD,,MKD,MKD-2928,,Dolneni,8267,,,
Drugovo,8268,adm1,MK-28,,,,,,,,0,0,,,Statistical Region,MKD,,MKD,MKD-2953,,Drugovo,8268,,,
Gjorče Petrov,8269,adm1,MK-29,,,,,,,,0,0,,,Municipality,MKD,,MKD,MKD-2948,,Gjorče Petrov,8269,,,
Želino,8270,adm1,MK-30,,,,,,,,0,0,,,Statistical Region,MKD,,MKD,MKD-2918,,Želino,8270,,,
Zajas,8271,adm1,MK-31,,,,,,,,0,0,,,Statistical Region,MKD,,MKD,MKD-2950,,Zajas,8271,,,
Zelenikovo,8272,adm1,MK-32,,,,,,,,0,0,,,Statistical Region,MKD,,MKD,MKD-2917,,Zelenikovo,8272,,,
Zrnovci,8273,adm1,MK-33,,,,,,,,0,0,,,Statistical Region,MKD,,MKD,MKD-2924,,Zrnovci,8273,,,
Ilinden,8274,adm1,MK-34,,,,,,,,0,0,,,Statistical Region,MKD,,MKD,MKD-2933,,Ilinden,8274,,,
Jegunovce,8275,adm1,MK-35,,,,,,,,0,0,,,Municipality,MKD,,MKD,MKD-2963,,Jegunovce,8275,,,
Kavadartsi,8276,adm1,MK-36,,,,,,,,0,0,,,Statistical Region,MKD,,MKD,MKD-2936,,Kavadartsi,8276,,,
Karbinci,8277,adm1,MK-37,,,,,,,,0,0,,,Statistical Region,MKD,,MKD,MKD-2934,,Karbinci,8277,,,
Karpoš,8278,adm1,MK-38,,,,,,,,0,0,,,Municipality,MKD,,MKD,MKD-2935,,Karpoš,8278,,,
Kisela Voda,8279,adm1,MK-39,,,,,,,,0,0,,,Municipality,MKD,,MKD,MKD-2938,,Kisela Voda,8279,,,
Kičevo,8280,adm1,MK-40,,,,,,,,0,0,,,Statistical Region,MKD,,MKD,MKD-2954,,Kičevo,8280,,,
Konče,8281,adm1,MK-41,,,,,,,,0,0,,,Statistical Region,MKD,,MKD,MKD-2932,,Konče,8281,,,
Kočani,8282,adm1,MK-42,,,,,,,,0,0,,,Statistical Region,MKD,,MKD,MKD-2939,,Kočani,8282,,,
Kratovo,8283,adm1,MK-43,,,,,,,,0,0,,,Statistical Region,MKD,,MKD,MKD-2940,,Kratovo,8283,,,
Kriva Palanka,8284,adm1,MK-44,,,,,,,,0,0,,,Statistical Region,MKD,,MKD,MKD-2906,,Kriva Palanka,8284,,,
Krivogaštani,8285,adm1,MK-45,,,,,,,,0,0,,,Statistical Region,MKD,,MKD,MKD-2941,,Krivogaštani,8285,,,
Kruševo,8286,adm1,MK-46,,,,,,,,0,0,,,Statistical Region,MKD,,MKD,MKD-2942,,Kruševo,8286,,,
Kumanovo,8287,adm1,MK-47,,,,,,,,0,0,,,Statistical Region,MKD,,MKD,MKD-2943,,Kumanovo,8287,,,
Lipkovo,8288,adm1,MK-48,,,,,,,,0,0,,,Statistical Region,MKD,,MKD,MKD-2920,,Lipkovo,8288,,,
Lozovo,8289,adm1,MK-49,,,,,,,,0,0,,,Statistical Region,MKD,,MKD,MKD-2931,,Lozovo,8289,,,
Mavrovo and Rostusa,8290,adm1,MK-50,,,,,,,,0,0,,,Statistical Region,MKD,,MKD,MKD-2955,,Mavrovo and Rostusa,8290,,,
Makedonska Kamenica,8291,adm1,MK-51,,,,,,,,0,0,,,Statistical Region,MKD,,MKD,MKD-3006,,Makedonska Kamenica,8291,,,
Brod,8292,adm1,MK-52,,,,,,,,0,0,,,Statistical Region,MKD,,MKD,MKD-2944,,Brod,8292,,,
Mogila,8293,adm1,MK-53,,,,,,,,0,0,,,Statistical Region,MKD,,MKD,MKD-2945,,Mogila,8293,,,
Negotino,8294,adm1,MK-54,,,,,,,,0,0,,,Statistical Region,MKD,,MKD,MKD-2946,,Negotino,8294,,,
Novaci,8295,adm1,MK-55,,,,,,,,0,0,,,Statistical Region,MKD,,MKD,MKD-2947,,Novaci,8295,,,
Novo Selo,8296,adm1,MK-56,,,,,,,,0,0,,,Statistical Region,MKD,,MKD,MKD-2999,,Novo Selo,8296,,,
Oslomej,8297,adm1,MK-57,,,,,,,,0,0,,,Statistical Region,MKD,,MKD,MKD-2956,,Oslomej,8297,,,
Ohrid,8298,adm1,MK-58,,,,,,,,0,0,,,Statistical Region,MKD,,MKD,MKD-2898,,Ohrid,8298,,,
Pehčevo,8299,adm1,MK-60,,,,,,,,0,0,,,Statistical Region,MKD,,MKD,MKD-3007,,Pehčevo,8299,,,
Plasnica,8300,adm1,MK-61,,,,,,,,0,0,,,Statistical Region,MKD,,MKD,MKD-2902,,Plasnica,8300,,,
Prilep,8301,adm1,MK-62,,,,,,,,0,0,,,Statistical Region,MKD,,MKD,MKD-2903,,Prilep,8301,,,
Probištip,8302,adm1,MK-63,,,,,,,,0,0,,,Statistical Region,MKD,,MKD,MKD-2904,,Probištip,8302,,,
Radoviš,8303,adm1,MK-64,,,,,,,,0,0,,,Statistical Region,MKD,,MKD,MKD-2905,,Radoviš,8303,,,
Rankovce,8304,adm1,MK-65,,,,,,,,0,0,,,Statistical Region,MKD,,MKD,MKD-4846,,Rankovce,8304,,,
Resen,8305,adm1,MK-66,,,,,,,,0,0,,,Statistical Region,MKD,,MKD,MKD-2894,,Resen,8305,,,
Rosoman,8306,adm1,MK-67,,,,,,,,0,0,,,Statistical Region,MKD,,MKD,MKD-2907,,Rosoman,8306,,,
Saraj,8307,adm1,MK-68,,,,,,,,0,0,,,Municipality,MKD,,MKD,MKD-2908,,Saraj,8307,,,
Sveti Nikole,8308,adm1,MK-69,,,,,,,,0,0,,,Statistical Region,MKD,,MKD,MKD-2914,,Sveti Nikole,8308,,,
Sopište,8309,adm1,MK-70,,,,,,,,0,0,,,Statistical Region,MKD,,MKD,MKD-2909,,Sopište,8309,,,
Staro Nagoričane,8310,adm1,MK-71,,,,,,,,0,0,,,Statistical Region,MKD,,MKD,MKD-2910,,Staro Nagoričane,8310,,,
Struga,8311,adm1,MK-72,,,,,,,,0,0,,,Statistical Region,MKD,,MKD,MKD-4845,,Struga,8311,,,
Strumitsa,8312,adm1,MK-73,,,,,,,,0,0,,,Statistical Region,MKD,,MKD,MKD-2993,,Strumitsa,8312,,,
Studeničani,8313,adm1,MK-74,,,,,,,,0,0,,,Statistical Region,MKD,,MKD,MKD-2912,,Studeničani,8313,,,
Tearce,8314,adm1,MK-75,,,,,,,,0,0,,,Municipality,MKD,,MKD,MKD-2957,,Tearce,8314,,,
Tetovo,8315,adm1,MK-76,,,,,,,,0,0,,,Statistical Region,MKD,,MKD,MKD-2958,,Tetovo,8315,,,
Centar,8316,adm1,MK-77,,,,,,,,0,0,,,Municipality,MKD,,MKD,MKD-2923,,Centar,8316,,,
Centar župa,8317,adm1,MK-78,,,,,,,,0,0,,,Statistical Region,MKD,,MKD,MKD-2951,,Centar župa,8317,,,
Čair,8318,adm1,MK-79,,,,,,,,0,0,,,Municipality,MKD,,MKD,MKD-2913,,Čair,8318,,,
Čaška,8319,adm1,MK-80,,,,,,,,0,0,,,Statistical Region,MKD,,MKD,MKD-2922,,Čaška,8319,,,
Češinovo-Obleševo,8320,adm1,MK-81,,,,,,,,0,0,,,Statistical Region,MKD,,MKD,MKD-2925,,Češinovo-Obleševo,8320,,,
Čučer Sandevo,8321,adm1,MK-82,,,,,,,,0,0,,,Statistical Region,MKD,,MKD,MKD-2926,,Čučer Sandevo,8321,,,
Štip,8322,adm1,MK-83,,,,,,,,0,0,,,Statistical Region,MKD,,MKD,MKD-2911,,Štip,8322,,,
Šuto Orizari,8323,adm1,MK-84,,,,,,,,0,0,,,Municipality,MKD,,MKD,MKD-5883,,Šuto Orizari,8323,,,
Skopje,8324,adm1,MK-85,,,,,,,,0,0,,,Statistical Region,MKD,,MKD,MKD-2901,,Skopje,8324,,,
Kayes,8341,adm1,ML-1,,,,,,,,0,0,,,Region,MLI,,MLI,MLI-2793,,Kayes,8341,,,
Koulikoro,8342,adm1,ML-2,,,,,,,,0,0,,,Region,MLI,,MLI,MLI-4860,,Koulikoro,8342,,,
Sikasso,8343,adm1,ML-3,,,,,,,,0,0,,,Region,MLI,,MLI,MLI-2794,,Sikasso,8343,,,
Ségou,8344,adm1,ML-4,,,,,,,,0,0,,,Region,MLI,,MLI,MLI-2810,,Ségou,8344,,,
Mopti,8345,adm1,ML-5,,,,,,,,0,0,,,Region,MLI,,MLI,MLI-2809,,Mopti,8345,,,
Timbuktu,8346,adm1,ML-6,,,,,,,,0,0,,,Region,MLI,,MLI,MLI-2688,,Timbuktu,8346,,,
Gao,8347,adm1,ML-7,,,,,,,,0,0,,,Region,MLI,,MLI,MLI-2690,,Gao,8347,,,
Kidal,8348,adm1,ML-8,,,,,,,,0,0,,,Region,MLI,,MLI,MLI-2689,,Kidal,8348,,,
Bamako,8349,adm1,ML-BKO,,,,,,,,0,0,,,District,MLI,,MLI,MLI-2792,,Bamako,8349,,,
Attard,8361,adm1,MT-01,,,,,,,,0,0,,,,MLT,,MLT,MLT-5920,,Attard,8361,,,
Balzan,8362,adm1,MT-02,,,,,,,,0,0,,,,MLT,,MLT,MLT-5930,,Balzan,8362,,,
Birgu,8363,adm1,MT-03,,,,,,,,0,0,,,,MLT,,MLT,MLT-5951,,Birgu,8363,,,
Birkirkara,8364,adm1,MT-04,,,,,,,,0,0,,,,MLT,,MLT,MLT-5939,,Birkirkara,8364,,,
Birżebbuġa,8365,adm1,MT-05,,,,,,,,0,0,,,,MLT,,MLT,MLT-5968,,Birżebbuġa,8365,,,
Cospicua,8366,adm1,MT-06,,,,,,,,0,0,,,,MLT,,MLT,MLT-5955,,Cospicua,8366,,,
Dingli,8367,adm1,MT-07,,,,,,,,0,0,,,,MLT,,MLT,MLT-5947,,Dingli,8367,,,
Fgura,8368,adm1,MT-08,,,,,,,,0,0,,,,MLT,,MLT,MLT-5959,,Fgura,8368,,,
Floriana,8369,adm1,MT-09,,,,,,,,0,0,,,,MLT,,MLT,MLT-5954,,Floriana,8369,,,
"Fontana, Gozo",8370,adm1,MT-10,,,,,,,,0,0,,,,MLT,,MLT,MLT-5983,,"Fontana, Gozo",8370,,,
Gudja,8371,adm1,MT-11,,,,,,,,0,0,,,,MLT,,MLT,MLT-5966,,Gudja,8371,,,
Gżira,8372,adm1,MT-12,,,,,,,,0,0,,,,MLT,,MLT,MLT-5938,,Gżira,8372,,,
Għajnsielem,8373,adm1,MT-13,,,,,,,,0,0,,,,MLT,,MLT,MLT-5987,,Għajnsielem,8373,,,
Għarb,8374,adm1,MT-14,,,,,,,,0,0,,,,MLT,,MLT,MLT-5975,,Għarb,8374,,,
Għargħur,8375,adm1,MT-15,,,,,,,,0,0,,,,MLT,,MLT,MLT-5932,,Għargħur,8375,,,
Għasri,8376,adm1,MT-16,,,,,,,,0,0,,,,MLT,,MLT,MLT-5976,,Għasri,8376,,,
Għaxaq,8377,adm1,MT-17,,,,,,,,0,0,,,,MLT,,MLT,MLT-5967,,Għaxaq,8377,,,
Ħamrun,8378,adm1,MT-18,,,,,,,,0,0,,,,MLT,,MLT,MLT-5944,,Ħamrun,8378,,,
Iklin,8379,adm1,MT-19,,,,,,,,0,0,,,,MLT,,MLT,MLT-5931,,Iklin,8379,,,
Isla,8380,adm1,MT-20,,,,,,,,0,0,,,,MLT,,MLT,MLT-5953,,Isla,8380,,,
Kalkara,8381,adm1,MT-21,,,,,,,,0,0,,,,MLT,,MLT,MLT-5950,,Kalkara,8381,,,
Kerċem,8382,adm1,MT-22,,,,,,,,0,0,,,,MLT,,MLT,MLT-5981,,Kerċem,8382,,,
Kirkop,8383,adm1,MT-23,,,,,,,,0,0,,,,MLT,,MLT,MLT-5970,,Kirkop,8383,,,
Lija,8384,adm1,MT-24,,,,,,,,0,0,,,,MLT,,MLT,MLT-5929,,Lija,8384,,,
Luqa,8385,adm1,MT-25,,,,,,,,0,0,,,,MLT,,MLT,MLT-5964,,Luqa,8385,,,
Marsa,8386,adm1,MT-26,,,,,,,,0,0,,,,MLT,,MLT,MLT-5957,,Marsa,8386,,,
Marsaskala,8387,adm1,MT-27,,,,,,,,0,0,,,,MLT,,MLT,MLT-5962,,Marsaskala,8387,,,
Marsaxlokk,8388,adm1,MT-28,,,,,,,,0,0,,,,MLT,,MLT,MLT-5963,,Marsaxlokk,8388,,,
Mdina,8389,adm1,MT-29,,,,,,,,0,0,,,,MLT,,MLT,MLT-5921,,Mdina,8389,,,
Mellieħa,8390,adm1,MT-30,,,,,,,,0,0,,,,MLT,,MLT,MLT-5925,,Mellieħa,8390,,,
Mġarr,8391,adm1,MT-31,,,,,,,,0,0,,,,MLT,,MLT,MLT-5924,,Mġarr,8391,,,
Mosta,8392,adm1,MT-32,,,,,,,,0,0,,,,MLT,,MLT,MLT-5927,,Mosta,8392,,,
Mqabba,8393,adm1,MT-33,,,,,,,,0,0,,,,MLT,,MLT,MLT-5969,,Mqabba,8393,,,
Msida,8394,adm1,MT-34,,,,,,,,0,0,,,,MLT,,MLT,MLT-5940,,Msida,8394,,,
Mtarfa,8395,adm1,MT-35,,,,,,,,0,0,,,,MLT,,MLT,MLT-5922,,Mtarfa,8395,,,
Munxar,8396,adm1,MT-36,,,,,,,,0,0,,,,MLT,,MLT,MLT-5984,,Munxar,8396,,,
Nadur,8397,adm1,MT-37,,,,,,,,0,0,,,,MLT,,MLT,MLT-5979,,Nadur,8397,,,
Naxxar,8398,adm1,MT-38,,,,,,,,0,0,,,,MLT,,MLT,MLT-5928,,Naxxar,8398,,,
Paola,8399,adm1,MT-39,,,,,,,,0,0,,,,MLT,,MLT,MLT-5958,,Paola,8399,,,
Pembroke,8400,adm1,MT-40,,,,,,,,0,0,,,,MLT,,MLT,MLT-5934,,Pembroke,8400,,,
Pietà,8401,adm1,MT-41,,,,,,,,0,0,,,,MLT,,MLT,MLT-5942,,Pietà,8401,,,
Qala,8402,adm1,MT-42,,,,,,,,0,0,,,,MLT,,MLT,MLT-5980,,Qala,8402,,,
Qormi,8403,adm1,MT-43,,,,,,,,0,0,,,,MLT,,MLT,MLT-5945,,Qormi,8403,,,
Qrendi,8404,adm1,MT-44,,,,,,,,0,0,,,,MLT,,MLT,MLT-5972,,Qrendi,8404,,,
Victoria,8405,adm1,MT-45,,,,,,,,0,0,,,,MLT,,MLT,MLT-5982,,Victoria,8405,,,
Rabat,8406,adm1,MT-46,,,,,,,,0,0,,,,MLT,,MLT,MLT-5923,,Rabat,8406,,,
Safi,8407,adm1,MT-47,,,,,,,,0,0,,,,MLT,,MLT,MLT-5971,,Safi,8407,,,
San Giljan,8408,adm1,MT-48,,,,,,,,0,0,,,,MLT,,MLT,MLT-5935,,San Giljan,8408,,,
San Ġwann,8409,adm1,MT-49,,,,,,,,0,0,,,,MLT,,MLT,MLT-5937,,San Ġwann,8409,,,
San Lawrenz,8410,adm1,MT-50,,,,,,,,0,0,,,,MLT,,MLT,MLT-5974,,San Lawrenz,8410,,,
San Pawl il-Bahar,8411,adm1,MT-51,,,,,,,,0,0,,,,MLT,,MLT,MLT-5926,,San Pawl il-Bahar,8411,,,
Sannat,8412,adm1,MT-52,,,,,,,,0,0,,,,MLT,,MLT,MLT-5985,,Sannat,8412,,,
Santa Luċija,8413,adm1,MT-53,,,,,,,,0,0,,,,MLT,,MLT,MLT-5965,,Santa Luċija,8413,,,
Santa Venera,8414,adm1,MT-54,,,,,,,,0,0,,,,MLT,,MLT,MLT-5943,,Santa Venera,8414,,,
Siġġiewi,8415,adm1,MT-55,,,,,,,,0,0,,,,MLT,,MLT,MLT-5948,,Siġġiewi,8415,,,
Sliema,8416,adm1,MT-56,,,,,,,,0,0,,,,MLT,,MLT,MLT-5936,,Sliema,8416,,,
Swieqi,8417,adm1,MT-57,,,,,,,,0,0,,,,MLT,,MLT,MLT-5933,,Swieqi,8417,,,
Ta' Xbiex,8418,adm1,MT-58,,,,,,,,0,0,,,,MLT,,MLT,MLT-5941,,Ta' Xbiex,8418,,,
Tarxien,8419,adm1,MT-59,,,,,,,,0,0,,,,MLT,,MLT,MLT-5960,,Tarxien,8419,,,
Valletta,8420,adm1,MT-60,,,,,,,,0,0,,,,MLT,,MLT,MLT-5949,,Valletta,8420,,,
Xagħra,8421,adm1,MT-61,,,,,,,,0,0,,,,MLT,,MLT,MLT-5978,,Xagħra,8421,,,
Xewkija,8422,adm1,MT-62,,,,,,,,0,0,,,,MLT,,MLT,MLT-5986,,Xewkija,8422,,,
Xgħajra,8423,adm1,MT-63,,,,,,,,0,0,,,,MLT,,MLT,MLT-5952,,Xgħajra,8423,,,
Żabbar,8424,adm1,MT-64,,,,,,,,0,0,,,,MLT,,MLT,MLT-5956,,Żabbar,8424,,,
Żebbuġ,8425,adm1,MT-65,,,,,,,,0,0,,,,MLT,,MLT,MLT-5977,,Żebbuġ,8425,,,
Żebbuġ,8426,adm1,MT-66,,,,,,,,0,0,,,,MLT,,MLT,MLT-5946,,Żebbuġ,8426,,,
Żejtun,8427,adm1,MT-67,,,,,,,,0,0,,,,MLT,,MLT,MLT-5961,,Żejtun,8427,,,
Żurrieq,8428,adm1,MT-68,,,,,,,,0,0,,,,MLT,,MLT,MLT-5973,,Żurrieq,8428,,,
Sagaing,8441,adm1,MM-01,,,ASHimalaya,2,,,,1,0,,,Division,MMR,,MMR,MMR-3302,,Sagaing,8441,,,
Bago,8442,adm1,MM-02,,,,,,,,0,0,,,Division,MMR,,MMR,MMR-3268,,Bago,8442,,,
Magway,8443,adm1,MM-03,,,,,,,,0,0,,,Division,MMR,,MMR,MMR-3276,,Magway,8443,,,
Mandalay,8444,adm1,MM-04,,,,,,,,0,0,,,Division,MMR,,MMR,MMR-3267,,Mandalay,8444,,,
Tanintharyi,8445,adm1,MM-05,,,,,,,,0,0,,,Division,MMR,,MMR,MMR-3279,,Tanintharyi,8445,,,
Yangon,8446,adm1,MM-06,,,,,,,,0,0,,,Division,MMR,,MMR,MMR-3269,,Yangon,8446,,,
Ayeyarwady,8447,adm1,MM-07,,,,,,,,0,0,,,Division,MMR,,MMR,MMR-3275,,Ayeyarwady,8447,,,
Kachin,8448,adm1,MM-11,,,ASHimalaya,2,,,,1,0,,,State,MMR,,MMR,MMR-3296,,Kachin,8448,,,
Kayah,8449,adm1,MM-12,,,,,,,,0,0,,,State,MMR,,MMR,MMR-2473,,Kayah,8449,,,
Kayin,8450,adm1,MM-13,,,,,,,,0,0,,,State,MMR,,MMR,MMR-3266,,Kayin,8450,,,
Chin,8451,adm1,MM-14,,,,,,,,0,0,,,State,MMR,,MMR,MMR-3274,,Chin,8451,,,
Mon,8452,adm1,MM-15,,,,,,,,0,0,,,State,MMR,,MMR,MMR-3270,,Mon,8452,,,
Rakhine,8453,adm1,MM-16,,,,,,,,0,0,,,State,MMR,,MMR,MMR-3273,,Rakhine,8453,,,
Shan,8454,adm1,MM-17,,,,,,,,0,0,,,State,MMR,,MMR,MMR-3277,,Shan,8454,,,
Andrijevica,8481,adm1,ME-01,,,,,,,,0,0,,,Municipality,MNE,,MNE,MNE-1508,,Andrijevica,8481,,,
Bar,8482,adm1,ME-02,,,,,,,,0,0,,,Municipality,MNE,,MNE,MNE-1496,,Bar,8482,,,
Berane,8483,adm1,ME-03,,,,,,,,0,0,,,Municipality,MNE,,MNE,MNE-1509,,Berane,8483,,,
Bijelo Polje,8484,adm1,ME-04,,,,,,,,0,0,,,Municipality,MNE,,MNE,MNE-1510,,Bijelo Polje,8484,,,
Budva,8485,adm1,ME-05,,,,,,,,0,0,,,Municipality,MNE,,MNE,MNE-1499,,Budva,8485,,,
Cetinje,8486,adm1,ME-06,,,,,,,,0,0,,,Municipality,MNE,,MNE,MNE-1500,,Cetinje,8486,,,
Danilovgrad,8487,adm1,ME-07,,,,,,,,0,0,,,Municipality,MNE,,MNE,MNE-1511,,Danilovgrad,8487,,,
Herceg Novi,8488,adm1,ME-08,,,,,,,,0,0,,,Municipality,MNE,,MNE,MNE-1506,,Herceg Novi,8488,,,
Kolašin,8489,adm1,ME-09,,,,,,,,0,0,,,Municipality,MNE,,MNE,MNE-1512,,Kolašin,8489,,,
Kotor,8490,adm1,ME-10,,,,,,,,0,0,,,Municipality,MNE,,MNE,MNE-1507,,Kotor,8490,,,
Mojkovac,8491,adm1,ME-11,,,,,,,,0,0,,,Municipality,MNE,,MNE,MNE-1513,,Mojkovac,8491,,,
Nikšic,8492,adm1,ME-12,,,,,,,,0,0,,,Municipality,MNE,,MNE,MNE-1514,,Nikšic,8492,,,
Plav,8493,adm1,ME-13,,,,,,,,0,0,,,Municipality,MNE,,MNE,MNE-1503,,Plav,8493,,,
Pljevlja,8494,adm1,ME-14,,,,,,,,0,0,,,Municipality,MNE,,MNE,MNE-1516,,Pljevlja,8494,,,
Plužine,8495,adm1,ME-15,,,,,,,,0,0,,,Municipality,MNE,,MNE,MNE-1515,,Plužine,8495,,,
Podgorica,8496,adm1,ME-16,,,,,,,,0,0,,,Municipality,MNE,,MNE,MNE-1517,,Podgorica,8496,,,
Rožaje,8497,adm1,ME-17,,,,,,,,0,0,,,Municipality,MNE,,MNE,MNE-1501,,Rožaje,8497,,,
Šavnik,8498,adm1,ME-18,,,,,,,,0,0,,,Municipality,MNE,,MNE,MNE-1519,,Šavnik,8498,,,
Tivat,8499,adm1,ME-19,,,,,,,,0,0,,,Municipality,MNE,,MNE,MNE-1518,,Tivat,8499,,,
Ulcinj,8500,adm1,ME-20,,,,,,,,0,0,,,Municipality,MNE,,MNE,MNE-1497,,Ulcinj,8500,,,
Žabljak,8501,adm1,ME-21,,,,,,,,0,0,,,Municipality,MNE,,MNE,MNE-1520,,Žabljak,8501,,,
Orhon,8521,adm1,MN-035,,,,,,,,0,0,,,Municipality,MNG,,MNG,MNG-3324,,Orhon,8521,,,
Darhan-Uul,8522,adm1,MN-037,,,,,,,,0,0,,,Municipality,MNG,,MNG,MNG-3328,,Darhan-Uul,8522,,,
Hentiy,8523,adm1,MN-039,,,,,,,,0,0,,,Province,MNG,,MNG,MNG-3315,,Hentiy,8523,,,
Hövsgöl,8524,adm1,MN-041,,,,,,,,0,0,,,Province,MNG,,MNG,MNG-3321,,Hövsgöl,8524,,,
Hovd,8525,adm1,MN-043,,,ASHimalaya,2,,,,1,0,,,Province,MNG,,MNG,MNG-3320,,Hovd,8525,,,
Uvs,8526,adm1,MN-046,,,ASHimalaya,2,,,,1,0,,,Province,MNG,,MNG,MNG-3322,,Uvs,8526,,,
Töv,8527,adm1,MN-047,,,,,,,,0,0,,,Province,MNG,,MNG,MNG-3329,,Töv,8527,,,
Selenge,8528,adm1,MN-049,,,,,,,,0,0,,,Province,MNG,,MNG,MNG-3326,,Selenge,8528,,,
Sühbaatar,8529,adm1,MN-051,,,,,,,,0,0,,,Province,MNG,,MNG,MNG-3333,,Sühbaatar,8529,,,
Ömnögovi,8530,adm1,MN-053,,,,,,,,0,0,,,Province,MNG,,MNG,MNG-3298,,Ömnögovi,8530,,,
Övörhangay,8531,adm1,MN-055,,,,,,,,0,0,,,Province,MNG,,MNG,MNG-3327,,Övörhangay,8531,,,
Dzavhan,8532,adm1,MN-057,,,ASHimalaya,2,,,,1,0,,,Province,MNG,,MNG,MNG-3318,,Dzavhan,8532,,,
Dundgovi,8533,adm1,MN-059,,,,,,,,0,0,,,Province,MNG,,MNG,MNG-3325,,Dundgovi,8533,,,
Dornod,8534,adm1,MN-061,,,,,,,,0,0,,,Province,MNG,,MNG,MNG-3332,,Dornod,8534,,,
Dornogovi,8535,adm1,MN-063,,,,,,,,0,0,,,Province,MNG,,MNG,MNG-3297,,Dornogovi,8535,,,
Govĭ-Sümber,8536,adm1,MN-064,,,,,,,,0,0,,,Municipality,MNG,,MNG,MNG-3330,,Govĭ-Sümber,8536,,,
Govi-Altay,8537,adm1,MN-065,,,ASHimalaya,2,,,,1,0,,,Province,MNG,,MNG,MNG-3319,,Govi-Altay,8537,,,
Bulgan,8538,adm1,MN-067,,,ASHimalaya,2,,,,1,0,,,Province,MNG,,MNG,MNG-3323,,Bulgan,8538,,,
Bayanhongor,8539,adm1,MN-069,,,ASHimalaya,2,,,,1,0,,,Province,MNG,,MNG,MNG-3317,,Bayanhongor,8539,,,
Bayan-Ölgiy,8540,adm1,MN-071,,,ASHimalaya,2,,,,1,0,,,Province,MNG,,MNG,MNG-3208,,Bayan-Ölgiy,8540,,,
Arhangay,8541,adm1,MN-073,,,ASHimalaya,2,,,,1,0,,,Province,MNG,,MNG,MNG-3316,,Arhangay,8541,,,
Ulaanbaatar,8542,adm1,MN-1,,,,,,,,0,0,,,Municipality,MNG,,MNG,MNG-3331,,Ulaanbaatar,8542,,,
Niassa,8561,adm1,MZ-A,,,,,,,,0,0,,,Province,MOZ,,MOZ,MOZ-1199,,Niassa,8561,,,
Manica,8562,adm1,MZ-B,,,,,,,,0,0,,,Province,MOZ,,MOZ,MOZ-1192,,Manica,8562,,,
Gaza,8563,adm1,MZ-G,,,,,,,,0,0,,,Province,MOZ,,MOZ,MOZ-1207,,Gaza,8563,,,
Inhambane,8564,adm1,MZ-I,,,,,,,,0,0,,,Province,MOZ,,MOZ,MOZ-1925,,Inhambane,8564,,,
Maputo,8565,adm1,MZ-L,,,,,,,,0,0,,,Province,MOZ,,MOZ,MOZ-1927,,Maputo,8565,,,
Maputo,8566,adm1,MZ-L,,,,,,,,0,0,,,Province,MOZ,,MOZ,MOZ-5854,,Maputo,8566,,,
Nampula,8567,adm1,MZ-N,,,,,,,,0,0,,,Province,MOZ,,MOZ,MOZ-1200,,Nampula,8567,,,
Cabo Delgado,8568,adm1,MZ-P,,,,,,,,0,0,,,Province,MOZ,,MOZ,MOZ-1198,,Cabo Delgado,8568,,,
Zambezia,8569,adm1,MZ-Q,,,,,,,,0,0,,,Province,MOZ,,MOZ,MOZ-1906,,Zambezia,8569,,,
Sofala,8570,adm1,MZ-S,,,,,,,,0,0,,,Province,MOZ,,MOZ,MOZ-1905,,Sofala,8570,,,
Tete,8571,adm1,MZ-T,,,,,,,,0,0,,,Province,MOZ,,MOZ,MOZ-1190,,Tete,8571,,,
Hodh ech Chargui,8601,adm1,MR-01,,,,,,,,0,0,,,Region,MRT,,MRT,MRT-2796,,Hodh ech Chargui,8601,,,
Hodh el Gharbi,8602,adm1,MR-02,,,,,,,,0,0,,,Region,MRT,,MRT,MRT-2797,,Hodh el Gharbi,8602,,,
Assaba,8603,adm1,MR-03,,,,,,,,0,0,,,Region,MRT,,MRT,MRT-2789,,Assaba,8603,,,
Gorgol,8604,adm1,MR-04,,,,,,,,0,0,,,Region,MRT,,MRT,MRT-2791,,Gorgol,8604,,,
Brakna,8605,adm1,MR-05,,,,,,,,0,0,,,Region,MRT,,MRT,MRT-2784,,Brakna,8605,,,
Trarza,8606,adm1,MR-06,,,,,,,,0,0,,,Region,MRT,,MRT,MRT-2788,,Trarza,8606,,,
Adrar,8607,adm1,MR-07,,,,,,,,0,0,,,Region,MRT,,MRT,MRT-2795,,Adrar,8607,,,
Dakhlet Nouadhibou,8608,adm1,MR-08,,,,,,,,0,0,,,Region,MRT,,MRT,MRT-2785,,Dakhlet Nouadhibou,8608,,,
Tagant,8609,adm1,MR-09,,,,,,,,0,0,,,Region,MRT,,MRT,MRT-2798,,Tagant,8609,,,
Guidimaka,8610,adm1,MR-10,,,,,,,,0,0,,,Region,MRT,,MRT,MRT-2790,,Guidimaka,8610,,,
Tiris Zemmour,8611,adm1,MR-11,,,,,,,,0,0,,,Region,MRT,,MRT,MRT-2783,,Tiris Zemmour,8611,,,
Inchiri,8612,adm1,MR-12,,,,,,,,0,0,,,Region,MRT,,MRT,MRT-2786,,Inchiri,8612,,,
Nouakchott,8613,adm1,MR-NKC,,,,,,,,0,0,,,District,MRT,,MRT,MRT-2787,,Nouakchott,8613,,,
Agaléga,8641,adm1,MU-AG,,,,,,,,0,0,,,Dependency,MUS,,MUS,MUS-5180,,Agaléga,8641,,,
Rivière Noire,8642,adm1,MU-BL,,,,,,,,0,0,,,District,MUS,,MUS,MUS-5193,,Rivière Noire,8642,,,
Beau Bassin-Rose Hill,8643,adm1,MU-BR,,,,,,,,0,0,,,City,MUS,,MUS,MUS-5181,,Beau Bassin-Rose Hill,8643,,,
Curepipe,8644,adm1,MU-CU,,,,,,,,0,0,,,City,MUS,,MUS,MUS-5183,,Curepipe,8644,,,
Flacq,8645,adm1,MU-FL,,,,,,,,0,0,,,District,MUS,,MUS,MUS-5184,,Flacq,8645,,,
Grand Port,8646,adm1,MU-GP,,,,,,,,0,0,,,District,MUS,,MUS,MUS-5185,,Grand Port,8646,,,
Moka,8647,adm1,MU-MO,,,,,,,,0,0,,,District,MUS,,MUS,MUS-5186,,Moka,8647,,,
Pamplemousses,8648,adm1,MU-PA,,,,,,,,0,0,,,District,MUS,,MUS,MUS-5187,,Pamplemousses,8648,,,
Port Louis city,8649,adm1,MU-PL,,,,,,,,0,0,,,City,MUS,,MUS,MUS-5190,,Port Louis city,8649,,,
Port Louis,8650,adm1,MU-PL,,,,,,,,0,0,,,City,MUS,,MUS,MUS-5189,,Port Louis,8650,,,
Plaines Wilhems,8651,adm1,MU-PW,,,,,,,,0,0,,,District,MUS,,MUS,MUS-5188,,Plaines Wilhems,8651,,,
Quatre Bornes,8652,adm1,MU-QB,,,,,,,,0,0,,,City,MUS,,MUS,MUS-5191,,Quatre Bornes,8652,,,
Rodrigues,8653,adm1,MU-RO,,,,,,,,0,0,,,Dependency,MUS,,MUS,MUS-5194,,Rodrigues,8653,,,
Rivière du Rempart,8654,adm1,MU-RR,,,,,,,,0,0,,,District,MUS,,MUS,MUS-5192,,Rivière du Rempart,8654,,,
Savanne,8655,adm1,MU-SA,,,,,,,,0,0,,,District,MUS,,MUS,MUS-5195,,Savanne,8655,,,
Vacoas-Phoenix,8656,adm1,MU-VP,,,,,,,,0,0,,,City,MUS,,MUS,MUS-5196,,Vacoas-Phoenix,8656,,,
Balaka,8681,adm1,MW-BA,,,,,,,,0,0,,,District,MWI,,MWI,MWI-1915,,Balaka,8681,,,
Blantyre,8682,adm1,MW-BL,,,,,,,,0,0,,,District,MWI,,MWI,MWI-1921,,Blantyre,8682,,,
Chikwawa,8683,adm1,MW-CK,,,,,,,,0,0,,,District,MWI,,MWI,MWI-1916,,Chikwawa,8683,,,
Chiradzulu,8684,adm1,MW-CR,,,,,,,,0,0,,,District,MWI,,MWI,MWI-1917,,Chiradzulu,8684,,,
Chitipa,8685,adm1,MW-CT,,,,,,,,0,0,,,District,MWI,,MWI,MWI-1194,,Chitipa,8685,,,
Chitipa,8686,adm1,MW-CT,,,,,,,,0,0,,,District,MWI,,MWI,MWI-1873,,Chitipa,8686,,,
Dedza,8687,adm1,MW-DE,,,,,,,,0,0,,,District,MWI,,MWI,MWI-1907,,Dedza,8687,,,
Dowa,8688,adm1,MW-DO,,,,,,,,0,0,,,District,MWI,,MWI,MWI-1908,,Dowa,8688,,,
Kasungu,8689,adm1,MW-KS,,,,,,,,0,0,,,District,MWI,,MWI,MWI-1899,,Kasungu,8689,,,
Lilongwe,8690,adm1,MW-LI,,,,,,,,0,0,,,District,MWI,,MWI,MWI-1909,,Lilongwe,8690,,,
Likoma,8691,adm1,MW-LK,,,,,,,,0,0,,,District,MWI,,MWI,MWI-5509,,Likoma,8691,,,
Mchinji,8692,adm1,MW-MC,,,,,,,,0,0,,,District,MWI,,MWI,MWI-1911,,Mchinji,8692,,,
Mangochi,8693,adm1,MW-MG,,,,,,,,0,0,,,District,MWI,,MWI,MWI-1910,,Mangochi,8693,,,
Machinga,8694,adm1,MW-MH,,,,,,,,0,0,,,District,MWI,,MWI,MWI-1904,,Machinga,8694,,,
Mulanje,8695,adm1,MW-MU,,,,,,,,0,0,,,District,MWI,,MWI,MWI-1923,,Mulanje,8695,,,
Mwanza,8696,adm1,MW-MW,,,,,,,,0,0,,,District,MWI,,MWI,MWI-1922,,Mwanza,8696,,,
Mzimba,8697,adm1,MW-MZ,,,,,,,,0,0,,,District,MWI,,MWI,MWI-1900,,Mzimba,8697,,,
Nkhata Bay,8698,adm1,MW-NB,,,,,,,,0,0,,,District,MWI,,MWI,MWI-1901,,Nkhata Bay,8698,,,
Neno,8699,adm1,MW-NE,,,,,,,,0,0,,,District,MWI,,MWI,MWI-5510,,Neno,8699,,,
Ntchisi,8700,adm1,MW-NI,,,,,,,,0,0,,,District,MWI,,MWI,MWI-1913,,Ntchisi,8700,,,
Nkhotakota,8701,adm1,MW-NK,,,,,,,,0,0,,,District,MWI,,MWI,MWI-1902,,Nkhotakota,8701,,,
Nsanje,8702,adm1,MW-NS,,,,,,,,0,0,,,District,MWI,,MWI,MWI-1919,,Nsanje,8702,,,
Ntcheu,8703,adm1,MW-NU,,,,,,,,0,0,,,District,MWI,,MWI,MWI-1912,,Ntcheu,8703,,,
Phalombe,8704,adm1,MW-PH,,,,,,,,0,0,,,District,MWI,,MWI,MWI-1924,,Phalombe,8704,,,
Rumphi,8705,adm1,MW-RU,,,,,,,,0,0,,,District,MWI,,MWI,MWI-1903,,Rumphi,8705,,,
Salima,8706,adm1,MW-SA,,,,,,,,0,0,,,District,MWI,,MWI,MWI-1914,,Salima,8706,,,
Thyolo,8707,adm1,MW-TH,,,,,,,,0,0,,,District,MWI,,MWI,MWI-1918,,Thyolo,8707,,,
Zomba,8708,adm1,MW-ZO,,,,,,,,0,0,,,District,MWI,,MWI,MWI-1920,,Zomba,8708,,,
Johor,8721,adm1,MY-01,,,,,,,,0,0,,,State,MYS,,MYS,MYS-1143,,Johor,8721,,,
Kedah,8722,adm1,MY-02,,,,,,,,0,0,,,State,MYS,,MYS,MYS-1140,,Kedah,8722,,,
Kelantan,8723,adm1,MY-03,,,,,,,,0,0,,,State,MYS,,MYS,MYS-1144,,Kelantan,8723,,,
Melaka,8724,adm1,MY-04,,,,,,,,0,0,,,State,MYS,,MYS,MYS-1145,,Melaka,8724,,,
Negeri Sembilan,8725,adm1,MY-05,,,,,,,,0,0,,,State,MYS,,MYS,MYS-1146,,Negeri Sembilan,8725,,,
Pahang,8726,adm1,MY-06,,,,,,,,0,0,,,State,MYS,,MYS,MYS-1147,,Pahang,8726,,,
Pulau Pinang,8727,adm1,MY-07,,,,,,,,0,0,,,State,MYS,,MYS,MYS-1139,,Pulau Pinang,8727,,,
Perak,8728,adm1,MY-08,,,,,,,,0,0,,,State,MYS,,MYS,MYS-1137,,Perak,8728,,,
Perlis,8729,adm1,MY-09,,,,,,,,0,0,,,State,MYS,,MYS,MYS-1141,,Perlis,8729,,,
Selangor,8730,adm1,MY-10,,,,,,,,0,0,,,State,MYS,,MYS,MYS-1148,,Selangor,8730,,,
Terengganu,8731,adm1,MY-11,,,,,,,,0,0,,,State,MYS,,MYS,MYS-1149,,Terengganu,8731,,,
Sabah,8732,adm1,MY-12,,,,,,,,0,0,,,State,MYS,,MYS,MYS-1186,,Sabah,8732,,,
Sarawak,8733,adm1,MY-13,,,,,,,,0,0,,,State,MYS,,MYS,MYS-1187,,Sarawak,8733,,,
Kuala Lumpur,8734,adm1,MY-14,,,,,,,,0,0,,,Federal Territory,MYS,,MYS,MYS-4831,,Kuala Lumpur,8734,,,
Labuan,8735,adm1,MY-15,,,,,,,,0,0,,,Federal Territory,MYS,,MYS,MYS-4833,,Labuan,8735,,,
Putrajaya,8736,adm1,MY-16,,,,,,,,0,0,,,Federal Territory,MYS,,MYS,MYS-4832,,Putrajaya,8736,,,
Caprivi,8761,adm1,NA-CA,,,,,,,,0,0,,,Region,NAM,,NAM,NAM-3356,,Caprivi,8761,,,
Erongo,8762,adm1,NA-ER,,,,,,,,0,0,,,Region,NAM,,NAM,NAM-3348,,Erongo,8762,,,
Hardap,8763,adm1,NA-HA,,,,,,,,0,0,,,Region,NAM,,NAM,NAM-3339,,Hardap,8763,,,
Karas,8764,adm1,NA-KA,,,,,,,,0,0,,,Region,NAM,,NAM,NAM-3338,,Karas,8764,,,
Khomas,8765,adm1,NA-KH,,,,,,,,0,0,,,Region,NAM,,NAM,NAM-3340,,Khomas,8765,,,
Kunene,8766,adm1,NA-KU,,,,,,,,0,0,,,Region,NAM,,NAM,NAM-3347,,Kunene,8766,,,
Otjozondjupa,8767,adm1,NA-OD,,,,,,,,0,0,,,Region,NAM,,NAM,NAM-3349,,Otjozondjupa,8767,,,
Omaheke,8768,adm1,NA-OH,,,,,,,,0,0,,,Region,NAM,,NAM,NAM-3353,,Omaheke,8768,,,
Kavango,8769,adm1,NA-OK,,,,,,,,0,0,,,Region,NAM,,NAM,NAM-3354,,Kavango,8769,,,
Oshana,8770,adm1,NA-ON,,,,,,,,0,0,,,Region,NAM,,NAM,NAM-3351,,Oshana,8770,,,
Omusati,8771,adm1,NA-OS,,,,,,,,0,0,,,Region,NAM,,NAM,NAM-3350,,Omusati,8771,,,
Oshikoto,8772,adm1,NA-OT,,,,,,,,0,0,,,Region,NAM,,NAM,NAM-3355,,Oshikoto,8772,,,
Ohangwena,8773,adm1,NA-OW,,,,,,,,0,0,,,Region,NAM,,NAM,NAM-3352,,Ohangwena,8773,,,
Agadez,8801,adm1,NE-1,,,,,,,,0,0,,,Department,NER,,NER,NER-800,,Agadez,8801,,,
Diffa,8802,adm1,NE-2,,,,,,,,0,0,,,Department,NER,,NER,NER-796,,Diffa,8802,,,
Dosso,8803,adm1,NE-3,,,,,,,,0,0,,,Department,NER,,NER,NER-93,,Dosso,8803,,,
Maradi,8804,adm1,NE-4,,,,,,,,0,0,,,Department,NER,,NER,NER-91,,Maradi,8804,,,
Tahoua,8805,adm1,NE-5,,,,,,,,0,0,,,Department,NER,,NER,NER-95,,Tahoua,8805,,,
Tillabéri,8806,adm1,NE-6,,,,,,,,0,0,,,Department,NER,,NER,NER-4859,,Tillabéri,8806,,,
Zinder,8807,adm1,NE-7,,,,,,,,0,0,,,Department,NER,,NER,NER-92,,Zinder,8807,,,
Niamey,8808,adm1,NE-8,,,,,,,,0,0,,,Capital District,NER,,NER,NER-94,,Niamey,8808,,,
Abia,8821,adm1,NG-AB,,,,,,,,0,0,,,State,NGA,,NGA,NGA-2841,,Abia,8821,,,
Adamawa,8822,adm1,NG-AD,,,,,,,,0,0,,,State,NGA,,NGA,NGA-2881,,Adamawa,8822,,,
Akwa Ibom,8823,adm1,NG-AK,,,,,,,,0,0,,,State,NGA,,NGA,NGA-2842,,Akwa Ibom,8823,,,
Anambra,8824,adm1,NG-AN,,,,,,,,0,0,,,State,NGA,,NGA,NGA-2857,,Anambra,8824,,,
Bauchi,8825,adm1,NG-BA,,,,,,,,0,0,,,State,NGA,,NGA,NGA-2858,,Bauchi,8825,,,
Benue,8826,adm1,NG-BE,,,,,,,,0,0,,,State,NGA,,NGA,NGA-2846,,Benue,8826,,,
Borno,8827,adm1,NG-BO,,,,,,,,0,0,,,State,NGA,,NGA,NGA-2839,,Borno,8827,,,
Bayelsa,8828,adm1,NG-BY,,,,,,,,0,0,,,State,NGA,,NGA,NGA-2845,,Bayelsa,8828,,,
Cross River,8829,adm1,NG-CR,,,,,,,,0,0,,,State,NGA,,NGA,NGA-2847,,Cross River,8829,,,
Delta,8830,adm1,NG-DE,,,,,,,,0,0,,,State,NGA,,NGA,NGA-2860,,Delta,8830,,,
Ebonyi,8831,adm1,NG-EB,,,,,,,,0,0,,,State,NGA,,NGA,NGA-2863,,Ebonyi,8831,,,
Edo,8832,adm1,NG-ED,,,,,,,,0,0,,,State,NGA,,NGA,NGA-2861,,Edo,8832,,,
Ekiti,8833,adm1,NG-EK,,,,,,,,0,0,,,State,NGA,,NGA,NGA-2854,,Ekiti,8833,,,
Enugu,8834,adm1,NG-EN,,,,,,,,0,0,,,State,NGA,,NGA,NGA-2862,,Enugu,8834,,,
Federal Capital Territory,8835,adm1,NG-FC,,,,,,,,0,0,,,State,NGA,,NGA,NGA-3470,,Federal Capital Territory,8835,,,
Gombe,8836,adm1,NG-GO,,,,,,,,0,0,,,State,NGA,,NGA,NGA-2859,,Gombe,8836,,,
Imo,8837,adm1,NG-IM,,,,,,,,0,0,,,State,NGA,,NGA,NGA-2843,,Imo,8837,,,
Jigawa,8838,adm1,NG-JI,,,,,,,,0,0,,,State,NGA,,NGA,NGA-2868,,Jigawa,8838,,,
Kaduna,8839,adm1,NG-KD,,,,,,,,0,0,,,State,NGA,,NGA,NGA-2864,,Kaduna,8839,,,
Kebbi,8840,adm1,NG-KE,,,,,,,,0,0,,,State,NGA,,NGA,NGA-2879,,Kebbi,8840,,,
Kano,8841,adm1,NG-KN,,,,,,,,0,0,,,State,NGA,,NGA,NGA-2869,,Kano,8841,,,
Kogi,8842,adm1,NG-KO,,,,,,,,0,0,,,State,NGA,,NGA,NGA-2865,,Kogi,8842,,,
Katsina,8843,adm1,NG-KT,,,,,,,,0,0,,,State,NGA,,NGA,NGA-2870,,Katsina,8843,,,
Kwara,8844,adm1,NG-KW,,,,,,,,0,0,,,State,NGA,,NGA,NGA-2849,,Kwara,8844,,,
Lagos,8845,adm1,NG-LA,,,,,,,,0,0,,,State,NGA,,NGA,NGA-2850,,Lagos,8845,,,
Nassarawa,8846,adm1,NG-NA,,,,,,,,0,0,,,State,NGA,,NGA,NGA-2867,,Nassarawa,8846,,,
Niger,8847,adm1,NG-NI,,,,,,,,0,0,,,State,NGA,,NGA,NGA-2851,,Niger,8847,,,
Ogun,8848,adm1,NG-OG,,,,,,,,0,0,,,State,NGA,,NGA,NGA-2852,,Ogun,8848,,,
Ondo,8849,adm1,NG-ON,,,,,,,,0,0,,,State,NGA,,NGA,NGA-2853,,Ondo,8849,,,
Osun,8850,adm1,NG-OS,,,,,,,,0,0,,,State,NGA,,NGA,NGA-2855,,Osun,8850,,,
Oyo,8851,adm1,NG-OY,,,,,,,,0,0,,,State,NGA,,NGA,NGA-2856,,Oyo,8851,,,
Plateau,8852,adm1,NG-PL,,,,,,,,0,0,,,State,NGA,,NGA,NGA-2866,,Plateau,8852,,,
Rivers,8853,adm1,NG-RI,,,,,,,,0,0,,,State,NGA,,NGA,NGA-2844,,Rivers,8853,,,
Sokoto,8854,adm1,NG-SO,,,,,,,,0,0,,,State,NGA,,NGA,NGA-2871,,Sokoto,8854,,,
Taraba,8855,adm1,NG-TA,,,,,,,,0,0,,,State,NGA,,NGA,NGA-2848,,Taraba,8855,,,
Yobe,8856,adm1,NG-YO,,,,,,,,0,0,,,State,NGA,,NGA,NGA-2873,,Yobe,8856,,,
Zamfara,8857,adm1,NG-ZA,,,,,,,,0,0,,,State,NGA,,NGA,NGA-2872,,Zamfara,8857,,,
Atlántico Norte,8881,adm1,NI-AN,,,,,,,,0,0,,,Autonomous Region,NIC,,NIC,NIC-657,,Atlántico Norte,8881,,,
Atlántico Sur,8882,adm1,NI-AS,,,,,,,,0,0,,,Autonomous Region,NIC,,NIC,NIC-644,,Atlántico Sur,8882,,,
Boaco,8883,adm1,NI-BO,,,,,,,,0,0,,,Department,NIC,,NIC,NIC-668,,Boaco,8883,,,
Carazo,8884,adm1,NI-CA,,,,,,,,0,0,,,Department,NIC,,NIC,NIC-654,,Carazo,8884,,,
Chinandega,8885,adm1,NI-CI,,,,,,,,0,0,,,Department,NIC,,NIC,NIC-663,,Chinandega,8885,,,
Chontales,8886,adm1,NI-CO,,,,,,,,0,0,,,Department,NIC,,NIC,NIC-669,,Chontales,8886,,,
Estelí,8887,adm1,NI-ES,,,,,,,,0,0,,,Department,NIC,,NIC,NIC-664,,Estelí,8887,,,
Granada,8888,adm1,NI-GR,,,,,,,,0,0,,,Department,NIC,,NIC,NIC-655,,Granada,8888,,,
Jinotega,8889,adm1,NI-JI,,,,,,,,0,0,,,Department,NIC,,NIC,NIC-656,,Jinotega,8889,,,
León,8890,adm1,NI-LE,,,,,,,,0,0,,,Department,NIC,,NIC,NIC-658,,León,8890,,,
Madriz,8891,adm1,NI-MD,,,,,,,,0,0,,,Department,NIC,,NIC,NIC-665,,Madriz,8891,,,
Managua,8892,adm1,NI-MN,,,,,,,,0,0,,,Department,NIC,,NIC,NIC-659,,Managua,8892,,,
Masaya,8893,adm1,NI-MS,,,,,,,,0,0,,,Department,NIC,,NIC,NIC-660,,Masaya,8893,,,
Matagalpa,8894,adm1,NI-MT,,,,,,,,0,0,,,Department,NIC,,NIC,NIC-666,,Matagalpa,8894,,,
Nueva Segovia,8895,adm1,NI-NS,,,,,,,,0,0,,,Department,NIC,,NIC,NIC-667,,Nueva Segovia,8895,,,
Rivas,8896,adm1,NI-RI,,,,,,,,0,0,,,Department,NIC,,NIC,NIC-24,,Rivas,8896,,,
Rio San Juan,8897,adm1,NI-SJ,,,,,,,,0,0,,,Department,NIC,,NIC,NIC-4800,,Rio San Juan,8897,,,
Aruba,8921,adm1,AW-X01~,,,,,,,,0,0,,,,NL1,,ABW,ABW-5150,,Aruba,8921,,,
Curaçao,8941,adm1,CW-X01~,,,,,,,,0,0,,,,NL1,,CUW,CUW-5151,,Curaçao,8941,,,
Bonaire,8961,adm1,NL-BQ1,,,,,,,,0,0,,,Special Municipality,NL1,,NLD,NLD-5149,,Bonaire,8961,,,
Saba,8962,adm1,NL-BQ2,,,,,,,,0,0,,,Special Municipality,NL1,,NLD,NLD-5147,,Saba,8962,,,
St. Eustatius,8963,adm1,NL-BQ3,,,,,,,,0,0,,,Special Municipality,NL1,,NLD,NLD-5148,,St. Eustatius,8963,,,
Drenthe,8964,adm1,NL-DR,,,,,,,,0,0,,,Province,NL1,,NLD,NLD-894,,Drenthe,8964,,,
Flevoland,8965,adm1,NL-FL,,,,,,,,0,0,,,Province,NL1,,NLD,NLD-902,,Flevoland,8965,,,
Friesland,8966,adm1,NL-FR,,,,,,,,0,0,,,Province,NL1,,NLD,NLD-895,,Friesland,8966,,,
Gelderland,8967,adm1,NL-GE,,,,,,,,0,0,,,Province,NL1,,NLD,NLD-896,,Gelderland,8967,,,
Groningen,8968,adm1,NL-GR,,,,,,,,0,0,,,Province,NL1,,NLD,NLD-897,,Groningen,8968,,,
Limburg,8969,adm1,NL-LI,,,,,,,,0,0,,,Province,NL1,,NLD,NLD-898,,Limburg,8969,,,
Noord-Brabant,8970,adm1,NL-NB,,,,,,,,0,0,,,Province,NL1,,NLD,NLD-3483,,Noord-Brabant,8970,,,
Noord-Holland,8971,adm1,NL-NH,,,,,,,,0,0,,,Province,NL1,,NLD,NLD-3486,,Noord-Holland,8971,,,
Overijssel,8972,adm1,NL-OV,,,,,,,,0,0,,,Province,NL1,,NLD,NLD-899,,Overijssel,8972,,,
Utrecht,8973,adm1,NL-UT,,,,,,,,0,0,,,Province,NL1,,NLD,NLD-3484,,Utrecht,8973,,,
Zeeland,8974,adm1,NL-ZE,,,,,,,,0,0,,,Province,NL1,,NLD,NLD-903,,Zeeland,8974,,,
Zuid-Holland,8975,adm1,NL-ZH,,,,,,,,0,0,,,Province,NL1,,NLD,NLD-3485,,Zuid-Holland,8975,,,
Sint Maarten,9001,adm1,NL-SX,,,,,,,,0,0,,,,NL1,,SXM,SXM-5146,,Sint Maarten,9001,,,
Østfold,9021,adm1,NO-01,,,,,,,,0,0,,,County,NOR,,NOR,NOR-924,,Østfold,9021,,,
Akershus,9022,adm1,NO-02,,,,,,,,0,0,,,County,NOR,,NOR,NOR-917,,Akershus,9022,,,
Oslo,9023,adm1,NO-03,,,,,,,,0,0,,,County,NOR,,NOR,NOR-921,,Oslo,9023,,,
Hedmark,9024,adm1,NO-04,,,,,,,,0,0,,,County,NOR,,NOR,NOR-919,,Hedmark,9024,,,
Oppland,9025,adm1,NO-05,,,,,,,,0,0,,,County,NOR,,NOR,NOR-920,,Oppland,9025,,,
Buskerud,9026,adm1,NO-06,,,,,,,,0,0,,,County,NOR,,NOR,NOR-918,,Buskerud,9026,,,
Vestfold,9027,adm1,NO-07,,,,,,,,0,0,,,County,NOR,,NOR,NOR-923,,Vestfold,9027,,,
Telemark,9028,adm1,NO-08,,,,,,,,0,0,,,County,NOR,,NOR,NOR-922,,Telemark,9028,,,
Aust-Agder,9029,adm1,NO-09,,,,,,,,0,0,,,County,NOR,,NOR,NOR-912,,Aust-Agder,9029,,,
Vest-Agder,9030,adm1,NO-10,,,,,,,,0,0,,,County,NOR,,NOR,NOR-916,,Vest-Agder,9030,,,
Rogaland,9031,adm1,NO-11,,,,,,,,0,0,,,County,NOR,,NOR,NOR-914,,Rogaland,9031,,,
Hordaland,9032,adm1,NO-12,,,,,,,,0,0,,,County,NOR,,NOR,NOR-913,,Hordaland,9032,,,
Sogn og Fjordane,9033,adm1,NO-14,,,,,,,,0,0,,,County,NOR,,NOR,NOR-915,,Sogn og Fjordane,9033,,,
Møre og Romsdal,9034,adm1,NO-15,,,,,,,,0,0,,,County,NOR,,NOR,NOR-910,,Møre og Romsdal,9034,,,
Sør-Trøndelag,9035,adm1,NO-16,,,,,,,,0,0,,,County,NOR,,NOR,NOR-911,,Sør-Trøndelag,9035,,,
Nord-Trøndelag,9036,adm1,NO-17,,,,,,,,0,0,,,County,NOR,,NOR,NOR-925,,Nord-Trøndelag,9036,,,
Nordland,9037,adm1,NO-18,,,,,,,,0,0,,,County,NOR,,NOR,NOR-75,,Nordland,9037,,,
Troms,9038,adm1,NO-19,,,,,,,,0,0,,,County,NOR,,NOR,NOR-900,,Troms,9038,,,
Finnmark,9039,adm1,NO-20,,,,,,,,0,0,,,County,NOR,,NOR,NOR-1062,,Finnmark,9039,,,
Svalbard,9040,adm1,NO-21,,,,,,,,0,0,,,Territory,NOR,,NOR,NOR-901,,Svalbard,9040,,,
Bouvet Island,9041,adm1,NO-X01~,,,,,,,,0,0,,,,NOR,,NOR,BVT+00?,,Bouvet Island,9041,,,
Bagmati,9061,adm1,NP-BA,,,,,,,,0,0,,,District,NPL,,NPL,NPL-1130,,Bagmati,9061,,,
Bheri,9062,adm1,NP-BH,,,,,,,,0,0,,,District,NPL,,NPL,NPL-1124,,Bheri,9062,,,
Dhawalagiri,9063,adm1,NP-DH,,,,,,,,0,0,,,Administrative Zone,NPL,,NPL,NPL-1125,,Dhawalagiri,9063,,,
Gandaki,9064,adm1,NP-GA,,,,,,,,0,0,,,District,NPL,,NPL,NPL-1095,,Gandaki,9064,,,
Janakpur,9065,adm1,NP-JA,,,,,,,,0,0,,,Administrative Zone,NPL,,NPL,NPL-1131,,Janakpur,9065,,,
Karnali,9066,adm1,NP-KA,,,,,,,,0,0,,,Administrative Zone,NPL,,NPL,NPL-1126,,Karnali,9066,,,
Bhojpur,9067,adm1,NP-KO,,,,,,,,0,0,,,District,NPL,,NPL,NPL-1134,,Bhojpur,9067,,,
Lumbini,9068,adm1,NP-LU,,,,,,,,0,0,,,Administrative Zone,NPL,,NPL,NPL-1127,,Lumbini,9068,,,
Mahakali,9069,adm1,NP-MA,,,,,,,,0,0,,,Administrative Zone,NPL,,NPL,NPL-1128,,Mahakali,9069,,,
Mechi,9070,adm1,NP-ME,,,,,,,,0,0,,,Administrative Zone,NPL,,NPL,NPL-1135,,Mechi,9070,,,
Narayani,9071,adm1,NP-NA,,,,,,,,0,0,,,Administrative Zone,NPL,,NPL,NPL-1132,,Narayani,9071,,,
Rapti,9072,adm1,NP-RA,,,,,,,,0,0,,,Administrative Zone,NPL,,NPL,NPL-373,,Rapti,9072,,,
Sagarmatha,9073,adm1,NP-SA,,,,,,,,0,0,,,Administrative Zone,NPL,,NPL,NPL-1133,,Sagarmatha,9073,,,
Seti,9074,adm1,NP-SE,,,,,,,,0,0,,,District,NPL,,NPL,NPL-1129,,Seti,9074,,,
Aiwo,9101,adm1,NR-01,,,,,,,,0,0,,,,NRU,,NRU,NRU-4972,,Aiwo,9101,,,
Anabar,9102,adm1,NR-02,,,,,,,,0,0,,,,NRU,,NRU,NRU-4979,,Anabar,9102,,,
Anetan,9103,adm1,NR-03,,,,,,,,0,0,,,,NRU,,NRU,NRU-4978,,Anetan,9103,,,
Anibare,9104,adm1,NR-04,,,,,,,,0,0,,,,NRU,,NRU,NRU-4981,,Anibare,9104,,,
Baiti,9105,adm1,NR-05,,,,,,,,0,0,,,,NRU,,NRU,NRU-4976,,Baiti,9105,,,
Boe,9106,adm1,NR-06,,,,,,,,0,0,,,,NRU,,NRU,NRU-4971,,Boe,9106,,,
Buada,9107,adm1,NR-07,,,,,,,,0,0,,,,NRU,,NRU,NRU-4970,,Buada,9107,,,
Denigomodu,9108,adm1,NR-08,,,,,,,,0,0,,,,NRU,,NRU,NRU-4973,,Denigomodu,9108,,,
Ewa,9109,adm1,NR-09,,,,,,,,0,0,,,,NRU,,NRU,NRU-4977,,Ewa,9109,,,
Ijuw,9110,adm1,NR-10,,,,,,,,0,0,,,,NRU,,NRU,NRU-4980,,Ijuw,9110,,,
Meneng,9111,adm1,NR-11,,,,,,,,0,0,,,,NRU,,NRU,NRU-4982,,Meneng,9111,,,
Nibok,9112,adm1,NR-12,,,,,,,,0,0,,,,NRU,,NRU,NRU-4974,,Nibok,9112,,,
Uaboe,9113,adm1,NR-13,,,,,,,,0,0,,,,NRU,,NRU,NRU-4975,,Uaboe,9113,,,
Yaren,9114,adm1,NR-14,,,,,,,,0,0,,,,NRU,,NRU,NRU-4983,,Yaren,9114,,,
Atiu,9141,adm1,CK-X01~,,,,,,,,0,0,,,,NZ1,,COK,COK-4950,,Atiu,9141,,,
Aitutaki,9142,adm1,CK-X02~,,,,,,,,0,0,,,,NZ1,,COK,COK-4951,,Aitutaki,9142,,,
Mangaia,9143,adm1,CK-X03~,,,,,,,,0,0,,,,NZ1,,COK,COK-4952,,Mangaia,9143,,,
Rarotonga,9144,adm1,CK-X04~,,,,,,,,0,0,,,,NZ1,,COK,COK-4953,,Rarotonga,9144,,,
Mitiaro,9145,adm1,CK-X05~,,,,,,,,0,0,,,,NZ1,,COK,COK-4954,,Mitiaro,9145,,,
Mauke,9146,adm1,CK-X06~,,,,,,,,0,0,,,,NZ1,,COK,COK-4955,,Mauke,9146,,,
Palmerston,9147,adm1,CK-X07~,,,,,,,,0,0,,,,NZ1,,COK,COK-4956,,Palmerston,9147,,,
Pukapuka,9148,adm1,CK-X08~,,,,,,,,0,0,,,,NZ1,,COK,COK-4959,,Pukapuka,9148,,,
Rakahanga,9149,adm1,CK-X09~,,,,,,,,0,0,,,,NZ1,,COK,COK-4960,,Rakahanga,9149,,,
Manihiki,9150,adm1,CK-X10~,,,,,,,,0,0,,,,NZ1,,COK,COK-4961,,Manihiki,9150,,,
Penrhyn,9151,adm1,CK-X11~,,,,,,,,0,0,,,,NZ1,,COK,COK-4962,,Penrhyn,9151,,,
Niue,9181,adm1,NU-X01~,,,,,,,,0,0,,,,NZ1,,NIU,NIU-5481,,Niue,9181,,,
Auckland,9201,adm1,NZ-AUK,,,,,,,,0,0,,,Unitary Authority,NZ1,,NZL,NZL-3398,,Auckland,9201,,,
Bay of Plenty,9202,adm1,NZ-BOP,,,,,,,,0,0,,,Regional Council,NZ1,,NZL,NZL-3399,,Bay of Plenty,9202,,,
Canterbury,9203,adm1,NZ-CAN,,,,,,,,0,0,,,Regional Council,NZ1,,NZL,NZL-3400,,Canterbury,9203,,,
Chatham Islands Territory,9204,adm1,NZ-CIT,,,,,,,,0,0,,,Special Island Authority,NZ1,,NZL,NZL-5470,,Chatham Islands Territory,9204,,,
Gisborne District,9205,adm1,NZ-GIS,,,,,,,,0,0,,,Unitary Authority,NZ1,,NZL,NZL-3396,,Gisborne District,9205,,,
Hawke's Bay,9206,adm1,NZ-HKB,,,,,,,,0,0,,,Regional Council,NZ1,,NZL,NZL-3397,,Hawke's Bay,9206,,,
Marlborough District,9207,adm1,NZ-MBH,,,,,,,,0,0,,,Unitary Authority,NZ1,,NZL,NZL-3401,,Marlborough District,9207,,,
Manawatu-Wanganui,9208,adm1,NZ-MWT,,,,,,,,0,0,,,Regional Council,NZ1,,NZL,NZL-3334,,Manawatu-Wanganui,9208,,,
Nelson City,9209,adm1,NZ-NSN,,,,,,,,0,0,,,Unitary Authority,NZ1,,NZL,NZL-3402,,Nelson City,9209,,,
Northland,9210,adm1,NZ-NTL,,,,,,,,0,0,,,Regional Council,NZ1,,NZL,NZL-3404,,Northland,9210,,,
Otago,9211,adm1,NZ-OTA,,,,,,,,0,0,,,Regional Council,NZ1,,NZL,NZL-3407,,Otago,9211,,,
Southland,9212,adm1,NZ-STL,,,,,,,,0,0,,,Regional Council,NZ1,,NZL,NZL-3408,,Southland,9212,,,
Tasman District,9213,adm1,NZ-TAS,,,,,,,,0,0,,,Unitary Authority,NZ1,,NZL,NZL-3403,,Tasman District,9213,,,
Taranaki,9214,adm1,NZ-TKI,,,,,,,,0,0,,,Regional Council,NZ1,,NZL,NZL-3405,,Taranaki,9214,,,
Wellington,9215,adm1,NZ-WGN,,,,,,,,0,0,,,Regional Council,NZ1,,NZL,NZL-5469,,Wellington,9215,,,
Waikato,9216,adm1,NZ-WKO,,,,,,,,0,0,,,Regional Council,NZ1,,NZL,NZL-5468,,Waikato,9216,,,
West Coast,9217,adm1,NZ-WTC,,,,,,,,0,0,,,Regional Council,NZ1,,NZL,NZL-3406,,West Coast,9217,,,
Kermadec Islands,9218,adm1,NZ-X01~,,,,,,,,0,0,,,,NZ1,,NZL,NZL-5471,,Kermadec Islands,9218,,,
Three Kings Islands,9219,adm1,NZ-X03~,,,,,,,,0,0,,,,NZ1,,NZL,NZL-5476,,Three Kings Islands,9219,,,
Antipodes Islands,9220,adm1,NZ-X04~,,,,,,,,0,0,,,,NZ1,,NZL,NZL-5477,,Antipodes Islands,9220,,,
Campbell Islands,9221,adm1,NZ-X05~,,,,,,,,0,0,,,,NZ1,,NZL,NZL-5478,,Campbell Islands,9221,,,
Auckland Islands,9222,adm1,NZ-X06~,,,,,,,,0,0,,,,NZ1,,NZL,NZL-5479,,Auckland Islands,9222,,,
The Snares,9223,adm1,NZ-X07~,,,,,,,,0,0,,,,NZ1,,NZL,NZL-5480,,The Snares,9223,,,
Tokelau,9224,adm1,TK-X01~,,,,,,,,0,0,,,,NZ1,,NZL,NZL-5472,,Tokelau,9224,,,
Al Batnah North,9241,adm1,OM-BA,,,,,,,,0,0,,,Region,OMN,,OMN,OMN-2424,,Al Batnah North,9241,,,
Al Batnah South,9242,adm1,OM-BJ,,,,,,,,0,0,,,Region,OMN,,OMN,OMN-5497,,Al Batnah South,9242,,,
Al Buraymi,9243,adm1,OM-BU,,,,,,,,0,0,,,Province,OMN,,OMN,OMN-4836,,Al Buraymi,9243,,,
Ad Dakhliyah,9244,adm1,OM-DA,,,,,,,,0,0,,,Region,OMN,,OMN,OMN-2404,,Ad Dakhliyah,9244,,,
Muscat,9245,adm1,OM-MA,,,,,,,,0,0,,,Province,OMN,,OMN,OMN-2426,,Muscat,9245,,,
Musandam,9246,adm1,OM-MU,,,,,,,,0,0,,,Province,OMN,,OMN,OMN-2425,,Musandam,9246,,,
Ash Sharqiyah South,9247,adm1,OM-SH,,,,,,,,0,0,,,Region,OMN,,OMN,OMN-2406,,Ash Sharqiyah South,9247,,,
Ash Sharqiyah North,9248,adm1,OM-SS,,,,,,,,0,0,,,Region,OMN,,OMN,OMN-5496,,Ash Sharqiyah North,9248,,,
Al Wusta,9249,adm1,OM-WU,,,,,,,,0,0,,,Region,OMN,,OMN,OMN-2405,,Al Wusta,9249,,,
Al Dhahira,9250,adm1,OM-ZA,,,,,,,,0,0,,,Region,OMN,,OMN,OMN-2414,,Al Dhahira,9250,,,
Dhofar,9251,adm1,OM-ZU,,,,,,,,0,0,,,Province,OMN,,OMN,OMN-2411,,Dhofar,9251,,,
Baluchistan,9281,adm1,PK-BA,,,,,,,,0,0,,,Province,PAK,,PAK,PAK-1108,,Baluchistan,9281,,,
Northern Areas,9282,adm1,PK-GB,,,ASHimalaya,2,,,,1,0,,,Centrally Administered Area,PAK,,PAK,PAK-1111,,Northern Areas,9282,,,
F.C.T.,9283,adm1,PK-IS,,,,,,,,0,0,,,Capital Territory,PAK,,PAK,PAK-1110,,F.C.T.,9283,,,
Azad Kashmir,9284,adm1,PK-JK,,,ASHimalaya,2,,,,1,0,,,Centrally Administered Area,PAK,,PAK,PAK-1109,,Azad Kashmir,9284,,,
K.P.,9285,adm1,PK-KP,,,ASHimalaya,2,,,,1,0,,,Province,PAK,,PAK,PAK-1123,,K.P.,9285,,,
Punjab,9286,adm1,PK-PB,,,,,,,,0,0,,,Province,PAK,,PAK,PAK-1113,,Punjab,9286,,,
Sind,9287,adm1,PK-SD,,,,,,,,0,0,,,Province,PAK,,PAK,PAK-1114,,Sind,9287,,,
F.A.T.A.,9288,adm1,PK-TA,,,,,,,,0,0,,,Territory,PAK,,PAK,PAK-1112,,F.A.T.A.,9288,,,
Bocas del Toro,9301,adm1,PA-1,,,,,,,,0,0,,,Province,PAN,,PAN,PAN-1958,,Bocas del Toro,9301,,,
Coclé,9302,adm1,PA-2,,,,,,,,0,0,,,Province,PAN,,PAN,PAN-1336,,Coclé,9302,,,
Colón,9303,adm1,PA-3,,,,,,,,0,0,,,Province,PAN,,PAN,PAN-1337,,Colón,9303,,,
Chiriquí,9304,adm1,PA-4,,,,,,,,0,0,,,Province,PAN,,PAN,PAN-1332,,Chiriquí,9304,,,
Darién,9305,adm1,PA-5,,,,,,,,0,0,,,Province,PAN,,PAN,PAN-1418,,Darién,9305,,,
Herrera,9306,adm1,PA-6,,,,,,,,0,0,,,Province,PAN,,PAN,PAN-1338,,Herrera,9306,,,
Los Santos,9307,adm1,PA-7,,,,,,,,0,0,,,Province,PAN,,PAN,PAN-1339,,Los Santos,9307,,,
Panama,9308,adm1,PA-8,,,,,,,,0,0,,,Province,PAN,,PAN,PAN-1340,,Panama,9308,,,
Veraguas,9309,adm1,PA-9,,,,,,,,0,0,,,Province,PAN,,PAN,PAN-1341,,Veraguas,9309,,,
Emberá,9310,adm1,PA-EM,,,,,,,,0,0,,,Indigenous Territory,PAN,,PAN,PAN-3455,,Emberá,9310,,,
Kuna Yala,9311,adm1,PA-KY,,,,,,,,0,0,,,Indigenous Territory,PAN,,PAN,PAN-1419,,Kuna Yala,9311,,,
Ngöbe Buglé,9312,adm1,PA-NB,,,,,,,,0,0,,,Indigenous Territory,PAN,,PAN,PAN-3454,,Ngöbe Buglé,9312,,,
Amazonas,9341,adm1,PE-AMA,,,AMAndes,4,,,,1,0,,,Department,PER,,PER,PER-584,,Amazonas,9341,,,
Áncash,9342,adm1,PE-ANC,,,AMAndes,4,,,,1,0,,,Department,PER,,PER,PER-577,,Áncash,9342,,,
Apurímac,9343,adm1,PE-APU,,,AMAndes,4,,,,1,0,,,Department,PER,,PER,PER-569,,Apurímac,9343,,,
Arequipa,9344,adm1,PE-ARE,,,AMAndes,4,,,,1,0,,,Department,PER,,PER,PER-570,,Arequipa,9344,,,
Ayacucho,9345,adm1,PE-AYA,,,AMAndes,4,,,,1,0,,,Department,PER,,PER,PER-586,,Ayacucho,9345,,,
Cajamarca,9346,adm1,PE-CAJ,,,AMAndes,4,,,,1,0,,,Department,PER,,PER,PER-578,,Cajamarca,9346,,,
Callao,9347,adm1,PE-CAL,,,,,,,,0,0,,,Departamento,PER,,PER,PER-3505,,Callao,9347,,,
Cusco,9348,adm1,PE-CUS,,,AMAndes,4,,,,1,0,,,Department,PER,,PER,PER-571,,Cusco,9348,,,
Huánuco,9349,adm1,PE-HUC,,,AMAndes,4,,,,1,0,,,Department,PER,,PER,PER-579,,Huánuco,9349,,,
Huancavelica,9350,adm1,PE-HUV,,,AMAndes,4,,,,1,0,,,Department,PER,,PER,PER-588,,Huancavelica,9350,,,
Ica,9351,adm1,PE-ICA,,,AMAndes,4,,,,1,0,,,Department,PER,,PER,PER-589,,Ica,9351,,,
Junín,9352,adm1,PE-JUN,,,AMAndes,4,,,,1,0,,,Department,PER,,PER,PER-590,,Junín,9352,,,
La Libertad,9353,adm1,PE-LAL,,,AMAndes,4,,,,1,0,,,Department,PER,,PER,PER-580,,La Libertad,9353,,,
Lambayeque,9354,adm1,PE-LAM,,,AMAndes,4,,,,1,0,,,Department,PER,,PER,PER-566,,Lambayeque,9354,,,
Lima,9355,adm1,PE-LIM,,,AMAndes,4,,,,1,0,,,Department,PER,,PER,PER-591,,Lima,9355,,,
Lima Province,9356,adm1,PE-LIM,,,,,,,,0,0,,,Captial District,PER,,PER,PER-587,,Lima Province,9356,,,
Loreto,9357,adm1,PE-LOR,,,,,,,,0,0,,,Department,PER,,PER,PER-585,,Loreto,9357,,,
Madre de Dios,9358,adm1,PE-MDD,,,,,,,,0,0,,,Department,PER,,PER,PER-572,,Madre de Dios,9358,,,
Moquegua,9359,adm1,PE-MOQ,,,AMAndes,4,,,,1,0,,,Department,PER,,PER,PER-574,,Moquegua,9359,,,
Pasco,9360,adm1,PE-PAS,,,AMAndes,4,,,,1,0,,,Department,PER,,PER,PER-581,,Pasco,9360,,,
Piura,9361,adm1,PE-PIU,,,AMAndes,4,,,,1,0,,,Department,PER,,PER,PER-567,,Piura,9361,,,
Puno,9362,adm1,PE-PUN,,,AMAndes,4,,,,1,0,,,Department,PER,,PER,PER-573,,Puno,9362,,,
San Martín,9363,adm1,PE-SAM,,,AMAndes,4,,,,1,0,,,Department,PER,,PER,PER-582,,San Martín,9363,,,
Tacna,9364,adm1,PE-TAC,,,AMAndes,4,,,,1,0,,,Department,PER,,PER,PER-575,,Tacna,9364,,,
Tumbes,9365,adm1,PE-TUM,,,AMAndes,4,,,,1,0,,,Department,PER,,PER,PER-568,,Tumbes,9365,,,
Ucayali,9366,adm1,PE-UCA,,,,,,,,0,0,,,Department,PER,,PER,PER-583,,Ucayali,9366,,,
Spratly Islands,9381,adm1,-99-X08~,,,,,,,,0,0,,,,PGA,,PGA,PGA+00?,,Spratly Islands,9381,,,
Abra,9401,adm1,PH-ABR,,,,,,,,0,0,,,Province,PHL,,PHL,PHL-2542,,Abra,9401,,,
Agusan del Norte,9402,adm1,PH-AGN,,,,,,,,0,0,,,Province,PHL,,PHL,PHL-2587,,Agusan del Norte,9402,,,
Butuan,9403,adm1,PH-AGN,,,,,,,,0,0,,,Highly Urbanized City,PHL,,PHL,PHL-5532,,Butuan,9403,,,
Agusan del Sur,9404,adm1,PH-AGS,,,,,,,,0,0,,,Province,PHL,,PHL,PHL-2588,,Agusan del Sur,9404,,,
Aklan,9405,adm1,PH-AKL,,,,,,,,0,0,,,Province,PHL,,PHL,PHL-2525,,Aklan,9405,,,
Albay,9406,adm1,PH-ALB,,,,,,,,0,0,,,Province,PHL,,PHL,PHL-2536,,Albay,9406,,,
Antique,9407,adm1,PH-ANT,,,,,,,,0,0,,,Province,PHL,,PHL,PHL-2526,,Antique,9407,,,
Apayao,9408,adm1,PH-APA,,,,,,,,0,0,,,Province,PHL,,PHL,PHL-2546,,Apayao,9408,,,
Aurora,9409,adm1,PH-AUR,,,,,,,,0,0,,,Province,PHL,,PHL,PHL-2549,,Aurora,9409,,,
Bataan,9410,adm1,PH-BAN,,,,,,,,0,0,,,Province,PHL,,PHL,PHL-2555,,Bataan,9410,,,
Basilan,9411,adm1,PH-BAS,,,,,,,,0,0,,,Province,PHL,,PHL,PHL-2519,,Basilan,9411,,,
Bacolod,9412,adm1,PH-BCD,,,,,,,,0,0,,,Highly Urbanized City,PHL,,PHL,PHL-5525,,Bacolod,9412,,,
Benguet,9413,adm1,PH-BEN,,,,,,,,0,0,,,Province,PHL,,PHL,PHL-2559,,Benguet,9413,,,
Baguio,9414,adm1,PH-BEN,,,,,,,,0,0,,,Highly Urbanized City,PHL,,PHL,PHL-5539,,Baguio,9414,,,
Biliran,9415,adm1,PH-BIL,,,,,,,,0,0,,,Province,PHL,,PHL,PHL-2581,,Biliran,9415,,,
Bohol,9416,adm1,PH-BOH,,,,,,,,0,0,,,Province,PHL,,PHL,PHL-2513,,Bohol,9416,,,
Batangas,9417,adm1,PH-BTG,,,,,,,,0,0,,,Province,PHL,,PHL,PHL-2564,,Batangas,9417,,,
Batanes,9418,adm1,PH-BTN,,,,,,,,0,0,,,Province,PHL,,PHL,PHL-2543,,Batanes,9418,,,
Bukidnon,9419,adm1,PH-BUK,,,,,,,,0,0,,,Province,PHL,,PHL,PHL-2589,,Bukidnon,9419,,,
Bulacan,9420,adm1,PH-BUL,,,,,,,,0,0,,,Province,PHL,,PHL,PHL-2565,,Bulacan,9420,,,
Cagayan,9421,adm1,PH-CAG,,,,,,,,0,0,,,Province,PHL,,PHL,PHL-2545,,Cagayan,9421,,,
Camiguin,9422,adm1,PH-CAM,,,,,,,,0,0,,,Province,PHL,,PHL,PHL-2590,,Camiguin,9422,,,
Camarines Norte,9423,adm1,PH-CAN,,,,,,,,0,0,,,Province,PHL,,PHL,PHL-2537,,Camarines Norte,9423,,,
Capiz,9424,adm1,PH-CAP,,,,,,,,0,0,,,Province,PHL,,PHL,PHL-2528,,Capiz,9424,,,
Camarines Sur,9425,adm1,PH-CAS,,,,,,,,0,0,,,Province,PHL,,PHL,PHL-2538,,Camarines Sur,9425,,,
Naga,9426,adm1,PH-CAS,,,,,,,,0,0,,,Independent Component City,PHL,,PHL,PHL-5536,,Naga,9426,,,
Catanduanes,9427,adm1,PH-CAT,,,,,,,,0,0,,,Province,PHL,,PHL,PHL-2539,,Catanduanes,9427,,,
Cavite,9428,adm1,PH-CAV,,,,,,,,0,0,,,Province,PHL,,PHL,PHL-2563,,Cavite,9428,,,
Cebu,9429,adm1,PH-CEB,,,,,,,,0,0,,,Highly Urbanized City,PHL,,PHL,PHL-5522,,Cebu,9429,,,
Cebu,9430,adm1,PH-CEB,,,,,,,,0,0,,,Province,PHL,,PHL,PHL-2514,,Cebu,9430,,,
Compostela Valley,9431,adm1,PH-COM,,,,,,,,0,0,,,Province,PHL,,PHL,PHL-2592,,Compostela Valley,9431,,,
Davao Oriental,9432,adm1,PH-DAO,,,,,,,,0,0,,,Province,PHL,,PHL,PHL-2597,,Davao Oriental,9432,,,
Davao del Sur,9433,adm1,PH-DAS,,,,,,,,0,0,,,Province,PHL,,PHL,PHL-2596,,Davao del Sur,9433,,,
Davao del Norte,9434,adm1,PH-DAV,,,,,,,,0,0,,,Province,PHL,,PHL,PHL-2591,,Davao del Norte,9434,,,
Davao,9435,adm1,PH-DAV,,,,,,,,0,0,,,Highly Urbanized City,PHL,,PHL,PHL-5528,,Davao,9435,,,
Eastern Samar,9436,adm1,PH-EAS,,,,,,,,0,0,,,Province,PHL,,PHL,PHL-2582,,Eastern Samar,9436,,,
Guimaras,9437,adm1,PH-GUI,,,,,,,,0,0,,,Province,PHL,,PHL,PHL-2530,,Guimaras,9437,,,
Ifugao,9438,adm1,PH-IFU,,,,,,,,0,0,,,Province,PHL,,PHL,PHL-2551,,Ifugao,9438,,,
Iloilo,9439,adm1,PH-ILI,,,,,,,,0,0,,,Province,PHL,,PHL,PHL-2529,,Iloilo,9439,,,
Iloilo,9440,adm1,PH-ILI,,,,,,,,0,0,,,Highly Urbanized City,PHL,,PHL,PHL-5526,,Iloilo,9440,,,
Ilocos Norte,9441,adm1,PH-ILN,,,,,,,,0,0,,,Province,PHL,,PHL,PHL-2547,,Ilocos Norte,9441,,,
Ilocos Sur,9442,adm1,PH-ILS,,,,,,,,0,0,,,Province,PHL,,PHL,PHL-2548,,Ilocos Sur,9442,,,
Isabela,9443,adm1,PH-ISA,,,,,,,,0,0,,,Province,PHL,,PHL,PHL-2550,,Isabela,9443,,,
Santiago,9444,adm1,PH-ISA,,,,,,,,0,0,,,Independent Component City,PHL,,PHL,PHL-5537,,Santiago,9444,,,
Kalinga,9445,adm1,PH-KAL,,,,,,,,0,0,,,Province,PHL,,PHL,PHL-4931,,Kalinga,9445,,,
Laguna,9446,adm1,PH-LAG,,,,,,,,0,0,,,Province,PHL,,PHL,PHL-2566,,Laguna,9446,,,
Iligan,9447,adm1,PH-LAN,,,,,,,,0,0,,,Highly Urbanized City,PHL,,PHL,PHL-5530,,Iligan,9447,,,
Lanao del Norte,9448,adm1,PH-LAN,,,,,,,,0,0,,,Province,PHL,,PHL,PHL-2573,,Lanao del Norte,9448,,,
Lapu-Lapu,9449,adm1,PH-LAP,,,,,,,,0,0,,,Highly Urbanized City,PHL,,PHL,PHL-5524,,Lapu-Lapu,9449,,,
Lanao del Sur,9450,adm1,PH-LAS,,,,,,,,0,0,,,Province,PHL,,PHL,PHL-2574,,Lanao del Sur,9450,,,
Leyte,9451,adm1,PH-LEY,,,,,,,,0,0,,,Province,PHL,,PHL,PHL-2583,,Leyte,9451,,,
Tacloban,9452,adm1,PH-LEY,,,,,,,,0,0,,,Highly Urbanized City,PHL,,PHL,PHL-5535,,Tacloban,9452,,,
Ormoc,9453,adm1,PH-LEY,,,,,,,,0,0,,,Independent Component City,PHL,,PHL,PHL-5534,,Ormoc,9453,,,
La Union,9454,adm1,PH-LUN,,,,,,,,0,0,,,Province,PHL,,PHL,PHL-2561,,La Union,9454,,,
Marinduque,9455,adm1,PH-MAD,,,,,,,,0,0,,,Province,PHL,,PHL,PHL-2569,,Marinduque,9455,,,
Maguindanao,9456,adm1,PH-MAG,,,,,,,,0,0,,,Province,PHL,,PHL,PHL-2576,,Maguindanao,9456,,,
Masbate,9457,adm1,PH-MAS,,,,,,,,0,0,,,Province,PHL,,PHL,PHL-2540,,Masbate,9457,,,
Mindoro Occidental,9458,adm1,PH-MDC,,,,,,,,0,0,,,Province,PHL,,PHL,PHL-2570,,Mindoro Occidental,9458,,,
Mandaue,9459,adm1,PH-MDE,,,,,,,,0,0,,,Highly Urbanized City,PHL,,PHL,PHL-5523,,Mandaue,9459,,,
Mindoro Oriental,9460,adm1,PH-MDR,,,,,,,,0,0,,,Province,PHL,,PHL,PHL-2571,,Mindoro Oriental,9460,,,
Las Pinas,9461,adm1,PH-MNL,,,,,,,,0,0,,,Highly Urbanized City,PHL,,PHL,PHL-5556,,Las Pinas,9461,,,
Paranaque,9462,adm1,PH-MNL,,,,,,,,0,0,,,Highly Urbanized City,PHL,,PHL,PHL-5555,,Paranaque,9462,,,
Pasay,9463,adm1,PH-MNL,,,,,,,,0,0,,,Highly Urbanized City,PHL,,PHL,PHL-5554,,Pasay,9463,,,
Manila,9464,adm1,PH-MNL,,,,,,,,0,0,,,Highly Urbanized City,PHL,,PHL,PHL-5543,,Manila,9464,,,
Navotas,9465,adm1,PH-MNL,,,,,,,,0,0,,,Highly Urbanized City,PHL,,PHL,PHL-5544,,Navotas,9465,,,
Muntinlupa,9466,adm1,PH-MNL,,,,,,,,0,0,,,Highly Urbanized City,PHL,,PHL,PHL-5557,,Muntinlupa,9466,,,
Caloocan,9467,adm1,PH-MNL,,,,,,,,0,0,,,Highly Urbanized City,PHL,,PHL,PHL-5545,,Caloocan,9467,,,
Malabon,9468,adm1,PH-MNL,,,,,,,,0,0,,,Highly Urbanized City,PHL,,PHL,PHL-5546,,Malabon,9468,,,
Valenzuela,9469,adm1,PH-MNL,,,,,,,,0,0,,,Highly Urbanized City,PHL,,PHL,PHL-5547,,Valenzuela,9469,,,
Quezon City,9470,adm1,PH-MNL,,,,,,,,0,0,,,Highly Urbanized City,PHL,,PHL,PHL-5549,,Quezon City,9470,,,
Taguig,9471,adm1,PH-MNL,,,,,,,,0,0,,,Highly Urbanized City,PHL,,PHL,PHL-5558,,Taguig,9471,,,
Marikina,9472,adm1,PH-MNL,,,,,,,,0,0,,,Highly Urbanized City,PHL,,PHL,PHL-5550,,Marikina,9472,,,
Pasig,9473,adm1,PH-MNL,,,,,,,,0,0,,,Highly Urbanized City,PHL,,PHL,PHL-5552,,Pasig,9473,,,
Makati,9474,adm1,PH-MNL,,,,,,,,0,0,,,Highly Urbanized City,PHL,,PHL,PHL-5553,,Makati,9474,,,
Pateros,9475,adm1,PH-MNL,,,,,,,,0,0,,,Independent Municipality,PHL,,PHL,PHL-5559,,Pateros,9475,,,
Mandaluyong City,9476,adm1,PH-MNL,,,,,,,,0,0,,,Province,PHL,,PHL,PHL-5542,,Mandaluyong City,9476,,,
San Juan,9477,adm1,PH-MNL,,,,,,,,0,0,,,Highly Urbanized City,PHL,,PHL,PHL-5551,,San Juan,9477,,,
Mountain Province,9478,adm1,PH-MOU,,,,,,,,0,0,,,Province,PHL,,PHL,PHL-2552,,Mountain Province,9478,,,
Misamis Occidental,9479,adm1,PH-MSC,,,,,,,,0,0,,,Province,PHL,,PHL,PHL-2523,,Misamis Occidental,9479,,,
Misamis Oriental,9480,adm1,PH-MSR,,,,,,,,0,0,,,Province,PHL,,PHL,PHL-2595,,Misamis Oriental,9480,,,
Cagayan de Oro,9481,adm1,PH-MSR,,,,,,,,0,0,,,Highly Urbanized City,PHL,,PHL,PHL-5531,,Cagayan de Oro,9481,,,
Cotabato,9482,adm1,PH-NCO,,,,,,,,0,0,,,Independent Component City,PHL,,PHL,PHL-5527,,Cotabato,9482,,,
Cotabato,9483,adm1,PH-NCO,,,,,,,,0,0,,,Province,PHL,,PHL,PHL-2579,,Cotabato,9483,,,
Negros Occidental,9484,adm1,PH-NEC,,,,,,,,0,0,,,Province,PHL,,PHL,PHL-2518,,Negros Occidental,9484,,,
Negros Oriental,9485,adm1,PH-NER,,,,,,,,0,0,,,Province,PHL,,PHL,PHL-2516,,Negros Oriental,9485,,,
Northern Samar,9486,adm1,PH-NSA,,,,,,,,0,0,,,Province,PHL,,PHL,PHL-2586,,Northern Samar,9486,,,
Nueva Ecija,9487,adm1,PH-NUE,,,,,,,,0,0,,,Province,PHL,,PHL,PHL-2557,,Nueva Ecija,9487,,,
Nueva Vizcaya,9488,adm1,PH-NUV,,,,,,,,0,0,,,Province,PHL,,PHL,PHL-2553,,Nueva Vizcaya,9488,,,
Pampanga,9489,adm1,PH-PAM,,,,,,,,0,0,,,Province,PHL,,PHL,PHL-2558,,Pampanga,9489,,,
Angeles,9490,adm1,PH-PAM,,,,,,,,0,0,,,Highly Urbanized City,PHL,,PHL,PHL-5538,,Angeles,9490,,,
Pangasinan,9491,adm1,PH-PAN,,,,,,,,0,0,,,Province,PHL,,PHL,PHL-2562,,Pangasinan,9491,,,
Dagupan,9492,adm1,PH-PAN,,,,,,,,0,0,,,Independent Component City,PHL,,PHL,PHL-5541,,Dagupan,9492,,,
Palawan,9493,adm1,PH-PLW,,,,,,,,0,0,,,Province,PHL,,PHL,PHL-2534,,Palawan,9493,,,
Puerto Princesa,9494,adm1,PH-PLW,,,,,,,,0,0,,,Highly Urbanized City,PHL,,PHL,PHL-5533,,Puerto Princesa,9494,,,
Quezon,9495,adm1,PH-QUE,,,,,,,,0,0,,,Province,PHL,,PHL,PHL-2572,,Quezon,9495,,,
Lucena,9496,adm1,PH-QUE,,,,,,,,0,0,,,Highly Urbanized City,PHL,,PHL,PHL-5560,,Lucena,9496,,,
Quirino,9497,adm1,PH-QUI,,,,,,,,0,0,,,Province,PHL,,PHL,PHL-2554,,Quirino,9497,,,
Rizal,9498,adm1,PH-RIZ,,,,,,,,0,0,,,Province,PHL,,PHL,PHL-2567,,Rizal,9498,,,
Romblon,9499,adm1,PH-ROM,,,,,,,,0,0,,,Province,PHL,,PHL,PHL-2535,,Romblon,9499,,,
Sarangani,9500,adm1,PH-SAR,,,,,,,,0,0,,,Province,PHL,,PHL,PHL-2598,,Sarangani,9500,,,
General Santos,9501,adm1,PH-SCO,,,,,,,,0,0,,,Highly Urbanized City,PHL,,PHL,PHL-5529,,General Santos,9501,,,
South Cotabato,9502,adm1,PH-SCO,,,,,,,,0,0,,,Province,PHL,,PHL,PHL-2599,,South Cotabato,9502,,,
Siquijor,9503,adm1,PH-SIG,,,,,,,,0,0,,,Province,PHL,,PHL,PHL-2517,,Siquijor,9503,,,
Southern Leyte,9504,adm1,PH-SLE,,,,,,,,0,0,,,Province,PHL,,PHL,PHL-2585,,Southern Leyte,9504,,,
Sulu,9505,adm1,PH-SLU,,,,,,,,0,0,,,Province,PHL,,PHL,PHL-2524,,Sulu,9505,,,
Sorsogon,9506,adm1,PH-SOR,,,,,,,,0,0,,,Province,PHL,,PHL,PHL-2541,,Sorsogon,9506,,,
Sultan Kudarat,9507,adm1,PH-SUK,,,,,,,,0,0,,,Province,PHL,,PHL,PHL-2580,,Sultan Kudarat,9507,,,
Surigao del Norte,9508,adm1,PH-SUN,,,,,,,,0,0,,,Province,PHL,,PHL,PHL-2593,,Surigao del Norte,9508,,,
Surigao del Sur,9509,adm1,PH-SUR,,,,,,,,0,0,,,Province,PHL,,PHL,PHL-2594,,Surigao del Sur,9509,,,
Tarlac,9510,adm1,PH-TAR,,,,,,,,0,0,,,Province,PHL,,PHL,PHL-2556,,Tarlac,9510,,,
Tawi-Tawi,9511,adm1,PH-TAW,,,,,,,,0,0,,,Province,PHL,,PHL,PHL-2511,,Tawi-Tawi,9511,,,
Samar,9512,adm1,PH-WSA,,,,,,,,0,0,,,Province,PHL,,PHL,PHL-2584,,Samar,9512,,,
Zamboanga del Norte,9513,adm1,PH-ZAN,,,,,,,,0,0,,,Province,PHL,,PHL,PHL-2520,,Zamboanga del Norte,9513,,,
Zamboanga,9514,adm1,PH-ZAN,,,,,,,,0,0,,,Highly Urbanized City,PHL,,PHL,PHL-4932,,Zamboanga,9514,,,
Zamboanga del Sur,9515,adm1,PH-ZAS,,,,,,,,0,0,,,Province,PHL,,PHL,PHL-2522,,Zamboanga del Sur,9515,,,
Olongapo,9516,adm1,PH-ZMB,,,,,,,,0,0,,,Highly Urbanized City,PHL,,PHL,PHL-5540,,Olongapo,9516,,,
Zambales,9517,adm1,PH-ZMB,,,,,,,,0,0,,,Province,PHL,,PHL,PHL-2560,,Zambales,9517,,,
Zamboanga Sibugay,9518,adm1,PH-ZSI,,,,,,,,0,0,,,Province,PHL,,PHL,PHL-2521,,Zamboanga Sibugay,9518,,,
Aimeliik,9541,adm1,PW-002,,,,,,,,0,0,,,,PLW,,PLW,PLW-5244,,Aimeliik,9541,,,
Airai,9542,adm1,PW-004,,,,,,,,0,0,,,,PLW,,PLW,PLW-5245,,Airai,9542,,,
Angaur,9543,adm1,PW-010,,,,,,,,0,0,,,,PLW,,PLW,PLW-5246,,Angaur,9543,,,
Hatobohei,9544,adm1,PW-050,,,,,,,,0,0,,,,PLW,,PLW,PLW-5247,,Hatobohei,9544,,,
Kayangel,9545,adm1,PW-100,,,,,,,,0,0,,,,PLW,,PLW,PLW-5248,,Kayangel,9545,,,
Koror,9546,adm1,PW-150,,,,,,,,0,0,,,,PLW,,PLW,PLW-5249,,Koror,9546,,,
Melekeok,9547,adm1,PW-212,,,,,,,,0,0,,,,PLW,,PLW,PLW-5250,,Melekeok,9547,,,
Ngaraard,9548,adm1,PW-214,,,,,,,,0,0,,,,PLW,,PLW,PLW-5251,,Ngaraard,9548,,,
Ngarchelong,9549,adm1,PW-218,,,,,,,,0,0,,,,PLW,,PLW,PLW-5252,,Ngarchelong,9549,,,
Ngardmau,9550,adm1,PW-222,,,,,,,,0,0,,,,PLW,,PLW,PLW-5253,,Ngardmau,9550,,,
Ngatpang,9551,adm1,PW-224,,,,,,,,0,0,,,,PLW,,PLW,PLW-5254,,Ngatpang,9551,,,
Ngchesar,9552,adm1,PW-226,,,,,,,,0,0,,,,PLW,,PLW,PLW-5255,,Ngchesar,9552,,,
Ngeremlengui,9553,adm1,PW-227,,,,,,,,0,0,,,,PLW,,PLW,PLW-5256,,Ngeremlengui,9553,,,
Ngiwal,9554,adm1,PW-228,,,,,,,,0,0,,,,PLW,,PLW,PLW-5257,,Ngiwal,9554,,,
Peleliu,9555,adm1,PW-350,,,,,,,,0,0,,,,PLW,,PLW,PLW-5258,,Peleliu,9555,,,
Sonsorol,9556,adm1,PW-370,,,,,,,,0,0,,,,PLW,,PLW,PLW-5259,,Sonsorol,9556,,,
Chimbu,9581,adm1,PG-CPK,,,,,,,,0,0,,,Province,PNG,,PNG,PNG-1242,,Chimbu,9581,,,
Central,9582,adm1,PG-CPM,,,,,,,,0,0,,,Province,PNG,,PNG,PNG-1249,,Central,9582,,,
East New Britain,9583,adm1,PG-EBR,,,,,,,,0,0,,,Province,PNG,,PNG,PNG-1250,,East New Britain,9583,,,
Eastern Highlands,9584,adm1,PG-EHG,,,,,,,,0,0,,,Province,PNG,,PNG,PNG-1243,,Eastern Highlands,9584,,,
Enga,9585,adm1,PG-EPW,,,,,,,,0,0,,,Province,PNG,,PNG,PNG-1238,,Enga,9585,,,
East Sepik,9586,adm1,PG-ESW,,,,,,,,0,0,,,Province,PNG,,PNG,PNG-1239,,East Sepik,9586,,,
Gulf,9587,adm1,PG-GPK,,,,,,,,0,0,,,Province,PNG,,PNG,PNG-1244,,Gulf,9587,,,
Milne Bay,9588,adm1,PG-MBA,,,,,,,,0,0,,,Province,PNG,,PNG,PNG-1252,,Milne Bay,9588,,,
Morobe,9589,adm1,PG-MPL,,,,,,,,0,0,,,Province,PNG,,PNG,PNG-1253,,Morobe,9589,,,
Madang,9590,adm1,PG-MPM,,,,,,,,0,0,,,Province,PNG,,PNG,PNG-1240,,Madang,9590,,,
Manus,9591,adm1,PG-MRL,,,,,,,,0,0,,,Province,PNG,,PNG,PNG-1251,,Manus,9591,,,
National Capital District,9592,adm1,PG-NCD,,,,,,,,0,0,,,Province,PNG,,PNG,PNG-1254,,National Capital District,9592,,,
New Ireland,9593,adm1,PG-NIK,,,,,,,,0,0,,,Province,PNG,,PNG,PNG-1255,,New Ireland,9593,,,
Northern,9594,adm1,PG-NPP,,,,,,,,0,0,,,Province,PNG,,PNG,PNG-1256,,Northern,9594,,,
North Solomons,9595,adm1,PG-NSB,,,,,,,,0,0,,,Province,PNG,,PNG,PNG-1245,,North Solomons,9595,,,
Sandaun,9596,adm1,PG-SAN,,,,,,,,0,0,,,Province,PNG,,PNG,PNG-1241,,Sandaun,9596,,,
Southern Highlands,9597,adm1,PG-SHM,,,,,,,,0,0,,,Province,PNG,,PNG,PNG-1246,,Southern Highlands,9597,,,
West New Britain,9598,adm1,PG-WBK,,,,,,,,0,0,,,Province,PNG,,PNG,PNG-1257,,West New Britain,9598,,,
Western Highlands,9599,adm1,PG-WHM,,,,,,,,0,0,,,Province,PNG,,PNG,PNG-1247,,Western Highlands,9599,,,
Western,9600,adm1,PG-WPD,,,,,,,,0,0,,,Province,PNG,,PNG,PNG-1248,,Western,9600,,,
Lower Silesian,9621,adm1,PL-DS,,,,,,,,0,0,,,Voivodeship|Province,POL,,POL,POL-3141,,Lower Silesian,9621,,,
Kuyavian-Pomeranian,9622,adm1,PL-KP,,,,,,,,0,0,,,Voivodeship|Province,POL,,POL,POL-3145,,Kuyavian-Pomeranian,9622,,,
Lubusz,9623,adm1,PL-LB,,,,,,,,0,0,,,Voivodeship|Province,POL,,POL,POL-3143,,Lubusz,9623,,,
Łódź,9624,adm1,PL-LD,,,,,,,,0,0,,,Voivodeship|Province,POL,,POL,POL-3147,,Łódź,9624,,,
Lublin,9625,adm1,PL-LU,,,,,,,,0,0,,,Voivodeship|Province,POL,,POL,POL-3151,,Lublin,9625,,,
Lesser Poland,9626,adm1,PL-MA,,,,,,,,0,0,,,Voivodeship|Province,POL,,POL,POL-3170,,Lesser Poland,9626,,,
Masovian,9627,adm1,PL-MZ,,,,,,,,0,0,,,Voivodeship|Province,POL,,POL,POL-3148,,Masovian,9627,,,
Opole,9628,adm1,PL-OP,,,,,,,,0,0,,,Voivodeship|Province,POL,,POL,POL-3167,,Opole,9628,,,
Podlachian,9629,adm1,PL-PD,,,,,,,,0,0,,,Voivodeship|Province,POL,,POL,POL-3150,,Podlachian,9629,,,
Subcarpathian,9630,adm1,PL-PK,,,,,,,,0,0,,,Voivodeship|Province,POL,,POL,POL-3152,,Subcarpathian,9630,,,
Pomeranian,9631,adm1,PL-PM,,,,,,,,0,0,,,Voivodeship|Province,POL,,POL,POL-3140,,Pomeranian,9631,,,
Świętokrzyskie,9632,adm1,PL-SK,,,,,,,,0,0,,,Voivodeship|Province,POL,,POL,POL-3149,,Świętokrzyskie,9632,,,
Silesian,9633,adm1,PL-SL,,,,,,,,0,0,,,Voivodeship|Province,POL,,POL,POL-3146,,Silesian,9633,,,
Warmian-Masurian,9634,adm1,PL-WN,,,,,,,,0,0,,,Voivodeship|Province,POL,,POL,POL-3139,,Warmian-Masurian,9634,,,
Greater Poland,9635,adm1,PL-WP,,,,,,,,0,0,,,Voivodeship|Province,POL,,POL,POL-3144,,Greater Poland,9635,,,
West Pomeranian,9636,adm1,PL-ZP,,,,,,,,0,0,,,Voivodeship|Province,POL,,POL,POL-3142,,West Pomeranian,9636,,,
P'yŏngyang,9661,adm1,KP-01,,,,,,,,0,0,,,Special City,PRK,,PRK,PRK-3305,,P'yŏngyang,9661,,,
P'yŏngan-namdo,9662,adm1,KP-02,,,,,,,,0,0,,,Province,PRK,,PRK,PRK-3313,,P'yŏngan-namdo,9662,,,
P'yŏngan-bukto,9663,adm1,KP-03,,,,,,,,0,0,,,Province,PRK,,PRK,PRK-3312,,P'yŏngan-bukto,9663,,,
Chagang-do,9664,adm1,KP-04,,,,,,,,0,0,,,Province,PRK,,PRK,PRK-3310,,Chagang-do,9664,,,
Hwanghae-namdo,9665,adm1,KP-05,,,,,,,,0,0,,,Province,PRK,,PRK,PRK-3304,,Hwanghae-namdo,9665,,,
Hwanghae-bukto,9666,adm1,KP-06,,,,,,,,0,0,,,Province,PRK,,PRK,PRK-3303,,Hwanghae-bukto,9666,,,
Kangwŏn-do,9667,adm1,KP-07,,,,,,,,0,0,,,Province,PRK,,PRK,PRK-3308,,Kangwŏn-do,9667,,,
Hamgyŏng-namdo,9668,adm1,KP-08,,,,,,,,0,0,,,Province,PRK,,PRK,PRK-3311,,Hamgyŏng-namdo,9668,,,
Hamgyŏng-bukto,9669,adm1,KP-09,,,,,,,,0,0,,,Province,PRK,,PRK,PRK-3307,,Hamgyŏng-bukto,9669,,,
Ryanggang,9670,adm1,KP-10,,,,,,,,0,0,,,Province,PRK,,PRK,PRK-3314,,Ryanggang,9670,,,
Rasŏn,9671,adm1,KP-13,,,,,,,,0,0,,,Province,PRK,,PRK,PRK-5495,,Rasŏn,9671,,,
Aveiro,9701,adm1,PT-01,,,,,,,,0,0,,,District,PRT,,PRT,PRT-739,,Aveiro,9701,,,
Beja,9702,adm1,PT-02,,,,,,,,0,0,,,District,PRT,,PRT,PRT-743,,Beja,9702,,,
Braga,9703,adm1,PT-03,,,,,,,,0,0,,,District,PRT,,PRT,PRT-749,,Braga,9703,,,
Bragança,9704,adm1,PT-04,,,,,,,,0,0,,,District,PRT,,PRT,PRT-750,,Bragança,9704,,,
Castelo Branco,9705,adm1,PT-05,,,,,,,,0,0,,,District,PRT,,PRT,PRT-751,,Castelo Branco,9705,,,
Coimbra,9706,adm1,PT-06,,,,,,,,0,0,,,District,PRT,,PRT,PRT-752,,Coimbra,9706,,,
Évora,9707,adm1,PT-07,,,,,,,,0,0,,,District,PRT,,PRT,PRT-744,,Évora,9707,,,
Faro,9708,adm1,PT-08,,,,,,,,0,0,,,District,PRT,,PRT,PRT-745,,Faro,9708,,,
Guarda,9709,adm1,PT-09,,,,,,,,0,0,,,District,PRT,,PRT,PRT-753,,Guarda,9709,,,
Leiria,9710,adm1,PT-10,,,,,,,,0,0,,,District,PRT,,PRT,PRT-740,,Leiria,9710,,,
Lisboa,9711,adm1,PT-11,,,,,,,,0,0,,,District,PRT,,PRT,PRT-746,,Lisboa,9711,,,
Portalegre,9712,adm1,PT-12,,,,,,,,0,0,,,District,PRT,,PRT,PRT-747,,Portalegre,9712,,,
Porto,9713,adm1,PT-13,,,,,,,,0,0,,,District,PRT,,PRT,PRT-754,,Porto,9713,,,
Santarém,9714,adm1,PT-14,,,,,,,,0,0,,,District,PRT,,PRT,PRT-748,,Santarém,9714,,,
Setúbal,9715,adm1,PT-15,,,,,,,,0,0,,,District,PRT,,PRT,PRT-5498,,Setúbal,9715,,,
Viana do Castelo,9716,adm1,PT-16,,,,,,,,0,0,,,District,PRT,,PRT,PRT-741,,Viana do Castelo,9716,,,
Vila Real,9717,adm1,PT-17,,,,,,,,0,0,,,District,PRT,,PRT,PRT-756,,Vila Real,9717,,,
Viseu,9718,adm1,PT-18,,,,,,,,0,0,,,District,PRT,,PRT,PRT-755,,Viseu,9718,,,
Azores,9719,adm1,PT-20,,,,,,,,0,0,,,Autonomous region,PRT,,PRT,PRT-735,,Azores,9719,,,
Madeira,9720,adm1,PT-30,,,,,,,,0,0,,,Autonomous region,PRT,,PRT,PRT-736,,Madeira,9720,,,
Concepción,9741,adm1,PY-1,,,,,,,,0,0,,,Department,PRY,,PRY,PRY-603,,Concepción,9741,,,
Alto Paraná,9742,adm1,PY-10,,,,,,,,0,0,,,Department,PRY,,PRY,PRY-616,,Alto Paraná,9742,,,
Central,9743,adm1,PY-11,,,,,,,,0,0,,,Department,PRY,,PRY,PRY-607,,Central,9743,,,
Ñeembucú,9744,adm1,PY-12,,,,,,,,0,0,,,Department,PRY,,PRY,PRY-610,,Ñeembucú,9744,,,
Amambay,9745,adm1,PY-13,,,,,,,,0,0,,,Department,PRY,,PRY,PRY-615,,Amambay,9745,,,
Canindeyú,9746,adm1,PY-14,,,,,,,,0,0,,,Department,PRY,,PRY,PRY-619,,Canindeyú,9746,,,
Presidente Hayes,9747,adm1,PY-15,,,,,,,,0,0,,,Department,PRY,,PRY,PRY-605,,Presidente Hayes,9747,,,
Alto Paraguay,9748,adm1,PY-16,,,,,,,,0,0,,,Department,PRY,,PRY,PRY-597,,Alto Paraguay,9748,,,
Boquerón,9749,adm1,PY-19,,,,,,,,0,0,,,Department,PRY,,PRY,PRY-598,,Boquerón,9749,,,
San Pedro,9750,adm1,PY-2,,,,,,,,0,0,,,Department,PRY,,PRY,PRY-606,,San Pedro,9750,,,
Cordillera,9751,adm1,PY-3,,,,,,,,0,0,,,Department,PRY,,PRY,PRY-604,,Cordillera,9751,,,
Guairá,9752,adm1,PY-4,,,,,,,,0,0,,,Department,PRY,,PRY,PRY-608,,Guairá,9752,,,
Caaguazú,9753,adm1,PY-5,,,,,,,,0,0,,,Department,PRY,,PRY,PRY-617,,Caaguazú,9753,,,
Caazapá,9754,adm1,PY-6,,,,,,,,0,0,,,Department,PRY,,PRY,PRY-618,,Caazapá,9754,,,
Itapúa,9755,adm1,PY-7,,,,,,,,0,0,,,Department,PRY,,PRY,PRY-620,,Itapúa,9755,,,
Misiones,9756,adm1,PY-8,,,,,,,,0,0,,,Department,PRY,,PRY,PRY-609,,Misiones,9756,,,
Paraguarí,9757,adm1,PY-9,,,,,,,,0,0,,,Department,PRY,,PRY,PRY-611,,Paraguarí,9757,,,
Asunción,9758,adm1,PY-ASU,,,,,,,,0,0,,,Capital District,PRY,,PRY,PRY-4837,,Asunción,9758,,,
Ad Dawhah,9781,adm1,QA-DA,,,,,,,,0,0,,,Municipality,QAT,,QAT,QAT-1099,,Ad Dawhah,9781,,,
Al Khawr,9782,adm1,QA-KH,,,,,,,,0,0,,,Municipality,QAT,,QAT,QAT-1105,,Al Khawr,9782,,,
Madinat ach Shamal,9783,adm1,QA-MS,,,,,,,,0,0,,,Municipality,QAT,,QAT,QAT-1106,,Madinat ach Shamal,9783,,,
Ar Rayyān,9784,adm1,QA-RA,,,,,,,,0,0,,,Municipality,QAT,,QAT,QAT-1100,,Ar Rayyān,9784,,,
Umm Salal,9785,adm1,QA-US,,,,,,,,0,0,,,Municipality,QAT,,QAT,QAT-1107,,Umm Salal,9785,,,
Al Wakrah,9786,adm1,QA-WA,,,,,,,,0,0,,,Municipality,QAT,,QAT,QAT-1101,,Al Wakrah,9786,,,
Al Daayen,9787,adm1,QA-ZA,,,,,,,,0,0,,,Municipality,QAT,,QAT,QAT-5487,,Al Daayen,9787,,,
Alba,9801,adm1,RO-AB,,,,,,,,0,0,,,County,ROU,,ROU,ROU-294,,Alba,9801,,,
Arges,9802,adm1,RO-AG,,,,,,,,0,0,,,County,ROU,,ROU,ROU-302,,Arges,9802,,,
Arad,9803,adm1,RO-AR,,,,,,,,0,0,,,County,ROU,,ROU,ROU-276,,Arad,9803,,,
Bucharest,9804,adm1,RO-B,,,,,,,,0,0,,,City,ROU,,ROU,ROU-128,,Bucharest,9804,,,
Bacau,9805,adm1,RO-BC,,,,,,,,0,0,,,County,ROU,,ROU,ROU-312,,Bacau,9805,,,
Bihor,9806,adm1,RO-BH,,,,,,,,0,0,,,County,ROU,,ROU,ROU-277,,Bihor,9806,,,
Bistrita-Nasaud,9807,adm1,RO-BN,,,,,,,,0,0,,,County,ROU,,ROU,ROU-295,,Bistrita-Nasaud,9807,,,
Braila,9808,adm1,RO-BR,,,,,,,,0,0,,,County,ROU,,ROU,ROU-313,,Braila,9808,,,
Botosani,9809,adm1,RO-BT,,,,,,,,0,0,,,County,ROU,,ROU,ROU-287,,Botosani,9809,,,
Brasov,9810,adm1,RO-BV,,,,,,,,0,0,,,County,ROU,,ROU,ROU-305,,Brasov,9810,,,
Buzau,9811,adm1,RO-BZ,,,,,,,,0,0,,,County,ROU,,ROU,ROU-314,,Buzau,9811,,,
Cluj,9812,adm1,RO-CJ,,,,,,,,0,0,,,County,ROU,,ROU,ROU-296,,Cluj,9812,,,
Calarasi,9813,adm1,RO-CL,,,,,,,,0,0,,,County,ROU,,ROU,ROU-129,,Calarasi,9813,,,
Caras-Severin,9814,adm1,RO-CS,,,,,,,,0,0,,,County,ROU,,ROU,ROU-278,,Caras-Severin,9814,,,
Constanta,9815,adm1,RO-CT,,,,,,,,0,0,,,County,ROU,,ROU,ROU-133,,Constanta,9815,,,
Covasna,9816,adm1,RO-CV,,,,,,,,0,0,,,County,ROU,,ROU,ROU-306,,Covasna,9816,,,
Dâmbovita,9817,adm1,RO-DB,,,,,,,,0,0,,,County,ROU,,ROU,ROU-130,,Dâmbovita,9817,,,
Dolj,9818,adm1,RO-DJ,,,,,,,,0,0,,,County,ROU,,ROU,ROU-122,,Dolj,9818,,,
Gorj,9819,adm1,RO-GJ,,,,,,,,0,0,,,County,ROU,,ROU,ROU-123,,Gorj,9819,,,
Galati,9820,adm1,RO-GL,,,,,,,,0,0,,,County,ROU,,ROU,ROU-315,,Galati,9820,,,
Giurgiu,9821,adm1,RO-GR,,,,,,,,0,0,,,County,ROU,,ROU,ROU-131,,Giurgiu,9821,,,
Hunedoara,9822,adm1,RO-HD,,,,,,,,0,0,,,County,ROU,,ROU,ROU-297,,Hunedoara,9822,,,
Harghita,9823,adm1,RO-HR,,,,,,,,0,0,,,County,ROU,,ROU,ROU-307,,Harghita,9823,,,
Ilfov,9824,adm1,RO-IF,,,,,,,,0,0,,,County,ROU,,ROU,ROU-4844,,Ilfov,9824,,,
Ialomita,9825,adm1,RO-IL,,,,,,,,0,0,,,County,ROU,,ROU,ROU-132,,Ialomita,9825,,,
Iasi,9826,adm1,RO-IS,,,,,,,,0,0,,,County,ROU,,ROU,ROU-308,,Iasi,9826,,,
Mehedinti,9827,adm1,RO-MH,,,,,,,,0,0,,,County,ROU,,ROU,ROU-124,,Mehedinti,9827,,,
Maramures,9828,adm1,RO-MM,,,,,,,,0,0,,,County,ROU,,ROU,ROU-298,,Maramures,9828,,,
Mures,9829,adm1,RO-MS,,,,,,,,0,0,,,County,ROU,,ROU,ROU-299,,Mures,9829,,,
Neamt,9830,adm1,RO-NT,,,,,,,,0,0,,,County,ROU,,ROU,ROU-309,,Neamt,9830,,,
Olt,9831,adm1,RO-OT,,,,,,,,0,0,,,County,ROU,,ROU,ROU-126,,Olt,9831,,,
Prahova,9832,adm1,RO-PH,,,,,,,,0,0,,,County,ROU,,ROU,ROU-310,,Prahova,9832,,,
Sibiu,9833,adm1,RO-SB,,,,,,,,0,0,,,County,ROU,,ROU,ROU-303,,Sibiu,9833,,,
Salaj,9834,adm1,RO-SJ,,,,,,,,0,0,,,County,ROU,,ROU,ROU-300,,Salaj,9834,,,
Satu Mare,9835,adm1,RO-SM,,,,,,,,0,0,,,County,ROU,,ROU,ROU-301,,Satu Mare,9835,,,
Suceava,9836,adm1,RO-SV,,,,,,,,0,0,,,County,ROU,,ROU,ROU-311,,Suceava,9836,,,
Tulcea,9837,adm1,RO-TL,,,,,,,,0,0,,,County,ROU,,ROU,ROU-4847,,Tulcea,9837,,,
Timis,9838,adm1,RO-TM,,,,,,,,0,0,,,County,ROU,,ROU,ROU-280,,Timis,9838,,,
Teleorman,9839,adm1,RO-TR,,,,,,,,0,0,,,County,ROU,,ROU,ROU-127,,Teleorman,9839,,,
Vâlcea,9840,adm1,RO-VL,,,,,,,,0,0,,,County,ROU,,ROU,ROU-304,,Vâlcea,9840,,,
Vrancea,9841,adm1,RO-VN,,,,,,,,0,0,,,County,ROU,,ROU,ROU-317,,Vrancea,9841,,,
Vaslui,9842,adm1,RO-VS,,,,,,,,0,0,,,County,ROU,,ROU,ROU-316,,Vaslui,9842,,,
Adygey,9861,adm1,RU-AD,,,,,,,,0,0,,,Republic,RUS,,RUS,RUS-2279,,Adygey,9861,,,
Gorno-Altay,9862,adm1,RU-AL,,,,,,,,0,0,,,Republic,RUS,,RUS,RUS-2400,,Gorno-Altay,9862,,,
Altay,9863,adm1,RU-ALT,,,,,,,,0,0,,,Territory,RUS,,RUS,RUS-2399,,Altay,9863,,,
Amur,9864,adm1,RU-AMU,,,,,,,,0,0,,,Region,RUS,,RUS,RUS-2609,,Amur,9864,,,
Arkhangel'sk,9865,adm1,RU-ARK,,,,,,,,0,0,,,Region,RUS,,RUS,RUS-2354,,Arkhangel'sk,9865,,,
Astrakhan',9866,adm1,RU-AST,,,,,,,,0,0,,,Region,RUS,,RUS,RUS-2388,,Astrakhan',9866,,,
Bashkortostan,9867,adm1,RU-BA,,,,,,,,0,0,,,Republic,RUS,,RUS,RUS-2378,,Bashkortostan,9867,,,
Belgorod,9868,adm1,RU-BEL,,,,,,,,0,0,,,Region,RUS,,RUS,RUS-2370,,Belgorod,9868,,,
Bryansk,9869,adm1,RU-BRY,,,,,,,,0,0,,,Region,RUS,,RUS,RUS-2342,,Bryansk,9869,,,
Buryat,9870,adm1,RU-BU,,,,,,,,0,0,,,Republic,RUS,,RUS,RUS-2606,,Buryat,9870,,,
Chechnya,9871,adm1,RU-CE,,,,,,,,0,0,,,Republic,RUS,,RUS,RUS-2416,,Chechnya,9871,,,
Chelyabinsk,9872,adm1,RU-CHE,,,,,,,,0,0,,,Region,RUS,,RUS,RUS-2379,,Chelyabinsk,9872,,,
Chukchi Autonomous Okrug,9873,adm1,RU-CHU,,,,,,,,0,0,,,Autonomous Province,RUS,,RUS,RUS-2321,,Chukchi Autonomous Okrug,9873,,,
Chuvash,9874,adm1,RU-CU,,,,,,,,0,0,,,Republic,RUS,,RUS,RUS-2389,,Chuvash,9874,,,
Dagestan,9875,adm1,RU-DA,,,,,,,,0,0,,,Republic,RUS,,RUS,RUS-2417,,Dagestan,9875,,,
Ingush,9876,adm1,RU-IN,,,,,,,,0,0,,,Republic,RUS,,RUS,RUS-2303,,Ingush,9876,,,
Irkutsk,9877,adm1,RU-IRK,,,,,,,,0,0,,,Region,RUS,,RUS,RUS-2602,,Irkutsk,9877,,,
Ivanovo,9878,adm1,RU-IVA,,,,,,,,0,0,,,Region,RUS,,RUS,RUS-2355,,Ivanovo,9878,,,
Kamchatka,9879,adm1,RU-KAM,,,,,,,,0,0,,,Region,RUS,,RUS,RUS-3468,,Kamchatka,9879,,,
Kabardin-Balkar,9880,adm1,RU-KB,,,,,,,,0,0,,,Republic,RUS,,RUS,RUS-2304,,Kabardin-Balkar,9880,,,
Karachay-Cherkess,9881,adm1,RU-KC,,,,,,,,0,0,,,Republic,RUS,,RUS,RUS-2280,,Karachay-Cherkess,9881,,,
Krasnodar,9882,adm1,RU-KDA,,,,,,,,0,0,,,Territory,RUS,,RUS,RUS-2371,,Krasnodar,9882,,,
Kemerovo,9883,adm1,RU-KEM,,,,,,,,0,0,,,Region,RUS,,RUS,RUS-2401,,Kemerovo,9883,,,
Kaliningrad,9884,adm1,RU-KGD,,,,,,,,0,0,,,Region,RUS,,RUS,RUS-2324,,Kaliningrad,9884,,,
Kurgan,9885,adm1,RU-KGN,,,,,,,,0,0,,,Region,RUS,,RUS,RUS-2380,,Kurgan,9885,,,
Khabarovsk,9886,adm1,RU-KHA,,,,,,,,0,0,,,Territory,RUS,,RUS,RUS-2614,,Khabarovsk,9886,,,
Khanty-Mansiy,9887,adm1,RU-KHM,,,,,,,,0,0,,,Autonomous Province,RUS,,RUS,RUS-2396,,Khanty-Mansiy,9887,,,
Kirov,9888,adm1,RU-KIR,,,,,,,,0,0,,,Region,RUS,,RUS,RUS-2384,,Kirov,9888,,,
Khakass,9889,adm1,RU-KK,,,,,,,,0,0,,,Republic,RUS,,RUS,RUS-2402,,Khakass,9889,,,
Kalmyk,9890,adm1,RU-KL,,,,,,,,0,0,,,Republic,RUS,,RUS,RUS-2390,,Kalmyk,9890,,,
Kaluga,9891,adm1,RU-KLU,,,,,,,,0,0,,,Region,RUS,,RUS,RUS-2361,,Kaluga,9891,,,
Komi,9892,adm1,RU-KO,,,,,,,,0,0,,,Republic,RUS,,RUS,RUS-2383,,Komi,9892,,,
Kostroma,9893,adm1,RU-KOS,,,,,,,,0,0,,,Region,RUS,,RUS,RUS-2356,,Kostroma,9893,,,
Karelia,9894,adm1,RU-KR,,,,,,,,0,0,,,Republic,RUS,,RUS,RUS-2353,,Karelia,9894,,,
Kursk,9895,adm1,RU-KRS,,,,,,,,0,0,,,Region,RUS,,RUS,RUS-2362,,Kursk,9895,,,
Krasnoyarsk,9896,adm1,RU-KYA,,,,,,,,0,0,,,Territory,RUS,,RUS,RUS-2603,,Krasnoyarsk,9896,,,
Leningrad,9897,adm1,RU-LEN,,,,,,,,0,0,,,Region,RUS,,RUS,RUS-2336,,Leningrad,9897,,,
Lipetsk,9898,adm1,RU-LIP,,,,,,,,0,0,,,Region,RUS,,RUS,RUS-2363,,Lipetsk,9898,,,
Maga Buryatdan,9899,adm1,RU-MAG,,,,,,,,0,0,,,Region,RUS,,RUS,RUS-2615,,Maga Buryatdan,9899,,,
Mariy-El,9900,adm1,RU-ME,,,,,,,,0,0,,,Republic,RUS,,RUS,RUS-2385,,Mariy-El,9900,,,
Mordovia,9901,adm1,RU-MO,,,,,,,,0,0,,,Republic,RUS,,RUS,RUS-2372,,Mordovia,9901,,,
Moskva,9902,adm1,RU-MOS,,,,,,,,0,0,,,Federal City,RUS,,RUS,RUS-2365,,Moskva,9902,,,
Moskovskaya,9903,adm1,RU-MOW,,,,,,,,0,0,,,Region,RUS,,RUS,RUS-2364,,Moskovskaya,9903,,,
Murmansk,9904,adm1,RU-MUR,,,,,,,,0,0,,,Region,RUS,,RUS,RUS-2333,,Murmansk,9904,,,
Nenets,9905,adm1,RU-NEN,,,,,,,,0,0,,,Autonomous Province,RUS,,RUS,RUS-2381,,Nenets,9905,,,
Novgorod,9906,adm1,RU-NGR,,,,,,,,0,0,,,Region,RUS,,RUS,RUS-2334,,Novgorod,9906,,,
Nizhegorod,9907,adm1,RU-NIZ,,,,,,,,0,0,,,Region,RUS,,RUS,RUS-2357,,Nizhegorod,9907,,,
Novosibirsk,9908,adm1,RU-NVS,,,,,,,,0,0,,,Region,RUS,,RUS,RUS-2403,,Novosibirsk,9908,,,
Omsk,9909,adm1,RU-OMS,,,,,,,,0,0,,,Region,RUS,,RUS,RUS-2397,,Omsk,9909,,,
Orenburg,9910,adm1,RU-ORE,,,,,,,,0,0,,,Region,RUS,,RUS,RUS-2391,,Orenburg,9910,,,
Orel,9911,adm1,RU-ORL,,,,,,,,0,0,,,Region,RUS,,RUS,RUS-2366,,Orel,9911,,,
Perm',9912,adm1,RU-PER,,,,,,,,0,0,,,Territory,RUS,,RUS,RUS-3200,,Perm',9912,,,
Penza,9913,adm1,RU-PNZ,,,,,,,,0,0,,,Region,RUS,,RUS,RUS-2373,,Penza,9913,,,
Primor'ye,9914,adm1,RU-PRI,,,,,,,,0,0,,,Territory,RUS,,RUS,RUS-2611,,Primor'ye,9914,,,
Pskov,9915,adm1,RU-PSK,,,,,,,,0,0,,,Region,RUS,,RUS,RUS-2335,,Pskov,9915,,,
Rostov,9916,adm1,RU-ROS,,,,,,,,0,0,,,Region,RUS,,RUS,RUS-2367,,Rostov,9916,,,
Ryazan',9917,adm1,RU-RYA,,,,,,,,0,0,,,Region,RUS,,RUS,RUS-2374,,Ryazan',9917,,,
Sakha (Yakutia),9918,adm1,RU-SA,,,,,,,,0,0,,,Autonomous Province,RUS,,RUS,RUS-2612,,Sakha (Yakutia),9918,,,
Sakhalin,9919,adm1,RU-SAK,,,,,,,,0,0,,,Region,RUS,,RUS,RUS-2616,,Sakhalin,9919,,,
Samara,9920,adm1,RU-SAM,,,,,,,,0,0,,,Region,RUS,,RUS,RUS-2392,,Samara,9920,,,
Saratov,9921,adm1,RU-SAR,,,,,,,,0,0,,,Region,RUS,,RUS,RUS-2393,,Saratov,9921,,,
North Ossetia,9922,adm1,RU-SE,,,,,,,,0,0,,,Republic,RUS,,RUS,RUS-2305,,North Ossetia,9922,,,
Smolensk,9923,adm1,RU-SMO,,,,,,,,0,0,,,Region,RUS,,RUS,RUS-2343,,Smolensk,9923,,,
City of St. Petersburg,9924,adm1,RU-SPE,,,,,,,,0,0,,,Federal City,RUS,,RUS,RUS-2337,,City of St. Petersburg,9924,,,
Stavropol',9925,adm1,RU-STA,,,,,,,,0,0,,,Territory,RUS,,RUS,RUS-2306,,Stavropol',9925,,,
Sverdlovsk,9926,adm1,RU-SVE,,,,,,,,0,0,,,Region,RUS,,RUS,RUS-2386,,Sverdlovsk,9926,,,
Tatarstan,9927,adm1,RU-TA,,,,,,,,0,0,,,Republic,RUS,,RUS,RUS-2394,,Tatarstan,9927,,,
Tambov,9928,adm1,RU-TAM,,,,,,,,0,0,,,Region,RUS,,RUS,RUS-2375,,Tambov,9928,,,
Tomsk,9929,adm1,RU-TOM,,,,,,,,0,0,,,Region,RUS,,RUS,RUS-2167,,Tomsk,9929,,,
Tula,9930,adm1,RU-TUL,,,,,,,,0,0,,,Region,RUS,,RUS,RUS-2368,,Tula,9930,,,
Tver',9931,adm1,RU-TVE,,,,,,,,0,0,,,Region,RUS,,RUS,RUS-2358,,Tver',9931,,,
Tuva,9932,adm1,RU-TY,,,,,,,,0,0,,,Republic,RUS,,RUS,RUS-2605,,Tuva,9932,,,
Tyumen',9933,adm1,RU-TYU,,,,,,,,0,0,,,Region,RUS,,RUS,RUS-2398,,Tyumen',9933,,,
Udmurt,9934,adm1,RU-UD,,,,,,,,0,0,,,Republic,RUS,,RUS,RUS-2387,,Udmurt,9934,,,
Ul'yanovsk,9935,adm1,RU-ULY,,,,,,,,0,0,,,Region,RUS,,RUS,RUS-2395,,Ul'yanovsk,9935,,,
Volgograd,9936,adm1,RU-VGG,,,,,,,,0,0,,,Region,RUS,,RUS,RUS-2369,,Volgograd,9936,,,
Vladimir,9937,adm1,RU-VLA,,,,,,,,0,0,,,Region,RUS,,RUS,RUS-2376,,Vladimir,9937,,,
Vologda,9938,adm1,RU-VLG,,,,,,,,0,0,,,Region,RUS,,RUS,RUS-2359,,Vologda,9938,,,
Voronezh,9939,adm1,RU-VOR,,,,,,,,0,0,,,Region,RUS,,RUS,RUS-2377,,Voronezh,9939,,,
,9940,adm1,RU-X01~,,,,,,,,0,0,,,,RUS,,RUS,RUS+99?,,,9940,,,
Yamal-Nenets,9941,adm1,RU-YAN,,,,,,,,0,0,,,Autonomous Province,RUS,,RUS,RUS-2382,,Yamal-Nenets,9941,,,
Yaroslavl',9942,adm1,RU-YAR,,,,,,,,0,0,,,Region,RUS,,RUS,RUS-2360,,Yaroslavl',9942,,,
Yevrey,9943,adm1,RU-YEV,,,,,,,,0,0,,,Autonomous Region,RUS,,RUS,RUS-2613,,Yevrey,9943,,,
Chita,9944,adm1,RU-ZAB,,,,,,,,0,0,,,Region,RUS,,RUS,RUS-2610,,Chita,9944,,,
Sevastopol,9945,adm1,UA-40,,,,,,,,0,0,,,Federal City,RUS,,RUS,RUS-5482,,Sevastopol,9945,,,
Crimea,9946,adm1,UA-43,,,,,,,,0,0,,,Autonomous Republic,RUS,,RUS,RUS-283,,Crimea,9946,,,
Kigali City,9961,adm1,RW-01,,,,,,,,0,0,,,Province,RWA,,RWA,RWA-3495,,Kigali City,9961,,,
Eastern,9962,adm1,RW-02,,,,,,,,0,0,,,Province,RWA,,RWA,RWA-3493,,Eastern,9962,,,
Northern,9963,adm1,RW-03,,,,,,,,0,0,,,Province,RWA,,RWA,RWA-3494,,Northern,9963,,,
Western,9964,adm1,RW-04,,,,,,,,0,0,,,Province,RWA,,RWA,RWA-3492,,Western,9964,,,
Southern,9965,adm1,RW-05,,,,,,,,0,0,,,Province,RWA,,RWA,RWA-3491,,Southern,9965,,,
Western Sahara,9981,adm1,EH-X01~,,,,,,,,0,0,,,,SAH,,SAH,SAH+00?,,Western Sahara,9981,,,
Ar Riyad,10001,adm1,SA-01,,,,,,,,0,0,,,Region,SAU,,SAU,SAU-1097,,Ar Riyad,10001,,,
Makkah,10002,adm1,SA-02,,,,,,,,0,0,,,Region,SAU,,SAU,SAU-888,,Makkah,10002,,,
Al Madinah,10003,adm1,SA-03,,,,,,,,0,0,,,Region,SAU,,SAU,SAU-845,,Al Madinah,10003,,,
Ash Sharqiyah,10004,adm1,SA-04,,,,,,,,0,0,,,Region,SAU,,SAU,SAU-1098,,Ash Sharqiyah,10004,,,
Al Quassim,10005,adm1,SA-05,,,,,,,,0,0,,,Region,SAU,,SAU,SAU-846,,Al Quassim,10005,,,
Ha'il,10006,adm1,SA-06,,,,,,,,0,0,,,Region,SAU,,SAU,SAU-847,,Ha'il,10006,,,
Tabuk,10007,adm1,SA-07,,,,,,,,0,0,,,Region,SAU,,SAU,SAU-848,,Tabuk,10007,,,
Al Hudud ash Shamaliyah,10008,adm1,SA-08,,,,,,,,0,0,,,Region,SAU,,SAU,SAU-861,,Al Hudud ash Shamaliyah,10008,,,
Jizan,10009,adm1,SA-09,,,,,,,,0,0,,,Region,SAU,,SAU,SAU-887,,Jizan,10009,,,
Najran,10010,adm1,SA-10,,,,,,,,0,0,,,Region,SAU,,SAU,SAU-1096,,Najran,10010,,,
Al Bahah,10011,adm1,SA-11,,,,,,,,0,0,,,Region,SAU,,SAU,SAU-885,,Al Bahah,10011,,,
Al Jawf,10012,adm1,SA-12,,,,,,,,0,0,,,Region,SAU,,SAU,SAU-862,,Al Jawf,10012,,,
`Asir,10013,adm1,SA-14,,,,,,,,0,0,,,Region,SAU,,SAU,SAU-886,,`Asir,10013,,,
Central Darfur,10041,adm1,SD-DE,,,,,,,,0,0,,,State,SDN,,SDN,SDN-5859,,Central Darfur,10041,,,
North Darfur,10042,adm1,SD-DN,,,,,,,,0,0,,,State,SDN,,SDN,SDN-881,,North Darfur,10042,,,
Southern Darfur,10043,adm1,SD-DS,,,,,,,,0,0,,,State,SDN,,SDN,SDN-5856,,Southern Darfur,10043,,,
Eastern Darfur,10044,adm1,SD-DS,,,,,,,,0,0,,,State,SDN,,SDN,SDN-5857,,Eastern Darfur,10044,,,
Western Darfur,10045,adm1,SD-DW,,,,,,,,0,0,,,State,SDN,,SDN,SDN-5858,,Western Darfur,10045,,,
Gedarif,10046,adm1,SD-GD,,,,,,,,0,0,,,State,SDN,,SDN,SDN-876,,Gedarif,10046,,,
Gezira,10047,adm1,SD-GZ,,,,,,,,0,0,,,State,SDN,,SDN,SDN-875,,Gezira,10047,,,
Kassala,10048,adm1,SD-KA,,,,,,,,0,0,,,State,SDN,,SDN,SDN-884,,Kassala,10048,,,
Khartoum,10049,adm1,SD-KH,,,,,,,,0,0,,,Region,SDN,,SDN,SDN-874,,Khartoum,10049,,,
North Kordufan,10050,adm1,SD-KN,,,,,,,,0,0,,,State,SDN,,SDN,SDN-883,,North Kordufan,10050,,,
South Kordufan,10051,adm1,SD-KS,,,,,,,,0,0,,,State,SDN,,SDN,SDN-882,,South Kordufan,10051,,,
Blue Nile,10052,adm1,SD-NB,,,,,,,,0,0,,,State,SDN,,SDN,SDN-148,,Blue Nile,10052,,,
Northern,10053,adm1,SD-NO,,,,,,,,0,0,,,State,SDN,,SDN,SDN-878,,Northern,10053,,,
River Nile,10054,adm1,SD-NR,,,,,,,,0,0,,,State,SDN,,SDN,SDN-877,,River Nile,10054,,,
White Nile,10055,adm1,SD-NW,,,,,,,,0,0,,,State,SDN,,SDN,SDN-879,,White Nile,10055,,,
Red Sea,10056,adm1,SD-RS,,,,,,,,0,0,,,State,SDN,,SDN,SDN-149,,Red Sea,10056,,,
Sennar,10057,adm1,SD-SI,,,,,,,,0,0,,,Region,SDN,,SDN,SDN-880,,Sennar,10057,,,
Northern Bahr el Ghazal,10081,adm1,SS-BN,,,,,,,,0,0,,,State,SDS,,SDS,SDS-147,,Northern Bahr el Ghazal,10081,,,
Western Bahr el Ghazal,10082,adm1,SS-BW,,,,,,,,0,0,,,State,SDS,,SDS,SDS-873,,Western Bahr el Ghazal,10082,,,
Central Equatoria,10083,adm1,SS-EC,,,,,,,,0,0,,,State,SDS,,SDS,SDS-865,,Central Equatoria,10083,,,
Eastern Equatoria,10084,adm1,SS-EE,,,,,,,,0,0,,,State,SDS,,SDS,SDS-892,,Eastern Equatoria,10084,,,
Western Equatoria,10085,adm1,SS-EW,,,,,,,,0,0,,,State,SDS,,SDS,SDS-864,,Western Equatoria,10085,,,
Jonglei,10086,adm1,SS-JG,,,,,,,,0,0,,,State,SDS,,SDS,SDS-870,,Jonglei,10086,,,
Lakes,10087,adm1,SS-LK,,,,,,,,0,0,,,State,SDS,,SDS,SDS-863,,Lakes,10087,,,
Upper Nile,10088,adm1,SS-NU,,,,,,,,0,0,,,State,SDS,,SDS,SDS-869,,Upper Nile,10088,,,
Unity,10089,adm1,SS-UY,,,,,,,,0,0,,,State,SDS,,SDS,SDS-871,,Unity,10089,,,
Warrap,10090,adm1,SS-WR,,,,,,,,0,0,,,State,SDS,,SDS,SDS-872,,Warrap,10090,,,
Diourbel,10121,adm1,SN-DB,,,,,,,,0,0,,,Region,SEN,,SEN,SEN-763,,Diourbel,10121,,,
Dakar,10122,adm1,SN-DK,,,,,,,,0,0,,,Region,SEN,,SEN,SEN-759,,Dakar,10122,,,
Fatick,10123,adm1,SN-FK,,,,,,,,0,0,,,Region,SEN,,SEN,SEN-764,,Fatick,10123,,,
Kaffrine,10124,adm1,SN-KA,,,,,,,,0,0,,,Region,SEN,,SEN,SEN-5516,,Kaffrine,10124,,,
Kolda,10125,adm1,SN-KD,,,,,,,,0,0,,,Region,SEN,,SEN,SEN-774,,Kolda,10125,,,
Kédougou,10126,adm1,SN-KE,,,,,,,,0,0,,,Region,SEN,,SEN,SEN-5515,,Kédougou,10126,,,
Kaolack,10127,adm1,SN-KL,,,,,,,,0,0,,,Region,SEN,,SEN,SEN-765,,Kaolack,10127,,,
Louga,10128,adm1,SN-LG,,,,,,,,0,0,,,Region,SEN,,SEN,SEN-766,,Louga,10128,,,
Matam,10129,adm1,SN-MT,,,,,,,,0,0,,,Region,SEN,,SEN,SEN-767,,Matam,10129,,,
Sédhiou,10130,adm1,SN-SE,,,,,,,,0,0,,,Region,SEN,,SEN,SEN-5514,,Sédhiou,10130,,,
Saint-Louis,10131,adm1,SN-SL,,,,,,,,0,0,,,Region,SEN,,SEN,SEN-5517,,Saint-Louis,10131,,,
Tambacounda,10132,adm1,SN-TC,,,,,,,,0,0,,,Region,SEN,,SEN,SEN-779,,Tambacounda,10132,,,
Thiès,10133,adm1,SN-TH,,,,,,,,0,0,,,Region,SEN,,SEN,SEN-768,,Thiès,10133,,,
Ziguinchor,10134,adm1,SN-ZG,,,,,,,,0,0,,,Region,SEN,,SEN,SEN-775,,Ziguinchor,10134,,,
Central Singapore,10161,adm1,SG-01,,,,,,,,0,0,,,,SGP,,SGP,SGP-4871,,Central Singapore,10161,,,
North East,10162,adm1,SG-02,,,,,,,,0,0,,,,SGP,,SGP,SGP-4874,,North East,10162,,,
North West,10163,adm1,SG-03,,,,,,,,0,0,,,,SGP,,SGP,SGP-4873,,North West,10163,,,
South East,10164,adm1,SG-04,,,,,,,,0,0,,,,SGP,,SGP,SGP-4875,,South East,10164,,,
South West,10165,adm1,SG-05,,,,,,,,0,0,,,,SGP,,SGP,SGP-4872,,South West,10165,,,
Central,10181,adm1,SB-CE,,,,,,,,0,0,,,Province,SLB,,SLB,SLB-1262,,Central,10181,,,
Western,10182,adm1,SB-CH,,,,,,,,0,0,,,Province,SLB,,SLB,SLB-3507,,Western,10182,,,
Choiseul,10183,adm1,SB-CH,,,,,,,,0,0,,,Province,SLB,,SLB,SLB-3508,,Choiseul,10183,,,
Capital Territory (Honiara),10184,adm1,SB-CT,,,,,,,,0,0,,,Province,SLB,,SLB,SLB-5130,,Capital Territory (Honiara),10184,,,
Guadalcanal,10185,adm1,SB-GU,,,,,,,,0,0,,,Province,SLB,,SLB,SLB-1263,,Guadalcanal,10185,,,
Isabel,10186,adm1,SB-IS,,,,,,,,0,0,,,Province,SLB,,SLB,SLB-1264,,Isabel,10186,,,
Makira,10187,adm1,SB-MK,,,,,,,,0,0,,,Province,SLB,,SLB,SLB-3509,,Makira,10187,,,
Malaita,10188,adm1,SB-ML,,,,,,,,0,0,,,Province,SLB,,SLB,SLB-1260,,Malaita,10188,,,
Rennell and Bellona,10189,adm1,SB-RB,,,,,,,,0,0,,,Province,SLB,,SLB,SLB-1261,,Rennell and Bellona,10189,,,
Temotu,10190,adm1,SB-TE,,,,,,,,0,0,,,Province,SLB,,SLB,SLB-1934,,Temotu,10190,,,
Eastern,10221,adm1,SL-E,,,,,,,,0,0,,,Province,SLE,,SLE,SLE-790,,Eastern,10221,,,
Northern,10222,adm1,SL-N,,,,,,,,0,0,,,Province,SLE,,SLE,SLE-762,,Northern,10222,,,
Southern,10223,adm1,SL-S,,,,,,,,0,0,,,Province,SLE,,SLE,SLE-760,,Southern,10223,,,
Western,10224,adm1,SL-W,,,,,,,,0,0,,,Province,SLE,,SLE,SLE-761,,Western,10224,,,
Ahuachapán,10241,adm1,SV-AH,,,,,,,,0,0,,,Department,SLV,,SLV,SLV-1343,,Ahuachapán,10241,,,
Cabañas,10242,adm1,SV-CA,,,,,,,,0,0,,,Department,SLV,,SLV,SLV-1344,,Cabañas,10242,,,
Chalatenango,10243,adm1,SV-CH,,,,,,,,0,0,,,Department,SLV,,SLV,SLV-1357,,Chalatenango,10243,,,
Cuscatlán,10244,adm1,SV-CU,,,,,,,,0,0,,,Department,SLV,,SLV,SLV-1345,,Cuscatlán,10244,,,
La Libertad,10245,adm1,SV-LI,,,,,,,,0,0,,,Department,SLV,,SLV,SLV-1346,,La Libertad,10245,,,
Morazán,10246,adm1,SV-MO,,,,,,,,0,0,,,Department,SLV,,SLV,SLV-1351,,Morazán,10246,,,
La Paz,10247,adm1,SV-PA,,,,,,,,0,0,,,Department,SLV,,SLV,SLV-1347,,La Paz,10247,,,
Santa Ana,10248,adm1,SV-SA,,,,,,,,0,0,,,Department,SLV,,SLV,SLV-1358,,Santa Ana,10248,,,
San Miguel,10249,adm1,SV-SM,,,,,,,,0,0,,,Department,SLV,,SLV,SLV-1352,,San Miguel,10249,,,
Sonsonate,10250,adm1,SV-SO,,,,,,,,0,0,,,Department,SLV,,SLV,SLV-1348,,Sonsonate,10250,,,
San Salvador,10251,adm1,SV-SS,,,,,,,,0,0,,,Department,SLV,,SLV,SLV-1349,,San Salvador,10251,,,
San Vicente,10252,adm1,SV-SV,,,,,,,,0,0,,,Department,SLV,,SLV,SLV-1353,,San Vicente,10252,,,
La Unión,10253,adm1,SV-UN,,,,,,,,0,0,,,Department,SLV,,SLV,SLV-1350,,La Unión,10253,,,
Usulután,10254,adm1,SV-US,,,,,,,,0,0,,,Department,SLV,,SLV,SLV-1354,,Usulután,10254,,,
Acquaviva,10281,adm1,SM-01,,,,,,,,0,0,,,,SMR,,SMR,SMR-4885,,Acquaviva,10281,,,
Chiesanuova,10282,adm1,SM-02,,,,,,,,0,0,,,,SMR,,SMR,SMR-4891,,Chiesanuova,10282,,,
Domagnano,10283,adm1,SM-03,,,,,,,,0,0,,,,SMR,,SMR,SMR-4887,,Domagnano,10283,,,
Faetano,10284,adm1,SM-04,,,,,,,,0,0,,,,SMR,,SMR,SMR-4888,,Faetano,10284,,,
Fiorentino,10285,adm1,SM-05,,,,,,,,0,0,,,,SMR,,SMR,SMR-4890,,Fiorentino,10285,,,
Borgo Maggiore,10286,adm1,SM-06,,,,,,,,0,0,,,,SMR,,SMR,SMR-4883,,Borgo Maggiore,10286,,,
San Marino,10287,adm1,SM-07,,,,,,,,0,0,,,,SMR,,SMR,SMR-4884,,San Marino,10287,,,
Montegiardino,10288,adm1,SM-08,,,,,,,,0,0,,,,SMR,,SMR,SMR-4889,,Montegiardino,10288,,,
Serravalle,10289,adm1,SM-09,,,,,,,,0,0,,,,SMR,,SMR,SMR-4886,,Serravalle,10289,,,
Somaliland,10301,adm1,-99-X11~,,,,,,,,0,0,,,,SOL,,SOL,SOL+00?,,Somaliland,10301,,,
Bakool,10321,adm1,SO-BK,,,,,,,,0,0,,,Region,SOM,,SOM,SOM-2312,,Bakool,10321,,,
Banaadir,10322,adm1,SO-BN,,,,,,,,0,0,,,Region,SOM,,SOM,SOM-2407,,Banaadir,10322,,,
Bari,10323,adm1,SO-BR,,,,,,,,0,0,,,Region,SOM,,SOM,SOM-1,,Bari,10323,,,
Bay,10324,adm1,SO-BY,,,,,,,,0,0,,,Region,SOM,,SOM,SOM-2313,,Bay,10324,,,
Galguduud,10325,adm1,SO-GA,,,,,,,,0,0,,,Region,SOM,,SOM,SOM-2408,,Galguduud,10325,,,
Gedo,10326,adm1,SO-GE,,,,,,,,0,0,,,Region,SOM,,SOM,SOM-2314,,Gedo,10326,,,
Hiiraan,10327,adm1,SO-HI,,,,,,,,0,0,,,Region,SOM,,SOM,SOM-2409,,Hiiraan,10327,,,
Jubbada Dhexe,10328,adm1,SO-JD,,,,,,,,0,0,,,Region,SOM,,SOM,SOM-2315,,Jubbada Dhexe,10328,,,
Jubbada Hoose,10329,adm1,SO-JH,,,,,,,,0,0,,,Region,SOM,,SOM,SOM-2645,,Jubbada Hoose,10329,,,
Mudug,10330,adm1,SO-MU,,,,,,,,0,0,,,Region,SOM,,SOM,SOM-2412,,Mudug,10330,,,
Nugaal,10331,adm1,SO-NU,,,,,,,,0,0,,,Region,SOM,,SOM,SOM-2413,,Nugaal,10331,,,
Shabeellaha Dhexe,10332,adm1,SO-SD,,,,,,,,0,0,,,Region,SOM,,SOM,SOM-2410,,Shabeellaha Dhexe,10332,,,
Shabeellaha Hoose,10333,adm1,SO-SH,,,,,,,,0,0,,,Region,SOM,,SOM,SOM-2316,,Shabeellaha Hoose,10333,,,
Grad Beograd,10361,adm1,RS-00,,,,,,,,0,0,,,City,SRB,,SRB,SRB-836,,Grad Beograd,10361,,,
Severno-Backi,10362,adm1,RS-01,,,,,,,,0,0,,,District,SRB,,SRB,SRB-274,,Severno-Backi,10362,,,
Srednje-Banatski,10363,adm1,RS-02,,,,,,,,0,0,,,District,SRB,,SRB,SRB-1061,,Srednje-Banatski,10363,,,
Severno-Banatski,10364,adm1,RS-03,,,,,,,,0,0,,,District,SRB,,SRB,SRB-275,,Severno-Banatski,10364,,,
Južno-Banatski,10365,adm1,RS-04,,,,,,,,0,0,,,District,SRB,,SRB,SRB-1060,,Južno-Banatski,10365,,,
Zapadno-Backi,10366,adm1,RS-05,,,,,,,,0,0,,,District,SRB,,SRB,SRB-273,,Zapadno-Backi,10366,,,
Južno-Backi,10367,adm1,RS-06,,,,,,,,0,0,,,District,SRB,,SRB,SRB-1059,,Južno-Backi,10367,,,
Sremski,10368,adm1,RS-07,,,,,,,,0,0,,,District,SRB,,SRB,SRB-281,,Sremski,10368,,,
Macvanski,10369,adm1,RS-08,,,,,,,,0,0,,,District,SRB,,SRB,SRB-838,,Macvanski,10369,,,
Kolubarski,10370,adm1,RS-09,,,,,,,,0,0,,,District,SRB,,SRB,SRB-837,,Kolubarski,10370,,,
Podunavski,10371,adm1,RS-10,,,,,,,,0,0,,,District,SRB,,SRB,SRB-831,,Podunavski,10371,,,
Branicevski,10372,adm1,RS-11,,,,,,,,0,0,,,District,SRB,,SRB,SRB-279,,Branicevski,10372,,,
Šumadijski,10373,adm1,RS-12,,,,,,,,0,0,,,District,SRB,,SRB,SRB-839,,Šumadijski,10373,,,
Pomoravski,10374,adm1,RS-13,,,,,,,,0,0,,,District,SRB,,SRB,SRB-832,,Pomoravski,10374,,,
Borski,10375,adm1,RS-14,,,,,,,,0,0,,,District,SRB,,SRB,SRB-125,,Borski,10375,,,
Zajecarski,10376,adm1,RS-15,,,,,,,,0,0,,,District,SRB,,SRB,SRB-844,,Zajecarski,10376,,,
Zlatiborski,10377,adm1,RS-16,,,,,,,,0,0,,,District,SRB,,SRB,SRB-1505,,Zlatiborski,10377,,,
Moravicki,10378,adm1,RS-17,,,,,,,,0,0,,,District,SRB,,SRB,SRB-829,,Moravicki,10378,,,
Raški,10379,adm1,RS-18,,,,,,,,0,0,,,District,SRB,,SRB,SRB-834,,Raški,10379,,,
Pomoravski,10380,adm1,RS-19,,,,,,,,0,0,,,District,SRB,,SRB,SRB-833,,Pomoravski,10380,,,
Nišavski,10381,adm1,RS-20,,,,,,,,0,0,,,District,SRB,,SRB,SRB-830,,Nišavski,10381,,,
Toplicki,10382,adm1,RS-21,,,,,,,,0,0,,,District,SRB,,SRB,SRB-835,,Toplicki,10382,,,
Pirotski,10383,adm1,RS-22,,,,,,,,0,0,,,District,SRB,,SRB,SRB-121,,Pirotski,10383,,,
Jablanicki,10384,adm1,RS-23,,,,,,,,0,0,,,District,SRB,,SRB,SRB-843,,Jablanicki,10384,,,
Pcinjski,10385,adm1,RS-24,,,,,,,,0,0,,,District,SRB,,SRB,SRB-841,,Pcinjski,10385,,,
Príncipe,10401,adm1,ST-P,,,,,,,,0,0,,,,STP,,STP,STP-4862,,Príncipe,10401,,,
São Tomé,10402,adm1,ST-S,,,,,,,,0,0,,,,STP,,STP,STP-4861,,São Tomé,10402,,,
Brokopondo,10421,adm1,SR-BR,,,,,,,,0,0,,,District,SUR,,SUR,SUR-66,,Brokopondo,10421,,,
Commewijne,10422,adm1,SR-CM,,,,,,,,0,0,,,District,SUR,,SUR,SUR-70,,Commewijne,10422,,,
Coronie,10423,adm1,SR-CR,,,,,,,,0,0,,,District,SUR,,SUR,SUR-71,,Coronie,10423,,,
Marowijne,10424,adm1,SR-MA,,,,,,,,0,0,,,District,SUR,,SUR,SUR-67,,Marowijne,10424,,,
Nickerie,10425,adm1,SR-NI,,,,,,,,0,0,,,District,SUR,,SUR,SUR-37,,Nickerie,10425,,,
Paramaribo,10426,adm1,SR-PM,,,,,,,,0,0,,,District,SUR,,SUR,SUR-72,,Paramaribo,10426,,,
Para,10427,adm1,SR-PR,,,,,,,,0,0,,,District,SUR,,SUR,SUR-68,,Para,10427,,,
Saramacca,10428,adm1,SR-SA,,,,,,,,0,0,,,District,SUR,,SUR,SUR-73,,Saramacca,10428,,,
Sipaliwini,10429,adm1,SR-SI,,,,,,,,0,0,,,District,SUR,,SUR,SUR-69,,Sipaliwini,10429,,,
Wanica,10430,adm1,SR-WA,,,,,,,,0,0,,,District,SUR,,SUR,SUR-74,,Wanica,10430,,,
Banskobystrický,10461,adm1,SK-BC,,,,,,,,0,0,,,Region,SVK,,SVK,SVK-1052,,Banskobystrický,10461,,,
Bratislavský,10462,adm1,SK-BL,,,,,,,,0,0,,,Region,SVK,,SVK,SVK-1051,,Bratislavský,10462,,,
Košický,10463,adm1,SK-KI,,,,,,,,0,0,,,Region,SVK,,SVK,SVK-1057,,Košický,10463,,,
Nitriansky,10464,adm1,SK-NI,,,,,,,,0,0,,,Region,SVK,,SVK,SVK-1054,,Nitriansky,10464,,,
Prešov,10465,adm1,SK-PV,,,,,,,,0,0,,,Region,SVK,,SVK,SVK-1058,,Prešov,10465,,,
Trnavský,10466,adm1,SK-TA,,,,,,,,0,0,,,Region,SVK,,SVK,SVK-1056,,Trnavský,10466,,,
Trenciansky,10467,adm1,SK-TC,,,,,,,,0,0,,,Region,SVK,,SVK,SVK-1055,,Trenciansky,10467,,,
Žilinský,10468,adm1,SK-ZI,,,,,,,,0,0,,,Region,SVK,,SVK,SVK-1053,,Žilinský,10468,,,
Ajdovščina,10481,adm1,SI-001,,,,,,,,0,0,,,Commune|Municipality,SVN,,SVN,SVN-1022,,Ajdovščina,10481,,,
Beltinci,10482,adm1,SI-002,,,,,,,,0,0,,,Commune|Municipality,SVN,,SVN,SVN-1039,,Beltinci,10482,,,
Bled,10483,adm1,SI-003,,,,,,,,0,0,,,Commune|Municipality,SVN,,SVN,SVN-1008,,Bled,10483,,,
Bohinj,10484,adm1,SI-004,,,,,,,,0,0,,,Commune|Municipality,SVN,,SVN,SVN-1009,,Bohinj,10484,,,
Borovnica,10485,adm1,SI-005,,,,,,,,0,0,,,Commune|Municipality,SVN,,SVN,SVN-937,,Borovnica,10485,,,
Bovec,10486,adm1,SI-006,,,,,,,,0,0,,,Commune|Municipality,SVN,,SVN,SVN-1023,,Bovec,10486,,,
Brda,10487,adm1,SI-007,,,,,,,,0,0,,,Commune|Municipality,SVN,,SVN,SVN-1024,,Brda,10487,,,
Brezovica,10488,adm1,SI-008,,,,,,,,0,0,,,Commune|Municipality,SVN,,SVN,SVN-940,,Brezovica,10488,,,
Brežice,10489,adm1,SI-009,,,,,,,,0,0,,,Commune|Municipality,SVN,,SVN,SVN-938,,Brežice,10489,,,
Celje,10490,adm1,SI-011,,,,,,,,0,0,,,Commune|Municipality,SVN,,SVN,SVN-941,,Celje,10490,,,
Cerklje na Gorenjskem,10491,adm1,SI-012,,,,,,,,0,0,,,Commune|Municipality,SVN,,SVN,SVN-942,,Cerklje na Gorenjskem,10491,,,
Cerknica,10492,adm1,SI-013,,,,,,,,0,0,,,Commune|Municipality,SVN,,SVN,SVN-943,,Cerknica,10492,,,
Cerkno,10493,adm1,SI-014,,,,,,,,0,0,,,Commune|Municipality,SVN,,SVN,SVN-1010,,Cerkno,10493,,,
Črenšovci,10494,adm1,SI-015,,,,,,,,0,0,,,Commune|Municipality,SVN,,SVN,SVN-263,,Črenšovci,10494,,,
Črna na Koroškem,10495,adm1,SI-016,,,,,,,,0,0,,,Commune|Municipality,SVN,,SVN,SVN-944,,Črna na Koroškem,10495,,,
Crnomelj,10496,adm1,SI-017,,,,,,,,0,0,,,Commune|Municipality,SVN,,SVN,SVN-945,,Crnomelj,10496,,,
Destrnik,10497,adm1,SI-018,,,,,,,,0,0,,,Commune|Municipality,SVN,,SVN,SVN-203,,Destrnik,10497,,,
Divaca,10498,adm1,SI-019,,,,,,,,0,0,,,Commune|Municipality,SVN,,SVN,SVN-1025,,Divaca,10498,,,
Dobrepolje,10499,adm1,SI-020,,,,,,,,0,0,,,Commune|Municipality,SVN,,SVN,SVN-253,,Dobrepolje,10499,,,
Dobrova-Polhov Gradec,10500,adm1,SI-021,,,,,,,,0,0,,,Commune|Municipality,SVN,,SVN,SVN-204,,Dobrova-Polhov Gradec,10500,,,
Dol pri Ljubljani,10501,adm1,SI-022,,,,,,,,0,0,,,Commune|Municipality,SVN,,SVN,SVN-946,,Dol pri Ljubljani,10501,,,
Domžale,10502,adm1,SI-023,,,,,,,,0,0,,,Commune|Municipality,SVN,,SVN,SVN-205,,Domžale,10502,,,
Dornava,10503,adm1,SI-024,,,,,,,,0,0,,,Commune|Municipality,SVN,,SVN,SVN-1040,,Dornava,10503,,,
Dravograd,10504,adm1,SI-025,,,,,,,,0,0,,,Commune|Municipality,SVN,,SVN,SVN-947,,Dravograd,10504,,,
Duplek,10505,adm1,SI-026,,,,,,,,0,0,,,Commune|Municipality,SVN,,SVN,SVN-948,,Duplek,10505,,,
Gorenja vas-Poljane,10506,adm1,SI-027,,,,,,,,0,0,,,Commune|Municipality,SVN,,SVN,SVN-1011,,Gorenja vas-Poljane,10506,,,
Gorišnica,10507,adm1,SI-028,,,,,,,,0,0,,,Commune|Municipality,SVN,,SVN,SVN-1041,,Gorišnica,10507,,,
Gornja Radgona,10508,adm1,SI-029,,,,,,,,0,0,,,Commune|Municipality,SVN,,SVN,SVN-927,,Gornja Radgona,10508,,,
Gornji Grad,10509,adm1,SI-030,,,,,,,,0,0,,,Commune|Municipality,SVN,,SVN,SVN-949,,Gornji Grad,10509,,,
Gornji Petrovci,10510,adm1,SI-031,,,,,,,,0,0,,,Commune|Municipality,SVN,,SVN,SVN-928,,Gornji Petrovci,10510,,,
Grosuplje,10511,adm1,SI-032,,,,,,,,0,0,,,Commune|Municipality,SVN,,SVN,SVN-950,,Grosuplje,10511,,,
Šalovci,10512,adm1,SI-033,,,,,,,,0,0,,,Commune|Municipality,SVN,,SVN,SVN-196,,Šalovci,10512,,,
Hrastnik,10513,adm1,SI-034,,,,,,,,0,0,,,Commune|Municipality,SVN,,SVN,SVN-951,,Hrastnik,10513,,,
Hrpelje-Kozina,10514,adm1,SI-035,,,,,,,,0,0,,,Commune|Municipality,SVN,,SVN,SVN-1026,,Hrpelje-Kozina,10514,,,
Idrija,10515,adm1,SI-036,,,,,,,,0,0,,,Commune|Municipality,SVN,,SVN,SVN-1012,,Idrija,10515,,,
Ig,10516,adm1,SI-037,,,,,,,,0,0,,,Commune|Municipality,SVN,,SVN,SVN-953,,Ig,10516,,,
Ilirska Bistrica,10517,adm1,SI-038,,,,,,,,0,0,,,Commune|Municipality,SVN,,SVN,SVN-954,,Ilirska Bistrica,10517,,,
Ivancna Gorica,10518,adm1,SI-039,,,,,,,,0,0,,,Commune|Municipality,SVN,,SVN,SVN-955,,Ivancna Gorica,10518,,,
Izola,10519,adm1,SI-040,,,,,,,,0,0,,,Commune|Municipality,SVN,,SVN,SVN-1027,,Izola,10519,,,
Jesenice,10520,adm1,SI-041,,,,,,,,0,0,,,Commune|Municipality,SVN,,SVN,SVN-258,,Jesenice,10520,,,
Juršinci,10521,adm1,SI-042,,,,,,,,0,0,,,Commune|Municipality,SVN,,SVN,SVN-1042,,Juršinci,10521,,,
Kamnik,10522,adm1,SI-043,,,,,,,,0,0,,,Commune|Municipality,SVN,,SVN,SVN-206,,Kamnik,10522,,,
Kanal,10523,adm1,SI-044,,,,,,,,0,0,,,Commune|Municipality,SVN,,SVN,SVN-1028,,Kanal,10523,,,
Kidricevo,10524,adm1,SI-045,,,,,,,,0,0,,,Commune|Municipality,SVN,,SVN,SVN-956,,Kidricevo,10524,,,
Kobarid,10525,adm1,SI-046,,,,,,,,0,0,,,Commune|Municipality,SVN,,SVN,SVN-1029,,Kobarid,10525,,,
Kobilje,10526,adm1,SI-047,,,,,,,,0,0,,,Commune|Municipality,SVN,,SVN,SVN-1043,,Kobilje,10526,,,
Kocevje,10527,adm1,SI-048,,,,,,,,0,0,,,Commune|Municipality,SVN,,SVN,SVN-207,,Kocevje,10527,,,
Komen,10528,adm1,SI-049,,,,,,,,0,0,,,Commune|Municipality,SVN,,SVN,SVN-1030,,Komen,10528,,,
Zasavska,10529,adm1,SI-05,,,,,,,,0,0,,,Statistical Region,SVN,,SVN,SVN-1006,,Zasavska,10529,,,
Koper,10530,adm1,SI-050,,,,,,,,0,0,,,Commune|Municipality,SVN,,SVN,SVN-1031,,Koper,10530,,,
Kozje,10531,adm1,SI-051,,,,,,,,0,0,,,Commune|Municipality,SVN,,SVN,SVN-957,,Kozje,10531,,,
Kranj,10532,adm1,SI-052,,,,,,,,0,0,,,Commune|Municipality,SVN,,SVN,SVN-1013,,Kranj,10532,,,
Kranjska Gora,10533,adm1,SI-053,,,,,,,,0,0,,,Commune|Municipality,SVN,,SVN,SVN-1014,,Kranjska Gora,10533,,,
Krško,10534,adm1,SI-054,,,,,,,,0,0,,,Statistical Region,SVN,,SVN,SVN-958,,Krško,10534,,,
Krsko,10535,adm1,SI-054,,,,,,,,0,0,,,Commune|Municipality,SVN,,SVN,SVN-939,,Krsko,10535,,,
Kungota,10536,adm1,SI-055,,,,,,,,0,0,,,Commune|Municipality,SVN,,SVN,SVN-959,,Kungota,10536,,,
Kuzma,10537,adm1,SI-056,,,,,,,,0,0,,,Commune|Municipality,SVN,,SVN,SVN-197,,Kuzma,10537,,,
Laško,10538,adm1,SI-057,,,,,,,,0,0,,,Commune|Municipality,SVN,,SVN,SVN-960,,Laško,10538,,,
Lenart,10539,adm1,SI-058,,,,,,,,0,0,,,Commune|Municipality,SVN,,SVN,SVN-208,,Lenart,10539,,,
Lendava,10540,adm1,SI-059,,,,,,,,0,0,,,Commune|Municipality,SVN,,SVN,SVN-264,,Lendava,10540,,,
Litija,10541,adm1,SI-060,,,,,,,,0,0,,,Commune|Municipality,SVN,,SVN,SVN-961,,Litija,10541,,,
Ljubljana,10542,adm1,SI-061,,,,,,,,0,0,,,Statistical Region,SVN,,SVN,SVN-962,,Ljubljana,10542,,,
Ljubno,10543,adm1,SI-062,,,,,,,,0,0,,,Commune|Municipality,SVN,,SVN,SVN-963,,Ljubno,10543,,,
Ljutomer,10544,adm1,SI-063,,,,,,,,0,0,,,Commune|Municipality,SVN,,SVN,SVN-265,,Ljutomer,10544,,,
Logatec,10545,adm1,SI-064,,,,,,,,0,0,,,Commune|Municipality,SVN,,SVN,SVN-964,,Logatec,10545,,,
Loška dolina,10546,adm1,SI-065,,,,,,,,0,0,,,Commune|Municipality,SVN,,SVN,SVN-209,,Loška dolina,10546,,,
Loški Potok,10547,adm1,SI-066,,,,,,,,0,0,,,Commune|Municipality,SVN,,SVN,SVN-965,,Loški Potok,10547,,,
Luce,10548,adm1,SI-067,,,,,,,,0,0,,,Commune|Municipality,SVN,,SVN,SVN-210,,Luce,10548,,,
Lukovica,10549,adm1,SI-068,,,,,,,,0,0,,,Commune|Municipality,SVN,,SVN,SVN-966,,Lukovica,10549,,,
Majšperk,10550,adm1,SI-069,,,,,,,,0,0,,,Commune|Municipality,SVN,,SVN,SVN-211,,Majšperk,10550,,,
Maribor,10551,adm1,SI-070,,,,,,,,0,0,,,Commune|Municipality,SVN,,SVN,SVN-256,,Maribor,10551,,,
Medvode,10552,adm1,SI-071,,,,,,,,0,0,,,Commune|Municipality,SVN,,SVN,SVN-967,,Medvode,10552,,,
Mengeš,10553,adm1,SI-072,,,,,,,,0,0,,,Commune|Municipality,SVN,,SVN,SVN-968,,Mengeš,10553,,,
Metlika,10554,adm1,SI-073,,,,,,,,0,0,,,Commune|Municipality,SVN,,SVN,SVN-969,,Metlika,10554,,,
Mežica,10555,adm1,SI-074,,,,,,,,0,0,,,Commune|Municipality,SVN,,SVN,SVN-970,,Mežica,10555,,,
Miren-Kostanjevica,10556,adm1,SI-075,,,,,,,,0,0,,,Commune|Municipality,SVN,,SVN,SVN-1032,,Miren-Kostanjevica,10556,,,
Mislinja,10557,adm1,SI-076,,,,,,,,0,0,,,Commune|Municipality,SVN,,SVN,SVN-971,,Mislinja,10557,,,
Moravce,10558,adm1,SI-077,,,,,,,,0,0,,,Commune|Municipality,SVN,,SVN,SVN-972,,Moravce,10558,,,
Moravske Toplice,10559,adm1,SI-078,,,,,,,,0,0,,,Commune|Municipality,SVN,,SVN,SVN-1044,,Moravske Toplice,10559,,,
Mozirje,10560,adm1,SI-079,,,,,,,,0,0,,,Commune|Municipality,SVN,,SVN,SVN-973,,Mozirje,10560,,,
Murska Sobota,10561,adm1,SI-080,,,,,,,,0,0,,,Statistical Region,SVN,,SVN,SVN-1045,,Murska Sobota,10561,,,
Muta,10562,adm1,SI-081,,,,,,,,0,0,,,Commune|Municipality,SVN,,SVN,SVN-974,,Muta,10562,,,
Naklo,10563,adm1,SI-082,,,,,,,,0,0,,,Commune|Municipality,SVN,,SVN,SVN-1015,,Naklo,10563,,,
Nazarje,10564,adm1,SI-083,,,,,,,,0,0,,,Commune|Municipality,SVN,,SVN,SVN-975,,Nazarje,10564,,,
Nova Goriška,10565,adm1,SI-084,,,,,,,,0,0,,,Statistical Region,SVN,,SVN,SVN-260,,Nova Goriška,10565,,,
Novo Mesto,10566,adm1,SI-085,,,,,,,,0,0,,,Commune|Municipality,SVN,,SVN,SVN-212,,Novo Mesto,10566,,,
Odranci,10567,adm1,SI-086,,,,,,,,0,0,,,Commune|Municipality,SVN,,SVN,SVN-1046,,Odranci,10567,,,
Ormož,10568,adm1,SI-087,,,,,,,,0,0,,,Commune|Municipality,SVN,,SVN,SVN-1047,,Ormož,10568,,,
Pesnica,10569,adm1,SI-089,,,,,,,,0,0,,,Commune|Municipality,SVN,,SVN,SVN-976,,Pesnica,10569,,,
Piran,10570,adm1,SI-090,,,,,,,,0,0,,,Commune|Municipality,SVN,,SVN,SVN-1033,,Piran,10570,,,
Pivka,10571,adm1,SI-091,,,,,,,,0,0,,,Statistical Region,SVN,,SVN,SVN-977,,Pivka,10571,,,
Podcetrtek,10572,adm1,SI-092,,,,,,,,0,0,,,Commune|Municipality,SVN,,SVN,SVN-255,,Podcetrtek,10572,,,
Podvelka,10573,adm1,SI-093,,,,,,,,0,0,,,Commune|Municipality,SVN,,SVN,SVN-214,,Podvelka,10573,,,
Postojna,10574,adm1,SI-094,,,,,,,,0,0,,,Commune|Municipality,SVN,,SVN,SVN-978,,Postojna,10574,,,
Preddvor,10575,adm1,SI-095,,,,,,,,0,0,,,Commune|Municipality,SVN,,SVN,SVN-215,,Preddvor,10575,,,
Ptuj,10576,adm1,SI-096,,,,,,,,0,0,,,Commune|Municipality,SVN,,SVN,SVN-216,,Ptuj,10576,,,
Puconci,10577,adm1,SI-097,,,,,,,,0,0,,,Commune|Municipality,SVN,,SVN,SVN-929,,Puconci,10577,,,
Race-Fram,10578,adm1,SI-098,,,,,,,,0,0,,,Commune|Municipality,SVN,,SVN,SVN-979,,Race-Fram,10578,,,
Radece,10579,adm1,SI-099,,,,,,,,0,0,,,Commune|Municipality,SVN,,SVN,SVN-980,,Radece,10579,,,
Radenci,10580,adm1,SI-100,,,,,,,,0,0,,,Commune|Municipality,SVN,,SVN,SVN-930,,Radenci,10580,,,
Radlje ob Dravi,10581,adm1,SI-101,,,,,,,,0,0,,,Commune|Municipality,SVN,,SVN,SVN-981,,Radlje ob Dravi,10581,,,
Radovljica,10582,adm1,SI-102,,,,,,,,0,0,,,Statistical Region,SVN,,SVN,SVN-1016,,Radovljica,10582,,,
Ravne na Koroškem,10583,adm1,SI-103,,,,,,,,0,0,,,Commune|Municipality,SVN,,SVN,SVN-217,,Ravne na Koroškem,10583,,,
Ribnica,10584,adm1,SI-104,,,,,,,,0,0,,,Commune|Municipality,SVN,,SVN,SVN-218,,Ribnica,10584,,,
Rogašovci,10585,adm1,SI-105,,,,,,,,0,0,,,Commune|Municipality,SVN,,SVN,SVN-931,,Rogašovci,10585,,,
Rogaška Slatina,10586,adm1,SI-106,,,,,,,,0,0,,,Commune|Municipality,SVN,,SVN,SVN-982,,Rogaška Slatina,10586,,,
Rogatec,10587,adm1,SI-107,,,,,,,,0,0,,,Commune|Municipality,SVN,,SVN,SVN-983,,Rogatec,10587,,,
Ruše,10588,adm1,SI-108,,,,,,,,0,0,,,Commune|Municipality,SVN,,SVN,SVN-219,,Ruše,10588,,,
Semic,10589,adm1,SI-109,,,,,,,,0,0,,,Commune|Municipality,SVN,,SVN,SVN-984,,Semic,10589,,,
Sevnica,10590,adm1,SI-110,,,,,,,,0,0,,,Commune|Municipality,SVN,,SVN,SVN-988,,Sevnica,10590,,,
Sežana,10591,adm1,SI-111,,,,,,,,0,0,,,Commune|Municipality,SVN,,SVN,SVN-1034,,Sežana,10591,,,
Slovenj Gradec,10592,adm1,SI-112,,,,,,,,0,0,,,Statistical Region,SVN,,SVN,SVN-991,,Slovenj Gradec,10592,,,
Slovenska Bistrica,10593,adm1,SI-113,,,,,,,,0,0,,,Commune|Municipality,SVN,,SVN,SVN-221,,Slovenska Bistrica,10593,,,
Slovenske Konjice,10594,adm1,SI-114,,,,,,,,0,0,,,Commune|Municipality,SVN,,SVN,SVN-992,,Slovenske Konjice,10594,,,
Starše,10595,adm1,SI-115,,,,,,,,0,0,,,Statistical Region,SVN,,SVN,SVN-996,,Starše,10595,,,
Sveti Jurij,10596,adm1,SI-116,,,,,,,,0,0,,,Commune|Municipality,SVN,,SVN,SVN-1048,,Sveti Jurij,10596,,,
Šenčur,10597,adm1,SI-117,,,,,,,,0,0,,,Commune|Municipality,SVN,,SVN,SVN-985,,Šenčur,10597,,,
Šentilj,10598,adm1,SI-118,,,,,,,,0,0,,,Commune|Municipality,SVN,,SVN,SVN-986,,Šentilj,10598,,,
Šentjernej,10599,adm1,SI-119,,,,,,,,0,0,,,Commune|Municipality,SVN,,SVN,SVN-987,,Šentjernej,10599,,,
Šentjur pri Celju,10600,adm1,SI-120,,,,,,,,0,0,,,Commune|Municipality,SVN,,SVN,SVN-220,,Šentjur pri Celju,10600,,,
Škocjan,10601,adm1,SI-121,,,,,,,,0,0,,,Commune|Municipality,SVN,,SVN,SVN-989,,Škocjan,10601,,,
Škofja Loka,10602,adm1,SI-122,,,,,,,,0,0,,,Commune|Municipality,SVN,,SVN,SVN-1017,,Škofja Loka,10602,,,
Škofljica,10603,adm1,SI-123,,,,,,,,0,0,,,Commune|Municipality,SVN,,SVN,SVN-990,,Škofljica,10603,,,
Šmarje pri Jelšah,10604,adm1,SI-124,,,,,,,,0,0,,,Commune|Municipality,SVN,,SVN,SVN-993,,Šmarje pri Jelšah,10604,,,
Šmartno ob Paki,10605,adm1,SI-125,,,,,,,,0,0,,,Commune|Municipality,SVN,,SVN,SVN-994,,Šmartno ob Paki,10605,,,
Šoštanj,10606,adm1,SI-126,,,,,,,,0,0,,,Commune|Municipality,SVN,,SVN,SVN-995,,Šoštanj,10606,,,
Štore,10607,adm1,SI-127,,,,,,,,0,0,,,Commune|Municipality,SVN,,SVN,SVN-997,,Štore,10607,,,
Tolmin,10608,adm1,SI-128,,,,,,,,0,0,,,Commune|Municipality,SVN,,SVN,SVN-1018,,Tolmin,10608,,,
Trbovlje,10609,adm1,SI-129,,,,,,,,0,0,,,Statistical Region,SVN,,SVN,SVN-952,,Trbovlje,10609,,,
Trebnje,10610,adm1,SI-130,,,,,,,,0,0,,,Commune|Municipality,SVN,,SVN,SVN-999,,Trebnje,10610,,,
Tržič,10611,adm1,SI-131,,,,,,,,0,0,,,Commune|Municipality,SVN,,SVN,SVN-1019,,Tržič,10611,,,
Turnišče,10612,adm1,SI-132,,,,,,,,0,0,,,Commune|Municipality,SVN,,SVN,SVN-1049,,Turnišče,10612,,,
Velenje,10613,adm1,SI-133,,,,,,,,0,0,,,Commune|Municipality,SVN,,SVN,SVN-1001,,Velenje,10613,,,
Velike Lašče,10614,adm1,SI-134,,,,,,,,0,0,,,Commune|Municipality,SVN,,SVN,SVN-1000,,Velike Lašče,10614,,,
Videm,10615,adm1,SI-135,,,,,,,,0,0,,,Commune|Municipality,SVN,,SVN,SVN-222,,Videm,10615,,,
Vipava,10616,adm1,SI-136,,,,,,,,0,0,,,Commune|Municipality,SVN,,SVN,SVN-1035,,Vipava,10616,,,
Vitanje,10617,adm1,SI-137,,,,,,,,0,0,,,Commune|Municipality,SVN,,SVN,SVN-1002,,Vitanje,10617,,,
Vodice,10618,adm1,SI-138,,,,,,,,0,0,,,Commune|Municipality,SVN,,SVN,SVN-1003,,Vodice,10618,,,
Vojnik,10619,adm1,SI-139,,,,,,,,0,0,,,Commune|Municipality,SVN,,SVN,SVN-223,,Vojnik,10619,,,
Vrhnika,10620,adm1,SI-140,,,,,,,,0,0,,,Commune|Municipality,SVN,,SVN,SVN-1004,,Vrhnika,10620,,,
Vuzenica,10621,adm1,SI-141,,,,,,,,0,0,,,Commune|Municipality,SVN,,SVN,SVN-1005,,Vuzenica,10621,,,
Zavrc,10622,adm1,SI-143,,,,,,,,0,0,,,Commune|Municipality,SVN,,SVN,SVN-1050,,Zavrc,10622,,,
Zrece,10623,adm1,SI-144,,,,,,,,0,0,,,Commune|Municipality,SVN,,SVN,SVN-1007,,Zrece,10623,,,
Železniki,10624,adm1,SI-146,,,,,,,,0,0,,,Commune|Municipality,SVN,,SVN,SVN-1020,,Železniki,10624,,,
Žiri,10625,adm1,SI-147,,,,,,,,0,0,,,Commune|Municipality,SVN,,SVN,SVN-1021,,Žiri,10625,,,
Benedikt,10626,adm1,SI-148,,,,,,,,0,0,,,Commune|Municipality,SVN,,SVN,SVN-199,,Benedikt,10626,,,
Bistrica ob Sotli,10627,adm1,SI-149,,,,,,,,0,0,,,Commune|Municipality,SVN,,SVN,SVN-213,,Bistrica ob Sotli,10627,,,
Bloke,10628,adm1,SI-150,,,,,,,,0,0,,,Commune|Municipality,SVN,,SVN,SVN-254,,Bloke,10628,,,
Braslovce,10629,adm1,SI-151,,,,,,,,0,0,,,Commune|Municipality,SVN,,SVN,SVN-247,,Braslovce,10629,,,
Cankova,10630,adm1,SI-152,,,,,,,,0,0,,,Commune|Municipality,SVN,,SVN,SVN-926,,Cankova,10630,,,
Cerkvenjak,10631,adm1,SI-153,,,,,,,,0,0,,,Commune|Municipality,SVN,,SVN,SVN-198,,Cerkvenjak,10631,,,
Dobje,10632,adm1,SI-154,,,,,,,,0,0,,,Commune|Municipality,SVN,,SVN,SVN-252,,Dobje,10632,,,
Dobrna,10633,adm1,SI-155,,,,,,,,0,0,,,Commune|Municipality,SVN,,SVN,SVN-239,,Dobrna,10633,,,
Dobrovnik,10634,adm1,SI-156,,,,,,,,0,0,,,Commune|Municipality,SVN,,SVN,SVN-271,,Dobrovnik,10634,,,
Dolenjske Toplice,10635,adm1,SI-157,,,,,,,,0,0,,,Statistical Region,SVN,,SVN,SVN-249,,Dolenjske Toplice,10635,,,
Grad,10636,adm1,SI-158,,,,,,,,0,0,,,Commune|Municipality,SVN,,SVN,SVN-202,,Grad,10636,,,
Hajdina,10637,adm1,SI-159,,,,,,,,0,0,,,Commune|Municipality,SVN,,SVN,SVN-227,,Hajdina,10637,,,
Hoce-Slivnica,10638,adm1,SI-160,,,,,,,,0,0,,,Commune|Municipality,SVN,,SVN,SVN-229,,Hoce-Slivnica,10638,,,
Hodoš,10639,adm1,SI-161,,,,,,,,0,0,,,Commune|Municipality,SVN,,SVN,SVN-201,,Hodoš,10639,,,
Horjul,10640,adm1,SI-162,,,,,,,,0,0,,,Commune|Municipality,SVN,,SVN,SVN-250,,Horjul,10640,,,
Jezersko,10641,adm1,SI-163,,,,,,,,0,0,,,Commune|Municipality,SVN,,SVN,SVN-237,,Jezersko,10641,,,
Komenda,10642,adm1,SI-164,,,,,,,,0,0,,,Commune|Municipality,SVN,,SVN,SVN-225,,Komenda,10642,,,
Kostel,10643,adm1,SI-165,,,,,,,,0,0,,,Commune|Municipality,SVN,,SVN,SVN-245,,Kostel,10643,,,
Križevci,10644,adm1,SI-166,,,,,,,,0,0,,,Commune|Municipality,SVN,,SVN,SVN-266,,Križevci,10644,,,
Lovrenc na Pohorju,10645,adm1,SI-167,,,,,,,,0,0,,,Commune|Municipality,SVN,,SVN,SVN-235,,Lovrenc na Pohorju,10645,,,
Markovci,10646,adm1,SI-168,,,,,,,,0,0,,,Commune|Municipality,SVN,,SVN,SVN-272,,Markovci,10646,,,
Miklavž na Dravskem polju,10647,adm1,SI-169,,,,,,,,0,0,,,Commune|Municipality,SVN,,SVN,SVN-228,,Miklavž na Dravskem polju,10647,,,
Mirna Pec,10648,adm1,SI-170,,,,,,,,0,0,,,Commune|Municipality,SVN,,SVN,SVN-242,,Mirna Pec,10648,,,
Oplotnica,10649,adm1,SI-171,,,,,,,,0,0,,,Commune|Municipality,SVN,,SVN,SVN-226,,Oplotnica,10649,,,
Podlehnik,10650,adm1,SI-172,,,,,,,,0,0,,,Commune|Municipality,SVN,,SVN,SVN-232,,Podlehnik,10650,,,
Polzela,10651,adm1,SI-173,,,,,,,,0,0,,,Commune|Municipality,SVN,,SVN,SVN-244,,Polzela,10651,,,
Prebold,10652,adm1,SI-174,,,,,,,,0,0,,,Commune|Municipality,SVN,,SVN,SVN-243,,Prebold,10652,,,
Prevalje,10653,adm1,SI-175,,,,,,,,0,0,,,Commune|Municipality,SVN,,SVN,SVN-233,,Prevalje,10653,,,
Razkrižje,10654,adm1,SI-176,,,,,,,,0,0,,,Commune|Municipality,SVN,,SVN,SVN-269,,Razkrižje,10654,,,
Ribnica na Pohorju,10655,adm1,SI-177,,,,,,,,0,0,,,Commune|Municipality,SVN,,SVN,SVN-257,,Ribnica na Pohorju,10655,,,
Selnica ob Dravi,10656,adm1,SI-178,,,,,,,,0,0,,,Commune|Municipality,SVN,,SVN,SVN-234,,Selnica ob Dravi,10656,,,
Sodražica,10657,adm1,SI-179,,,,,,,,0,0,,,Commune|Municipality,SVN,,SVN,SVN-248,,Sodražica,10657,,,
Solcava,10658,adm1,SI-180,,,,,,,,0,0,,,Commune|Municipality,SVN,,SVN,SVN-251,,Solcava,10658,,,
Sveta Ana,10659,adm1,SI-181,,,,,,,,0,0,,,Commune|Municipality,SVN,,SVN,SVN-200,,Sveta Ana,10659,,,
Sveti Andraž v Slovenskih Goricah,10660,adm1,SI-182,,,,,,,,0,0,,,Commune|Municipality,SVN,,SVN,SVN-268,,Sveti Andraž v Slovenskih Goricah,10660,,,
Šempeter-Vrtojba,10661,adm1,SI-183,,,,,,,,0,0,,,Commune|Municipality,SVN,,SVN,SVN-261,,Šempeter-Vrtojba,10661,,,
Tabor,10662,adm1,SI-184,,,,,,,,0,0,,,Commune|Municipality,SVN,,SVN,SVN-240,,Tabor,10662,,,
Trnovska vas,10663,adm1,SI-185,,,,,,,,0,0,,,Commune|Municipality,SVN,,SVN,SVN-230,,Trnovska vas,10663,,,
Trzin,10664,adm1,SI-186,,,,,,,,0,0,,,Commune|Municipality,SVN,,SVN,SVN-236,,Trzin,10664,,,
Velika Polana,10665,adm1,SI-187,,,,,,,,0,0,,,Commune|Municipality,SVN,,SVN,SVN-270,,Velika Polana,10665,,,
Veržej,10666,adm1,SI-188,,,,,,,,0,0,,,Commune|Municipality,SVN,,SVN,SVN-267,,Veržej,10666,,,
Vransko,10667,adm1,SI-189,,,,,,,,0,0,,,Commune|Municipality,SVN,,SVN,SVN-241,,Vransko,10667,,,
Žalec,10668,adm1,SI-190,,,,,,,,0,0,,,Statistical Region,SVN,,SVN,SVN-224,,Žalec,10668,,,
Žetale,10669,adm1,SI-191,,,,,,,,0,0,,,Commune|Municipality,SVN,,SVN,SVN-231,,Žetale,10669,,,
Žirovnica,10670,adm1,SI-192,,,,,,,,0,0,,,Commune|Municipality,SVN,,SVN,SVN-259,,Žirovnica,10670,,,
Žužemberk,10671,adm1,SI-193,,,,,,,,0,0,,,Commune|Municipality,SVN,,SVN,SVN-238,,Žužemberk,10671,,,
Šmartno in Litiji,10672,adm1,SI-194,,,,,,,,0,0,,,Commune|Municipality,SVN,,SVN,SVN-5885,,Šmartno in Litiji,10672,,,
Apace,10673,adm1,SI-195,,,,,,,,0,0,,,Commune|Municipality,SVN,,SVN,SVN-5884,,Apace,10673,,,
Stockholm,10701,adm1,SE-AB,,,,,,,,0,0,,,County,SWE,,SWE,SWE-194,,Stockholm,10701,,,
Västerbotten,10702,adm1,SE-AC,,,,,,,,0,0,,,County,SWE,,SWE,SWE-192,,Västerbotten,10702,,,
Norrbotten,10703,adm1,SE-BD,,,,,,,,0,0,,,County,SWE,,SWE,SWE-190,,Norrbotten,10703,,,
Uppsala,10704,adm1,SE-C,,,,,,,,0,0,,,County,SWE,,SWE,SWE-195,,Uppsala,10704,,,
Södermanland,10705,adm1,SE-D,,,,,,,,0,0,,,County,SWE,,SWE,SWE-185,,Södermanland,10705,,,
Östergötland,10706,adm1,SE-E,,,,,,,,0,0,,,County,SWE,,SWE,SWE-184,,Östergötland,10706,,,
Jönköping,10707,adm1,SE-F,,,,,,,,0,0,,,County,SWE,,SWE,SWE-179,,Jönköping,10707,,,
Kronoberg,10708,adm1,SE-G,,,,,,,,0,0,,,County,SWE,,SWE,SWE-182,,Kronoberg,10708,,,
Kalmar,10709,adm1,SE-H,,,,,,,,0,0,,,County,SWE,,SWE,SWE-180,,Kalmar,10709,,,
Gotland,10710,adm1,SE-I,,,,,,,,0,0,,,County,SWE,,SWE,SWE-193,,Gotland,10710,,,
Blekinge,10711,adm1,SE-K,,,,,,,,0,0,,,County,SWE,,SWE,SWE-262,,Blekinge,10711,,,
Skåne,10712,adm1,SE-M,,,,,,,,0,0,,,County,SWE,,SWE,SWE-3429,,Skåne,10712,,,
Halland,10713,adm1,SE-N,,,,,,,,0,0,,,County,SWE,,SWE,SWE-187,,Halland,10713,,,
Västra Götaland,10714,adm1,SE-O,,,,,,,,0,0,,,County,SWE,,SWE,SWE-3428,,Västra Götaland,10714,,,
Värmland,10715,adm1,SE-S,,,,,,,,0,0,,,County,SWE,,SWE,SWE-188,,Värmland,10715,,,
Orebro,10716,adm1,SE-T,,,,,,,,0,0,,,County,SWE,,SWE,SWE-183,,Orebro,10716,,,
Västmanland,10717,adm1,SE-U,,,,,,,,0,0,,,County,SWE,,SWE,SWE-186,,Västmanland,10717,,,
Dalarna,10718,adm1,SE-W,,,,,,,,0,0,,,County,SWE,,SWE,SWE-181,,Dalarna,10718,,,
Gävleborg,10719,adm1,SE-X,,,,,,,,0,0,,,County,SWE,,SWE,SWE-178,,Gävleborg,10719,,,
Västernorrland,10720,adm1,SE-Y,,,,,,,,0,0,,,County,SWE,,SWE,SWE-191,,Västernorrland,10720,,,
Jämtland,10721,adm1,SE-Z,,,,,,,,0,0,,,County,SWE,,SWE,SWE-189,,Jämtland,10721,,,
Hhohho,10741,adm1,SZ-HH,,,,,,,,0,0,,,District,SWZ,,SWZ,SWZ-534,,Hhohho,10741,,,
Lubombo,10742,adm1,SZ-LU,,,,,,,,0,0,,,District,SWZ,,SWZ,SWZ-535,,Lubombo,10742,,,
Manzini,10743,adm1,SZ-MA,,,,,,,,0,0,,,District,SWZ,,SWZ,SWZ-536,,Manzini,10743,,,
Shiselweni,10744,adm1,SZ-SH,,,,,,,,0,0,,,District,SWZ,,SWZ,SWZ-537,,Shiselweni,10744,,,
Anse aux Pins,10761,adm1,SC-01,,,,,,,,0,0,,,,SYC,,SYC,SYC-5198,,Anse aux Pins,10761,,,
Anse Boileau,10762,adm1,SC-02,,,,,,,,0,0,,,,SYC,,SYC,SYC-5199,,Anse Boileau,10762,,,
Anse Etoile,10763,adm1,SC-03,,,,,,,,0,0,,,,SYC,,SYC,SYC-5200,,Anse Etoile,10763,,,
Au Cap,10764,adm1,SC-04,,,,,,,,0,0,,,,SYC,,SYC,SYC-5201,,Au Cap,10764,,,
Anse Royale,10765,adm1,SC-05,,,,,,,,0,0,,,,SYC,,SYC,SYC-5202,,Anse Royale,10765,,,
Baie Lazare,10766,adm1,SC-06,,,,,,,,0,0,,,,SYC,,SYC,SYC-5203,,Baie Lazare,10766,,,
Baie Sainte Anne,10767,adm1,SC-07,,,,,,,,0,0,,,,SYC,,SYC,SYC-5204,,Baie Sainte Anne,10767,,,
Beau Vallon,10768,adm1,SC-08,,,,,,,,0,0,,,,SYC,,SYC,SYC-5205,,Beau Vallon,10768,,,
Bel Air,10769,adm1,SC-09,,,,,,,,0,0,,,,SYC,,SYC,SYC-5206,,Bel Air,10769,,,
Bel Ombre,10770,adm1,SC-10,,,,,,,,0,0,,,,SYC,,SYC,SYC-5207,,Bel Ombre,10770,,,
Cascade,10771,adm1,SC-11,,,,,,,,0,0,,,,SYC,,SYC,SYC-5208,,Cascade,10771,,,
Glacis,10772,adm1,SC-12,,,,,,,,0,0,,,,SYC,,SYC,SYC-5209,,Glacis,10772,,,
Grand'Anse,10773,adm1,SC-13,,,,,,,,0,0,,,,SYC,,SYC,SYC-5210,,Grand'Anse,10773,,,
Grand'Anse Praslin,10774,adm1,SC-14,,,,,,,,0,0,,,,SYC,,SYC,SYC-5211,,Grand'Anse Praslin,10774,,,
La Digue and Inner Islands,10775,adm1,SC-15,,,,,,,,0,0,,,,SYC,,SYC,SYC-5212,,La Digue and Inner Islands,10775,,,
English River,10776,adm1,SC-16,,,,,,,,0,0,,,,SYC,,SYC,SYC-5213,,English River,10776,,,
Mont Buxton,10777,adm1,SC-17,,,,,,,,0,0,,,,SYC,,SYC,SYC-5214,,Mont Buxton,10777,,,
Mont Fleuri,10778,adm1,SC-18,,,,,,,,0,0,,,,SYC,,SYC,SYC-5215,,Mont Fleuri,10778,,,
Plaisance,10779,adm1,SC-19,,,,,,,,0,0,,,,SYC,,SYC,SYC-5216,,Plaisance,10779,,,
Pointe La Rue,10780,adm1,SC-20,,,,,,,,0,0,,,,SYC,,SYC,SYC-5217,,Pointe La Rue,10780,,,
Port Glaud,10781,adm1,SC-21,,,,,,,,0,0,,,,SYC,,SYC,SYC-5218,,Port Glaud,10781,,,
Saint Louis,10782,adm1,SC-22,,,,,,,,0,0,,,,SYC,,SYC,SYC-5219,,Saint Louis,10782,,,
Takamaka,10783,adm1,SC-23,,,,,,,,0,0,,,,SYC,,SYC,SYC-5220,,Takamaka,10783,,,
Les Mamelles,10784,adm1,SC-24,,,,,,,,0,0,,,,SYC,,SYC,SYC-5221,,Les Mamelles,10784,,,
Roche Caïman,10785,adm1,SC-25,,,,,,,,0,0,,,,SYC,,SYC,SYC-5222,,Roche Caïman,10785,,,
Outer Islands,10786,adm1,SC-X02~,,,,,,,,0,0,,,,SYC,,SYC,SYC-5197,,Outer Islands,10786,,,
Damascus,10801,adm1,SY-DI,,,,,,,,0,0,,,Province,SYR,,SYR,SYR-4843,,Damascus,10801,,,
Dar`a,10802,adm1,SY-DR,,,,,,,,0,0,,,Province,SYR,,SYR,SYR-146,,Dar`a,10802,,,
Dayr Az Zawr,10803,adm1,SY-DY,,,,,,,,0,0,,,Province,SYR,,SYR,SYR-142,,Dayr Az Zawr,10803,,,
Hasaka (Al Haksa),10804,adm1,SY-HA,,,,,,,,0,0,,,Province,SYR,,SYR,SYR-141,,Hasaka (Al Haksa),10804,,,
Homs (Hims),10805,adm1,SY-HI,,,,,,,,0,0,,,Province,SYR,,SYR,SYR-139,,Homs (Hims),10805,,,
Aleppo,10806,adm1,SY-HL,,,,,,,,0,0,,,Province,SYR,,SYR,SYR-137,,Aleppo,10806,,,
Hamah,10807,adm1,SY-HM,,,,,,,,0,0,,,Province,SYR,,SYR,SYR-138,,Hamah,10807,,,
Idlib,10808,adm1,SY-ID,,,,,,,,0,0,,,Province,SYR,,SYR,SYR-140,,Idlib,10808,,,
Lattakia,10809,adm1,SY-LA,,,,,,,,0,0,,,Province,SYR,,SYR,SYR-134,,Lattakia,10809,,,
Quneitra,10810,adm1,SY-QU,,,,,,,,0,0,,,Province,SYR,,SYR,SYR-145,,Quneitra,10810,,,
Ar Raqqah,10811,adm1,SY-RA,,,,,,,,0,0,,,Province,SYR,,SYR,SYR-136,,Ar Raqqah,10811,,,
Rif Dimashq,10812,adm1,SY-RD,,,,,,,,0,0,,,Province,SYR,,SYR,SYR-144,,Rif Dimashq,10812,,,
As Suwayda',10813,adm1,SY-SU,,,,,,,,0,0,,,Province,SYR,,SYR,SYR-143,,As Suwayda',10813,,,
Tartus,10814,adm1,SY-TA,,,,,,,,0,0,,,Province,SYR,,SYR,SYR-135,,Tartus,10814,,,
UNDOF,10815,adm1,SY-X01~,,,,,,,,0,0,,,,SYR,,SYR,SYR-5261,,UNDOF,10815,,,
Batha,10841,adm1,TD-BA,,,,,,,,0,0,,,Prefecture,TCD,,TCD,TCD-1472,,Batha,10841,,,
Barh El Gazel,10842,adm1,TD-BG,,,,,,,,0,0,,,Prefecture,TCD,,TCD,TCD-5581,,Barh El Gazel,10842,,,
Borkou,10843,adm1,TD-BO,,,,,,,,0,0,,,Préfecture,TCD,,TCD,TCD-5577,,Borkou,10843,,,
Chari-Baguirmi,10844,adm1,TD-CB,,,,,,,,0,0,,,Prefecture,TCD,,TCD,TCD-5580,,Chari-Baguirmi,10844,,,
Guéra,10845,adm1,TD-GR,,,,,,,,0,0,,,Prefecture,TCD,,TCD,TCD-1474,,Guéra,10845,,,
Hadjer-Lamis,10846,adm1,TD-HL,,,,,,,,0,0,,,Prefecture,TCD,,TCD,TCD-1464,,Hadjer-Lamis,10846,,,
Kanem,10847,adm1,TD-KA,,,,,,,,0,0,,,Prefecture,TCD,,TCD,TCD-1465,,Kanem,10847,,,
Lac,10848,adm1,TD-LC,,,,,,,,0,0,,,Prefecture,TCD,,TCD,TCD-1466,,Lac,10848,,,
Logone Occidental,10849,adm1,TD-LO,,,,,,,,0,0,,,Prefecture,TCD,,TCD,TCD-1484,,Logone Occidental,10849,,,
Logone Oriental,10850,adm1,TD-LR,,,,,,,,0,0,,,Prefecture,TCD,,TCD,TCD-1485,,Logone Oriental,10850,,,
Mandoul,10851,adm1,TD-MA,,,,,,,,0,0,,,Prefecture,TCD,,TCD,TCD-1488,,Mandoul,10851,,,
Moyen-Chari,10852,adm1,TD-MC,,,,,,,,0,0,,,Prefecture,TCD,,TCD,TCD-5583,,Moyen-Chari,10852,,,
Mayo-Kebbi Est,10853,adm1,TD-ME,,,,,,,,0,0,,,Prefecture,TCD,,TCD,TCD-1486,,Mayo-Kebbi Est,10853,,,
Mayo-Kebbi Ouest,10854,adm1,TD-MO,,,,,,,,0,0,,,Prefecture,TCD,,TCD,TCD-4858,,Mayo-Kebbi Ouest,10854,,,
Ville de N'Djamena,10855,adm1,TD-ND,,,,,,,,0,0,,,Capital,TCD,,TCD,TCD-4857,,Ville de N'Djamena,10855,,,
Ouaddaï,10856,adm1,TD-OD,,,,,,,,0,0,,,Prefecture,TCD,,TCD,TCD-1475,,Ouaddaï,10856,,,
Salamat,10857,adm1,TD-SA,,,,,,,,0,0,,,Prefecture,TCD,,TCD,TCD-1489,,Salamat,10857,,,
Sila,10858,adm1,TD-SI,,,,,,,,0,0,,,Prefecture,TCD,,TCD,TCD-5582,,Sila,10858,,,
Tandjilé,10859,adm1,TD-TA,,,,,,,,0,0,,,Prefecture,TCD,,TCD,TCD-1487,,Tandjilé,10859,,,
Tibesti,10860,adm1,TD-TI,,,,,,,,0,0,,,Préfecture,TCD,,TCD,TCD-5578,,Tibesti,10860,,,
Wadi Fira,10861,adm1,TD-WF,,,,,,,,0,0,,,Prefecture,TCD,,TCD,TCD-1473,,Wadi Fira,10861,,,
Ennedi,10862,adm1,TD-X01~,,,,,,,,0,0,,,Préfecture,TCD,,TCD,TCD-5579,,Ennedi,10862,,,
Centre,10881,adm1,TG-C,,,,,,,,0,0,,,Region,TGO,,TGO,TGO-89,,Centre,10881,,,
Kara,10882,adm1,TG-K,,,,,,,,0,0,,,Region,TGO,,TGO,TGO-88,,Kara,10882,,,
Maritime,10883,adm1,TG-M,,,,,,,,0,0,,,Region,TGO,,TGO,TGO-87,,Maritime,10883,,,
Plateaux,10884,adm1,TG-P,,,,,,,,0,0,,,Region,TGO,,TGO,TGO-86,,Plateaux,10884,,,
Savanes,10885,adm1,TG-S,,,,,,,,0,0,,,Region,TGO,,TGO,TGO-90,,Savanes,10885,,,
Bangkok Metropolis,10901,adm1,TH-10,,,,,,,,0,0,,,Province,THA,,THA,THA-416,,Bangkok Metropolis,10901,,,
Samut Prakan,10902,adm1,TH-11,,,,,,,,0,0,,,Province,THA,,THA,THA-422,,Samut Prakan,10902,,,
Nonthaburi,10903,adm1,TH-12,,,,,,,,0,0,,,Province,THA,,THA,THA-417,,Nonthaburi,10903,,,
Pathum Thani,10904,adm1,TH-13,,,,,,,,0,0,,,Province,THA,,THA,THA-413,,Pathum Thani,10904,,,
Phra Nakhon Si Ayutthaya,10905,adm1,TH-14,,,,,,,,0,0,,,Province,THA,,THA,THA-412,,Phra Nakhon Si Ayutthaya,10905,,,
Ang Thong,10906,adm1,TH-15,,,,,,,,0,0,,,Province,THA,,THA,THA-406,,Ang Thong,10906,,,
Lop Buri,10907,adm1,TH-16,,,,,,,,0,0,,,Province,THA,,THA,THA-408,,Lop Buri,10907,,,
Sing Buri,10908,adm1,TH-17,,,,,,,,0,0,,,Province,THA,,THA,THA-414,,Sing Buri,10908,,,
Chai Nat,10909,adm1,TH-18,,,,,,,,0,0,,,Province,THA,,THA,THA-407,,Chai Nat,10909,,,
Saraburi,10910,adm1,TH-19,,,,,,,,0,0,,,Province,THA,,THA,THA-415,,Saraburi,10910,,,
Chon Buri,10911,adm1,TH-20,,,,,,,,0,0,,,Province,THA,,THA,THA-430,,Chon Buri,10911,,,
Rayong,10912,adm1,TH-21,,,,,,,,0,0,,,Province,THA,,THA,THA-434,,Rayong,10912,,,
Chanthaburi,10913,adm1,TH-22,,,,,,,,0,0,,,Province,THA,,THA,THA-432,,Chanthaburi,10913,,,
Trat,10914,adm1,TH-23,,,,,,,,0,0,,,Province,THA,,THA,THA-435,,Trat,10914,,,
Chachoengsao,10915,adm1,TH-24,,,,,,,,0,0,,,Province,THA,,THA,THA-431,,Chachoengsao,10915,,,
Prachin Buri,10916,adm1,TH-25,,,,,,,,0,0,,,Province,THA,,THA,THA-410,,Prachin Buri,10916,,,
Nakhon Nayok,10917,adm1,TH-26,,,,,,,,0,0,,,Province,THA,,THA,THA-409,,Nakhon Nayok,10917,,,
Sa Kaeo,10918,adm1,TH-27,,,,,,,,0,0,,,Province,THA,,THA,THA-433,,Sa Kaeo,10918,,,
Nakhon Ratchasima,10919,adm1,TH-30,,,,,,,,0,0,,,Province,THA,,THA,THA-441,,Nakhon Ratchasima,10919,,,
Buri Ram,10920,adm1,TH-31,,,,,,,,0,0,,,Province,THA,,THA,THA-436,,Buri Ram,10920,,,
Surin,10921,adm1,TH-32,,,,,,,,0,0,,,Province,THA,,THA,THA-443,,Surin,10921,,,
Si Sa Ket,10922,adm1,TH-33,,,,,,,,0,0,,,Province,THA,,THA,THA-425,,Si Sa Ket,10922,,,
Ubon Ratchathani,10923,adm1,TH-34,,,,,,,,0,0,,,Province,THA,,THA,THA-426,,Ubon Ratchathani,10923,,,
Yasothon,10924,adm1,TH-35,,,,,,,,0,0,,,Province,THA,,THA,THA-428,,Yasothon,10924,,,
Chaiyaphum,10925,adm1,TH-36,,,,,,,,0,0,,,Province,THA,,THA,THA-437,,Chaiyaphum,10925,,,
Amnat Charoen,10926,adm1,TH-37,,,,,,,,0,0,,,Province,THA,,THA,THA-427,,Amnat Charoen,10926,,,
Bueng Kan,10927,adm1,TH-38,,,,,,,,0,0,,,Province,THA,,THA,THA-5499,,Bueng Kan,10927,,,
Nong Bua Lam Phu,10928,adm1,TH-39,,,,,,,,0,0,,,Province,THA,,THA,THA-449,,Nong Bua Lam Phu,10928,,,
Khon Kaen,10929,adm1,TH-40,,,,,,,,0,0,,,Province,THA,,THA,THA-438,,Khon Kaen,10929,,,
Udon Thani,10930,adm1,TH-41,,,,,,,,0,0,,,Province,THA,,THA,THA-448,,Udon Thani,10930,,,
Loei,10931,adm1,TH-42,,,,,,,,0,0,,,Province,THA,,THA,THA-445,,Loei,10931,,,
Nong Khai,10932,adm1,TH-43,,,,,,,,0,0,,,Province,THA,,THA,THA-446,,Nong Khai,10932,,,
Maha Sarakham,10933,adm1,TH-44,,,,,,,,0,0,,,Province,THA,,THA,THA-440,,Maha Sarakham,10933,,,
Roi Et,10934,adm1,TH-45,,,,,,,,0,0,,,Province,THA,,THA,THA-442,,Roi Et,10934,,,
Kalasin,10935,adm1,TH-46,,,,,,,,0,0,,,Province,THA,,THA,THA-439,,Kalasin,10935,,,
Sakon Nakhon,10936,adm1,TH-47,,,,,,,,0,0,,,Province,THA,,THA,THA-447,,Sakon Nakhon,10936,,,
Nakhon Phanom,10937,adm1,TH-48,,,,,,,,0,0,,,Province,THA,,THA,THA-472,,Nakhon Phanom,10937,,,
Mukdahan,10938,adm1,TH-49,,,,,,,,0,0,,,Province,THA,,THA,THA-473,,Mukdahan,10938,,,
Chiang Mai,10939,adm1,TH-50,,,,,,,,0,0,,,Province,THA,,THA,THA-390,,Chiang Mai,10939,,,
Lamphun,10940,adm1,TH-51,,,,,,,,0,0,,,Province,THA,,THA,THA-392,,Lamphun,10940,,,
Lampang,10941,adm1,TH-52,,,,,,,,0,0,,,Province,THA,,THA,THA-391,,Lampang,10941,,,
Uttaradit,10942,adm1,TH-53,,,,,,,,0,0,,,Province,THA,,THA,THA-398,,Uttaradit,10942,,,
Phrae,10943,adm1,TH-54,,,,,,,,0,0,,,Province,THA,,THA,THA-395,,Phrae,10943,,,
Nan,10944,adm1,TH-55,,,,,,,,0,0,,,Province,THA,,THA,THA-393,,Nan,10944,,,
Phayao,10945,adm1,TH-56,,,,,,,,0,0,,,Province,THA,,THA,THA-394,,Phayao,10945,,,
Chiang Rai,10946,adm1,TH-57,,,,,,,,0,0,,,Province,THA,,THA,THA-389,,Chiang Rai,10946,,,
Mae Hong Son,10947,adm1,TH-58,,,,,,,,0,0,,,Province,THA,,THA,THA-374,,Mae Hong Son,10947,,,
Nakhon Sawan,10948,adm1,TH-60,,,,,,,,0,0,,,Province,THA,,THA,THA-411,,Nakhon Sawan,10948,,,
Uthai Thani,10949,adm1,TH-61,,,,,,,,0,0,,,Province,THA,,THA,THA-405,,Uthai Thani,10949,,,
Kamphaeng Phet,10950,adm1,TH-62,,,,,,,,0,0,,,Province,THA,,THA,THA-400,,Kamphaeng Phet,10950,,,
Tak,10951,adm1,TH-63,,,,,,,,0,0,,,Province,THA,,THA,THA-404,,Tak,10951,,,
Sukhothai,10952,adm1,TH-64,,,,,,,,0,0,,,Province,THA,,THA,THA-397,,Sukhothai,10952,,,
Phitsanulok,10953,adm1,TH-65,,,,,,,,0,0,,,Province,THA,,THA,THA-396,,Phitsanulok,10953,,,
Phichit,10954,adm1,TH-66,,,,,,,,0,0,,,Province,THA,,THA,THA-401,,Phichit,10954,,,
Phetchabun,10955,adm1,TH-67,,,,,,,,0,0,,,Province,THA,,THA,THA-402,,Phetchabun,10955,,,
Ratchaburi,10956,adm1,TH-70,,,,,,,,0,0,,,Province,THA,,THA,THA-421,,Ratchaburi,10956,,,
Kanchanaburi,10957,adm1,TH-71,,,,,,,,0,0,,,Province,THA,,THA,THA-399,,Kanchanaburi,10957,,,
Suphan Buri,10958,adm1,TH-72,,,,,,,,0,0,,,Province,THA,,THA,THA-403,,Suphan Buri,10958,,,
Nakhon Pathom,10959,adm1,TH-73,,,,,,,,0,0,,,Province,THA,,THA,THA-418,,Nakhon Pathom,10959,,,
Samut Sakhon,10960,adm1,TH-74,,,,,,,,0,0,,,Province,THA,,THA,THA-423,,Samut Sakhon,10960,,,
Samut Songkhram,10961,adm1,TH-75,,,,,,,,0,0,,,Province,THA,,THA,THA-424,,Samut Songkhram,10961,,,
Phetchaburi,10962,adm1,TH-76,,,,,,,,0,0,,,Province,THA,,THA,THA-419,,Phetchaburi,10962,,,
Prachuap Khiri Khan,10963,adm1,TH-77,,,,,,,,0,0,,,Province,THA,,THA,THA-420,,Prachuap Khiri Khan,10963,,,
Nakhon Si Thammarat,10964,adm1,TH-80,,,,,,,,0,0,,,Province,THA,,THA,THA-376,,Nakhon Si Thammarat,10964,,,
Krabi,10965,adm1,TH-81,,,,,,,,0,0,,,Province,THA,,THA,THA-382,,Krabi,10965,,,
Phangnga,10966,adm1,TH-82,,,,,,,,0,0,,,Province,THA,,THA,THA-378,,Phangnga,10966,,,
Phuket,10967,adm1,TH-83,,,,,,,,0,0,,,Province,THA,,THA,THA-377,,Phuket,10967,,,
Surat Thani,10968,adm1,TH-84,,,,,,,,0,0,,,Province,THA,,THA,THA-380,,Surat Thani,10968,,,
Ranong,10969,adm1,TH-85,,,,,,,,0,0,,,Province,THA,,THA,THA-379,,Ranong,10969,,,
Chumphon,10970,adm1,TH-86,,,,,,,,0,0,,,Province,THA,,THA,THA-375,,Chumphon,10970,,,
Songkhla,10971,adm1,TH-90,,,,,,,,0,0,,,Province,THA,,THA,THA-386,,Songkhla,10971,,,
Satun,10972,adm1,TH-91,,,,,,,,0,0,,,Province,THA,,THA,THA-385,,Satun,10972,,,
Trang,10973,adm1,TH-92,,,,,,,,0,0,,,Province,THA,,THA,THA-387,,Trang,10973,,,
Phatthalung,10974,adm1,TH-93,,,,,,,,0,0,,,Province,THA,,THA,THA-383,,Phatthalung,10974,,,
Pattani,10975,adm1,TH-94,,,,,,,,0,0,,,Province,THA,,THA,THA-494,,Pattani,10975,,,
Yala,10976,adm1,TH-95,,,,,,,,0,0,,,Province,THA,,THA,THA-388,,Yala,10976,,,
Narathiwat,10977,adm1,TH-96,,,,,,,,0,0,,,Province,THA,,THA,THA-493,,Narathiwat,10977,,,
Dushanbe,11001,adm1,TJ-DU,,,,,,,,0,0,,,Independent City,TJK,,TJK,TJK-5491,,Dushanbe,11001,,,
Gorno-Badakhshan,11002,adm1,TJ-GB,,,,,,,,0,0,,,Region,TJK,,TJK,TJK-366,,Gorno-Badakhshan,11002,,,
Khatlon,11003,adm1,TJ-KT,,,,,,,,0,0,,,Region,TJK,,TJK,TJK-367,,Khatlon,11003,,,
Leninabad,11004,adm1,TJ-SU,,,,,,,,0,0,,,Region,TJK,,TJK,TJK-369,,Leninabad,11004,,,
Tadzhikistan Territories,11005,adm1,TJ-X01~,,,,,,,,0,0,,,Region,TJK,,TJK,TJK-368,,Tadzhikistan Territories,11005,,,
Ahal,11021,adm1,TM-A,,,,,,,,0,0,,,Province,TKM,,TKM,TKM-352,,Ahal,11021,,,
Balkan,11022,adm1,TM-B,,,,,,,,0,0,,,Province,TKM,,TKM,TKM-351,,Balkan,11022,,,
Tashauz,11023,adm1,TM-D,,,,,,,,0,0,,,Province,TKM,,TKM,TKM-353,,Tashauz,11023,,,
Chardzhou,11024,adm1,TM-L,,,,,,,,0,0,,,Province,TKM,,TKM,TKM-359,,Chardzhou,11024,,,
Mary,11025,adm1,TM-M,,,,,,,,0,0,,,Province,TKM,,TKM,TKM-360,,Mary,11025,,,
Aileu,11041,adm1,TL-AL,,,,,,,,0,0,,,District|Regencies,TLS,,TLS,TLS-544,,Aileu,11041,,,
Ainaro,11042,adm1,TL-AN,,,,,,,,0,0,,,District|Regencies,TLS,,TLS,TLS-545,,Ainaro,11042,,,
Baucau,11043,adm1,TL-BA,,,,,,,,0,0,,,District|Regencies,TLS,,TLS,TLS-546,,Baucau,11043,,,
Bobonaro,11044,adm1,TL-BO,,,,,,,,0,0,,,District|Regencies,TLS,,TLS,TLS-547,,Bobonaro,11044,,,
Cova Lima,11045,adm1,TL-CO,,,,,,,,0,0,,,District|Regencies,TLS,,TLS,TLS-548,,Cova Lima,11045,,,
Dili,11046,adm1,TL-DI,,,,,,,,0,0,,,District|Regencies,TLS,,TLS,TLS-541,,Dili,11046,,,
Ermera,11047,adm1,TL-ER,,,,,,,,0,0,,,District|Regencies,TLS,,TLS,TLS-549,,Ermera,11047,,,
Lautém,11048,adm1,TL-LA,,,,,,,,0,0,,,District|Regencies,TLS,,TLS,TLS-553,,Lautém,11048,,,
Liquica,11049,adm1,TL-LI,,,,,,,,0,0,,,District|Regencies,TLS,,TLS,TLS-542,,Liquica,11049,,,
Manufahi,11050,adm1,TL-MF,,,,,,,,0,0,,,District|Regencies,TLS,,TLS,TLS-551,,Manufahi,11050,,,
Manatuto,11051,adm1,TL-MT,,,,,,,,0,0,,,District|Regencies,TLS,,TLS,TLS-550,,Manatuto,11051,,,
Ambeno,11052,adm1,TL-OE,,,,,,,,0,0,,,District|Regencies,TLS,,TLS,TLS-543,,Ambeno,11052,,,
Viqueque,11053,adm1,TL-VI,,,,,,,,0,0,,,District|Regencies,TLS,,TLS,TLS-552,,Viqueque,11053,,,
Eua,11081,adm1,TO-01,,,,,,,,0,0,,,,TON,,TON,TON-4949,,Eua,11081,,,
Ha'apai,11082,adm1,TO-02,,,,,,,,0,0,,,,TON,,TON,TON-4948,,Ha'apai,11082,,,
Niuas,11083,adm1,TO-03,,,,,,,,0,0,,,,TON,,TON,TON-4947,,Niuas,11083,,,
Tongatapu,11084,adm1,TO-04,,,,,,,,0,0,,,,TON,,TON,TON-4945,,Tongatapu,11084,,,
Vava'u,11085,adm1,TO-05,,,,,,,,0,0,,,,TON,,TON,TON-4946,,Vava'u,11085,,,
Arima,11101,adm1,TT-ARI,,,,,,,,0,0,,,City,TTO,,TTO,TTO-53,,Arima,11101,,,
Chaguanas,11102,adm1,TT-CHA,,,,,,,,0,0,,,City,TTO,,TTO,TTO-63,,Chaguanas,11102,,,
Couva-Tabaquite-Talparo,11103,adm1,TT-CTT,,,,,,,,0,0,,,Region,TTO,,TTO,TTO-58,,Couva-Tabaquite-Talparo,11103,,,
Diego Martin,11104,adm1,TT-DMN,,,,,,,,0,0,,,Region,TTO,,TTO,TTO-51,,Diego Martin,11104,,,
Eastern Tobago,11105,adm1,TT-ETO,,,,,,,,0,0,,,Region,TTO,,TTO,TTO-50,,Eastern Tobago,11105,,,
Penal-Debe,11106,adm1,TT-PED,,,,,,,,0,0,,,Region,TTO,,TTO,TTO-59,,Penal-Debe,11106,,,
Port of Spain,11107,adm1,TT-POS,,,,,,,,0,0,,,City,TTO,,TTO,TTO-64,,Port of Spain,11107,,,
Princes Town,11108,adm1,TT-PRT,,,,,,,,0,0,,,Region,TTO,,TTO,TTO-57,,Princes Town,11108,,,
Point Fortin,11109,adm1,TT-PTF,,,,,,,,0,0,,,City,TTO,,TTO,TTO-60,,Point Fortin,11109,,,
Rio Claro-Mayaro,11110,adm1,TT-RCM,,,,,,,,0,0,,,Region,TTO,,TTO,TTO-55,,Rio Claro-Mayaro,11110,,,
San Fernando,11111,adm1,TT-SFO,,,,,,,,0,0,,,City,TTO,,TTO,TTO-62,,San Fernando,11111,,,
Sangre Grande,11112,adm1,TT-SGE,,,,,,,,0,0,,,Region,TTO,,TTO,TTO-54,,Sangre Grande,11112,,,
Siparia,11113,adm1,TT-SIP,,,,,,,,0,0,,,Region,TTO,,TTO,TTO-52,,Siparia,11113,,,
San Juan-Laventille,11114,adm1,TT-SJL,,,,,,,,0,0,,,Region,TTO,,TTO,TTO-56,,San Juan-Laventille,11114,,,
Tunapuna/Piarco,11115,adm1,TT-TUP,,,,,,,,0,0,,,Region,TTO,,TTO,TTO-61,,Tunapuna/Piarco,11115,,,
Western Tobago,11116,adm1,TT-WTO,,,,,,,,0,0,,,Region,TTO,,TTO,TTO-5090,,Western Tobago,11116,,,
Tunis,11141,adm1,TN-11,,,,,,,,0,0,,,Governorate,TUN,,TUN,TUN-108,,Tunis,11141,,,
Ben Arous (Tunis Sud),11142,adm1,TN-13,,,,,,,,0,0,,,Governorate,TUN,,TUN,TUN-104,,Ben Arous (Tunis Sud),11142,,,
Manubah,11143,adm1,TN-14,,,,,,,,0,0,,,Governorate,TUN,,TUN,TUN-102,,Manubah,11143,,,
Nabeul,11144,adm1,TN-21,,,,,,,,0,0,,,Governorate,TUN,,TUN,TUN-107,,Nabeul,11144,,,
Zaghouan,11145,adm1,TN-22,,,,,,,,0,0,,,Governorate,TUN,,TUN,TUN-120,,Zaghouan,11145,,,
Bizerte,11146,adm1,TN-23,,,,,,,,0,0,,,Governorate,TUN,,TUN,TUN-105,,Bizerte,11146,,,
Béja,11147,adm1,TN-31,,,,,,,,0,0,,,Governorate,TUN,,TUN,TUN-103,,Béja,11147,,,
Jendouba,11148,adm1,TN-32,,,,,,,,0,0,,,Governorate,TUN,,TUN,TUN-106,,Jendouba,11148,,,
Le Kef,11149,adm1,TN-33,,,,,,,,0,0,,,Governorate,TUN,,TUN,TUN-109,,Le Kef,11149,,,
Siliana,11150,adm1,TN-34,,,,,,,,0,0,,,Governorate,TUN,,TUN,TUN-115,,Siliana,11150,,,
Kairouan,11151,adm1,TN-41,,,,,,,,0,0,,,Governorate,TUN,,TUN,TUN-118,,Kairouan,11151,,,
Kassérine,11152,adm1,TN-42,,,,,,,,0,0,,,Governorate,TUN,,TUN,TUN-110,,Kassérine,11152,,,
Sidi Bou Zid,11153,adm1,TN-43,,,,,,,,0,0,,,Governorate,TUN,,TUN,TUN-113,,Sidi Bou Zid,11153,,,
Sousse,11154,adm1,TN-51,,,,,,,,0,0,,,Governorate,TUN,,TUN,TUN-119,,Sousse,11154,,,
Monastir,11155,adm1,TN-52,,,,,,,,0,0,,,Governorate,TUN,,TUN,TUN-117,,Monastir,11155,,,
Mahdia,11156,adm1,TN-53,,,,,,,,0,0,,,Governorate,TUN,,TUN,TUN-116,,Mahdia,11156,,,
Sfax,11157,adm1,TN-61,,,,,,,,0,0,,,Governorate,TUN,,TUN,TUN-114,,Sfax,11157,,,
Gafsa,11158,adm1,TN-71,,,,,,,,0,0,,,Governorate,TUN,,TUN,TUN-112,,Gafsa,11158,,,
Tozeur,11159,adm1,TN-72,,,,,,,,0,0,,,Governorate,TUN,,TUN,TUN-101,,Tozeur,11159,,,
Kebili,11160,adm1,TN-73,,,,,,,,0,0,,,Governorate,TUN,,TUN,TUN-97,,Kebili,11160,,,
Gabès,11161,adm1,TN-81,,,,,,,,0,0,,,Governorate,TUN,,TUN,TUN-111,,Gabès,11161,,,
Médenine,11162,adm1,TN-82,,,,,,,,0,0,,,Governorate,TUN,,TUN,TUN-96,,Médenine,11162,,,
Tataouine,11163,adm1,TN-83,,,,,,,,0,0,,,Governorate,TUN,,TUN,TUN-98,,Tataouine,11163,,,
Adana,11181,adm1,TR-01,,,,,,,,0,0,,,Province,TUR,,TUR,TUR-3018,,Adana,11181,,,
Adiyaman,11182,adm1,TR-02,,,,,,,,0,0,,,Province,TUR,,TUR,TUR-2281,,Adiyaman,11182,,,
Afyonkarahisar,11183,adm1,TR-03,,,,,,,,0,0,,,Province,TUR,,TUR,TUR-2272,,Afyonkarahisar,11183,,,
Agri,11184,adm1,TR-04,,,,,,,,0,0,,,Province,TUR,,TUR,TUR-2307,,Agri,11184,,,
Amasya,11185,adm1,TR-05,,,,,,,,0,0,,,Province,TUR,,TUR,TUR-2290,,Amasya,11185,,,
Ankara,11186,adm1,TR-06,,,,,,,,0,0,,,Province,TUR,,TUR,TUR-3008,,Ankara,11186,,,
Antalya,11187,adm1,TR-07,,,,,,,,0,0,,,Province,TUR,,TUR,TUR-2271,,Antalya,11187,,,
Artvin,11188,adm1,TR-08,,,,,,,,0,0,,,Province,TUR,,TUR,TUR-2298,,Artvin,11188,,,
Aydin,11189,adm1,TR-09,,,,,,,,0,0,,,Province,TUR,,TUR,TUR-2229,,Aydin,11189,,,
Balikesir,11190,adm1,TR-10,,,,,,,,0,0,,,Province,TUR,,TUR,TUR-2238,,Balikesir,11190,,,
Bilecik,11191,adm1,TR-11,,,,,,,,0,0,,,Province,TUR,,TUR,TUR-2263,,Bilecik,11191,,,
Bingöl,11192,adm1,TR-12,,,,,,,,0,0,,,Province,TUR,,TUR,TUR-2308,,Bingöl,11192,,,
Bitlis,11193,adm1,TR-13,,,,,,,,0,0,,,Province,TUR,,TUR,TUR-2311,,Bitlis,11193,,,
Bolu,11194,adm1,TR-14,,,,,,,,0,0,,,Province,TUR,,TUR,TUR-2268,,Bolu,11194,,,
Burdur,11195,adm1,TR-15,,,,,,,,0,0,,,Province,TUR,,TUR,TUR-2273,,Burdur,11195,,,
Bursa,11196,adm1,TR-16,,,,,,,,0,0,,,Province,TUR,,TUR,TUR-2264,,Bursa,11196,,,
Çanakkale,11197,adm1,TR-17,,,,,,,,0,0,,,Province,TUR,,TUR,TUR-2239,,Çanakkale,11197,,,
Çankiri,11198,adm1,TR-18,,,,,,,,0,0,,,Province,TUR,,TUR,TUR-3009,,Çankiri,11198,,,
Çorum,11199,adm1,TR-19,,,,,,,,0,0,,,Province,TUR,,TUR,TUR-2291,,Çorum,11199,,,
Denizli,11200,adm1,TR-20,,,,,,,,0,0,,,Province,TUR,,TUR,TUR-2274,,Denizli,11200,,,
Diyarbakir,11201,adm1,TR-21,,,,,,,,0,0,,,Province,TUR,,TUR,TUR-2309,,Diyarbakir,11201,,,
Edirne,11202,adm1,TR-22,,,,,,,,0,0,,,Province,TUR,,TUR,TUR-2240,,Edirne,11202,,,
Elazig,11203,adm1,TR-23,,,,,,,,0,0,,,Province,TUR,,TUR,TUR-2282,,Elazig,11203,,,
Erzincan,11204,adm1,TR-24,,,,,,,,0,0,,,Province,TUR,,TUR,TUR-2300,,Erzincan,11204,,,
Erzurum,11205,adm1,TR-25,,,,,,,,0,0,,,Province,TUR,,TUR,TUR-2299,,Erzurum,11205,,,
Eskisehir,11206,adm1,TR-26,,,,,,,,0,0,,,Province,TUR,,TUR,TUR-2269,,Eskisehir,11206,,,
Gaziantep,11207,adm1,TR-27,,,,,,,,0,0,,,Province,TUR,,TUR,TUR-3016,,Gaziantep,11207,,,
Giresun,11208,adm1,TR-28,,,,,,,,0,0,,,Province,TUR,,TUR,TUR-2292,,Giresun,11208,,,
Gümüshane,11209,adm1,TR-29,,,,,,,,0,0,,,Province,TUR,,TUR,TUR-3031,,Gümüshane,11209,,,
Hakkari,11210,adm1,TR-30,,,,,,,,0,0,,,Province,TUR,,TUR,TUR-3047,,Hakkari,11210,,,
Hatay,11211,adm1,TR-31,,,,,,,,0,0,,,Province,TUR,,TUR,TUR-2289,,Hatay,11211,,,
Isparta,11212,adm1,TR-32,,,,,,,,0,0,,,Province,TUR,,TUR,TUR-2275,,Isparta,11212,,,
Mersin,11213,adm1,TR-33,,,,,,,,0,0,,,Province,TUR,,TUR,TUR-2285,,Mersin,11213,,,
Istanbul,11214,adm1,TR-34,,,,,,,,0,0,,,Province,TUR,,TUR,TUR-2265,,Istanbul,11214,,,
Izmir,11215,adm1,TR-35,,,,,,,,0,0,,,Province,TUR,,TUR,TUR-2230,,Izmir,11215,,,
Kars,11216,adm1,TR-36,,,,,,,,0,0,,,Province,TUR,,TUR,TUR-3040,,Kars,11216,,,
Kastamonu,11217,adm1,TR-37,,,,,,,,0,0,,,Province,TUR,,TUR,TUR-2270,,Kastamonu,11217,,,
Kayseri,11218,adm1,TR-38,,,,,,,,0,0,,,Province,TUR,,TUR,TUR-2287,,Kayseri,11218,,,
Kirklareli,11219,adm1,TR-39,,,,,,,,0,0,,,Province,TUR,,TUR,TUR-2241,,Kirklareli,11219,,,
Kirsehir,11220,adm1,TR-40,,,,,,,,0,0,,,Province,TUR,,TUR,TUR-2286,,Kirsehir,11220,,,
Kocaeli,11221,adm1,TR-41,,,,,,,,0,0,,,Province,TUR,,TUR,TUR-2266,,Kocaeli,11221,,,
Konya,11222,adm1,TR-42,,,,,,,,0,0,,,Province,TUR,,TUR,TUR-3011,,Konya,11222,,,
Kütahya,11223,adm1,TR-43,,,,,,,,0,0,,,Province,TUR,,TUR,TUR-2276,,Kütahya,11223,,,
Malatya,11224,adm1,TR-44,,,,,,,,0,0,,,Province,TUR,,TUR,TUR-2284,,Malatya,11224,,,
Manisa,11225,adm1,TR-45,,,,,,,,0,0,,,Province,TUR,,TUR,TUR-2277,,Manisa,11225,,,
K. Maras,11226,adm1,TR-46,,,,,,,,0,0,,,Province,TUR,,TUR,TUR-2283,,K. Maras,11226,,,
Mardin,11227,adm1,TR-47,,,,,,,,0,0,,,Province,TUR,,TUR,TUR-3041,,Mardin,11227,,,
Mugla,11228,adm1,TR-48,,,,,,,,0,0,,,Province,TUR,,TUR,TUR-2278,,Mugla,11228,,,
Mus,11229,adm1,TR-49,,,,,,,,0,0,,,Province,TUR,,TUR,TUR-2310,,Mus,11229,,,
Nevsehir,11230,adm1,TR-50,,,,,,,,0,0,,,Province,TUR,,TUR,TUR-2288,,Nevsehir,11230,,,
Nigde,11231,adm1,TR-51,,,,,,,,0,0,,,Province,TUR,,TUR,TUR-3020,,Nigde,11231,,,
Ordu,11232,adm1,TR-52,,,,,,,,0,0,,,Province,TUR,,TUR,TUR-2293,,Ordu,11232,,,
Rize,11233,adm1,TR-53,,,,,,,,0,0,,,Province,TUR,,TUR,TUR-2301,,Rize,11233,,,
Sakarya,11234,adm1,TR-54,,,,,,,,0,0,,,Province,TUR,,TUR,TUR-2267,,Sakarya,11234,,,
Samsun,11235,adm1,TR-55,,,,,,,,0,0,,,Province,TUR,,TUR,TUR-2296,,Samsun,11235,,,
Siirt,11236,adm1,TR-56,,,,,,,,0,0,,,Province,TUR,,TUR,TUR-3043,,Siirt,11236,,,
Sinop,11237,adm1,TR-57,,,,,,,,0,0,,,Province,TUR,,TUR,TUR-2294,,Sinop,11237,,,
Sivas,11238,adm1,TR-58,,,,,,,,0,0,,,Province,TUR,,TUR,TUR-2295,,Sivas,11238,,,
Tekirdag,11239,adm1,TR-59,,,,,,,,0,0,,,Province,TUR,,TUR,TUR-2242,,Tekirdag,11239,,,
Tokat,11240,adm1,TR-60,,,,,,,,0,0,,,Province,TUR,,TUR,TUR-2297,,Tokat,11240,,,
Trabzon,11241,adm1,TR-61,,,,,,,,0,0,,,Province,TUR,,TUR,TUR-2302,,Trabzon,11241,,,
Tunceli,11242,adm1,TR-62,,,,,,,,0,0,,,Province,TUR,,TUR,TUR-3045,,Tunceli,11242,,,
Sanliurfa,11243,adm1,TR-63,,,,,,,,0,0,,,Province,TUR,,TUR,TUR-3017,,Sanliurfa,11243,,,
Usak,11244,adm1,TR-64,,,,,,,,0,0,,,Province,TUR,,TUR,TUR-3014,,Usak,11244,,,
Van,11245,adm1,TR-65,,,,,,,,0,0,,,Province,TUR,,TUR,TUR-3048,,Van,11245,,,
Yozgat,11246,adm1,TR-66,,,,,,,,0,0,,,Province,TUR,,TUR,TUR-3026,,Yozgat,11246,,,
Zinguldak,11247,adm1,TR-67,,,,,,,,0,0,,,Province,TUR,,TUR,TUR-3010,,Zinguldak,11247,,,
Aksaray,11248,adm1,TR-68,,,,,,,,0,0,,,Province,TUR,,TUR,TUR-3021,,Aksaray,11248,,,
Bayburt,11249,adm1,TR-69,,,,,,,,0,0,,,Province,TUR,,TUR,TUR-3032,,Bayburt,11249,,,
Karaman,11250,adm1,TR-70,,,,,,,,0,0,,,Province,TUR,,TUR,TUR-3012,,Karaman,11250,,,
Kinkkale,11251,adm1,TR-71,,,,,,,,0,0,,,Province,TUR,,TUR,TUR-3019,,Kinkkale,11251,,,
Batman,11252,adm1,TR-72,,,,,,,,0,0,,,Province,TUR,,TUR,TUR-3042,,Batman,11252,,,
Sirnak,11253,adm1,TR-73,,,,,,,,0,0,,,Province,TUR,,TUR,TUR-3044,,Sirnak,11253,,,
Bartın,11254,adm1,TR-74,,,,,,,,0,0,,,Province,TUR,,TUR,TUR-5521,,Bartın,11254,,,
Ardahan,11255,adm1,TR-75,,,,,,,,0,0,,,Province,TUR,,TUR,TUR-4839,,Ardahan,11255,,,
Iğdir,11256,adm1,TR-76,,,,,,,,0,0,,,Province,TUR,,TUR,TUR-4840,,Iğdir,11256,,,
Yalova,11257,adm1,TR-77,,,,,,,,0,0,,,Province,TUR,,TUR,TUR-5518,,Yalova,11257,,,
Karabük,11258,adm1,TR-78,,,,,,,,0,0,,,Province,TUR,,TUR,TUR-5520,,Karabük,11258,,,
Kilis,11259,adm1,TR-79,,,,,,,,0,0,,,Province,TUR,,TUR,TUR-4841,,Kilis,11259,,,
Osmaniye,11260,adm1,TR-80,,,,,,,,0,0,,,Province,TUR,,TUR,TUR-4842,,Osmaniye,11260,,,
Düzce,11261,adm1,TR-81,,,,,,,,0,0,,,Province,TUR,,TUR,TUR-5519,,Düzce,11261,,,
Tuvalu,11281,adm1,TV-X01~,,,,,,,,0,0,,,,TUV,,TUV,TUV+00?,,Tuvalu,11281,,,
Changhua,11301,adm1,TW-CHA,,,,,,,,0,0,,,County,TWN,,TWN,TWN-1169,,Changhua,11301,,,
Chiayi City,11302,adm1,TW-CYI,,,,,,,,0,0,,,Provincial City,TWN,,TWN,TWN-1171,,Chiayi City,11302,,,
Chiayi,11303,adm1,TW-CYQ,,,,,,,,0,0,,,County,TWN,,TWN,TWN-1170,,Chiayi,11303,,,
Hsinchu,11304,adm1,TW-HSQ,,,,,,,,0,0,,,County,TWN,,TWN,TWN-1162,,Hsinchu,11304,,,
Hsinchu City,11305,adm1,TW-HSZ,,,,,,,,0,0,,,Provincial City,TWN,,TWN,TWN-1161,,Hsinchu City,11305,,,
Hualien,11306,adm1,TW-HUA,,,,,,,,0,0,,,County,TWN,,TWN,TWN-1172,,Hualien,11306,,,
Yilan,11307,adm1,TW-ILA,,,,,,,,0,0,,,County,TWN,,TWN,TWN-1163,,Yilan,11307,,,
Keelung City,11308,adm1,TW-KEE,,,,,,,,0,0,,,Provincial City,TWN,,TWN,TWN-1164,,Keelung City,11308,,,
Kaohsiung City,11309,adm1,TW-KHH,,,,,,,,0,0,,,Special Municipality,TWN,,TWN,TWN-1156,,Kaohsiung City,11309,,,
Kinmen,11310,adm1,TW-KIN,,,,,,,,0,0,,,County,TWN,,TWN,TWN-3415,,Kinmen,11310,,,
Miaoli,11311,adm1,TW-MIA,,,,,,,,0,0,,,County,TWN,,TWN,TWN-1165,,Miaoli,11311,,,
Nantou,11312,adm1,TW-NAN,,,,,,,,0,0,,,County,TWN,,TWN,TWN-1173,,Nantou,11312,,,
Penghu,11313,adm1,TW-PEN,,,,,,,,0,0,,,County,TWN,,TWN,TWN-3414,,Penghu,11313,,,
Pingtung,11314,adm1,TW-PIF,,,,,,,,0,0,,,County,TWN,,TWN,TWN-1158,,Pingtung,11314,,,
Taoyuan,11315,adm1,TW-TAO,,,,,,,,0,0,,,County,TWN,,TWN,TWN-1168,,Taoyuan,11315,,,
Tainan City,11316,adm1,TW-TNN,,,,,,,,0,0,,,Special Municipality,TWN,,TWN,TWN-1160,,Tainan City,11316,,,
Taipei City,11317,adm1,TW-TPE,,,,,,,,0,0,,,Special Municipality,TWN,,TWN,TWN-1166,,Taipei City,11317,,,
New Taipei City,11318,adm1,TW-TPQ,,,,,,,,0,0,,,Special Municipality,TWN,,TWN,TWN-1167,,New Taipei City,11318,,,
Taitung,11319,adm1,TW-TTT,,,,,,,,0,0,,,County,TWN,,TWN,TWN-1177,,Taitung,11319,,,
Taichung City,11320,adm1,TW-TXG,,,,,,,,0,0,,,Special Municipality,TWN,,TWN,TWN-1174,,Taichung City,11320,,,
Yunlin,11321,adm1,TW-YUN,,,,,,,,0,0,,,County,TWN,,TWN,TWN-1176,,Yunlin,11321,,,
Arusha,11341,adm1,TZ-01,,,,,,,,0,0,,,Region,TZA,,TZA,TZA-3391,,Arusha,11341,,,
Dar-Es-Salaam,11342,adm1,TZ-02,,,,,,,,0,0,,,Region,TZA,,TZA,TZA-3378,,Dar-Es-Salaam,11342,,,
Dodoma,11343,adm1,TZ-03,,,,,,,,0,0,,,Region,TZA,,TZA,TZA-3385,,Dodoma,11343,,,
Iringa,11344,adm1,TZ-04,,,,,,,,0,0,,,Region,TZA,,TZA,TZA-3386,,Iringa,11344,,,
Kagera,11345,adm1,TZ-05,,,,,,,,0,0,,,Region,TZA,,TZA,TZA-3360,,Kagera,11345,,,
Kaskazini-Pemba,11346,adm1,TZ-06,,,,,,,,0,0,,,Region,TZA,,TZA,TZA-3380,,Kaskazini-Pemba,11346,,,
Kaskazini-Unguja,11347,adm1,TZ-07,,,,,,,,0,0,,,Region,TZA,,TZA,TZA-3383,,Kaskazini-Unguja,11347,,,
Kigoma,11348,adm1,TZ-08,,,,,,,,0,0,,,Region,TZA,,TZA,TZA-3363,,Kigoma,11348,,,
Kilimanjaro,11349,adm1,TZ-09,,,,,,,,0,0,,,Region,TZA,,TZA,TZA-3393,,Kilimanjaro,11349,,,
Kusini-Pemba,11350,adm1,TZ-10,,,,,,,,0,0,,,Region,TZA,,TZA,TZA-3381,,Kusini-Pemba,11350,,,
Zanzibar South and Central,11351,adm1,TZ-11,,,,,,,,0,0,,,Region,TZA,,TZA,TZA-3337,,Zanzibar South and Central,11351,,,
Lindi,11352,adm1,TZ-12,,,,,,,,0,0,,,Region,TZA,,TZA,TZA-3387,,Lindi,11352,,,
Mara,11353,adm1,TZ-13,,,,,,,,0,0,,,Region,TZA,,TZA,TZA-3394,,Mara,11353,,,
Mbeya,11354,adm1,TZ-14,,,,,,,,0,0,,,Region,TZA,,TZA,TZA-3335,,Mbeya,11354,,,
Zanzibar West,11355,adm1,TZ-15,,,,,,,,0,0,,,Region,TZA,,TZA,TZA-3384,,Zanzibar West,11355,,,
Morogoro,11356,adm1,TZ-16,,,,,,,,0,0,,,Region,TZA,,TZA,TZA-3379,,Morogoro,11356,,,
Mtwara,11357,adm1,TZ-17,,,,,,,,0,0,,,Region,TZA,,TZA,TZA-3388,,Mtwara,11357,,,
Mwanza,11358,adm1,TZ-18,,,,,,,,0,0,,,Region,TZA,,TZA,TZA-3357,,Mwanza,11358,,,
Pwani,11359,adm1,TZ-19,,,,,,,,0,0,,,Region,TZA,,TZA,TZA-3382,,Pwani,11359,,,
Rukwa,11360,adm1,TZ-20,,,,,,,,0,0,,,Region,TZA,,TZA,TZA-3336,,Rukwa,11360,,,
Ruvuma,11361,adm1,TZ-21,,,,,,,,0,0,,,Region,TZA,,TZA,TZA-3389,,Ruvuma,11361,,,
Shinyanga,11362,adm1,TZ-22,,,,,,,,0,0,,,Region,TZA,,TZA,TZA-3358,,Shinyanga,11362,,,
Singida,11363,adm1,TZ-23,,,,,,,,0,0,,,Region,TZA,,TZA,TZA-3390,,Singida,11363,,,
Tabora,11364,adm1,TZ-24,,,,,,,,0,0,,,Region,TZA,,TZA,TZA-3359,,Tabora,11364,,,
Tanga,11365,adm1,TZ-25,,,,,,,,0,0,,,Region,TZA,,TZA,TZA-3395,,Tanga,11365,,,
Manyara,11366,adm1,TZ-26,,,,,,,,0,0,,,Region,TZA,,TZA,TZA-3392,,Manyara,11366,,,
Geita,11367,adm1,TZ-27,,,,,,,,0,0,,,Region,TZA,,TZA,TZA-5586,,Geita,11367,,,
Katavi,11368,adm1,TZ-28,,,,,,,,0,0,,,Region,TZA,,TZA,TZA-5584,,Katavi,11368,,,
Njombe,11369,adm1,TZ-29,,,,,,,,0,0,,,Region,TZA,,TZA,TZA-5587,,Njombe,11369,,,
Simiyu,11370,adm1,TZ-30,,,,,,,,0,0,,,Region,TZA,,TZA,TZA-5585,,Simiyu,11370,,,
Kalangala,11401,adm1,UG-101,,,,,,,,0,0,,,District,UGA,,UGA,UGA-2631,,Kalangala,11401,,,
Kampala,11402,adm1,UG-102,,,,,,,,0,0,,,District,UGA,,UGA,UGA-3088,,Kampala,11402,,,
Kiboga,11403,adm1,UG-103,,,,,,,,0,0,,,District,UGA,,UGA,UGA-3089,,Kiboga,11403,,,
Luweero,11404,adm1,UG-104,,,,,,,,0,0,,,County,UGA,,UGA,UGA-3092,,Luweero,11404,,,
Masaka,11405,adm1,UG-105,,,,,,,,0,0,,,District,UGA,,UGA,UGA-3362,,Masaka,11405,,,
Mpigi,11406,adm1,UG-106,,,,,,,,0,0,,,District,UGA,,UGA,UGA-3078,,Mpigi,11406,,,
Mubende,11407,adm1,UG-107,,,,,,,,0,0,,,District,UGA,,UGA,UGA-3093,,Mubende,11407,,,
Mukono,11408,adm1,UG-108,,,,,,,,0,0,,,District,UGA,,UGA,UGA-3075,,Mukono,11408,,,
Nakasongola,11409,adm1,UG-109,,,,,,,,0,0,,,District,UGA,,UGA,UGA-3090,,Nakasongola,11409,,,
Rakai,11410,adm1,UG-110,,,,,,,,0,0,,,District,UGA,,UGA,UGA-3361,,Rakai,11410,,,
Sembabule,11411,adm1,UG-111,,,,,,,,0,0,,,District,UGA,,UGA,UGA-3077,,Sembabule,11411,,,
Kayunga,11412,adm1,UG-112,,,,,,,,0,0,,,District,UGA,,UGA,UGA-3067,,Kayunga,11412,,,
Wakiso,11413,adm1,UG-113,,,,,,,,0,0,,,District,UGA,,UGA,UGA-3091,,Wakiso,11413,,,
Mityana,11414,adm1,UG-114,,,,,,,,0,0,,,County,UGA,,UGA,UGA-3094,,Mityana,11414,,,
Nakaseke,11415,adm1,UG-115,,,,,,,,0,0,,,District,UGA,,UGA,UGA-3095,,Nakaseke,11415,,,
Lyantonde,11416,adm1,UG-116,,,,,,,,0,0,,,District,UGA,,UGA,UGA-5618,,Lyantonde,11416,,,
Buikwe,11417,adm1,UG-117,,,,,,,,0,0,,,District,UGA,,UGA,UGA-5597,,Buikwe,11417,,,
Bukomansimbi,11418,adm1,UG-118,,,,,,,,0,0,,,District,UGA,,UGA,UGA-5619,,Bukomansimbi,11418,,,
Butambala,11419,adm1,UG-119,,,,,,,,0,0,,,District,UGA,,UGA,UGA-5599,,Butambala,11419,,,
Buvuma,11420,adm1,UG-120,,,,,,,,0,0,,,District,UGA,,UGA,UGA-5598,,Buvuma,11420,,,
Gomba,11421,adm1,UG-121,,,,,,,,0,0,,,District,UGA,,UGA,UGA-5600,,Gomba,11421,,,
Kalungu,11422,adm1,UG-122,,,,,,,,0,0,,,District,UGA,,UGA,UGA-5620,,Kalungu,11422,,,
Kyankwanzi,11423,adm1,UG-123,,,,,,,,0,0,,,District,UGA,,UGA,UGA-5602,,Kyankwanzi,11423,,,
Lwengo,11424,adm1,UG-124,,,,,,,,0,0,,,District,UGA,,UGA,UGA-5617,,Lwengo,11424,,,
Bugiri,11425,adm1,UG-201,,,,,,,,0,0,,,District,UGA,,UGA,UGA-3117,,Bugiri,11425,,,
Busia,11426,adm1,UG-202,,,,,,,,0,0,,,District,UGA,,UGA,UGA-3118,,Busia,11426,,,
Iganga,11427,adm1,UG-203,,,,,,,,0,0,,,District,UGA,,UGA,UGA-3068,,Iganga,11427,,,
Jinja,11428,adm1,UG-204,,,,,,,,0,0,,,District,UGA,,UGA,UGA-3064,,Jinja,11428,,,
Kamuli,11429,adm1,UG-205,,,,,,,,0,0,,,District,UGA,,UGA,UGA-3069,,Kamuli,11429,,,
Kapchorwa,11430,adm1,UG-206,,,,,,,,0,0,,,District,UGA,,UGA,UGA-3112,,Kapchorwa,11430,,,
Katakwi,11431,adm1,UG-207,,,,,,,,0,0,,,County,UGA,,UGA,UGA-3122,,Katakwi,11431,,,
Kumi,11432,adm1,UG-208,,,,,,,,0,0,,,District,UGA,,UGA,UGA-3065,,Kumi,11432,,,
Mbale,11433,adm1,UG-209,,,,,,,,0,0,,,County,UGA,,UGA,UGA-3115,,Mbale,11433,,,
Pallisa,11434,adm1,UG-210,,,,,,,,0,0,,,District,UGA,,UGA,UGA-3076,,Pallisa,11434,,,
Soroti,11435,adm1,UG-211,,,,,,,,0,0,,,District,UGA,,UGA,UGA-3074,,Soroti,11435,,,
Tororo,11436,adm1,UG-212,,,,,,,,0,0,,,District,UGA,,UGA,UGA-3121,,Tororo,11436,,,
Kaberamaido,11437,adm1,UG-213,,,,,,,,0,0,,,District,UGA,,UGA,UGA-3066,,Kaberamaido,11437,,,
Mayuge,11438,adm1,UG-214,,,,,,,,0,0,,,District,UGA,,UGA,UGA-3120,,Mayuge,11438,,,
Sironko,11439,adm1,UG-215,,,,,,,,0,0,,,County,UGA,,UGA,UGA-3114,,Sironko,11439,,,
Amuria,11440,adm1,UG-216,,,,,,,,0,0,,,District,UGA,,UGA,UGA-3124,,Amuria,11440,,,
Budaka,11441,adm1,UG-217,,,,,,,,0,0,,,County,UGA,,UGA,UGA-5594,,Budaka,11441,,,
Bukwa,11442,adm1,UG-218,,,,,,,,0,0,,,County,UGA,,UGA,UGA-3113,,Bukwa,11442,,,
Butaleja,11443,adm1,UG-219,,,,,,,,0,0,,,County,UGA,,UGA,UGA-3119,,Butaleja,11443,,,
Kaliro,11444,adm1,UG-220,,,,,,,,0,0,,,County,UGA,,UGA,UGA-3071,,Kaliro,11444,,,
Manafwa,11445,adm1,UG-221,,,,,,,,0,0,,,District,UGA,,UGA,UGA-3116,,Manafwa,11445,,,
Namutumba,11446,adm1,UG-222,,,,,,,,0,0,,,County,UGA,,UGA,UGA-3073,,Namutumba,11446,,,
Bududa,11447,adm1,UG-223,,,,,,,,0,0,,,District,UGA,,UGA,UGA-5626,,Bududa,11447,,,
Bukedea,11448,adm1,UG-224,,,,,,,,0,0,,,District,UGA,,UGA,UGA-5591,,Bukedea,11448,,,
Bulambuli,11449,adm1,UG-225,,,,,,,,0,0,,,County,UGA,,UGA,UGA-5613,,Bulambuli,11449,,,
Buyende,11450,adm1,UG-226,,,,,,,,0,0,,,District,UGA,,UGA,UGA-5593,,Buyende,11450,,,
Kibuku,11451,adm1,UG-227,,,,,,,,0,0,,,County,UGA,,UGA,UGA-5595,,Kibuku,11451,,,
Kween,11452,adm1,UG-228,,,,,,,,0,0,,,District,UGA,,UGA,UGA-5612,,Kween,11452,,,
Luuka,11453,adm1,UG-229,,,,,,,,0,0,,,District,UGA,,UGA,UGA-5592,,Luuka,11453,,,
Namayingo,11454,adm1,UG-230,,,,,,,,0,0,,,District,UGA,,UGA,UGA-5614,,Namayingo,11454,,,
Ngora,11455,adm1,UG-231,,,,,,,,0,0,,,District,UGA,,UGA,UGA-5590,,Ngora,11455,,,
Serere,11456,adm1,UG-232,,,,,,,,0,0,,,District,UGA,,UGA,UGA-5596,,Serere,11456,,,
Adjumani,11457,adm1,UG-301,,,,,,,,0,0,,,District,UGA,,UGA,UGA-3079,,Adjumani,11457,,,
Apac,11458,adm1,UG-302,,,,,,,,0,0,,,District,UGA,,UGA,UGA-5604,,Apac,11458,,,
Arua,11459,adm1,UG-303,,,,,,,,0,0,,,County,UGA,,UGA,UGA-3080,,Arua,11459,,,
Gulu,11460,adm1,UG-304,,,,,,,,0,0,,,County,UGA,,UGA,UGA-3098,,Gulu,11460,,,
Kitgum,11461,adm1,UG-305,,,,,,,,0,0,,,District,UGA,,UGA,UGA-3096,,Kitgum,11461,,,
Kotido,11462,adm1,UG-306,,,,,,,,0,0,,,County,UGA,,UGA,UGA-3123,,Kotido,11462,,,
Lira,11463,adm1,UG-307,,,,,,,,0,0,,,District,UGA,,UGA,UGA-3099,,Lira,11463,,,
Moroto,11464,adm1,UG-308,,,,,,,,0,0,,,District,UGA,,UGA,UGA-3127,,Moroto,11464,,,
Moyo,11465,adm1,UG-309,,,,,,,,0,0,,,District,UGA,,UGA,UGA-3085,,Moyo,11465,,,
Nebbi,11466,adm1,UG-310,,,,,,,,0,0,,,District,UGA,,UGA,UGA-3084,,Nebbi,11466,,,
Nakapiripirit,11467,adm1,UG-311,,,,,,,,0,0,,,District,UGA,,UGA,UGA-3128,,Nakapiripirit,11467,,,
Pader,11468,adm1,UG-312,,,,,,,,0,0,,,District,UGA,,UGA,UGA-3101,,Pader,11468,,,
Yumbe,11469,adm1,UG-313,,,,,,,,0,0,,,District,UGA,,UGA,UGA-3086,,Yumbe,11469,,,
Amolatar,11470,adm1,UG-314,,,,,,,,0,0,,,County,UGA,,UGA,UGA-3070,,Amolatar,11470,,,
Kaabong,11471,adm1,UG-315,,,,,,,,0,0,,,District,UGA,,UGA,UGA-3125,,Kaabong,11471,,,
Koboko,11472,adm1,UG-316,,,,,,,,0,0,,,County,UGA,,UGA,UGA-3081,,Koboko,11472,,,
Abim,11473,adm1,UG-317,,,,,,,,0,0,,,County,UGA,,UGA,UGA-3126,,Abim,11473,,,
Dokolo,11474,adm1,UG-318,,,,,,,,0,0,,,County,UGA,,UGA,UGA-3100,,Dokolo,11474,,,
Amuru,11475,adm1,UG-319,,,,,,,,0,0,,,District,UGA,,UGA,UGA-5601,,Amuru,11475,,,
Maracha,11476,adm1,UG-320,,,,,,,,0,0,,,District,UGA,,UGA,UGA-3087,,Maracha,11476,,,
Oyam,11477,adm1,UG-321,,,,,,,,0,0,,,County,UGA,,UGA,UGA-3103,,Oyam,11477,,,
Agago,11478,adm1,UG-322,,,,,,,,0,0,,,District,UGA,,UGA,UGA-5608,,Agago,11478,,,
Alebtong,11479,adm1,UG-323,,,,,,,,0,0,,,District,UGA,,UGA,UGA-5606,,Alebtong,11479,,,
Amudat,11480,adm1,UG-324,,,,,,,,0,0,,,District,UGA,,UGA,UGA-5616,,Amudat,11480,,,
Buhweju,11481,adm1,UG-325,,,,,,,,0,0,,,District,UGA,,UGA,UGA-5624,,Buhweju,11481,,,
Kole,11482,adm1,UG-326,,,,,,,,0,0,,,District,UGA,,UGA,UGA-5605,,Kole,11482,,,
Lamwo,11483,adm1,UG-327,,,,,,,,0,0,,,District,UGA,,UGA,UGA-5603,,Lamwo,11483,,,
Napak,11484,adm1,UG-328,,,,,,,,0,0,,,District,UGA,,UGA,UGA-5615,,Napak,11484,,,
Nwoya,11485,adm1,UG-329,,,,,,,,0,0,,,District,UGA,,UGA,UGA-5625,,Nwoya,11485,,,
Otuke,11486,adm1,UG-330,,,,,,,,0,0,,,District,UGA,,UGA,UGA-5607,,Otuke,11486,,,
Zombo,11487,adm1,UG-331,,,,,,,,0,0,,,District,UGA,,UGA,UGA-5589,,Zombo,11487,,,
Bundibugyo,11488,adm1,UG-401,,,,,,,,0,0,,,District,UGA,,UGA,UGA-3104,,Bundibugyo,11488,,,
Bushenyi,11489,adm1,UG-402,,,,,,,,0,0,,,District,UGA,,UGA,UGA-3366,,Bushenyi,11489,,,
Hoima,11490,adm1,UG-403,,,,,,,,0,0,,,District,UGA,,UGA,UGA-3105,,Hoima,11490,,,
Kabale,11491,adm1,UG-404,,,,,,,,0,0,,,District,UGA,,UGA,UGA-3375,,Kabale,11491,,,
Kabarole,11492,adm1,UG-405,,,,,,,,0,0,,,District,UGA,,UGA,UGA-3106,,Kabarole,11492,,,
Kasese,11493,adm1,UG-406,,,,,,,,0,0,,,District,UGA,,UGA,UGA-3367,,Kasese,11493,,,
Kibale,11494,adm1,UG-407,,,,,,,,0,0,,,District,UGA,,UGA,UGA-3108,,Kibale,11494,,,
Kisoro,11495,adm1,UG-408,,,,,,,,0,0,,,District,UGA,,UGA,UGA-3376,,Kisoro,11495,,,
Masindi,11496,adm1,UG-409,,,,,,,,0,0,,,District,UGA,,UGA,UGA-3102,,Masindi,11496,,,
Mbarara,11497,adm1,UG-410,,,,,,,,0,0,,,County,UGA,,UGA,UGA-3374,,Mbarara,11497,,,
Mbarara,11498,adm1,UG-410,,,,,,,,0,0,,,District,UGA,,UGA,UGA-3371,,Mbarara,11498,,,
Ntungamo,11499,adm1,UG-411,,,,,,,,0,0,,,District,UGA,,UGA,UGA-3372,,Ntungamo,11499,,,
Rukungiri,11500,adm1,UG-412,,,,,,,,0,0,,,District,UGA,,UGA,UGA-3373,,Rukungiri,11500,,,
Kamwenge,11501,adm1,UG-413,,,,,,,,0,0,,,District,UGA,,UGA,UGA-3368,,Kamwenge,11501,,,
Kanungu,11502,adm1,UG-414,,,,,,,,0,0,,,District,UGA,,UGA,UGA-3377,,Kanungu,11502,,,
Kyenjojo,11503,adm1,UG-415,,,,,,,,0,0,,,District,UGA,,UGA,UGA-3107,,Kyenjojo,11503,,,
Ibanda,11504,adm1,UG-416,,,,,,,,0,0,,,County,UGA,,UGA,UGA-3369,,Ibanda,11504,,,
Isingiro,11505,adm1,UG-417,,,,,,,,0,0,,,County,UGA,,UGA,UGA-3370,,Isingiro,11505,,,
Buliisa,11506,adm1,UG-419,,,,,,,,0,0,,,County,UGA,,UGA,UGA-3082,,Buliisa,11506,,,
Kiryandongo,11507,adm1,UG-420,,,,,,,,0,0,,,District,UGA,,UGA,UGA-5609,,Kiryandongo,11507,,,
Kyegegwa,11508,adm1,UG-421,,,,,,,,0,0,,,District,UGA,,UGA,UGA-5611,,Kyegegwa,11508,,,
Mitooma,11509,adm1,UG-422,,,,,,,,0,0,,,District,UGA,,UGA,UGA-5622,,Mitooma,11509,,,
Ntoroko,11510,adm1,UG-423,,,,,,,,0,0,,,District,UGA,,UGA,UGA-5610,,Ntoroko,11510,,,
Rubirizi,11511,adm1,UG-424,,,,,,,,0,0,,,District,UGA,,UGA,UGA-5621,,Rubirizi,11511,,,
Sheema,11512,adm1,UG-425,,,,,,,,0,0,,,District,UGA,,UGA,UGA-5623,,Sheema,11512,,,
Vinnytsya,11541,adm1,UA-05,,,,,,,,0,0,,,Region,UKR,,UKR,UKR-323,,Vinnytsya,11541,,,
Volyn,11542,adm1,UA-07,,,,,,,,0,0,,,Region,UKR,,UKR,UKR-318,,Volyn,11542,,,
Luhans'k,11543,adm1,UA-09,,,,,,,,0,0,,,Region,UKR,,UKR,UKR-329,,Luhans'k,11543,,,
Dnipropetrovs'k,11544,adm1,UA-12,,,,,,,,0,0,,,Region,UKR,,UKR,UKR-326,,Dnipropetrovs'k,11544,,,
Donets'k,11545,adm1,UA-14,,,,,,,,0,0,,,Region,UKR,,UKR,UKR-327,,Donets'k,11545,,,
Zhytomyr,11546,adm1,UA-18,,,,,,,,0,0,,,Region,UKR,,UKR,UKR-324,,Zhytomyr,11546,,,
Transcarpathia,11547,adm1,UA-21,,,,,,,,0,0,,,Region,UKR,,UKR,UKR-293,,Transcarpathia,11547,,,
Zaporizhzhya,11548,adm1,UA-23,,,,,,,,0,0,,,Region,UKR,,UKR,UKR-331,,Zaporizhzhya,11548,,,
Ivano-Frankivs'k,11549,adm1,UA-26,,,,,,,,0,0,,,Region,UKR,,UKR,UKR-289,,Ivano-Frankivs'k,11549,,,
Kiev City,11550,adm1,UA-30,,,,,,,,0,0,,,Municipality,UKR,,UKR,UKR-4826,,Kiev City,11550,,,
Kiev,11551,adm1,UA-32,,,,,,,,0,0,,,Region,UKR,,UKR,UKR-321,,Kiev,11551,,,
Kirovohrad,11552,adm1,UA-35,,,,,,,,0,0,,,Region,UKR,,UKR,UKR-320,,Kirovohrad,11552,,,
L'viv,11553,adm1,UA-46,,,,,,,,0,0,,,Region,UKR,,UKR,UKR-291,,L'viv,11553,,,
Mykolayiv,11554,adm1,UA-48,,,,,,,,0,0,,,Region,UKR,,UKR,UKR-284,,Mykolayiv,11554,,,
Odessa,11555,adm1,UA-51,,,,,,,,0,0,,,Region,UKR,,UKR,UKR-322,,Odessa,11555,,,
Poltava,11556,adm1,UA-53,,,,,,,,0,0,,,Region,UKR,,UKR,UKR-330,,Poltava,11556,,,
Rivne,11557,adm1,UA-56,,,,,,,,0,0,,,Region,UKR,,UKR,UKR-286,,Rivne,11557,,,
Sumy,11558,adm1,UA-59,,,,,,,,0,0,,,Region,UKR,,UKR,UKR-325,,Sumy,11558,,,
Ternopil',11559,adm1,UA-61,,,,,,,,0,0,,,Region,UKR,,UKR,UKR-292,,Ternopil',11559,,,
Kharkiv,11560,adm1,UA-63,,,,,,,,0,0,,,Region,UKR,,UKR,UKR-328,,Kharkiv,11560,,,
Kherson,11561,adm1,UA-65,,,,,,,,0,0,,,,UKR,,UKR,UKR-4827,,Kherson,11561,,,
Khmel'nyts'kyy,11562,adm1,UA-68,,,,,,,,0,0,,,Region,UKR,,UKR,UKR-290,,Khmel'nyts'kyy,11562,,,
Cherkasy,11563,adm1,UA-71,,,,,,,,0,0,,,Region,UKR,,UKR,UKR-319,,Cherkasy,11563,,,
Chernihiv,11564,adm1,UA-74,,,,,,,,0,0,,,Region,UKR,,UKR,UKR-285,,Chernihiv,11564,,,
Chernivtsi,11565,adm1,UA-77,,,,,,,,0,0,,,Region,UKR,,UKR,UKR-288,,Chernivtsi,11565,,,
Artigas,11581,adm1,UY-AR,,,,,,,,0,0,,,Department,URY,,URY,URY-6,,Artigas,11581,,,
Canelones,11582,adm1,UY-CA,,,,,,,,0,0,,,Department,URY,,URY,URY-17,,Canelones,11582,,,
Cerro Largo,11583,adm1,UY-CL,,,,,,,,0,0,,,Department,URY,,URY,URY-12,,Cerro Largo,11583,,,
Colonia,11584,adm1,UY-CO,,,,,,,,0,0,,,Department,URY,,URY,URY-4,,Colonia,11584,,,
Durazno,11585,adm1,UY-DU,,,,,,,,0,0,,,Department,URY,,URY,URY-13,,Durazno,11585,,,
Florida,11586,adm1,UY-FD,,,,,,,,0,0,,,Department,URY,,URY,URY-18,,Florida,11586,,,
Flores,11587,adm1,UY-FS,,,,,,,,0,0,,,Department,URY,,URY,URY-7,,Flores,11587,,,
Lavalleja,11588,adm1,UY-LA,,,,,,,,0,0,,,Department,URY,,URY,URY-19,,Lavalleja,11588,,,
Maldonado,11589,adm1,UY-MA,,,,,,,,0,0,,,Department,URY,,URY,URY-20,,Maldonado,11589,,,
Montevideo,11590,adm1,UY-MO,,,,,,,,0,0,,,Department,URY,,URY,URY-21,,Montevideo,11590,,,
Paysandú,11591,adm1,UY-PA,,,,,,,,0,0,,,Department,URY,,URY,URY-8,,Paysandú,11591,,,
Río Negro,11592,adm1,UY-RN,,,,,,,,0,0,,,Department,URY,,URY,URY-9,,Río Negro,11592,,,
Rocha,11593,adm1,UY-RO,,,,,,,,0,0,,,Department,URY,,URY,URY-22,,Rocha,11593,,,
Rivera,11594,adm1,UY-RV,,,,,,,,0,0,,,Department,URY,,URY,URY-14,,Rivera,11594,,,
Salto,11595,adm1,UY-SA,,,,,,,,0,0,,,Department,URY,,URY,URY-10,,Salto,11595,,,
San José,11596,adm1,UY-SJ,,,,,,,,0,0,,,Department,URY,,URY,URY-5,,San José,11596,,,
Soriano,11597,adm1,UY-SO,,,,,,,,0,0,,,Department,URY,,URY,URY-11,,Soriano,11597,,,
Tacuarembó,11598,adm1,UY-TA,,,,,,,,0,0,,,Department,URY,,URY,URY-15,,Tacuarembó,11598,,,
Treinta y Tres,11599,adm1,UY-TT,,,,,,,,0,0,,,Department,URY,,URY,URY-16,,Treinta y Tres,11599,,,
Eastern,11621,adm1,AS-X01~,,,,,,,,0,0,,,,US1,,ASM,ASM-4998,,Eastern,11621,,,
Manu's,11622,adm1,AS-X02~,,,,,,,,0,0,,,,US1,,ASM,ASM-4999,,Manu's,11622,,,
Rose Atoll,11623,adm1,AS-X03~,,,,,,,,0,0,,,,US1,,ASM,ASM-5000,,Rose Atoll,11623,,,
Swain's Island,11624,adm1,AS-X04~,,,,,,,,0,0,,,,US1,,ASM,ASM-5001,,Swain's Island,11624,,,
Western,11625,adm1,AS-X05~,,,,,,,,0,0,,,,US1,,ASM,ASM-5002,,Western,11625,,,
Guam,11641,adm1,GU-X01~,,,,,,,,0,0,,,,US1,,GUM,GUM+00?,,Guam,11641,,,
Rota,11661,adm1,MP-X01~,,,,,,,,0,0,,,,US1,,MNP,MNP-4937,,Rota,11661,,,
Tinian,11662,adm1,MP-X02~,,,,,,,,0,0,,,,US1,,MNP,MNP-4938,,Tinian,11662,,,
Saipan,11663,adm1,MP-X03~,,,,,,,,0,0,,,,US1,,MNP,MNP-4939,,Saipan,11663,,,
Northern Islands,11664,adm1,MP-X04~,,,,,,,,0,0,,,,US1,,MNP,MNP-4940,,Northern Islands,11664,,,
Puerto Rico,11681,adm1,US-PR,,,,,,,,0,0,,,,US1,,PRI,PRI-5260,,Puerto Rico,11681,,,
Johnston Atoll,11701,adm1,UM-67,,,,,,,,0,0,,,,US1,,UMI,UMI-5174,,Johnston Atoll,11701,,,
Midway Islands,11702,adm1,UM-71,,,,,,,,0,0,,,,US1,,UMI,UMI-5176,,Midway Islands,11702,,,
Navassa Island,11703,adm1,UM-76,,,,,,,,0,0,,,,US1,,UMI,UMI-5177,,Navassa Island,11703,,,
Wake Atoll,11704,adm1,UM-79,,,,,,,,0,0,,,,US1,,UMI,UMI-5179,,Wake Atoll,11704,,,
Baker Island,11705,adm1,UM-81,,,,,,,,0,0,,,,US1,,UMI,UMI-5171,,Baker Island,11705,,,
Howland Island,11706,adm1,UM-84,,,,,,,,0,0,,,,US1,,UMI,UMI-5172,,Howland Island,11706,,,
Jarvis Island,11707,adm1,UM-86,,,,,,,,0,0,,,,US1,,UMI,UMI-5173,,Jarvis Island,11707,,,
Palmyra Atoll,11708,adm1,UM-95,,,,,,,,0,0,,,,US1,,UMI,UMI-5178,,Palmyra Atoll,11708,,,
Alaska,11721,adm1,US-AK,,,USAlaska,1,,,,1,0,,,State,US1,,USA,USA-3563,,Alaska,11721,,,
Alabama,11722,adm1,US-AL,,,,,,,,0,0,,,State,US1,,USA,USA-3541,,Alabama,11722,,,
Arkansas,11723,adm1,US-AR,,,,,,,,0,0,,,State,US1,,USA,USA-3528,,Arkansas,11723,,,
Arizona,11724,adm1,US-AZ,USWestStates,1,westernUS,5,0,1,1,2,0,,,State,US1,,USA,USA-3520,,Arizona,11724,,,
California,11725,adm1,US-CA,USWestStates,2,westernUS,5,0,0.999999999999999,1,2,0,,,State,US1,,USA,USA-3521,,California,11725,,,
Colorado,11726,adm1,US-CO,USWestStates,3,westernUS,5,0,0.950869533800203,1,2,0,,,State,US1,,USA,USA-3522,,Colorado,11726,,,
Connecticut,11727,adm1,US-CT,,,,,,,,0,0,,,State,US1,,USA,USA-3537,,Connecticut,11727,,,
District of Columbia,11728,adm1,US-DC,,,,,,,,0,0,,,Federal District,US1,,USA,USA-3556,,District of Columbia,11728,,,
Delaware,11729,adm1,US-DE,,,,,,,,0,0,,,State,US1,,USA,USA-3555,,Delaware,11729,,,
Florida,11730,adm1,US-FL,,,,,,,,0,0,,,State,US1,,USA,USA-3542,,Florida,11730,,,
Georgia,11731,adm1,US-GA,,,,,,,,0,0,,,State,US1,,USA,USA-3543,,Georgia,11731,,,
Hawaii,11732,adm1,US-HI,,,,,,,,0,0,,,State,US1,,USA,USA-3517,,Hawaii,11732,,,
Iowa,11733,adm1,US-IA,USWestStates,5,,,0,0.326631089263247,0,0,0,,,State,US1,,USA,USA-3529,,Iowa,11733,,,
Idaho,11734,adm1,US-ID,USWestStates,4,westernUS,5,1,0.999999999999996,1,2,0,,,State,US1,,USA,USA-3518,,Idaho,11734,,,
Illinois,11735,adm1,US-IL,,,,,,,,0,0,,,State,US1,,USA,USA-3546,,Illinois,11735,,,
Indiana,11736,adm1,US-IN,,,,,,,,0,0,,,State,US1,,USA,USA-3547,,Indiana,11736,,,
Kansas,11737,adm1,US-KS,USWestStates,6,,,0,0.0234091813316561,0,0,0,,,State,US1,,USA,USA-3530,,Kansas,11737,,,
Kentucky,11738,adm1,US-KY,,,,,,,,0,0,,,State,US1,,USA,USA-3548,,Kentucky,11738,,,
Louisiana,11739,adm1,US-LA,,,,,,,,0,0,,,State,US1,,USA,USA-3535,,Louisiana,11739,,,
Massachusetts,11740,adm1,US-MA,,,,,,,,0,0,,,State,US1,,USA,USA-3513,,Massachusetts,11740,,,
Maryland,11741,adm1,US-MD,,,,,,,,0,0,,,State,US1,,USA,USA-3557,,Maryland,11741,,,
Maine,11742,adm1,US-ME,,,,,,,,0,0,,,State,US1,,USA,USA-3561,,Maine,11742,,,
Michigan,11743,adm1,US-MI,,,,,,,,0,0,,,State,US1,,USA,USA-3562,,Michigan,11743,,,
Minnesota,11744,adm1,US-MN,,,,,,,,0,0,,,State,US1,,USA,USA-3514,,Minnesota,11744,,,
Missouri,11745,adm1,US-MO,USWestStates,7,,,0,0.117250224923234,0,0,0,,,State,US1,,USA,USA-3531,,Missouri,11745,,,
Mississippi,11746,adm1,US-MS,,,,,,,,0,0,,,State,US1,,USA,USA-3544,,Mississippi,11746,,,
Montana,11747,adm1,US-MT,USWestStates,8,westernUS,5,1,0.990178792121061,1,2,0,,,State,US1,,USA,USA-3515,,Montana,11747,,,
North Carolina,11748,adm1,US-NC,,,,,,,,0,0,,,State,US1,,USA,USA-3549,,North Carolina,11748,,,
North Dakota,11749,adm1,US-ND,USWestStates,12,,,0,0.0737285678691497,0,0,0,,,State,US1,,USA,USA-3516,,North Dakota,11749,,,
Nebraska,11750,adm1,US-NE,USWestStates,9,westernUS,5,0,1,1,2,0,,,State,US1,,USA,USA-3532,,Nebraska,11750,,,
New Hampshire,11751,adm1,US-NH,,,,,,,,0,0,,,State,US1,,USA,USA-3538,,New Hampshire,11751,,,
New Jersey,11752,adm1,US-NJ,,,,,,,,0,0,,,State,US1,,USA,USA-3558,,New Jersey,11752,,,
New Mexico,11753,adm1,US-NM,USWestStates,11,westernUS,5,0,1,1,2,0,,,State,US1,,USA,USA-3524,,New Mexico,11753,,,
Nevada,11754,adm1,US-NV,USWestStates,10,westernUS,5,0,1,1,2,0,,,State,US1,,USA,USA-3523,,Nevada,11754,,,
New York,11755,adm1,US-NY,,,,,,,,0,0,,,State,US1,,USA,USA-3559,,New York,11755,,,
Ohio,11756,adm1,US-OH,,,,,,,,0,0,,,State,US1,,USA,USA-3550,,Ohio,11756,,,
Oklahoma,11757,adm1,US-OK,USWestStates,13,,,0,0.333372832734701,0,0,0,,,State,US1,,USA,USA-3533,,Oklahoma,11757,,,
Oregon,11758,adm1,US-OR,USWestStates,14,westernUS,5,1,1,1,2,0,,,State,US1,,USA,USA-3525,,Oregon,11758,,,
Pennsylvania,11759,adm1,US-PA,,,,,,,,0,0,,,State,US1,,USA,USA-3560,,Pennsylvania,11759,,,
Rhode Island,11760,adm1,US-RI,,,,,,,,0,0,,,State,US1,,USA,USA-3539,,Rhode Island,11760,,,
South Carolina,11761,adm1,US-SC,,,,,,,,0,0,,,State,US1,,USA,USA-3545,,South Carolina,11761,,,
South Dakota,11762,adm1,US-SD,USWestStates,15,westernUS,5,0,0.847462605348807,1,2,0,,,State,US1,,USA,USA-3534,,South Dakota,11762,,,
Tennessee,11763,adm1,US-TN,,,,,,,,0,0,,,State,US1,,USA,USA-3551,,Tennessee,11763,,,
Texas,11764,adm1,US-TX,USWestStates,16,,,0,0.731803068779296,0,0,0,,,State,US1,,USA,USA-3536,,Texas,11764,,,
Utah,11765,adm1,US-UT,USWestStates,17,westernUS,5,0,1,1,2,0,,,State,US1,,USA,USA-3526,,Utah,11765,,,
Virginia,11766,adm1,US-VA,,,,,,,,0,0,,,State,US1,,USA,USA-3552,,Virginia,11766,,,
Vermont,11767,adm1,US-VT,,,,,,,,0,0,,,State,US1,,USA,USA-3540,,Vermont,11767,,,
Washington,11768,adm1,US-WA,USWestStates,18,westernUS,5,1,0.999999999999998,1,2,0,,,State,US1,,USA,USA-3519,,Washington,11768,,,
Wisconsin,11769,adm1,US-WI,,,,,,,,0,0,,,State,US1,,USA,USA-3553,,Wisconsin,11769,,,
West Virginia,11770,adm1,US-WV,,,,,,,,0,0,,,State,US1,,USA,USA-3554,,West Virginia,11770,,,
Wyoming,11771,adm1,US-WY,USWestStates,19,westernUS,5,0,1,1,2,0,,,State,US1,,USA,USA-3527,,Wyoming,11771,,,
Saint Croix,11801,adm1,VI-X01~,,,,,,,,0,0,,,,US1,,VIR,VIR-4870,,Saint Croix,11801,,,
Saint Thomas,11802,adm1,VI-X02~,,,,,,,,0,0,,,,US1,,VIR,VIR-4868,,Saint Thomas,11802,,,
Saint John,11803,adm1,VI-X03~,,,,,,,,0,0,,,,US1,,VIR,VIR-4869,,Saint John,11803,,,
Andijon,11821,adm1,UZ-AN,,,,,,,,0,0,,,Region,UZB,,UZB,UZB-363,,Andijon,11821,,,
Bukhoro,11822,adm1,UZ-BU,,,,,,,,0,0,,,Region,UZB,,UZB,UZB-354,,Bukhoro,11822,,,
Ferghana,11823,adm1,UZ-FA,,,,,,,,0,0,,,Region,UZB,,UZB,UZB-364,,Ferghana,11823,,,
Jizzakh,11824,adm1,UZ-JI,,,,,,,,0,0,,,Region,UZB,,UZB,UZB-370,,Jizzakh,11824,,,
Namangan,11825,adm1,UZ-NG,,,,,,,,0,0,,,Region,UZB,,UZB,UZB-365,,Namangan,11825,,,
Navoi,11826,adm1,UZ-NW,,,,,,,,0,0,,,Region,UZB,,UZB,UZB-357,,Navoi,11826,,,
Kashkadarya,11827,adm1,UZ-QA,,,,,,,,0,0,,,Region,UZB,,UZB,UZB-361,,Kashkadarya,11827,,,
Karakalpakstan,11828,adm1,UZ-QR,,,,,,,,0,0,,,Automonous Region,UZB,,UZB,UZB-356,,Karakalpakstan,11828,,,
Samarkand,11829,adm1,UZ-SA,,,,,,,,0,0,,,Region,UZB,,UZB,UZB-358,,Samarkand,11829,,,
Sirdaryo,11830,adm1,UZ-SI,,,,,,,,0,0,,,Region,UZB,,UZB,UZB-371,,Sirdaryo,11830,,,
Surkhandarya,11831,adm1,UZ-SU,,,,,,,,0,0,,,Region,UZB,,UZB,UZB-362,,Surkhandarya,11831,,,
Tashkent,11832,adm1,UZ-TK,,,,,,,,0,0,,,Region,UZB,,UZB,UZB-4828,,Tashkent,11832,,,
Tashkent,11833,adm1,UZ-TO,,,,,,,,0,0,,,Region,UZB,,UZB,UZB-372,,Tashkent,11833,,,
Khorezm,11834,adm1,UZ-XO,,,,,,,,0,0,,,Region,UZB,,UZB,UZB-355,,Khorezm,11834,,,
Vatican,11861,adm1,VA-X01~,,,,,,,,0,0,,,,VAT,,VAT,VAT+00?,,Vatican,11861,,,
Charlotte,11881,adm1,VC-01,,,,,,,,0,0,,,Parish,VCT,,VCT,VCT-5063,,Charlotte,11881,,,
Saint Andrew,11882,adm1,VC-02,,,,,,,,0,0,,,Parish,VCT,,VCT,VCT-5065,,Saint Andrew,11882,,,
Saint David,11883,adm1,VC-03,,,,,,,,0,0,,,Parish,VCT,,VCT,VCT-5066,,Saint David,11883,,,
Saint George,11884,adm1,VC-04,,,,,,,,0,0,,,Parish,VCT,,VCT,VCT-5067,,Saint George,11884,,,
Saint Patrick,11885,adm1,VC-05,,,,,,,,0,0,,,Parish,VCT,,VCT,VCT-5068,,Saint Patrick,11885,,,
Grenadines,11886,adm1,VC-06,,,,,,,,0,0,,,Parish,VCT,,VCT,VCT-5064,,Grenadines,11886,,,
Distrito Capital,11901,adm1,VE-A,,,,,,,,0,0,,,Capital District,VEN,,VEN,VEN-43,,Distrito Capital,11901,,,
Anzoátegui,11902,adm1,VE-B,,,,,,,,0,0,,,State,VEN,,VEN,VEN-40,,Anzoátegui,11902,,,
Apure,11903,adm1,VE-C,,,,,,,,0,0,,,State,VEN,,VEN,VEN-25,,Apure,11903,,,
Aragua,11904,adm1,VE-D,,,,,,,,0,0,,,State,VEN,,VEN,VEN-41,,Aragua,11904,,,
Barinas,11905,adm1,VE-E,,,,,,,,0,0,,,State,VEN,,VEN,VEN-26,,Barinas,11905,,,
Bolívar,11906,adm1,VE-F,,,,,,,,0,0,,,State,VEN,,VEN,VEN-39,,Bolívar,11906,,,
Carabobo,11907,adm1,VE-G,,,,,,,,0,0,,,State,VEN,,VEN,VEN-33,,Carabobo,11907,,,
Cojedes,11908,adm1,VE-H,,,,,,,,0,0,,,State,VEN,,VEN,VEN-32,,Cojedes,11908,,,
Falcón,11909,adm1,VE-I,,,,,,,,0,0,,,State,VEN,,VEN,VEN-23,,Falcón,11909,,,
Guárico,11910,adm1,VE-J,,,,,,,,0,0,,,State,VEN,,VEN,VEN-45,,Guárico,11910,,,
Lara,11911,adm1,VE-K,,,,,,,,0,0,,,State,VEN,,VEN,VEN-34,,Lara,11911,,,
Mérida,11912,adm1,VE-L,,,,,,,,0,0,,,State,VEN,,VEN,VEN-27,,Mérida,11912,,,
Miranda,11913,adm1,VE-M,,,,,,,,0,0,,,State,VEN,,VEN,VEN-47,,Miranda,11913,,,
Monagas,11914,adm1,VE-N,,,,,,,,0,0,,,State,VEN,,VEN,VEN-46,,Monagas,11914,,,
Nueva Esparta,11915,adm1,VE-O,,,,,,,,0,0,,,State,VEN,,VEN,VEN-48,,Nueva Esparta,11915,,,
Portuguesa,11916,adm1,VE-P,,,,,,,,0,0,,,State,VEN,,VEN,VEN-35,,Portuguesa,11916,,,
Sucre,11917,adm1,VE-R,,,,,,,,0,0,,,State,VEN,,VEN,VEN-49,,Sucre,11917,,,
Táchira,11918,adm1,VE-S,,,,,,,,0,0,,,State,VEN,,VEN,VEN-28,,Táchira,11918,,,
Trujillo,11919,adm1,VE-T,,,,,,,,0,0,,,State,VEN,,VEN,VEN-29,,Trujillo,11919,,,
Yaracuy,11920,adm1,VE-U,,,,,,,,0,0,,,State,VEN,,VEN,VEN-36,,Yaracuy,11920,,,
Zulia,11921,adm1,VE-V,,,,,,,,0,0,,,State,VEN,,VEN,VEN-31,,Zulia,11921,,,
Dependencias Federales,11922,adm1,VE-W,,,,,,,,0,0,,,Federal Dependency,VEN,,VEN,VEN-44,,Dependencias Federales,11922,,,
Vargas,11923,adm1,VE-X,,,,,,,,0,0,,,State,VEN,,VEN,VEN-42,,Vargas,11923,,,
,11924,adm1,VE-X01~,,,,,,,,0,0,,,,VEN,,VEN,VEN+99?,,,11924,,,
Delta Amacuro,11925,adm1,VE-Y,,,,,,,,0,0,,,State,VEN,,VEN,VEN-65,,Delta Amacuro,11925,,,
Amazonas,11926,adm1,VE-Z,,,,,,,,0,0,,,State,VEN,,VEN,VEN-38,,Amazonas,11926,,,
Lai Chau,11941,adm1,VN-01,,,,,,,,0,0,,,Province,VNM,,VNM,VNM-453,,Lai Chau,11941,,,
Lào Cai,11942,adm1,VN-02,,,,,,,,0,0,,,Province,VNM,,VNM,VNM-5483,,Lào Cai,11942,,,
Hà Giang,11943,adm1,VN-03,,,,,,,,0,0,,,Province,VNM,,VNM,VNM-512,,Hà Giang,11943,,,
Cao Bằng,11944,adm1,VN-04,,,,,,,,0,0,,,Province,VNM,,VNM,VNM-511,,Cao Bằng,11944,,,
Son La,11945,adm1,VN-05,,,,,,,,0,0,,,Region,VNM,,VNM,VNM-455,,Son La,11945,,,
Yên Bái,11946,adm1,VN-06,,,,,,,,0,0,,,Province,VNM,,VNM,VNM-458,,Yên Bái,11946,,,
Tuyên Quang,11947,adm1,VN-07,,,,,,,,0,0,,,Province,VNM,,VNM,VNM-457,,Tuyên Quang,11947,,,
Lạng Sơn,11948,adm1,VN-09,,,,,,,,0,0,,,Province,VNM,,VNM,VNM-454,,Lạng Sơn,11948,,,
Quảng Ninh,11949,adm1,VN-13,,,,,,,,0,0,,,Province,VNM,,VNM,VNM-429,,Quảng Ninh,11949,,,
Hòa Bình,11950,adm1,VN-14,,,,,,,,0,0,,,Province,VNM,,VNM,VNM-459,,Hòa Bình,11950,,,
Ninh Bình,11951,adm1,VN-18,,,,,,,,0,0,,,Province,VNM,,VNM,VNM-466,,Ninh Bình,11951,,,
Thái Bình,11952,adm1,VN-20,,,,,,,,0,0,,,Province,VNM,,VNM,VNM-471,,Thái Bình,11952,,,
Thanh Hóa,11953,adm1,VN-21,,,,,,,,0,0,,,Province,VNM,,VNM,VNM-456,,Thanh Hóa,11953,,,
Nghệ An,11954,adm1,VN-22,,,,,,,,0,0,,,Province,VNM,,VNM,VNM-475,,Nghệ An,11954,,,
Ha Tinh,11955,adm1,VN-23,,,,,,,,0,0,,,Region,VNM,,VNM,VNM-474,,Ha Tinh,11955,,,
Quảng Bình,11956,adm1,VN-24,,,,,,,,0,0,,,Province,VNM,,VNM,VNM-476,,Quảng Bình,11956,,,
Quảng Trị,11957,adm1,VN-25,,,,,,,,0,0,,,Province,VNM,,VNM,VNM-489,,Quảng Trị,11957,,,
Thừa Thiên - Huế,11958,adm1,VN-26,,,,,,,,0,0,,,Province,VNM,,VNM,VNM-490,,Thừa Thiên - Huế,11958,,,
Quàng Nam,11959,adm1,VN-27,,,,,,,,0,0,,,Province,VNM,,VNM,VNM-487,,Quàng Nam,11959,,,
Kon Tum,11960,adm1,VN-28,,,,,,,,0,0,,,Province,VNM,,VNM,VNM-486,,Kon Tum,11960,,,
Quảng Ngãi,11961,adm1,VN-29,,,,,,,,0,0,,,Province,VNM,,VNM,VNM-488,,Quảng Ngãi,11961,,,
Gia Lai,11962,adm1,VN-30,,,,,,,,0,0,,,Region,VNM,,VNM,VNM-478,,Gia Lai,11962,,,
Bình Định,11963,adm1,VN-31,,,,,,,,0,0,,,Province,VNM,,VNM,VNM-485,,Bình Định,11963,,,
Phú Yên,11964,adm1,VN-32,,,,,,,,0,0,,,Province,VNM,,VNM,VNM-482,,Phú Yên,11964,,,
Đắk Lắk,11965,adm1,VN-33,,,,,,,,0,0,,,Region,VNM,,VNM,VNM-477,,Đắk Lắk,11965,,,
Khánh Hòa,11966,adm1,VN-34,,,,,,,,0,0,,,Province,VNM,,VNM,VNM-479,,Khánh Hòa,11966,,,
Lâm Đồng,11967,adm1,VN-35,,,,,,,,0,0,,,Province,VNM,,VNM,VNM-480,,Lâm Đồng,11967,,,
Ninh Thuận,11968,adm1,VN-36,,,,,,,,0,0,,,Province,VNM,,VNM,VNM-481,,Ninh Thuận,11968,,,
Tây Ninh,11969,adm1,VN-37,,,,,,,,0,0,,,Province,VNM,,VNM,VNM-444,,Tây Ninh,11969,,,
Đông Nam Bộ,11970,adm1,VN-39,,,,,,,,0,0,,,Region,VNM,,VNM,VNM-497,,Đông Nam Bộ,11970,,,
Bình Thuận,11971,adm1,VN-40,,,,,,,,0,0,,,Province,VNM,,VNM,VNM-496,,Bình Thuận,11971,,,
Long An,11972,adm1,VN-41,,,,,,,,0,0,,,Province,VNM,,VNM,VNM-503,,Long An,11972,,,
Bà Rịa - Vũng Tàu,11973,adm1,VN-43,,,,,,,,0,0,,,Province,VNM,,VNM,VNM-495,,Bà Rịa - Vũng Tàu,11973,,,
An Giang,11974,adm1,VN-44,,,,,,,,0,0,,,Province,VNM,,VNM,VNM-498,,An Giang,11974,,,
Ðong Tháp,11975,adm1,VN-45,,,,,,,,0,0,,,Province,VNM,,VNM,VNM-500,,Ðong Tháp,11975,,,
Tiền Giang,11976,adm1,VN-46,,,,,,,,0,0,,,Province,VNM,,VNM,VNM-4834,,Tiền Giang,11976,,,
Kiên Giang,11977,adm1,VN-47,,,,,,,,0,0,,,Province,VNM,,VNM,VNM-502,,Kiên Giang,11977,,,
Vĩnh Long,11978,adm1,VN-49,,,,,,,,0,0,,,Province,VNM,,VNM,VNM-510,,Vĩnh Long,11978,,,
Bến Tre,11979,adm1,VN-50,,,,,,,,0,0,,,Province,VNM,,VNM,VNM-504,,Bến Tre,11979,,,
Trà Vinh,11980,adm1,VN-51,,,,,,,,0,0,,,Province,VNM,,VNM,VNM-509,,Trà Vinh,11980,,,
Sóc Trăng,11981,adm1,VN-52,,,,,,,,0,0,,,Province,VNM,,VNM,VNM-508,,Sóc Trăng,11981,,,
Đông Bắc,11982,adm1,VN-53,,,,,,,,0,0,,,Region,VNM,,VNM,VNM-451,,Đông Bắc,11982,,,
Bắc Giang,11983,adm1,VN-54,,,,,,,,0,0,,,Province,VNM,,VNM,VNM-470,,Bắc Giang,11983,,,
Bạc Liêu,11984,adm1,VN-55,,,,,,,,0,0,,,Province,VNM,,VNM,VNM-506,,Bạc Liêu,11984,,,
Bắc Ninh,11985,adm1,VN-56,,,,,,,,0,0,,,Province,VNM,,VNM,VNM-463,,Bắc Ninh,11985,,,
Bình Dương,11986,adm1,VN-57,,,,,,,,0,0,,,Province,VNM,,VNM,VNM-483,,Bình Dương,11986,,,
Bình Phước,11987,adm1,VN-58,,,,,,,,0,0,,,Province,VNM,,VNM,VNM-484,,Bình Phước,11987,,,
Cà Mau,11988,adm1,VN-59,,,,,,,,0,0,,,Province,VNM,,VNM,VNM-507,,Cà Mau,11988,,,
Hải Dương,11989,adm1,VN-61,,,,,,,,0,0,,,Province,VNM,,VNM,VNM-460,,Hải Dương,11989,,,
Hà Nam,11990,adm1,VN-63,,,,,,,,0,0,,,Province,VNM,,VNM,VNM-467,,Hà Nam,11990,,,
Đồng Bằng Sông Hồng,11991,adm1,VN-66,,,,,,,,0,0,,,Region,VNM,,VNM,VNM-461,,Đồng Bằng Sông Hồng,11991,,,
Nam Định,11992,adm1,VN-67,,,,,,,,0,0,,,Province,VNM,,VNM,VNM-468,,Nam Định,11992,,,
Phú Thọ,11993,adm1,VN-68,,,,,,,,0,0,,,Province,VNM,,VNM,VNM-469,,Phú Thọ,11993,,,
Thái Nguyên,11994,adm1,VN-69,,,,,,,,0,0,,,Province,VNM,,VNM,VNM-452,,Thái Nguyên,11994,,,
Vĩnh Phúc,11995,adm1,VN-70,,,,,,,,0,0,,,Province,VNM,,VNM,VNM-464,,Vĩnh Phúc,11995,,,
Điện Biên,11996,adm1,VN-71,,,,,,,,0,0,,,Province,VNM,,VNM,VNM-450,,Điện Biên,11996,,,
Đắk Nông,11997,adm1,VN-72,,,,,,,,0,0,,,Region,VNM,,VNM,VNM-4835,,Đắk Nông,11997,,,
Hau Giang,11998,adm1,VN-73,,,,,,,,0,0,,,Region,VNM,,VNM,VNM-505,,Hau Giang,11998,,,
Can Tho,11999,adm1,VN-CT,,,,,,,,0,0,,,Province,VNM,,VNM,VNM-499,,Can Tho,11999,,,
Đà Nẵng,12000,adm1,VN-DN,,,,,,,,0,0,,,City|Municipality|Thanh Pho,VNM,,VNM,VNM-491,,Đà Nẵng,12000,,,
Ha Noi,12001,adm1,VN-HN,,,,,,,,0,0,,,Province,VNM,,VNM,VNM-462,,Ha Noi,12001,,,
Hải Phòng,12002,adm1,VN-HP,,,,,,,,0,0,,,Province,VNM,,VNM,VNM-4600,,Hải Phòng,12002,,,
Hồ Chí Minh city,12003,adm1,VN-SG,,,,,,,,0,0,,,City|Municipality|Thanh Pho,VNM,,VNM,VNM-501,,Hồ Chí Minh city,12003,,,
Malampa,12021,adm1,VU-MAP,,,,,,,,0,0,,,Province,VUT,,VUT,VUT-563,,Malampa,12021,,,
Penama,12022,adm1,VU-PAM,,,,,,,,0,0,,,Province,VUT,,VUT,VUT-564,,Penama,12022,,,
Sanma,12023,adm1,VU-SAM,,,,,,,,0,0,,,Province,VUT,,VUT,VUT-561,,Sanma,12023,,,
Shefa,12024,adm1,VU-SEE,,,,,,,,0,0,,,Province,VUT,,VUT,VUT-565,,Shefa,12024,,,
Tafea,12025,adm1,VU-TAE,,,,,,,,0,0,,,Province,VUT,,VUT,VUT-562,,Tafea,12025,,,
Torba,12026,adm1,VU-TOB,,,,,,,,0,0,,,Province,VUT,,VUT,VUT-560,,Torba,12026,,,
A'ana,12041,adm1,WS-AA,,,,,,,,0,0,,,,WSM,,WSM,WSM-4985,,A'ana,12041,,,
Aiga-i-le-Tai,12042,adm1,WS-AL,,,,,,,,0,0,,,,WSM,,WSM,WSM-4986,,Aiga-i-le-Tai,12042,,,
Atua,12043,adm1,WS-AT,,,,,,,,0,0,,,,WSM,,WSM,WSM-4987,,Atua,12043,,,
Fa'asaleleaga,12044,adm1,WS-FA,,,,,,,,0,0,,,,WSM,,WSM,WSM-4989,,Fa'asaleleaga,12044,,,
Gaga'emauga,12045,adm1,WS-GE,,,,,,,,0,0,,,,WSM,,WSM,WSM-4990,,Gaga'emauga,12045,,,
Gaga'ifomauga,12046,adm1,WS-GI,,,,,,,,0,0,,,,WSM,,WSM,WSM-4991,,Gaga'ifomauga,12046,,,
Palauli,12047,adm1,WS-PA,,,,,,,,0,0,,,,WSM,,WSM,WSM-4994,,Palauli,12047,,,
Satupa'itea,12048,adm1,WS-SA,,,,,,,,0,0,,,,WSM,,WSM,WSM-4993,,Satupa'itea,12048,,,
Tuamasaga,12049,adm1,WS-TU,,,,,,,,0,0,,,,WSM,,WSM,WSM-4984,,Tuamasaga,12049,,,
Va'a-o-Fonoti,12050,adm1,WS-VF,,,,,,,,0,0,,,,WSM,,WSM,WSM-4988,,Va'a-o-Fonoti,12050,,,
Vaisigano,12051,adm1,WS-VS,,,,,,,,0,0,,,,WSM,,WSM,WSM-4992,,Vaisigano,12051,,,
Abyan,12081,adm1,YE-AB,,,,,,,,0,0,,,Governorate,YEM,,YEM,YEM-3511,,Abyan,12081,,,
`Adan,12082,adm1,YE-AD,,,,,,,,0,0,,,Governorate,YEM,,YEM,YEM-3510,,`Adan,12082,,,
Amran,12083,adm1,YE-AM,,,,,,,,0,0,,,Governorate,YEM,,YEM,YEM-155,,Amran,12083,,,
Al Bayda',12084,adm1,YE-BA,,,,,,,,0,0,,,Governorate,YEM,,YEM,YEM-333,,Al Bayda',12084,,,
Al Dali',12085,adm1,YE-DA,,,,,,,,0,0,,,Governorate,YEM,,YEM,YEM-334,,Al Dali',12085,,,
Dhamar,12086,adm1,YE-DH,,,,,,,,0,0,,,Governorate,YEM,,YEM,YEM-153,,Dhamar,12086,,,
Hadramawt,12087,adm1,YE-HD,,,,,,,,0,0,,,Governorate,YEM,,YEM,YEM-3497,,Hadramawt,12087,,,
Hajjah,12088,adm1,YE-HJ,,,,,,,,0,0,,,Governorate,YEM,,YEM,YEM-154,,Hajjah,12088,,,
Al Hudaydah,12089,adm1,YE-HU,,,,,,,,0,0,,,Governorate,YEM,,YEM,YEM-151,,Al Hudaydah,12089,,,
Ibb,12090,adm1,YE-IB,,,,,,,,0,0,,,Governorate,YEM,,YEM,YEM-156,,Ibb,12090,,,
Al Jawf,12091,adm1,YE-JA,,,,,,,,0,0,,,Governorate,YEM,,YEM,YEM-335,,Al Jawf,12091,,,
Lahij,12092,adm1,YE-LA,,,,,,,,0,0,,,Governorate,YEM,,YEM,YEM-157,,Lahij,12092,,,
Ma'rib,12093,adm1,YE-MA,,,,,,,,0,0,,,Governorate,YEM,,YEM,YEM-337,,Ma'rib,12093,,,
Al Mahrah,12094,adm1,YE-MR,,,,,,,,0,0,,,Governorate,YEM,,YEM,YEM-332,,Al Mahrah,12094,,,
Al Mahwit,12095,adm1,YE-MW,,,,,,,,0,0,,,Governorate,YEM,,YEM,YEM-152,,Al Mahwit,12095,,,
Raymah,12096,adm1,YE-RA,,,,,,,,0,0,,,Governorate,YEM,,YEM,YEM-3499,,Raymah,12096,,,
Amanat Al Asimah,12097,adm1,YE-SA,,,,,,,,0,0,,,Governorate,YEM,,YEM,YEM-3498,,Amanat Al Asimah,12097,,,
Sa`dah,12098,adm1,YE-SD,,,,,,,,0,0,,,Governorate,YEM,,YEM,YEM-150,,Sa`dah,12098,,,
Shabwah,12099,adm1,YE-SH,,,,,,,,0,0,,,Governorate,YEM,,YEM,YEM-336,,Shabwah,12099,,,
Sana'a,12100,adm1,YE-SN,,,,,,,,0,0,,,Governorate,YEM,,YEM,YEM-3496,,Sana'a,12100,,,
Ta`izz,12101,adm1,YE-TA,,,,,,,,0,0,,,Governorate,YEM,,YEM,YEM-158,,Ta`izz,12101,,,
Eastern Cape,12121,adm1,ZA-EC,,,,,,,,0,0,,,Province,ZAF,,ZAF,ZAF-1926,,Eastern Cape,12121,,,
Free State,12122,adm1,ZA-FS,,,,,,,,0,0,,,Province,ZAF,,ZAF,ZAF-1206,,Free State,12122,,,
Gauteng,12123,adm1,ZA-GT,,,,,,,,0,0,,,Province,ZAF,,ZAF,ZAF-1208,,Gauteng,12123,,,
Limpopo,12124,adm1,ZA-LP,,,,,,,,0,0,,,Province,ZAF,,ZAF,ZAF-1210,,Limpopo,12124,,,
Mpumalanga,12125,adm1,ZA-MP,,,,,,,,0,0,,,Province,ZAF,,ZAF,ZAF-1209,,Mpumalanga,12125,,,
Northern Cape,12126,adm1,ZA-NC,,,,,,,,0,0,,,Province,ZAF,,ZAF,ZAF-1188,,Northern Cape,12126,,,
KwaZulu-Natal,12127,adm1,ZA-NL,,,,,,,,0,0,,,Province,ZAF,,ZAF,ZAF-1216,,KwaZulu-Natal,12127,,,
North West,12128,adm1,ZA-NW,,,,,,,,0,0,,,Province,ZAF,,ZAF,ZAF-1201,,North West,12128,,,
Western Cape,12129,adm1,ZA-WC,,,,,,,,0,0,,,Province,ZAF,,ZAF,ZAF-1189,,Western Cape,12129,,,
Western,12141,adm1,ZM-01,,,,,,,,0,0,,,Province,ZMB,,ZMB,ZMB-523,,Western,12141,,,
Central,12142,adm1,ZM-02,,,,,,,,0,0,,,Province,ZMB,,ZMB,ZMB-516,,Central,12142,,,
Eastern,12143,adm1,ZM-03,,,,,,,,0,0,,,Province,ZMB,,ZMB,ZMB-518,,Eastern,12143,,,
Luapula,12144,adm1,ZM-04,,,,,,,,0,0,,,Province,ZMB,,ZMB,ZMB-514,,Luapula,12144,,,
Northern,12145,adm1,ZM-05,,,,,,,,0,0,,,Province,ZMB,,ZMB,ZMB-515,,Northern,12145,,,
North-Western,12146,adm1,ZM-06,,,,,,,,0,0,,,Province,ZMB,,ZMB,ZMB-521,,North-Western,12146,,,
Southern,12147,adm1,ZM-07,,,,,,,,0,0,,,Province,ZMB,,ZMB,ZMB-522,,Southern,12147,,,
Copperbelt,12148,adm1,ZM-08,,,,,,,,0,0,,,Province,ZMB,,ZMB,ZMB-517,,Copperbelt,12148,,,
Lusaka,12149,adm1,ZM-09,,,,,,,,0,0,,,Province,ZMB,,ZMB,ZMB-520,,Lusaka,12149,,,
Muchinga,12150,adm1,ZM-10,,,,,,,,0,0,,,Province,ZMB,,ZMB,ZMB-5511,,Muchinga,12150,,,
Bulawayo,12181,adm1,ZW-BU,,,,,,,,0,0,,,City,ZWE,,ZWE,ZWE-531,,Bulawayo,12181,,,
Harare,12182,adm1,ZW-HA,,,,,,,,0,0,,,City,ZWE,,ZWE,ZWE-525,,Harare,12182,,,
Manicaland,12183,adm1,ZW-MA,,,,,,,,0,0,,,Province,ZWE,,ZWE,ZWE-529,,Manicaland,12183,,,
Mashonaland Central,12184,adm1,ZW-MC,,,,,,,,0,0,,,Province,ZWE,,ZWE,ZWE-524,,Mashonaland Central,12184,,,
Mashonaland East,12185,adm1,ZW-ME,,,,,,,,0,0,,,Province,ZWE,,ZWE,ZWE-528,,Mashonaland East,12185,,,
Midlands,12186,adm1,ZW-MI,,,,,,,,0,0,,,Province,ZWE,,ZWE,ZWE-527,,Midlands,12186,,,
Matabeleland North,12187,adm1,ZW-MN,,,,,,,,0,0,,,Province,ZWE,,ZWE,ZWE-526,,Matabeleland North,12187,,,
Matabeleland South,12188,adm1,ZW-MS,,,,,,,,0,0,,,Province,ZWE,,ZWE,ZWE-530,,Matabeleland South,12188,,,
Masvingo,12189,adm1,ZW-MV,,,,,,,,0,0,,,Province,ZWE,,ZWE,ZWE-532,,Masvingo,12189,,,
Mashonaland West,12190,adm1,ZW-MW,,,,,,,,0,0,,,Province,ZWE,,ZWE,ZWE-533,,Mashonaland West,12190,,,
,,,,,,,,,,,,,,,,,,,,,,,,,
New England,12500,huc2,HUC01,,,,,,,,0,0,,,,,,,,,New England,12500,,,
Mid Atlantic,12501,huc2,HUC02,,,,,,,,0,0,,,,,,,,,Mid Atlantic,12501,,,
South Atlantic-Gulf,12502,huc2,HUC03,,,,,,,,0,0,,,,,,,,,South Atlantic-Gulf,12502,,,
Great Lakes,12503,huc2,HUC04,,,,,,,,0,0,,,,,,,,,Great Lakes,12503,,,
Ohio,12504,huc2,HUC05,,,,,,,,0,0,,,,,,,,,Ohio,12504,,,
Tennessee,12505,huc2,HUC06,,,,,,,,0,0,,,,,,,,,Tennessee,12505,,,
Upper Mississippi,12506,huc2,HUC07,,,,,,,,0,0,,,,,,,,,Upper Mississippi,12506,,,
Lower Mississippi,12507,huc2,HUC08,,,,,,,,0,0,,,,,,,,,Lower Mississippi,12507,,,
Souris-Red-Rainy,12508,huc2,HUC09,,,,,,,,0,0,,,,,,,,,Souris-Red-Rainy,12508,,,
Missouri,12509,huc2,HUC10,USWestHuc2,8,westernUS,5,1,0.774577734802938,1,2,0,,,,,,,,,Missouri,12509,,,
Arkansas-White-Red,12510,huc2,HUC11,USWestHuc2,7,westernUS,5,0,0.453579286955075,1,2,0,,,,,,,,,Arkansas-White-Red,12510,,,
Texas-Gulf,12511,huc2,HUC12,USWestHuc2,6,,,0,0.682353098929289,0,0,0,,,,,,,,,Texas-Gulf,12511,,,
Rio Grande,12512,huc2,HUC13,USWestHuc2,5,westernUS,5,0,0.549606655439336,1,2,0,,,,,,,,,Rio Grande,12512,,,
Upper Colorado,12513,huc2,HUC14,USWestHuc2,4,westernUS,5,0,1,1,2,0,,,,,,,,,Upper Colorado,12513,,,
Lower Colorado,12514,huc2,HUC15,USWestHuc2,3,westernUS,5,0,0.999653100145241,1,2,0,,,,,,,,,Lower Colorado,12514,,,
Great Basin,12515,huc2,HUC16,USWestHuc2,2,westernUS,5,0,1,1,2,0,,,,,,,,,Great Basin,12515,,,
Pacific Northwest,12516,huc2,HUC17,USWestHuc2,1,westernUS,5,1,0.977645831003178,1,2,0,,,,,,,,,Pacific Northwest,12516,,,
California,12517,huc2,HUC18,USWestHuc2,9,westernUS,5,0,0.999990495596497,1,2,0,,,,,,,,,California,12517,,,
Alaska,12518,huc2,HUC19,,,USAlaska,1,,,,2,0,,,,,,,,,Alaska,12518,,,
Hawaii,12519,huc2,HUC20,,,,,,,,0,0,,,,,,,,,Hawaii,12519,,,
Caribbean,12520,huc2,HUC21,,,,,,,,0,0,,,,,,,,,Caribbean,12520,,,
South Pacific,12521,huc2,HUC22,,,,,,,,0,0,,,,,,,,,South Pacific,12521,,,
,,,,,,,,,,,,,,,,,,,,,,,,,
St. John,12600,huc4,HUC0101,,,,,,,,0,0,,,,,,,,,St. John,12600,,,
Penobscot,12601,huc4,HUC0102,,,,,,,,0,0,,,,,,,,,Penobscot,12601,,,
Kennebec,12602,huc4,HUC0103,,,,,,,,0,0,,,,,,,,,Kennebec,12602,,,
Androscoggin,12603,huc4,HUC0104,,,,,,,,0,0,,,,,,,,,Androscoggin,12603,,,
Maine Coastal,12604,huc4,HUC0105,,,,,,,,0,0,,,,,,,,,Maine Coastal,12604,,,
Saco,12605,huc4,HUC0106,,,,,,,,0,0,,,,,,,,,Saco,12605,,,
Merrimack,12606,huc4,HUC0107,,,,,,,,0,0,,,,,,,,,Merrimack,12606,,,
Connecticut,12607,huc4,HUC0108,,,,,,,,0,0,,,,,,,,,Connecticut,12607,,,
Massachusetts-Rhode Island Coastal,12608,huc4,HUC0109,,,,,,,,0,0,,,,,,,,,Massachusetts-Rhode Island Coastal,12608,,,
Connecticut Coastal,12609,huc4,HUC0110,,,,,,,,0,0,,,,,,,,,Connecticut Coastal,12609,,,
Upper Hudson,12610,huc4,HUC0202,,,,,,,,0,0,,,,,,,,,Upper Hudson,12610,,,
Lower Hudson-Long Island,12611,huc4,HUC0203,,,,,,,,0,0,,,,,,,,,Lower Hudson-Long Island,12611,,,
Delaware-Mid Atlantic Coastal,12612,huc4,HUC0204,,,,,,,,0,0,,,,,,,,,Delaware-Mid Atlantic Coastal,12612,,,
Susquehanna,12613,huc4,HUC0205,,,,,,,,0,0,,,,,,,,,Susquehanna,12613,,,
Upper Chesapeake,12614,huc4,HUC0206,,,,,,,,0,0,,,,,,,,,Upper Chesapeake,12614,,,
Potomac,12615,huc4,HUC0207,,,,,,,,0,0,,,,,,,,,Potomac,12615,,,
Lower Chesapeake,12616,huc4,HUC0208,,,,,,,,0,0,,,,,,,,,Lower Chesapeake,12616,,,
Chowan-Roanoke,12617,huc4,HUC0301,,,,,,,,0,0,,,,,,,,,Chowan-Roanoke,12617,,,
Neuse-Pamlico,12618,huc4,HUC0302,,,,,,,,0,0,,,,,,,,,Neuse-Pamlico,12618,,,
Cape Fear,12619,huc4,HUC0303,,,,,,,,0,0,,,,,,,,,Cape Fear,12619,,,
Pee Dee,12620,huc4,HUC0304,,,,,,,,0,0,,,,,,,,,Pee Dee,12620,,,
Edisto-Santee,12621,huc4,HUC0305,,,,,,,,0,0,,,,,,,,,Edisto-Santee,12621,,,
Ogeechee-Savannah,12622,huc4,HUC0306,,,,,,,,0,0,,,,,,,,,Ogeechee-Savannah,12622,,,
Altamaha-St. Marys,12623,huc4,HUC0307,,,,,,,,0,0,,,,,,,,,Altamaha-St. Marys,12623,,,
St. Johns,12624,huc4,HUC0308,,,,,,,,0,0,,,,,,,,,St. Johns,12624,,,
Southern Florida,12625,huc4,HUC0309,,,,,,,,0,0,,,,,,,,,Southern Florida,12625,,,
Peace-Tampa Bay,12626,huc4,HUC0310,,,,,,,,0,0,,,,,,,,,Peace-Tampa Bay,12626,,,
Suwannee,12627,huc4,HUC0311,,,,,,,,0,0,,,,,,,,,Suwannee,12627,,,
Ochlockonee,12628,huc4,HUC0312,,,,,,,,0,0,,,,,,,,,Ochlockonee,12628,,,
Apalachicola,12629,huc4,HUC0313,,,,,,,,0,0,,,,,,,,,Apalachicola,12629,,,
Choctawhatchee-Escambia,12630,huc4,HUC0314,,,,,,,,0,0,,,,,,,,,Choctawhatchee-Escambia,12630,,,
Alabama,12631,huc4,HUC0315,,,,,,,,0,0,,,,,,,,,Alabama,12631,,,
Mobile-Tombigbee,12632,huc4,HUC0316,,,,,,,,0,0,,,,,,,,,Mobile-Tombigbee,12632,,,
Pascagoula,12633,huc4,HUC0317,,,,,,,,0,0,,,,,,,,,Pascagoula,12633,,,
Pearl,12634,huc4,HUC0318,,,,,,,,0,0,,,,,,,,,Pearl,12634,,,
Western Lake Superior,12635,huc4,HUC0401,,,,,,,,0,0,,,,,,,,,Western Lake Superior,12635,,,
Southern Lake Superior-Lake Superior,12636,huc4,HUC0402,,,,,,,,0,0,,,,,,,,,Southern Lake Superior-Lake Superior,12636,,,
Northwestern Lake Michigan,12637,huc4,HUC0403,,,,,,,,0,0,,,,,,,,,Northwestern Lake Michigan,12637,,,
Southwestern Lake Michigan,12638,huc4,HUC0404,,,,,,,,0,0,,,,,,,,,Southwestern Lake Michigan,12638,,,
Southeastern Lake Michigan,12639,huc4,HUC0405,,,,,,,,0,0,,,,,,,,,Southeastern Lake Michigan,12639,,,
Northeastern Lake Michigan-Lake Michigan,12640,huc4,HUC0406,,,,,,,,0,0,,,,,,,,,Northeastern Lake Michigan-Lake Michigan,12640,,,
Northwestern Lake Huron,12641,huc4,HUC0407,,,,,,,,0,0,,,,,,,,,Northwestern Lake Huron,12641,,,
Southwestern Lake Huron-Lake Huron,12642,huc4,HUC0408,,,,,,,,0,0,,,,,,,,,Southwestern Lake Huron-Lake Huron,12642,,,
St. Clair-Detroit,12643,huc4,HUC0409,,,,,,,,0,0,,,,,,,,,St. Clair-Detroit,12643,,,
Western Lake Erie,12644,huc4,HUC0410,,,,,,,,0,0,,,,,,,,,Western Lake Erie,12644,,,
Southern Lake Erie,12645,huc4,HUC0411,,,,,,,,0,0,,,,,,,,,Southern Lake Erie,12645,,,
Lake Erie,12646,huc4,HUC0412,,,,,,,,0,0,,,,,,,,,Lake Erie,12646,,,
Southwestern Lake Ontario,12647,huc4,HUC0413,,,,,,,,0,0,,,,,,,,,Southwestern Lake Ontario,12647,,,
Southeastern Lake Ontario,12648,huc4,HUC0414,,,,,,,,0,0,,,,,,,,,Southeastern Lake Ontario,12648,,,
Northwestern Lake Superior,12649,huc4,HUC0416,,,,,,,,0,0,,,,,,,,,Northwestern Lake Superior,12649,,,
Northeastern Lake Superior,12650,huc4,HUC0417,,,,,,,,0,0,,,,,,,,,Northeastern Lake Superior,12650,,,
Lake Superior,12651,huc4,HUC0418,,,,,,,,0,0,,,,,,,,,Lake Superior,12651,,,
Lake Michigan,12652,huc4,HUC0419,,,,,,,,0,0,,,,,,,,,Lake Michigan,12652,,,
Northern Lake Huron,12653,huc4,HUC0420,,,,,,,,0,0,,,,,,,,,Northern Lake Huron,12653,,,
Wanipitai River-French River,12654,huc4,HUC0421,,,,,,,,0,0,,,,,,,,,Wanipitai River-French River,12654,,,
Eastern Georgia Bay,12655,huc4,HUC0422,,,,,,,,0,0,,,,,,,,,Eastern Georgia Bay,12655,,,
Eastern Lake Huron,12656,huc4,HUC0423,,,,,,,,0,0,,,,,,,,,Eastern Lake Huron,12656,,,
Lake Huron,12657,huc4,HUC0424,,,,,,,,0,0,,,,,,,,,Lake Huron,12657,,,
Northern Lake Erie,12658,huc4,HUC0425,,,,,,,,0,0,,,,,,,,,Northern Lake Erie,12658,,,
Lake Erie,12659,huc4,HUC0426,,,,,,,,0,0,,,,,,,,,Lake Erie,12659,,,
Lake Ontario and Niagara Peninsula,12660,huc4,HUC0427,,,,,,,,0,0,,,,,,,,,Lake Ontario and Niagara Peninsula,12660,,,
Lake Ontario,12661,huc4,HUC0428,,,,,,,,0,0,,,,,,,,,Lake Ontario,12661,,,
Upper Saint Lawrence River,12662,huc4,HUC0429,,,,,,,,0,0,,,,,,,,,Upper Saint Lawrence River,12662,,,
Middle Saint Lawrence River,12663,huc4,HUC0430,,,,,,,,0,0,,,,,,,,,Middle Saint Lawrence River,12663,,,
Lower Saint Lawrence River,12664,huc4,HUC0431,,,,,,,,0,0,,,,,,,,,Lower Saint Lawrence River,12664,,,
Mojikit Lake-Ogoki River,12665,huc4,HUC0432,,,,,,,,0,0,,,,,,,,,Mojikit Lake-Ogoki River,12665,,,
Long Lake-Kenogami River,12666,huc4,HUC0433,,,,,,,,0,0,,,,,,,,,Long Lake-Kenogami River,12666,,,
Allegheny,12667,huc4,HUC0501,,,,,,,,0,0,,,,,,,,,Allegheny,12667,,,
Monongahela,12668,huc4,HUC0502,,,,,,,,0,0,,,,,,,,,Monongahela,12668,,,
Upper Ohio,12669,huc4,HUC0503,,,,,,,,0,0,,,,,,,,,Upper Ohio,12669,,,
Muskingum,12670,huc4,HUC0504,,,,,,,,0,0,,,,,,,,,Muskingum,12670,,,
Kanawha,12671,huc4,HUC0505,,,,,,,,0,0,,,,,,,,,Kanawha,12671,,,
Scioto,12672,huc4,HUC0506,,,,,,,,0,0,,,,,,,,,Scioto,12672,,,
Big Sandy-Guyandotte,12673,huc4,HUC0507,,,,,,,,0,0,,,,,,,,,Big Sandy-Guyandotte,12673,,,
Great Miami,12674,huc4,HUC0508,,,,,,,,0,0,,,,,,,,,Great Miami,12674,,,
Middle Ohio,12675,huc4,HUC0509,,,,,,,,0,0,,,,,,,,,Middle Ohio,12675,,,
Kentucky-Licking,12676,huc4,HUC0510,,,,,,,,0,0,,,,,,,,,Kentucky-Licking,12676,,,
Green,12677,huc4,HUC0511,,,,,,,,0,0,,,,,,,,,Green,12677,,,
Wabash,12678,huc4,HUC0512,,,,,,,,0,0,,,,,,,,,Wabash,12678,,,
Cumberland,12679,huc4,HUC0513,,,,,,,,0,0,,,,,,,,,Cumberland,12679,,,
Lower Ohio,12680,huc4,HUC0514,,,,,,,,0,0,,,,,,,,,Lower Ohio,12680,,,
Upper Tennessee,12681,huc4,HUC0601,,,,,,,,0,0,,,,,,,,,Upper Tennessee,12681,,,
Middle Tennessee-Hiwassee,12682,huc4,HUC0602,,,,,,,,0,0,,,,,,,,,Middle Tennessee-Hiwassee,12682,,,
Middle Tennessee-Elk,12683,huc4,HUC0603,,,,,,,,0,0,,,,,,,,,Middle Tennessee-Elk,12683,,,
Lower Tennessee,12684,huc4,HUC0604,,,,,,,,0,0,,,,,,,,,Lower Tennessee,12684,,,
Mississippi Headwaters,12685,huc4,HUC0701,,,,,,,,0,0,,,,,,,,,Mississippi Headwaters,12685,,,
Minnesota,12686,huc4,HUC0702,,,,,,,,0,0,,,,,,,,,Minnesota,12686,,,
St. Croix,12687,huc4,HUC0703,,,,,,,,0,0,,,,,,,,,St. Croix,12687,,,
Upper Mississippi-Black-Root,12688,huc4,HUC0704,,,,,,,,0,0,,,,,,,,,Upper Mississippi-Black-Root,12688,,,
Chippewa,12689,huc4,HUC0705,,,,,,,,0,0,,,,,,,,,Chippewa,12689,,,
Upper Mississippi-Maquoketa-Plum,12690,huc4,HUC0706,,,,,,,,0,0,,,,,,,,,Upper Mississippi-Maquoketa-Plum,12690,,,
Wisconsin,12691,huc4,HUC0707,,,,,,,,0,0,,,,,,,,,Wisconsin,12691,,,
Upper Mississippi-Iowa-Skunk-Wapsipinicon,12692,huc4,HUC0708,,,,,,,,0,0,,,,,,,,,Upper Mississippi-Iowa-Skunk-Wapsipinicon,12692,,,
Rock,12693,huc4,HUC0709,,,,,,,,0,0,,,,,,,,,Rock,12693,,,
Des Moines,12694,huc4,HUC0710,,,,,,,,0,0,,,,,,,,,Des Moines,12694,,,
Upper Mississippi-Salt,12695,huc4,HUC0711,,,,,,,,0,0,,,,,,,,,Upper Mississippi-Salt,12695,,,
Upper Illinois,12696,huc4,HUC0712,,,,,,,,0,0,,,,,,,,,Upper Illinois,12696,,,
Lower Illinois,12697,huc4,HUC0713,,,,,,,,0,0,,,,,,,,,Lower Illinois,12697,,,
Upper Mississippi-Kaskaskia-Meramec,12698,huc4,HUC0714,,,,,,,,0,0,,,,,,,,,Upper Mississippi-Kaskaskia-Meramec,12698,,,
Lower Mississippi-Hatchie,12699,huc4,HUC0801,,,,,,,,0,0,,,,,,,,,Lower Mississippi-Hatchie,12699,,,
Lower Mississippi-St. Francis,12700,huc4,HUC0802,,,,,,,,0,0,,,,,,,,,Lower Mississippi-St. Francis,12700,,,
Lower Mississippi-Yazoo,12701,huc4,HUC0803,,,,,,,,0,0,,,,,,,,,Lower Mississippi-Yazoo,12701,,,
Lower Red-Ouachita,12702,huc4,HUC0804,,,,,,,,0,0,,,,,,,,,Lower Red-Ouachita,12702,,,
Boeuf-Tensas,12703,huc4,HUC0805,,,,,,,,0,0,,,,,,,,,Boeuf-Tensas,12703,,,
Lower Mississippi-Big Black,12704,huc4,HUC0806,,,,,,,,0,0,,,,,,,,,Lower Mississippi-Big Black,12704,,,
Lower Mississippi-Lake Maurepas,12705,huc4,HUC0807,,,,,,,,0,0,,,,,,,,,Lower Mississippi-Lake Maurepas,12705,,,
Louisiana Coastal,12706,huc4,HUC0808,,,,,,,,0,0,,,,,,,,,Louisiana Coastal,12706,,,
Lower Mississippi,12707,huc4,HUC0809,,,,,,,,0,0,,,,,,,,,Lower Mississippi,12707,,,
Souris,12708,huc4,HUC0901,,,,,,,,0,0,,,,,,,,,Souris,12708,,,
Red,12709,huc4,HUC0902,,,,,,,,0,0,,,,,,,,,Red,12709,,,
Rainy,12710,huc4,HUC0903,,,,,,,,0,0,,,,,,,,,Rainy,12710,,,
Saskatchewan River,12711,huc4,HUC0904,,,,,,,,0,0,,,,,,,,,Saskatchewan River,12711,,,
Missouri Headwaters,12712,huc4,HUC1002,USWestHuc4,95,westernUS,5,0,1,1,2,0,,,,,,,,,Missouri Headwaters,12712,,,
Missouri-Marias,12713,huc4,HUC1003,USWestHuc4,86,westernUS,5,0,1,1,2,0,,,,,,,,,Missouri-Marias,12713,,,
Missouri-Musselshell,12714,huc4,HUC1004,USWestHuc4,78,westernUS,5,0,1,1,2,0,,,,,,,,,Missouri-Musselshell,12714,,,
Milk,12715,huc4,HUC1005,USWestHuc4,72,westernUS,5,0,0.9943841511768,1,2,0,,,,,,,,,Milk,12715,,,
Missouri-Poplar,12716,huc4,HUC1006,USWestHuc4,96,westernUS,5,0,0.278020342510755,1,2,0,,,,,,,,,Missouri-Poplar,12716,,,
Upper Yellowstone,12717,huc4,HUC1007,USWestHuc4,90,westernUS,5,0,1,1,2,0,,,,,,,,,Upper Yellowstone,12717,,,
Big Horn,12718,huc4,HUC1008,USWestHuc4,91,westernUS,5,0,1,1,2,0,,,,,,,,,Big Horn,12718,,,
Powder-Tongue,12719,huc4,HUC1009,USWestHuc4,79,westernUS,5,0,1,1,2,0,,,,,,,,,Powder-Tongue,12719,,,
Lower Yellowstone,12720,huc4,HUC1010,USWestHuc4,87,westernUS,5,0,0.98362714992997,1,2,0,,,,,,,,,Lower Yellowstone,12720,,,
Missouri-Little Missouri,12721,huc4,HUC1011,USWestHuc4,97,westernUS,5,0,0.252376349040886,1,2,0,,,,,,,,,Missouri-Little Missouri,12721,,,
Cheyenne,12722,huc4,HUC1012,USWestHuc4,85,westernUS,5,0,0.999999999999997,1,2,0,,,,,,,,,Cheyenne,12722,,,
Missouri-Oahe,12723,huc4,HUC1013,USWestHuc4,88,westernUS,5,0,0.599490244638575,1,2,0,,,,,,,,,Missouri-Oahe,12723,,,
Missouri-White,12724,huc4,HUC1014,USWestHuc4,73,westernUS,5,0,1,1,2,0,,,,,,,,,Missouri-White,12724,,,
Niobrara,12725,huc4,HUC1015,USWestHuc4,84,westernUS,5,0,1,1,2,0,,,,,,,,,Niobrara,12725,,,
James,12726,huc4,HUC1016,USWestHuc4,89,westernUS,5,0,0.384169321470628,1,0,0,,,,,,,,,James,12726,set used to 0 because below elevation spires 20240607,,
Missouri-Big Sioux,12727,huc4,HUC1017,USWestHuc4,98,westernUS,5,0,0.417450499844557,1,0,0,,,,,,,,,Missouri-Big Sioux,12727,set used to 0 because below elevation spires 20240607,,
North Platte,12728,huc4,HUC1018,USWestHuc4,82,westernUS,5,0,1,1,2,0,,,,,,,,,North Platte,12728,,,
South Platte,12729,huc4,HUC1019,USWestHuc4,92,westernUS,5,0,0.929208189790583,1,2,0,,,,,,,,,South Platte,12729,,,
Platte,12730,huc4,HUC1020,USWestHuc4,75,westernUS,5,0,1,1,2,0,,,,,,,,,Platte,12730,,,
Loup,12731,huc4,HUC1021,USWestHuc4,76,westernUS,5,0,0.999999999999999,1,2,0,,,,,,,,,Loup,12731,,,
Elkhorn,12732,huc4,HUC1022,USWestHuc4,77,westernUS,5,0,1,1,2,0,,,,,,,,,Elkhorn,12732,,,
Missouri-Little Sioux,12733,huc4,HUC1023,USWestHuc4,81,westernUS,5,0,0.833162383260827,1,0,0,,,,,,,,,Missouri-Little Sioux,12733,set used to 0 because below elevation spires 20240607,,
Missouri-Nishnabotna,12734,huc4,HUC1024,USWestHuc4,94,westernUS,5,0,0.71737548548013,1,0,0,,,,,,,,,Missouri-Nishnabotna,12734,set used to 0 because below elevation spires 20240607,,
Republican,12735,huc4,HUC1025,USWestHuc4,83,westernUS,5,0,0.552566331011172,1,2,0,,,,,,,,,Republican,12735,,,
Smoky Hill,12736,huc4,HUC1026,USWestHuc4,80,westernUS,5,0,0.0000115,1,0,0,,,,,,,,,Smoky Hill,12736,set used to 0 because below shapefile is actually outside of tile (but curious because there is some historics…) 20240607,,
Kansas,12737,huc4,HUC1027,USWestHuc4,93,westernUS,5,0,0.455188396092128,1,0,0,,,,,,,,,Kansas,12737,set used to 0 because below elevation spires 20240607,,
Chariton-Grand,12738,huc4,HUC1028,USWestHuc4,74,westernUS,5,0,0.640705581775101,1,0,0,,,,,,,,,Chariton-Grand,12738,set used to 0 because below elevation spires 20240607,,
Gasconade-Osage,12739,huc4,HUC1029,,,,,,,,0,0,,,,,,,,,Gasconade-Osage,12739,,,
Lower Missouri,12740,huc4,HUC1030,,,,,,,,0,0,,,,,,,,,Lower Missouri,12740,,,
Upper White,12741,huc4,HUC1101,,,,,,,,0,0,,,,,,,,,Upper White,12741,,,
Upper Arkansas,12742,huc4,HUC1102,USWestHuc4,64,westernUS,5,0,0.998667366241909,1,2,0,,,,,,,,,Upper Arkansas,12742,,,
Middle Arkansas,12743,huc4,HUC1103,USWestHuc4,65,westernUS,5,0,0.0221739856637639,1,2,0,,,,,,,,,Middle Arkansas,12743,,,
Upper Cimarron,12744,huc4,HUC1104,USWestHuc4,70,westernUS,5,0,0.782589725243015,1,2,0,,,,,,,,,Upper Cimarron,12744,,,
Lower Cimarron,12745,huc4,HUC1105,,,,,,,,0,0,,,,,,,,,Lower Cimarron,12745,,,
Arkansas-Keystone,12746,huc4,HUC1106,,,,,,,,0,0,,,,,,,,,Arkansas-Keystone,12746,,,
Neosho-Verdigris,12747,huc4,HUC1107,,,,,,,,0,0,,,,,,,,,Neosho-Verdigris,12747,,,
Upper Canadian,12748,huc4,HUC1108,USWestHuc4,69,westernUS,5,0,1,1,2,0,,,,,,,,,Upper Canadian,12748,,,
Lower Canadian,12749,huc4,HUC1109,USWestHuc4,68,westernUS,5,0,0.800873776660921,1,2,0,,,,,,,,,Lower Canadian,12749,,,
North Canadian,12750,huc4,HUC1110,USWestHuc4,71,westernUS,5,0,0.709283206981022,1,2,0,,,,,,,,,North Canadian,12750,,,
Lower Arkansas,12751,huc4,HUC1111,,,,,,,,0,0,,,,,,,,,Lower Arkansas,12751,,,
Red Headwaters,12752,huc4,HUC1112,USWestHuc4,66,westernUS,5,0,1,1,0,0,,,,,,,,,Red Headwaters,12752,set used to 0 because below elevation spires 20240607,,
Red-Washita,12753,huc4,HUC1113,USWestHuc4,67,westernUS,5,0,0.968590693333782,1,0,0,,,,,,,,,Red-Washita,12753,set used to 0 because below elevation spires 20240607,,
Red-Sulphur,12754,huc4,HUC1114,,,,,,,,0,0,,,,,,,,,Red-Sulphur,12754,,,
Sabine,12755,huc4,HUC1201,USWestHuc4,55,,,0,0.64774730075088,1,0,0,,,,,,,,,Sabine,12755,,,
Neches,12756,huc4,HUC1202,USWestHuc4,54,,,0,0.998448562839867,1,0,0,,,,,,,,,Neches,12756,,,
Trinity,12757,huc4,HUC1203,USWestHuc4,62,,,0,0.983249554902247,1,0,0,,,,,,,,,Trinity,12757,,,
Galveston Bay-San Jacinto,12758,huc4,HUC1204,USWestHuc4,58,,,0,0.391106926019016,1,0,0,,,,,,,,,Galveston Bay-San Jacinto,12758,,,
Brazos Headwaters,12759,huc4,HUC1205,USWestHuc4,63,,,0,1,1,0,0,,,,,,,,,Brazos Headwaters,12759,,,
Middle Brazos,12760,huc4,HUC1206,USWestHuc4,60,,,0,1,1,0,0,,,,,,,,,Middle Brazos,12760,,,
Lower Brazos,12761,huc4,HUC1207,USWestHuc4,57,,,0,0.882040437984394,1,0,0,,,,,,,,,Lower Brazos,12761,,,
Upper Colorado,12762,huc4,HUC1208,USWestHuc4,61,,,0,1,1,0,0,,,,,,,,,Upper Colorado,12762,,,
Lower Colorado-San Bernard Coastal,12763,huc4,HUC1209,USWestHuc4,56,,,0,0.881955412679457,1,0,0,,,,,,,,,Lower Colorado-San Bernard Coastal,12763,,,
Central Texas Coastal,12764,huc4,HUC1210,USWestHuc4,59,,,0,0.0597260162967062,1,0,0,,,,,,,,,Central Texas Coastal,12764,,,
Nueces-Southwestern Texas Coastal,12765,huc4,HUC1211,USWestHuc4,53,,,0,0.0060335848280396,1,0,0,,,,,,,,,Nueces-Southwestern Texas Coastal,12765,,,
Rio Grande Headwaters,12766,huc4,HUC1301,USWestHuc4,48,westernUS,5,0,1,1,2,0,,,,,,,,,Rio Grande Headwaters,12766,,,
Rio Grande-Elephant Butte,12767,huc4,HUC1302,USWestHuc4,49,westernUS,5,0,1,1,2,0,,,,,,,,,Rio Grande-Elephant Butte,12767,,,
Rio Grande-Mimbres,12768,huc4,HUC1303,USWestHuc4,50,westernUS,5,0,1,1,2,0,,,,,,,,,Rio Grande-Mimbres,12768,,,
Rio Grande-Amistad,12769,huc4,HUC1304,USWestHuc4,47,westernUS,5,0,0.413709409840809,1,2,0,,,,,,,,,Rio Grande-Amistad,12769,,,
Rio Grande Closed Basins,12770,huc4,HUC1305,USWestHuc4,52,westernUS,5,0,0.999999999999999,1,2,0,,,,,,,,,Rio Grande Closed Basins,12770,,,
Upper Pecos,12771,huc4,HUC1306,USWestHuc4,51,westernUS,5,0,0.999999999999999,1,2,0,,,,,,,,,Upper Pecos,12771,,,
Lower Pecos,12772,huc4,HUC1307,USWestHuc4,45,westernUS,5,0,0.976902215643762,1,2,0,,,,,,,,,Lower Pecos,12772,,,
Rio Grande-Falcon,12773,huc4,HUC1308,,,,,,,,0,0,,,,,,,,,Rio Grande-Falcon,12773,,,
Lower Rio Grande,12774,huc4,HUC1309,,,,,,,,0,0,,,,,,,,,Lower Rio Grande,12774,,,
Rio Conchos,12775,huc4,HUC1310,USWestHuc4,46,westernUS,5,0,0,1,0,0,,,,,,,,,Rio Conchos,12775,SHAPEFILE INEXISTENT…,,
Rio Salado,12776,huc4,HUC1311,,,,,,,,0,0,,,,,,,,,Rio Salado,12776,,,
Rio San Juan,12777,huc4,HUC1312,,,,,,,,0,0,,,,,,,,,Rio San Juan,12777,,,
Colorado Headwaters,12778,huc4,HUC1401,USWestHuc4,38,westernUS,5,0,0.999999999999999,1,2,0,,,,,,,,,Colorado Headwaters,12778,,,
Gunnison,12779,huc4,HUC1402,USWestHuc4,39,westernUS,5,0,0.999999999999999,1,2,0,,,,,,,,,Gunnison,12779,,,
Upper Colorado-Dolores,12780,huc4,HUC1403,USWestHuc4,41,westernUS,5,0,1,1,2,0,,,,,,,,,Upper Colorado-Dolores,12780,,,
Great Divide-Upper Green,12781,huc4,HUC1404,USWestHuc4,44,westernUS,5,0,1,1,2,0,,,,,,,,,Great Divide-Upper Green,12781,,,
White-Yampa,12782,huc4,HUC1405,USWestHuc4,42,westernUS,5,0,0.999999999999999,1,2,0,,,,,,,,,White-Yampa,12782,,,
Lower Green,12783,huc4,HUC1406,USWestHuc4,37,westernUS,5,0,1,1,2,0,,,,,,,,,Lower Green,12783,,,
Upper Colorado-Dirty Devil,12784,huc4,HUC1407,USWestHuc4,40,westernUS,5,0,1,1,2,0,,,,,,,,,Upper Colorado-Dirty Devil,12784,,,
San Juan,12785,huc4,HUC1408,USWestHuc4,43,westernUS,5,0,0.999999999999999,1,2,0,,,,,,,,,San Juan,12785,,,
Lower Colorado-Lake Mead,12786,huc4,HUC1501,USWestHuc4,35,westernUS,5,0,1,1,2,0,,,,,,,,,Lower Colorado-Lake Mead,12786,,,
Little Colorado,12787,huc4,HUC1502,USWestHuc4,34,westernUS,5,0,1,1,2,0,,,,,,,,,Little Colorado,12787,,,
Lower Colorado,12788,huc4,HUC1503,USWestHuc4,30,westernUS,5,0,1,1,2,0,,,,,,,,,Lower Colorado,12788,,,
Upper Gila,12789,huc4,HUC1504,USWestHuc4,36,westernUS,5,0,1,1,2,0,,,,,,,,,Upper Gila,12789,,,
Middle Gila,12790,huc4,HUC1505,USWestHuc4,32,westernUS,5,0,0.999999999999999,1,2,0,,,,,,,,,Middle Gila,12790,,,
Salt,12791,huc4,HUC1506,USWestHuc4,31,westernUS,5,0,1,1,2,0,,,,,,,,,Salt,12791,,,
Lower Gila,12792,huc4,HUC1507,USWestHuc4,29,westernUS,5,0,1,1,2,0,,,,,,,,,Lower Gila,12792,,,
Sonora,12793,huc4,HUC1508,USWestHuc4,33,westernUS,5,0,0.995113947723316,1,2,0,,,,,,,,,Sonora,12793,,,
Bear,12794,huc4,HUC1601,USWestHuc4,27,westernUS,5,0,1,1,2,0,,,,,,,,,Bear,12794,,,
Great Salt Lake,12795,huc4,HUC1602,USWestHuc4,26,westernUS,5,0,1,1,2,0,,,,,,,,,Great Salt Lake,12795,,,
Escalante Desert-Sevier Lake,12796,huc4,HUC1603,USWestHuc4,28,westernUS,5,0,1,1,2,0,,,,,,,,,Escalante Desert-Sevier Lake,12796,,,
Black Rock Desert-Humboldt,12797,huc4,HUC1604,USWestHuc4,23,westernUS,5,0,1,1,2,0,,,,,,,,,Black Rock Desert-Humboldt,12797,,,
Central Lahontan,12798,huc4,HUC1605,USWestHuc4,25,westernUS,5,0,0.999999999999999,1,2,0,,,,,,,,,Central Lahontan,12798,,,
Central Nevada Desert Basins,12799,huc4,HUC1606,USWestHuc4,24,westernUS,5,0,1,1,2,0,,,,,,,,,Central Nevada Desert Basins,12799,,,
Kootenai-Pend Oreille-Spokane,12800,huc4,HUC1701,USWestHuc4,17,westernUS,5,0,0.946984711920643,1,2,0,,,,,,,,,Kootenai-Pend Oreille-Spokane,12800,,,
Upper Columbia,12801,huc4,HUC1702,USWestHuc4,11,westernUS,5,0,0.752714070599325,1,2,0,,,,,,,,,Upper Columbia,12801,,,
Yakima,12802,huc4,HUC1703,USWestHuc4,13,westernUS,5,0,0.999999999999999,1,2,0,,,,,,,,,Yakima,12802,,,
Upper Snake,12803,huc4,HUC1704,USWestHuc4,18,westernUS,5,0,1,1,2,0,,,,,,,,,Upper Snake,12803,,,
Middle Snake,12804,huc4,HUC1705,USWestHuc4,15,westernUS,5,0,1,1,2,0,,,,,,,,,Middle Snake,12804,,,
Lower Snake,12805,huc4,HUC1706,USWestHuc4,14,westernUS,5,0,0.999999999999999,1,2,0,,,,,,,,,Lower Snake,12805,,,
Middle Columbia,12806,huc4,HUC1707,USWestHuc4,20,westernUS,5,0,0.999999999999996,1,2,0,,,,,,,,,Middle Columbia,12806,,,
Lower Columbia,12807,huc4,HUC1708,USWestHuc4,21,westernUS,5,0,1,1,2,0,,,,,,,,,Lower Columbia,12807,,,
Willamette,12808,huc4,HUC1709,USWestHuc4,22,westernUS,5,0,1,1,2,0,,,,,,,,,Willamette,12808,,,
Oregon-Washington Coastal,12809,huc4,HUC1710,USWestHuc4,16,westernUS,5,0,1,1,2,0,,,,,,,,,Oregon-Washington Coastal,12809,,,
Puget Sound,12810,huc4,HUC1711,USWestHuc4,12,westernUS,5,0,1,1,2,0,,,,,,,,,Puget Sound,12810,,,
Oregon Closed Basins,12811,huc4,HUC1712,USWestHuc4,19,westernUS,5,0,0.999999999999999,1,2,0,,,,,,,,,Oregon Closed Basins,12811,,,
Klamath-Northern California Coastal,12812,huc4,HUC1801,USWestHuc4,10,westernUS,5,0,0.999999999999997,1,2,0,,,,,,,,,Klamath-Northern California Coastal,12812,,,
Sacramento,12813,huc4,HUC1802,USWestHuc4,6,westernUS,5,0,1,1,2,0,,,,,,,,,Sacramento,12813,,,
Tulare-Buena Vista Lakes,12814,huc4,HUC1803,USWestHuc4,9,westernUS,5,0,1,1,2,0,,,,,,,,,Tulare-Buena Vista Lakes,12814,,,
San Joaquin,12815,huc4,HUC1804,USWestHuc4,8,westernUS,5,0,0.999999999999999,1,2,0,,,,,,,,,San Joaquin,12815,,,
San Francisco Bay,12816,huc4,HUC1805,USWestHuc4,4,westernUS,5,0,0.999999999999999,1,2,0,,,,,,,,,San Francisco Bay,12816,,,
Central California Coastal,12817,huc4,HUC1806,USWestHuc4,1,westernUS,5,0,0.999999999999999,1,2,0,,,,,,,,,Central California Coastal,12817,,,
Southern California Coastal,12818,huc4,HUC1807,USWestHuc4,2,westernUS,5,0,0.999684334021525,1,2,0,,,,,,,,,Southern California Coastal,12818,,,
North Lahontan,12819,huc4,HUC1808,USWestHuc4,7,westernUS,5,0,1,1,2,0,,,,,,,,,North Lahontan,12819,,,
Northern Mojave-Mono Lake,12820,huc4,HUC1809,USWestHuc4,3,westernUS,5,0,0.999999999999999,1,2,0,,,,,,,,,Northern Mojave-Mono Lake,12820,,,
Southern Mojave-Salton Sea,12821,huc4,HUC1810,USWestHuc4,5,westernUS,5,0,1,1,2,0,,,,,,,,,Southern Mojave-Salton Sea,12821,,,
Southeast Alaska,12822,huc4,HUC1901,,,USAlaska,1,,,,1,0,,,,,,,,,Southeast Alaska,12822,,,
South Central Alaska,12823,huc4,HUC1902,,,USAlaska,1,,,,1,0,,,,,,,,,South Central Alaska,12823,,,
Southwest Alaska,12824,huc4,HUC1903,,,USAlaska,1,,,,1,0,,,,,,,,,Southwest Alaska,12824,,,
Northwest Alaska,12825,huc4,HUC1905,,,USAlaska,1,,,,2,0,,,,,,,,,Northwest Alaska,12825,,,
Arctic Alaska,12826,huc4,HUC1906,,,USAlaska,1,,,,1,0,,,,,,,,,Arctic Alaska,12826,,,
Upper Yukon River,12827,huc4,HUC1907,,,USAlaska,1,,,,1,0,,,,,,,,,Upper Yukon River,12827,,,
Middle Yukon River,12828,huc4,HUC1908,,,USAlaska,1,,,,1,0,,,,,,,,,Middle Yukon River,12828,,,
Lower Yukon River,12829,huc4,HUC1909,,,USAlaska,1,,,,1,0,,,,,,,,,Lower Yukon River,12829,,,
Hawaii,12830,huc4,HUC2001,,,,,,,,0,0,,,,,,,,,Hawaii,12830,,,
Maui,12831,huc4,HUC2002,,,,,,,,0,0,,,,,,,,,Maui,12831,,,
Kahoolawe,12832,huc4,HUC2003,,,,,,,,0,0,,,,,,,,,Kahoolawe,12832,,,
Lanai,12833,huc4,HUC2004,,,,,,,,0,0,,,,,,,,,Lanai,12833,,,
Molokai,12834,huc4,HUC2005,,,,,,,,0,0,,,,,,,,,Molokai,12834,,,
Oahu,12835,huc4,HUC2006,,,,,,,,0,0,,,,,,,,,Oahu,12835,,,
Kauai,12836,huc4,HUC2007,,,,,,,,0,0,,,,,,,,,Kauai,12836,,,
Niihau,12837,huc4,HUC2008,,,,,,,,0,0,,,,,,,,,Niihau,12837,,,
Northwestern Hawaiian Islands,12838,huc4,HUC2009,,,,,,,,0,0,,,,,,,,,Northwestern Hawaiian Islands,12838,,,
Puerto Rico,12839,huc4,HUC2101,,,,,,,,0,0,,,,,,,,,Puerto Rico,12839,,,
Virgin Islands,12840,huc4,HUC2102,,,,,,,,0,0,,,,,,,,,Virgin Islands,12840,,,
Guam,12841,huc4,HUC2201,,,,,,,,0,0,,,,,,,,,Guam,12841,,,
Northern Mariana Islands,12842,huc4,HUC2202,,,,,,,,0,0,,,,,,,,,Northern Mariana Islands,12842,,,
American Samoa,12843,huc4,HUC2203,,,,,,,,0,0,,,,,,,,,American Samoa,12843,,,
United States Minor Outlying Islands,12844,huc4,HUC2204,,,,,,,,0,0,,,,,,,,,United States Minor Outlying Islands,12844,,,
,,,,,,,,,,,,,,,,,,,,,,,,,
Kennebec,13000,huc6,HUC010300,,,,,,,,0,0,,,,,,,,,Kennebec,13000,,,
Upper Connecticut,13001,huc6,HUC010801,,,,,,,,0,0,,,,,,,,,Upper Connecticut,13001,,,
Massachusetts-Rhode Island Coastal,13002,huc6,HUC010900,,,,,,,,0,0,,,,,,,,,Massachusetts-Rhode Island Coastal,13002,,,
Merrimack,13003,huc6,HUC010700,,,,,,,,0,0,,,,,,,,,Merrimack,13003,,,
St. John,13004,huc6,HUC010100,,,,,,,,0,0,,,,,,,,,St. John,13004,,,
Connecticut Coastal,13005,huc6,HUC011000,,,,,,,,0,0,,,,,,,,,Connecticut Coastal,13005,,,
Lower Connecticut,13006,huc6,HUC010802,,,,,,,,0,0,,,,,,,,,Lower Connecticut,13006,,,
Penobscot,13007,huc6,HUC010200,,,,,,,,0,0,,,,,,,,,Penobscot,13007,,,
Androscoggin,13008,huc6,HUC010400,,,,,,,,0,0,,,,,,,,,Androscoggin,13008,,,
Maine Coastal,13009,huc6,HUC010500,,,,,,,,0,0,,,,,,,,,Maine Coastal,13009,,,
Saco,13010,huc6,HUC010600,,,,,,,,0,0,,,,,,,,,Saco,13010,,,
Potomac,13011,huc6,HUC020700,,,,,,,,0,0,,,,,,,,,Potomac,13011,,,
Mid Atlantic Coastal,13012,huc6,HUC020403,,,,,,,,0,0,,,,,,,,,Mid Atlantic Coastal,13012,,,
West Branch Susquehanna,13013,huc6,HUC020502,,,,,,,,0,0,,,,,,,,,West Branch Susquehanna,13013,,,
Upper Delaware,13014,huc6,HUC020401,,,,,,,,0,0,,,,,,,,,Upper Delaware,13014,,,
Lower Hudson,13015,huc6,HUC020301,,,,,,,,0,0,,,,,,,,,Lower Hudson,13015,,,
Upper Hudson,13016,huc6,HUC020200,,,,,,,,0,0,,,,,,,,,Upper Hudson,13016,,,
Lower Chesapeake,13017,huc6,HUC020801,,,,,,,,0,0,,,,,,,,,Lower Chesapeake,13017,,,
James,13018,huc6,HUC020802,,,,,,,,0,0,,,,,,,,,James,13018,,,
Upper Chesapeake,13019,huc6,HUC020600,,,,,,,,0,0,,,,,,,,,Upper Chesapeake,13019,,,
Lower Delaware,13020,huc6,HUC020402,,,,,,,,0,0,,,,,,,,,Lower Delaware,13020,,,
Lower Susquehanna,13021,huc6,HUC020503,,,,,,,,0,0,,,,,,,,,Lower Susquehanna,13021,,,
Upper Susquehanna,13022,huc6,HUC020501,,,,,,,,0,0,,,,,,,,,Upper Susquehanna,13022,,,
Long Island,13023,huc6,HUC020302,,,,,,,,0,0,,,,,,,,,Long Island,13023,,,
Ochlockonee,13024,huc6,HUC031200,,,,,,,,0,0,,,,,,,,,Ochlockonee,13024,,,
Pamlico,13025,huc6,HUC030201,,,,,,,,0,0,,,,,,,,,Pamlico,13025,,,
Neuse,13026,huc6,HUC030202,,,,,,,,0,0,,,,,,,,,Neuse,13026,,,
Escambia,13027,huc6,HUC031403,,,,,,,,0,0,,,,,,,,,Escambia,13027,,,
Roanoke,13028,huc6,HUC030101,,,,,,,,0,0,,,,,,,,,Roanoke,13028,,,
Coosa-Tallapoosa,13029,huc6,HUC031501,,,,,,,,0,0,,,,,,,,,Coosa-Tallapoosa,13029,,,
East Florida Coastal,13030,huc6,HUC030802,,,,,,,,0,0,,,,,,,,,East Florida Coastal,13030,,,
St. Johns,13031,huc6,HUC030801,,,,,,,,0,0,,,,,,,,,St. Johns,13031,,,
Tampa Bay,13032,huc6,HUC031002,,,,,,,,0,0,,,,,,,,,Tampa Bay,13032,,,
Upper Pee Dee,13033,huc6,HUC030401,,,,,,,,0,0,,,,,,,,,Upper Pee Dee,13033,,,
St. Marys-Satilla,13034,huc6,HUC030702,,,,,,,,0,0,,,,,,,,,St. Marys-Satilla,13034,,,
Alabama,13035,huc6,HUC031502,,,,,,,,0,0,,,,,,,,,Alabama,13035,,,
Suwannee,13036,huc6,HUC031102,,,,,,,,0,0,,,,,,,,,Suwannee,13036,,,
Southern Florida,13037,huc6,HUC030902,,,,,,,,0,0,,,,,,,,,Southern Florida,13037,,,
Ogeechee,13038,huc6,HUC030602,,,,,,,,0,0,,,,,,,,,Ogeechee,13038,,,
Cape Fear,13039,huc6,HUC030300,,,,,,,,0,0,,,,,,,,,Cape Fear,13039,,,
Peace,13040,huc6,HUC031001,,,,,,,,0,0,,,,,,,,,Peace,13040,,,
Santee,13041,huc6,HUC030501,,,,,,,,0,0,,,,,,,,,Santee,13041,,,
Altamaha,13042,huc6,HUC030701,,,,,,,,0,0,,,,,,,,,Altamaha,13042,,,
Edisto-South Carolina Coastal,13043,huc6,HUC030502,,,,,,,,0,0,,,,,,,,,Edisto-South Carolina Coastal,13043,,,
Savannah,13044,huc6,HUC030601,,,,,,,,0,0,,,,,,,,,Savannah,13044,,,
Kissimmee,13045,huc6,HUC030901,,,,,,,,0,0,,,,,,,,,Kissimmee,13045,,,
Choctawhatchee,13046,huc6,HUC031402,,,,,,,,0,0,,,,,,,,,Choctawhatchee,13046,,,
Albemarle-Chowan,13047,huc6,HUC030102,,,,,,,,0,0,,,,,,,,,Albemarle-Chowan,13047,,,
Pearl,13048,huc6,HUC031800,,,,,,,,0,0,,,,,,,,,Pearl,13048,,,
Apalachicola,13049,huc6,HUC031300,,,,,,,,0,0,,,,,,,,,Apalachicola,13049,,,
Florida Panhandle Coastal,13050,huc6,HUC031401,,,,,,,,0,0,,,,,,,,,Florida Panhandle Coastal,13050,,,
Mobile Bay-Tombigbee,13051,huc6,HUC031602,,,,,,,,0,0,,,,,,,,,Mobile Bay-Tombigbee,13051,,,
Aucilla-Waccasassa,13052,huc6,HUC031101,,,,,,,,0,0,,,,,,,,,Aucilla-Waccasassa,13052,,,
Pascagoula,13053,huc6,HUC031700,,,,,,,,0,0,,,,,,,,,Pascagoula,13053,,,
Lower Pee Dee,13054,huc6,HUC030402,,,,,,,,0,0,,,,,,,,,Lower Pee Dee,13054,,,
Onslow Bay,13055,huc6,HUC030203,,,,,,,,0,0,,,,,,,,,Onslow Bay,13055,,,
Black Warrior-Tombigbee,13056,huc6,HUC031601,,,,,,,,0,0,,,,,,,,,Black Warrior-Tombigbee,13056,,,
Northwestern Lake Huron,13057,huc6,HUC040700,,,,,,,,0,0,,,,,,,,,Northwestern Lake Huron,13057,,,
Southcentral Lake Superior,13058,huc6,HUC040201,,,,,,,,0,0,,,,,,,,,Southcentral Lake Superior,13058,,,
Southwestern Lake Michigan,13059,huc6,HUC040400,,,,,,,,0,0,,,,,,,,,Southwestern Lake Michigan,13059,,,
Wanipitai River-French River,13060,huc6,HUC042100,,,,,,,,0,0,,,,,,,,,Wanipitai River-French River,13060,,,
Northwestern Lake Superior,13061,huc6,HUC041600,,,,,,,,0,0,,,,,,,,,Northwestern Lake Superior,13061,,,
Southeastern Lake Superior,13062,huc6,HUC040202,,,,,,,,0,0,,,,,,,,,Southeastern Lake Superior,13062,,,
Southwestern Lake Superior,13063,huc6,HUC040103,,,,,,,,0,0,,,,,,,,,Southwestern Lake Superior,13063,,,
St. Louis,13064,huc6,HUC040102,,,,,,,,0,0,,,,,,,,,St. Louis,13064,,,
Fox,13065,huc6,HUC040302,,,,,,,,0,0,,,,,,,,,Fox,13065,,,
Long Lake-Kenogami River,13066,huc6,HUC043300,,,,,,,,0,0,,,,,,,,,Long Lake-Kenogami River,13066,,,
Saint Francois River-Saint Lawrence River,13067,huc6,HUC043002,,,,,,,,0,0,,,,,,,,,Saint Francois River-Saint Lawrence River,13067,,,
Chaudiere River,13068,huc6,HUC043100,,,,,,,,0,0,,,,,,,,,Chaudiere River,13068,,,
Northwestern Lake Michigan,13069,huc6,HUC040301,,,,,,,,0,0,,,,,,,,,Northwestern Lake Michigan,13069,,,
Northeastern Lake Michigan,13070,huc6,HUC040601,,,,,,,,0,0,,,,,,,,,Northeastern Lake Michigan,13070,,,
Southwestern Lake Huron,13071,huc6,HUC040801,,,,,,,,0,0,,,,,,,,,Southwestern Lake Huron,13071,,,
Saginaw,13072,huc6,HUC040802,,,,,,,,0,0,,,,,,,,,Saginaw,13072,,,
St. Clair-Detroit,13073,huc6,HUC040900,,,,,,,,0,0,,,,,,,,,St. Clair-Detroit,13073,,,
Northwestern Lake Superior,13074,huc6,HUC040101,,,,,,,,0,0,,,,,,,,,Northwestern Lake Superior,13074,,,
Northeastern Lake Ontario,13075,huc6,HUC041403,,,,,,,,0,0,,,,,,,,,Northeastern Lake Ontario,13075,,,
Eastern Lake Erie,13076,huc6,HUC041201,,,,,,,,0,0,,,,,,,,,Eastern Lake Erie,13076,,,
Mojikit Lake-Ogoki River,13077,huc6,HUC043200,,,,,,,,0,0,,,,,,,,,Mojikit Lake-Ogoki River,13077,,,
St. Lawrence,13078,huc6,HUC042900,,,,,,,,0,0,,,,,,,,,St. Lawrence,13078,,,
Lake Erie,13079,huc6,HUC042600,,,,,,,,0,0,,,,,,,,,Lake Erie,13079,,,
Lake Superior,13080,huc6,HUC041800,,,,,,,,0,0,,,,,,,,,Lake Superior,13080,,,
Southeastern Lake Ontario,13081,huc6,HUC041401,,,,,,,,0,0,,,,,,,,,Southeastern Lake Ontario,13081,,,
Southern Lake Erie,13082,huc6,HUC041100,,,,,,,,0,0,,,,,,,,,Southern Lake Erie,13082,,,
Southwestern Lake Ontario,13083,huc6,HUC041300,,,,,,,,0,0,,,,,,,,,Southwestern Lake Ontario,13083,,,
Lake Ontario,13084,huc6,HUC042800,,,,,,,,0,0,,,,,,,,,Lake Ontario,13084,,,
Northeastern Lake Superior,13085,huc6,HUC041700,,,,,,,,0,0,,,,,,,,,Northeastern Lake Superior,13085,,,
Northern Lake Huron,13086,huc6,HUC042000,,,,,,,,0,0,,,,,,,,,Northern Lake Huron,13086,,,
Eastern Lake Huron,13087,huc6,HUC042300,,,,,,,,0,0,,,,,,,,,Eastern Lake Huron,13087,,,
Eastern Georgia Bay,13088,huc6,HUC042200,,,,,,,,0,0,,,,,,,,,Eastern Georgia Bay,13088,,,
Northern Lake Erie,13089,huc6,HUC042500,,,,,,,,0,0,,,,,,,,,Northern Lake Erie,13089,,,
Northern Lake Ontario,13090,huc6,HUC042701,,,,,,,,0,0,,,,,,,,,Northern Lake Ontario,13090,,,
Lake Ontario and Niagara Peninsula,13091,huc6,HUC042702,,,,,,,,0,0,,,,,,,,,Lake Ontario and Niagara Peninsula,13091,,,
Lake Champlain-Richelieu River,13092,huc6,HUC043001,,,,,,,,0,0,,,,,,,,,Lake Champlain-Richelieu River,13092,,,
Oswego,13093,huc6,HUC041402,,,,,,,,0,0,,,,,,,,,Oswego,13093,,,
Lake Huron,13094,huc6,HUC042400,,,,,,,,0,0,,,,,,,,,Lake Huron,13094,,,
Western Lake Erie,13095,huc6,HUC041000,,,,,,,,0,0,,,,,,,,,Western Lake Erie,13095,,,
Lake Michigan,13096,huc6,HUC041900,,,,,,,,0,0,,,,,,,,,Lake Michigan,13096,,,
Southeastern Lake Michigan,13097,huc6,HUC040500,,,,,,,,0,0,,,,,,,,,Southeastern Lake Michigan,13097,,,
Wabash,13098,huc6,HUC051201,,,,,,,,0,0,,,,,,,,,Wabash,13098,,,
Patoka-White,13099,huc6,HUC051202,,,,,,,,0,0,,,,,,,,,Patoka-White,13099,,,
Lower Ohio,13100,huc6,HUC051402,,,,,,,,0,0,,,,,,,,,Lower Ohio,13100,,,
Middle Ohio-Little Miami,13101,huc6,HUC050902,,,,,,,,0,0,,,,,,,,,Middle Ohio-Little Miami,13101,,,
Great Miami,13102,huc6,HUC050800,,,,,,,,0,0,,,,,,,,,Great Miami,13102,,,
Lower Ohio-Salt,13103,huc6,HUC051401,,,,,,,,0,0,,,,,,,,,Lower Ohio-Salt,13103,,,
Muskingum,13104,huc6,HUC050400,,,,,,,,0,0,,,,,,,,,Muskingum,13104,,,
Upper Ohio-Beaver,13105,huc6,HUC050301,,,,,,,,0,0,,,,,,,,,Upper Ohio-Beaver,13105,,,
Licking,13106,huc6,HUC051001,,,,,,,,0,0,,,,,,,,,Licking,13106,,,
Kentucky,13107,huc6,HUC051002,,,,,,,,0,0,,,,,,,,,Kentucky,13107,,,
Green,13108,huc6,HUC051100,,,,,,,,0,0,,,,,,,,,Green,13108,,,
Allegheny,13109,huc6,HUC050100,,,,,,,,0,0,,,,,,,,,Allegheny,13109,,,
Upper Ohio-Little Kanawha,13110,huc6,HUC050302,,,,,,,,0,0,,,,,,,,,Upper Ohio-Little Kanawha,13110,,,
Scioto,13111,huc6,HUC050600,,,,,,,,0,0,,,,,,,,,Scioto,13111,,,
Guyandotte,13112,huc6,HUC050701,,,,,,,,0,0,,,,,,,,,Guyandotte,13112,,,
Kanawha,13113,huc6,HUC050500,,,,,,,,0,0,,,,,,,,,Kanawha,13113,,,
Big Sandy,13114,huc6,HUC050702,,,,,,,,0,0,,,,,,,,,Big Sandy,13114,,,
Lower Cumberland,13115,huc6,HUC051302,,,,,,,,0,0,,,,,,,,,Lower Cumberland,13115,,,
Monongahela,13116,huc6,HUC050200,,,,,,,,0,0,,,,,,,,,Monongahela,13116,,,
Upper Cumberland,13117,huc6,HUC051301,,,,,,,,0,0,,,,,,,,,Upper Cumberland,13117,,,
Middle Ohio-Raccoon,13118,huc6,HUC050901,,,,,,,,0,0,,,,,,,,,Middle Ohio-Raccoon,13118,,,
Middle Tennessee-Elk,13119,huc6,HUC060300,,,,,,,,0,0,,,,,,,,,Middle Tennessee-Elk,13119,,,
French Broad-Holston,13120,huc6,HUC060101,,,,,,,,0,0,,,,,,,,,French Broad-Holston,13120,,,
Upper Tennessee,13121,huc6,HUC060102,,,,,,,,0,0,,,,,,,,,Upper Tennessee,13121,,,
Middle Tennessee-Hiwassee,13122,huc6,HUC060200,,,,,,,,0,0,,,,,,,,,Middle Tennessee-Hiwassee,13122,,,
Lower Tennessee,13123,huc6,HUC060400,,,,,,,,0,0,,,,,,,,,Lower Tennessee,13123,,,
Upper Mississippi-Salt,13124,huc6,HUC071100,,,,,,,,0,0,,,,,,,,,Upper Mississippi-Salt,13124,,,
Des Moines,13125,huc6,HUC071000,,,,,,,,0,0,,,,,,,,,Des Moines,13125,,,
Minnesota,13126,huc6,HUC070200,,,,,,,,0,0,,,,,,,,,Minnesota,13126,,,
Mississippi Headwaters,13127,huc6,HUC070101,,,,,,,,0,0,,,,,,,,,Mississippi Headwaters,13127,,,
Upper Illinois,13128,huc6,HUC071200,,,,,,,,0,0,,,,,,,,,Upper Illinois,13128,,,
Lower Illinois,13129,huc6,HUC071300,,,,,,,,0,0,,,,,,,,,Lower Illinois,13129,,,
Upper Mississippi-Crow-Rum,13130,huc6,HUC070102,,,,,,,,0,0,,,,,,,,,Upper Mississippi-Crow-Rum,13130,,,
Upper Mississippi-Maquoketa-Plum,13131,huc6,HUC070600,,,,,,,,0,0,,,,,,,,,Upper Mississippi-Maquoketa-Plum,13131,,,
Rock,13132,huc6,HUC070900,,,,,,,,0,0,,,,,,,,,Rock,13132,,,
Iowa,13133,huc6,HUC070802,,,,,,,,0,0,,,,,,,,,Iowa,13133,,,
Upper Mississippi-Skunk-Wapsipinicon,13134,huc6,HUC070801,,,,,,,,0,0,,,,,,,,,Upper Mississippi-Skunk-Wapsipinicon,13134,,,
Wisconsin,13135,huc6,HUC070700,,,,,,,,0,0,,,,,,,,,Wisconsin,13135,,,
Kaskaskia,13136,huc6,HUC071402,,,,,,,,0,0,,,,,,,,,Kaskaskia,13136,,,
St. Croix,13137,huc6,HUC070300,,,,,,,,0,0,,,,,,,,,St. Croix,13137,,,
Upper Mississippi-Black-Root,13138,huc6,HUC070400,,,,,,,,0,0,,,,,,,,,Upper Mississippi-Black-Root,13138,,,
Chippewa,13139,huc6,HUC070500,,,,,,,,0,0,,,,,,,,,Chippewa,13139,,,
Upper Mississippi-Meramec,13140,huc6,HUC071401,,,,,,,,0,0,,,,,,,,,Upper Mississippi-Meramec,13140,,,
Lake Pontchartrain,13141,huc6,HUC080902,,,,,,,,0,0,,,,,,,,,Lake Pontchartrain,13141,,,
Lower Grand,13142,huc6,HUC080703,,,,,,,,0,0,,,,,,,,,Lower Grand,13142,,,
Lake Maurepas,13143,huc6,HUC080702,,,,,,,,0,0,,,,,,,,,Lake Maurepas,13143,,,
Town of Madrid-Saint Johns Bayou,13144,huc6,HUC080103,,,,,,,,0,0,,,,,,,,,Town of Madrid-Saint Johns Bayou,13144,,,
Lower White,13145,huc6,HUC080203,,,,,,,,0,0,,,,,,,,,Lower White,13145,,,
Calcasieu-Mermentau,13146,huc6,HUC080802,,,,,,,,0,0,,,,,,,,,Calcasieu-Mermentau,13146,,,
Lower Red,13147,huc6,HUC080403,,,,,,,,0,0,,,,,,,,,Lower Red,13147,,,
Lower Mississippi-Memphis,13148,huc6,HUC080101,,,,,,,,0,0,,,,,,,,,Lower Mississippi-Memphis,13148,,,
Lower Mississippi-Baton Rouge,13149,huc6,HUC080701,,,,,,,,0,0,,,,,,,,,Lower Mississippi-Baton Rouge,13149,,,
Lower Mississippi-Natchez,13150,huc6,HUC080601,,,,,,,,0,0,,,,,,,,,Lower Mississippi-Natchez,13150,,,
Lower Mississippi-New Orleans,13151,huc6,HUC080901,,,,,,,,0,0,,,,,,,,,Lower Mississippi-New Orleans,13151,,,
Lower Arkansas,13152,huc6,HUC080204,,,,,,,,0,0,,,,,,,,,Lower Arkansas,13152,,,
Central Louisiana Coastal,13153,huc6,HUC080903,,,,,,,,0,0,,,,,,,,,Central Louisiana Coastal,13153,,,
Big Black-Homochitto,13154,huc6,HUC080602,,,,,,,,0,0,,,,,,,,,Big Black-Homochitto,13154,,,
Lower Mississippi-Helena,13155,huc6,HUC080201,,,,,,,,0,0,,,,,,,,,Lower Mississippi-Helena,13155,,,
Lower Mississippi-Greenville,13156,huc6,HUC080301,,,,,,,,0,0,,,,,,,,,Lower Mississippi-Greenville,13156,,,
St. Francis,13157,huc6,HUC080202,,,,,,,,0,0,,,,,,,,,St. Francis,13157,,,
Upper Ouachita,13158,huc6,HUC080401,,,,,,,,0,0,,,,,,,,,Upper Ouachita,13158,,,
Boeuf-Tensas,13159,huc6,HUC080500,,,,,,,,0,0,,,,,,,,,Boeuf-Tensas,13159,,,
Lower Ouachita,13160,huc6,HUC080402,,,,,,,,0,0,,,,,,,,,Lower Ouachita,13160,,,
Atchafalaya-Vermillion,13161,huc6,HUC080801,,,,,,,,0,0,,,,,,,,,Atchafalaya-Vermillion,13161,,,
Yazoo,13162,huc6,HUC080302,,,,,,,,0,0,,,,,,,,,Yazoo,13162,,,
Hatchie-Obion,13163,huc6,HUC080102,,,,,,,,0,0,,,,,,,,,Hatchie-Obion,13163,,,
Devils Lake-Sheyenne,13164,huc6,HUC090202,,,,,,,,0,0,,,,,,,,,Devils Lake-Sheyenne,13164,,,
Souris,13165,huc6,HUC090100,,,,,,,,0,0,,,,,,,,,Souris,13165,,,
Upper South Saskatchewan River,13166,huc6,HUC090400,,,,,,,,0,0,,,,,,,,,Upper South Saskatchewan River,13166,,,
Upper Red,13167,huc6,HUC090201,,,,,,,,0,0,,,,,,,,,Upper Red,13167,,,
Rainy,13168,huc6,HUC090300,,,,,,,,0,0,,,,,,,,,Rainy,13168,,,
Lower Red,13169,huc6,HUC090203,,,,,,,,0,0,,,,,,,,,Lower Red,13169,,,
Fort Peck Lake,13170,huc6,HUC100401,,,,,,,,0,0,,,,,,,,,Fort Peck Lake,13170,,,
Tongue,13171,huc6,HUC100901,,,,,,,,0,0,,,,,,,,,Tongue,13171,,,
Fort Randall Reservoir,13172,huc6,HUC101401,,,,,,,,0,0,,,,,,,,,Fort Randall Reservoir,13172,,,
Lower Missouri-Blackwater,13173,huc6,HUC103001,,,,,,,,0,0,,,,,,,,,Lower Missouri-Blackwater,13173,,,
Milk,13174,huc6,HUC100500,,,,,,,,0,0,,,,,,,,,Milk,13174,,,
Lake Sakakawea,13175,huc6,HUC101101,,,,,,,,0,0,,,,,,,,,Lake Sakakawea,13175,,,
Upper Missouri,13176,huc6,HUC100301,,,,,,,,0,0,,,,,,,,,Upper Missouri,13176,,,
Musselshell,13177,huc6,HUC100402,,,,,,,,0,0,,,,,,,,,Musselshell,13177,,,
Cheyenne,13178,huc6,HUC101201,,,,,,,,0,0,,,,,,,,,Cheyenne,13178,,,
Gasconade,13179,huc6,HUC102902,,,,,,,,0,0,,,,,,,,,Gasconade,13179,,,
Osage,13180,huc6,HUC102901,,,,,,,,0,0,,,,,,,,,Osage,13180,,,
Powder,13181,huc6,HUC100902,,,,,,,,0,0,,,,,,,,,Powder,13181,,,
North Platte,13182,huc6,HUC101800,,,,,,,,0,0,,,,,,,,,North Platte,13182,,,
White,13183,huc6,HUC101402,,,,,,,,0,0,,,,,,,,,White,13183,,,
Belle Fourche,13184,huc6,HUC101202,,,,,,,,0,0,,,,,,,,,Belle Fourche,13184,,,
Big Sioux,13185,huc6,HUC101702,,,,,,,,0,0,,,,,,,,,Big Sioux,13185,,,
Big Blue,13186,huc6,HUC102702,,,,,,,,0,0,,,,,,,,,Big Blue,13186,,,
Middle Platte,13187,huc6,HUC102001,,,,,,,,0,0,,,,,,,,,Middle Platte,13187,,,
Missouri-Little Sioux,13188,huc6,HUC102300,,,,,,,,0,0,,,,,,,,,Missouri-Little Sioux,13188,,,
Republican,13189,huc6,HUC102500,,,,,,,,0,0,,,,,,,,,Republican,13189,,,
South Platte,13190,huc6,HUC101900,,,,,,,,0,0,,,,,,,,,South Platte,13190,,,
Kansas,13191,huc6,HUC102701,,,,,,,,0,0,,,,,,,,,Kansas,13191,,,
Missouri-Nishnabotna,13192,huc6,HUC102400,,,,,,,,0,0,,,,,,,,,Missouri-Nishnabotna,13192,,,
Cannonball-Heart-Knife,13193,huc6,HUC101302,,,,,,,,0,0,,,,,,,,,Cannonball-Heart-Knife,13193,,,
Missouri Headwaters,13194,huc6,HUC100200,,,,,,,,0,0,,,,,,,,,Missouri Headwaters,13194,,,
Missouri-Poplar,13195,huc6,HUC100600,,,,,,,,0,0,,,,,,,,,Missouri-Poplar,13195,,,
Little Missouri,13196,huc6,HUC101102,,,,,,,,0,0,,,,,,,,,Little Missouri,13196,,,
Grand-Moreau,13197,huc6,HUC101303,,,,,,,,0,0,,,,,,,,,Grand-Moreau,13197,,,
James,13198,huc6,HUC101600,,,,,,,,0,0,,,,,,,,,James,13198,,,
Upper Yellowstone,13199,huc6,HUC100700,,,,,,,,0,0,,,,,,,,,Upper Yellowstone,13199,,,
Big Horn,13200,huc6,HUC100800,,,,,,,,0,0,,,,,,,,,Big Horn,13200,,,
Lewis and Clark Lake,13201,huc6,HUC101701,,,,,,,,0,0,,,,,,,,,Lewis and Clark Lake,13201,,,
Niobrara,13202,huc6,HUC101500,,,,,,,,0,0,,,,,,,,,Niobrara,13202,,,
Lake Oahe,13203,huc6,HUC101301,,,,,,,,0,0,,,,,,,,,Lake Oahe,13203,,,
Loup,13204,huc6,HUC102100,,,,,,,,0,0,,,,,,,,,Loup,13204,,,
Elkhorn,13205,huc6,HUC102200,,,,,,,,0,0,,,,,,,,,Elkhorn,13205,,,
Chariton,13206,huc6,HUC102802,,,,,,,,0,0,,,,,,,,,Chariton,13206,,,
Lower Platte,13207,huc6,HUC102002,,,,,,,,0,0,,,,,,,,,Lower Platte,13207,,,
Lower Yellowstone,13208,huc6,HUC101000,,,,,,,,0,0,,,,,,,,,Lower Yellowstone,13208,,,
Marias,13209,huc6,HUC100302,,,,,,,,0,0,,,,,,,,,Marias,13209,,,
Grand,13210,huc6,HUC102801,,,,,,,,0,0,,,,,,,,,Grand,13210,,,
Smoky Hill,13211,huc6,HUC102600,,,,,,,,0,0,,,,,,,,,Smoky Hill,13211,,,
Lower Missouri,13212,huc6,HUC103002,,,,,,,,0,0,,,,,,,,,Lower Missouri,13212,,,
Lower Beaver,13213,huc6,HUC111002,,,,,,,,0,0,,,,,,,,,Lower Beaver,13213,,,
Arkansas-Keystone,13214,huc6,HUC110600,,,,,,,,0,0,,,,,,,,,Arkansas-Keystone,13214,,,
Lower Cimarron,13215,huc6,HUC110500,,,,,,,,0,0,,,,,,,,,Lower Cimarron,13215,,,
Lower North Canadian,13216,huc6,HUC111003,,,,,,,,0,0,,,,,,,,,Lower North Canadian,13216,,,
Middle Canadian,13217,huc6,HUC110901,,,,,,,,0,0,,,,,,,,,Middle Canadian,13217,,,
Upper Beaver,13218,huc6,HUC111001,,,,,,,,0,0,,,,,,,,,Upper Beaver,13218,,,
Upper Cimarron,13219,huc6,HUC110400,,,,,,,,0,0,,,,,,,,,Upper Cimarron,13219,,,
Upper Arkansas,13220,huc6,HUC110200,,,,,,,,0,0,,,,,,,,,Upper Arkansas,13220,,,
Upper Canadian,13221,huc6,HUC110800,,,,,,,,0,0,,,,,,,,,Upper Canadian,13221,,,
Robert S. Kerr Reservoir,13222,huc6,HUC111101,,,,,,,,0,0,,,,,,,,,Robert S. Kerr Reservoir,13222,,,
Lower Canadian,13223,huc6,HUC110902,,,,,,,,0,0,,,,,,,,,Lower Canadian,13223,,,
North Fork Red,13224,huc6,HUC111203,,,,,,,,0,0,,,,,,,,,North Fork Red,13224,,,
Red-Little,13225,huc6,HUC111401,,,,,,,,0,0,,,,,,,,,Red-Little,13225,,,
Red-Lake Texoma,13226,huc6,HUC111302,,,,,,,,0,0,,,,,,,,,Red-Lake Texoma,13226,,,
Middle Arkansas,13227,huc6,HUC110300,,,,,,,,0,0,,,,,,,,,Middle Arkansas,13227,,,
Red-Pease,13228,huc6,HUC111301,,,,,,,,0,0,,,,,,,,,Red-Pease,13228,,,
Salt Fork Red,13229,huc6,HUC111202,,,,,,,,0,0,,,,,,,,,Salt Fork Red,13229,,,
Washita,13230,huc6,HUC111303,,,,,,,,0,0,,,,,,,,,Washita,13230,,,
Big Cypress-Sulphur,13231,huc6,HUC111403,,,,,,,,0,0,,,,,,,,,Big Cypress-Sulphur,13231,,,
Lower Arkansas-Fourche La Fave,13232,huc6,HUC111102,,,,,,,,0,0,,,,,,,,,Lower Arkansas-Fourche La Fave,13232,,,
Verdigris,13233,huc6,HUC110701,,,,,,,,0,0,,,,,,,,,Verdigris,13233,,,
Neosho,13234,huc6,HUC110702,,,,,,,,0,0,,,,,,,,,Neosho,13234,,,
Red-Saline,13235,huc6,HUC111402,,,,,,,,0,0,,,,,,,,,Red-Saline,13235,,,
Upper White,13236,huc6,HUC110100,,,,,,,,0,0,,,,,,,,,Upper White,13236,,,
Prairie Dog Town Fork Red,13237,huc6,HUC111201,,,,,,,,0,0,,,,,,,,,Prairie Dog Town Fork Red,13237,,,
San Bernard Coastal,13238,huc6,HUC120904,,,,,,,,0,0,,,,,,,,,San Bernard Coastal,13238,,,
Middle Brazos-Bosque,13239,huc6,HUC120602,,,,,,,,0,0,,,,,,,,,Middle Brazos-Bosque,13239,,,
Central Texas Coastal,13240,huc6,HUC121004,,,,,,,,0,0,,,,,,,,,Central Texas Coastal,13240,,,
Lower Brazos,13241,huc6,HUC120701,,,,,,,,0,0,,,,,,,,,Lower Brazos,13241,,,
Southwestern Texas Coastal,13242,huc6,HUC121102,,,,,,,,0,0,,,,,,,,,Southwestern Texas Coastal,13242,,,
Galveston Bay-Sabine Lake,13243,huc6,HUC120402,,,,,,,,0,0,,,,,,,,,Galveston Bay-Sabine Lake,13243,,,
Middle Colorado-Concho,13244,huc6,HUC120901,,,,,,,,0,0,,,,,,,,,Middle Colorado-Concho,13244,,,
Sabine,13245,huc6,HUC120100,,,,,,,,0,0,,,,,,,,,Sabine,13245,,,
Upper Trinity,13246,huc6,HUC120301,,,,,,,,0,0,,,,,,,,,Upper Trinity,13246,,,
Brazos Headwaters,13247,huc6,HUC120500,,,,,,,,0,0,,,,,,,,,Brazos Headwaters,13247,,,
Middle Brazos-Clear Fork,13248,huc6,HUC120601,,,,,,,,0,0,,,,,,,,,Middle Brazos-Clear Fork,13248,,,
Little,13249,huc6,HUC120702,,,,,,,,0,0,,,,,,,,,Little,13249,,,
Middle Colorado-Llano,13250,huc6,HUC120902,,,,,,,,0,0,,,,,,,,,Middle Colorado-Llano,13250,,,
Guadalupe,13251,huc6,HUC121002,,,,,,,,0,0,,,,,,,,,Guadalupe,13251,,,
Nueces,13252,huc6,HUC121101,,,,,,,,0,0,,,,,,,,,Nueces,13252,,,
Lavaca,13253,huc6,HUC121001,,,,,,,,0,0,,,,,,,,,Lavaca,13253,,,
Neches,13254,huc6,HUC120200,,,,,,,,0,0,,,,,,,,,Neches,13254,,,
Lower Trinity,13255,huc6,HUC120302,,,,,,,,0,0,,,,,,,,,Lower Trinity,13255,,,
San Jacinto,13256,huc6,HUC120401,,,,,,,,0,0,,,,,,,,,San Jacinto,13256,,,
Upper Colorado,13257,huc6,HUC120800,,,,,,,,0,0,,,,,,,,,Upper Colorado,13257,,,
San Antonio,13258,huc6,HUC121003,,,,,,,,0,0,,,,,,,,,San Antonio,13258,,,
Lower Colorado,13259,huc6,HUC120903,,,,,,,,0,0,,,,,,,,,Lower Colorado,13259,,,
Rio Grande Headwaters,13260,huc6,HUC130100,,,,,,,,0,0,,,,,,,,,Rio Grande Headwaters,13260,,,
Rio Grande-Caballo,13261,huc6,HUC130301,,,,,,,,0,0,,,,,,,,,Rio Grande-Caballo,13261,,,
Rio Conchos,13262,huc6,HUC131000,,,,,,,,0,0,,,,,,,,,Rio Conchos,13262,,,
Rio Salado,13263,huc6,HUC131100,,,,,,,,0,0,,,,,,,,,Rio Salado,13263,,,
Rio San Juan,13264,huc6,HUC131200,,,,,,,,0,0,,,,,,,,,Rio San Juan,13264,,,
Lower Rio Grande,13265,huc6,HUC130900,,,,,,,,0,0,,,,,,,,,Lower Rio Grande,13265,,,
Rio Grande-Fort Quitman,13266,huc6,HUC130401,,,,,,,,0,0,,,,,,,,,Rio Grande-Fort Quitman,13266,,,
Devils,13267,huc6,HUC130403,,,,,,,,0,0,,,,,,,,,Devils,13267,,,
Upper Rio Grande,13268,huc6,HUC130201,,,,,,,,0,0,,,,,,,,,Upper Rio Grande,13268,,,
Upper Pecos,13269,huc6,HUC130600,,,,,,,,0,0,,,,,,,,,Upper Pecos,13269,,,
Mimbres,13270,huc6,HUC130302,,,,,,,,0,0,,,,,,,,,Mimbres,13270,,,
Rio Grande-Elephant Butte,13271,huc6,HUC130202,,,,,,,,0,0,,,,,,,,,Rio Grande-Elephant Butte,13271,,,
Rio Grande-Amistad,13272,huc6,HUC130402,,,,,,,,0,0,,,,,,,,,Rio Grande-Amistad,13272,,,
Rio Grande-Falcon,13273,huc6,HUC130800,,,,,,,,0,0,,,,,,,,,Rio Grande-Falcon,13273,,,
Rio Grande Closed Basins,13274,huc6,HUC130500,,,,,,,,0,0,,,,,,,,,Rio Grande Closed Basins,13274,,,
Lower Pecos,13275,huc6,HUC130700,,,,,,,,0,0,,,,,,,,,Lower Pecos,13275,,,
Lower Green,13276,huc6,HUC140600,,,,,,,,0,0,,,,,,,,,Lower Green,13276,,,
Upper San Juan,13277,huc6,HUC140801,,,,,,,,0,0,,,,,,,,,Upper San Juan,13277,,,
Great Divide Closed Basin,13278,huc6,HUC140402,,,,,,,,0,0,,,,,,,,,Great Divide Closed Basin,13278,,,
Upper Colorado-Dirty Devil,13279,huc6,HUC140700,,,,,,,,0,0,,,,,,,,,Upper Colorado-Dirty Devil,13279,,,
Upper Green,13280,huc6,HUC140401,,,,,,,,0,0,,,,,,,,,Upper Green,13280,,,
Gunnison,13281,huc6,HUC140200,,,,,,,,0,0,,,,,,,,,Gunnison,13281,,,
Colorado Headwaters,13282,huc6,HUC140100,,,,,,,,0,0,,,,,,,,,Colorado Headwaters,13282,,,
Upper Colorado-Dolores,13283,huc6,HUC140300,,,,,,,,0,0,,,,,,,,,Upper Colorado-Dolores,13283,,,
White-Yampa,13284,huc6,HUC140500,,,,,,,,0,0,,,,,,,,,White-Yampa,13284,,,
Lower San Juan,13285,huc6,HUC140802,,,,,,,,0,0,,,,,,,,,Lower San Juan,13285,,,
Rio De La Concepcion,13286,huc6,HUC150802,,,,,,,,0,0,,,,,,,,,Rio De La Concepcion,13286,,,
Salt,13287,huc6,HUC150601,,,,,,,,0,0,,,,,,,,,Salt,13287,,,
Santa Cruz,13288,huc6,HUC150503,,,,,,,,0,0,,,,,,,,,Santa Cruz,13288,,,
Lower Gila,13289,huc6,HUC150702,,,,,,,,0,0,,,,,,,,,Lower Gila,13289,,,
Bill Williams,13290,huc6,HUC150302,,,,,,,,0,0,,,,,,,,,Bill Williams,13290,,,
Verde,13291,huc6,HUC150602,,,,,,,,0,0,,,,,,,,,Verde,13291,,,
Lower Colorado,13292,huc6,HUC150301,,,,,,,,0,0,,,,,,,,,Lower Colorado,13292,,,
Upper Gila,13293,huc6,HUC150400,,,,,,,,0,0,,,,,,,,,Upper Gila,13293,,,
Rio De Bavispe,13294,huc6,HUC150803,,,,,,,,0,0,,,,,,,,,Rio De Bavispe,13294,,,
Lower Gila-Agua Fria,13295,huc6,HUC150701,,,,,,,,0,0,,,,,,,,,Lower Gila-Agua Fria,13295,,,
Little Colorado,13296,huc6,HUC150200,,,,,,,,0,0,,,,,,,,,Little Colorado,13296,,,
Lower Colorado-Lake Mead,13297,huc6,HUC150100,,,,,,,,0,0,,,,,,,,,Lower Colorado-Lake Mead,13297,,,
Middle Gila,13298,huc6,HUC150501,,,,,,,,0,0,,,,,,,,,Middle Gila,13298,,,
San Pedro-Willcox,13299,huc6,HUC150502,,,,,,,,0,0,,,,,,,,,San Pedro-Willcox,13299,,,
Rio Sonoyta,13300,huc6,HUC150801,,,,,,,,0,0,,,,,,,,,Rio Sonoyta,13300,,,
Humboldt,13301,huc6,HUC160401,,,,,,,,0,0,,,,,,,,,Humboldt,13301,,,
Walker,13302,huc6,HUC160503,,,,,,,,0,0,,,,,,,,,Walker,13302,,,
Black Rock Desert,13303,huc6,HUC160402,,,,,,,,0,0,,,,,,,,,Black Rock Desert,13303,,,
Jordan,13304,huc6,HUC160202,,,,,,,,0,0,,,,,,,,,Jordan,13304,,,
Carson,13305,huc6,HUC160502,,,,,,,,0,0,,,,,,,,,Carson,13305,,,
Great Salt Lake,13306,huc6,HUC160203,,,,,,,,0,0,,,,,,,,,Great Salt Lake,13306,,,
Central Nevada Desert Basins,13307,huc6,HUC160600,,,,,,,,0,0,,,,,,,,,Central Nevada Desert Basins,13307,,,
Escalante Desert-Sevier Lake,13308,huc6,HUC160300,,,,,,,,0,0,,,,,,,,,Escalante Desert-Sevier Lake,13308,,,
Truckee,13309,huc6,HUC160501,,,,,,,,0,0,,,,,,,,,Truckee,13309,,,
Upper Bear,13310,huc6,HUC160101,,,,,,,,0,0,,,,,,,,,Upper Bear,13310,,,
Lower Bear,13311,huc6,HUC160102,,,,,,,,0,0,,,,,,,,,Lower Bear,13311,,,
Weber,13312,huc6,HUC160201,,,,,,,,0,0,,,,,,,,,Weber,13312,,,
Middle Snake-Powder,13313,huc6,HUC170502,,,,,,,,0,0,,,,,,,,,Middle Snake-Powder,13313,,,
Northern Oregon Coastal,13314,huc6,HUC171002,,,,,,,,0,0,,,,,,,,,Northern Oregon Coastal,13314,,,
Washington Coastal,13315,huc6,HUC171001,,,,,,,,0,0,,,,,,,,,Washington Coastal,13315,,,
Middle Columbia,13316,huc6,HUC170701,,,,,,,,0,0,,,,,,,,,Middle Columbia,13316,,,
Spokane,13317,huc6,HUC170103,,,,,,,,0,0,,,,,,,,,Spokane,13317,,,
Deschutes,13318,huc6,HUC170703,,,,,,,,0,0,,,,,,,,,Deschutes,13318,,,
Puget Sound,13319,huc6,HUC171100,,,,,,,,0,0,,,,,,,,,Puget Sound,13319,,,
Lower Columbia,13320,huc6,HUC170800,,,,,,,,0,0,,,,,,,,,Lower Columbia,13320,,,
John Day,13321,huc6,HUC170702,,,,,,,,0,0,,,,,,,,,John Day,13321,,,
Salmon,13322,huc6,HUC170602,,,,,,,,0,0,,,,,,,,,Salmon,13322,,,
Clearwater,13323,huc6,HUC170603,,,,,,,,0,0,,,,,,,,,Clearwater,13323,,,
Middle Snake-Boise,13324,huc6,HUC170501,,,,,,,,0,0,,,,,,,,,Middle Snake-Boise,13324,,,
Southern Oregon Coastal,13325,huc6,HUC171003,,,,,,,,0,0,,,,,,,,,Southern Oregon Coastal,13325,,,
Kootenai,13326,huc6,HUC170101,,,,,,,,0,0,,,,,,,,,Kootenai,13326,,,
Oregon Closed Basins,13327,huc6,HUC171200,,,,,,,,0,0,,,,,,,,,Oregon Closed Basins,13327,,,
Upper Snake,13328,huc6,HUC170402,,,,,,,,0,0,,,,,,,,,Upper Snake,13328,,,
Snake Headwaters,13329,huc6,HUC170401,,,,,,,,0,0,,,,,,,,,Snake Headwaters,13329,,,
Willamette,13330,huc6,HUC170900,,,,,,,,0,0,,,,,,,,,Willamette,13330,,,
Lower Snake,13331,huc6,HUC170601,,,,,,,,0,0,,,,,,,,,Lower Snake,13331,,,
Upper Columbia,13332,huc6,HUC170200,,,,,,,,0,0,,,,,,,,,Upper Columbia,13332,,,
Pend Oreille,13333,huc6,HUC170102,,,,,,,,0,0,,,,,,,,,Pend Oreille,13333,,,
Yakima,13334,huc6,HUC170300,,,,,,,,0,0,,,,,,,,,Yakima,13334,,,
Mono-Owens Lakes,13335,huc6,HUC180901,,,,,,,,0,0,,,,,,,,,Mono-Owens Lakes,13335,,,
Central California Coastal,13336,huc6,HUC180600,,,,,,,,0,0,,,,,,,,,Central California Coastal,13336,,,
Lower Sacramento,13337,huc6,HUC180201,,,,,,,,0,0,,,,,,,,,Lower Sacramento,13337,,,
Upper Sacramento,13338,huc6,HUC180200,,,,,,,,0,0,,,,,,,,,Upper Sacramento,13338,,,
North Lahontan,13339,huc6,HUC180800,,,,,,,,0,0,,,,,,,,,North Lahontan,13339,,,
Tulare-Buena Vista Lakes,13340,huc6,HUC180300,,,,,,,,0,0,,,,,,,,,Tulare-Buena Vista Lakes,13340,,,
San Joaquin,13341,huc6,HUC180400,,,,,,,,0,0,,,,,,,,,San Joaquin,13341,,,
Santa Ana,13342,huc6,HUC180702,,,,,,,,0,0,,,,,,,,,Santa Ana,13342,,,
Salton Sea,13343,huc6,HUC181002,,,,,,,,0,0,,,,,,,,,Salton Sea,13343,,,
Laguna-San Diego Coastal,13344,huc6,HUC180703,,,,,,,,0,0,,,,,,,,,Laguna-San Diego Coastal,13344,,,
Northern California Coastal,13345,huc6,HUC180101,,,,,,,,0,0,,,,,,,,,Northern California Coastal,13345,,,
Klamath,13346,huc6,HUC180102,,,,,,,,0,0,,,,,,,,,Klamath,13346,,,
Northern Mojave,13347,huc6,HUC180902,,,,,,,,0,0,,,,,,,,,Northern Mojave,13347,,,
Ventura-San Gabriel Coastal,13348,huc6,HUC180701,,,,,,,,0,0,,,,,,,,,Ventura-San Gabriel Coastal,13348,,,
San Francisco Bay,13349,huc6,HUC180500,,,,,,,,0,0,,,,,,,,,San Francisco Bay,13349,,,
Southern Mojave,13350,huc6,HUC181001,,,,,,,,0,0,,,,,,,,,Southern Mojave,13350,,,
Copper River,13351,huc6,HUC190201,,,USAlaska,1,,,,1,0,,,,,,,,,Copper River,13351,,,
Susitna River,13352,huc6,HUC190205,,,USAlaska,1,,,,1,0,,,,,,,,,Susitna River,13352,,,
Gulf of Alaska,13353,huc6,HUC190104,,,USAlaska,1,,,,1,0,,,,,,,,,Gulf of Alaska,13353,,,
White River-Yukon River,13354,huc6,HUC190704,,,USAlaska,1,,,,1,0,,,,,,,,,White River-Yukon River,13354,,,
Kobuk-Selawik Rivers,13355,huc6,HUC190503,,,USAlaska,1,,,,2,0,,,,,,,,,Kobuk-Selawik Rivers,13355,,,
Northern Southeast Alaska,13356,huc6,HUC190103,,,USAlaska,1,,,,1,0,,,,,,,,,Northern Southeast Alaska,13356,,,
Southern Southeast Alaska,13357,huc6,HUC190101,,,USAlaska,1,,,,1,0,,,,,,,,,Southern Southeast Alaska,13357,,,
Knik Arm,13358,huc6,HUC190204,,,USAlaska,1,,,,1,0,,,,,,,,,Knik Arm,13358,,,
Fortymile River-Yukon River,13359,huc6,HUC190705,,,USAlaska,1,,,,1,0,,,,,,,,,Fortymile River-Yukon River,13359,,,
Prince William Sound,13360,huc6,HUC190202,,,USAlaska,1,,,,1,0,,,,,,,,,Prince William Sound,13360,,,
Cook Inlet,13361,huc6,HUC190208,,,USAlaska,1,,,,1,0,,,,,,,,,Cook Inlet,13361,,,
Western Cook Inlet,13362,huc6,HUC190206,,,USAlaska,1,,,,1,0,,,,,,,,,Western Cook Inlet,13362,,,
Eastern Arctic,13363,huc6,HUC190605,,,USAlaska,1,,,,1,0,,,,,,,,,Eastern Arctic,13363,,,
Aleutian Islands,13364,huc6,HUC190301,,,USAlaska,1,,,,1,0,,,,,,,,,Aleutian Islands,13364,,,
Barrow Alaska,13365,huc6,HUC190602,,,USAlaska,1,,,,1,0,,,,,,,,,Barrow Alaska,13365,,,
Icy Strait-Chatham Strait,13366,huc6,HUC190105,,,USAlaska,1,,,,1,0,,,,,,,,,Icy Strait-Chatham Strait,13366,,,
Outlet Yukon River,13367,huc6,HUC190903,,,USAlaska,1,,,,1,0,,,,,,,,,Outlet Yukon River,13367,,,
Norton Sound,13368,huc6,HUC190501,,,USAlaska,1,,,,2,0,,,,,,,,,Norton Sound,13368,,,
Kenai Peninsula,13369,huc6,HUC190203,,,USAlaska,1,,,,1,0,,,,,,,,,Kenai Peninsula,13369,,,
Porcupine River,13370,huc6,HUC190801,,,USAlaska,1,,,,1,0,,,,,,,,,Porcupine River,13370,,,
Western Arctic,13371,huc6,HUC190601,,,USAlaska,1,,,,1,0,,,,,,,,,Western Arctic,13371,,,
Upper Kuskokwim River,13372,huc6,HUC190304,,,USAlaska,1,,,,1,0,,,,,,,,,Upper Kuskokwim River,13372,,,
Beaver Creek-Yukon River,13373,huc6,HUC190804,,,USAlaska,1,,,,1,0,,,,,,,,,Beaver Creek-Yukon River,13373,,,
Tanana River,13374,huc6,HUC190803,,,USAlaska,1,,,,1,0,,,,,,,,,Tanana River,13374,,,
Melozitna River-Yukon River,13375,huc6,HUC190902,,,USAlaska,1,,,,1,0,,,,,,,,,Melozitna River-Yukon River,13375,,,
Lower Kuskokwim River,13376,huc6,HUC190305,,,USAlaska,1,,,,1,0,,,,,,,,,Lower Kuskokwim River,13376,,,
Noatak River-Lisburne Peninsula,13377,huc6,HUC190504,,,USAlaska,1,,,,1,0,,,,,,,,,Noatak River-Lisburne Peninsula,13377,,,
Kodiak-Shelikof,13378,huc6,HUC190207,,,USAlaska,1,,,,1,0,,,,,,,,,Kodiak-Shelikof,13378,,,
Northern Seward Peninsula,13379,huc6,HUC190502,,,USAlaska,1,,,,1,0,,,,,,,,,Northern Seward Peninsula,13379,,,
Colville River,13380,huc6,HUC190603,,,USAlaska,1,,,,1,0,,,,,,,,,Colville River,13380,,,
Kvichak-Port Heiden,13381,huc6,HUC190302,,,USAlaska,1,,,,1,0,,,,,,,,,Kvichak-Port Heiden,13381,,,
Prudhoe Bay,13382,huc6,HUC190604,,,USAlaska,1,,,,1,0,,,,,,,,,Prudhoe Bay,13382,,,
Koyukuk River,13383,huc6,HUC190901,,,USAlaska,1,,,,1,0,,,,,,,,,Koyukuk River,13383,,,
Central Southeast Alaska,13384,huc6,HUC190102,,,USAlaska,1,,,,1,0,,,,,,,,,Central Southeast Alaska,13384,,,
Headwaters Yukon River,13385,huc6,HUC190701,,,USAlaska,1,,,,1,0,,,,,,,,,Headwaters Yukon River,13385,,,
Kotzebue Sound,13386,huc6,HUC190505,,,USAlaska,1,,,,1,0,,,,,,,,,Kotzebue Sound,13386,,,
Nushagak River,13387,huc6,HUC190303,,,USAlaska,1,,,,1,0,,,,,,,,,Nushagak River,13387,,,
Chandalar-Christian River,13388,huc6,HUC190802,,,USAlaska,1,,,,1,0,,,,,,,,,Chandalar-Christian River,13388,,,
Hawaii,13389,huc6,HUC200100,,,,,,,,0,0,,,,,,,,,Hawaii,13389,,,
Maui,13390,huc6,HUC200200,,,,,,,,0,0,,,,,,,,,Maui,13390,,,
Kahoolawe,13391,huc6,HUC200300,,,,,,,,0,0,,,,,,,,,Kahoolawe,13391,,,
Niihau,13392,huc6,HUC200800,,,,,,,,0,0,,,,,,,,,Niihau,13392,,,
Lanai,13393,huc6,HUC200400,,,,,,,,0,0,,,,,,,,,Lanai,13393,,,
Molokai,13394,huc6,HUC200500,,,,,,,,0,0,,,,,,,,,Molokai,13394,,,
Oahu,13395,huc6,HUC200600,,,,,,,,0,0,,,,,,,,,Oahu,13395,,,
Kauai,13396,huc6,HUC200700,,,,,,,,0,0,,,,,,,,,Kauai,13396,,,
Northwestern Hawaiian Islands,13397,huc6,HUC200900,,,,,,,,0,0,,,,,,,,,Northwestern Hawaiian Islands,13397,,,
Puerto Rico,13398,huc6,HUC210100,,,,,,,,0,0,,,,,,,,,Puerto Rico,13398,,,
Virgin Islands,13399,huc6,HUC210200,,,,,,,,0,0,,,,,,,,,Virgin Islands,13399,,,
American Samoa,13400,huc6,HUC220300,,,,,,,,0,0,,,,,,,,,American Samoa,13400,,,
United States Minor Outlying Islands,13401,huc6,HUC220400,,,,,,,,0,0,,,,,,,,,United States Minor Outlying Islands,13401,,,
Northern Islands Municipality,13402,huc6,HUC220202,,,,,,,,0,0,,,,,,,,,Northern Islands Municipality,13402,,,
Rota Island-Tinian Island-Saipan Island,13403,huc6,HUC220201,,,,,,,,0,0,,,,,,,,,Rota Island-Tinian Island-Saipan Island,13403,,,
Guam,13404,huc6,HUC220100,,,,,,,,0,0,,,,,,,,,Guam,13404,,,
,,,,,,,,,,,,,,,,,,,,,,,,,
,15000,hydro3,HYD111,,,,,,,,0,0,,Africa,,,,,,,,15000,,,
,15001,hydro3,HYD112,,,,,,,,0,0,,Africa,,,,,,,,15001,,,
,15002,hydro3,HYD113,,,,,,,,0,0,,Africa,,,,,,,,15002,,,
,15003,hydro3,HYD114,,,,,,,,0,0,,Africa,,,,,,,,15003,,,
,15004,hydro3,HYD115,,,,,,,,0,0,,Africa,,,,,,,,15004,,,
,15005,hydro3,HYD116,,,,,,,,0,0,,Africa,,,,,,,,15005,,,
,15006,hydro3,HYD117,,,,,,,,0,0,,Africa,,,,,,,,15006,,,
,15007,hydro3,HYD121,,,,,,,,0,0,,Africa,,,,,,,,15007,,,
,15008,hydro3,HYD122,,,,,,,,0,0,,Africa,,,,,,,,15008,,,
,15009,hydro3,HYD123,,,,,,,,0,0,,Africa,,,,,,,,15009,,,
,15010,hydro3,HYD124,,,,,,,,0,0,,Africa,,,,,,,,15010,,,
,15011,hydro3,HYD125,,,,,,,,0,0,,Africa,,,,,,,,15011,,,
,15012,hydro3,HYD126,,,,,,,,0,0,,Africa,,,,,,,,15012,,,
,15013,hydro3,HYD127,,,,,,,,0,0,,Africa,,,,,,,,15013,,,
,15014,hydro3,HYD128,,,,,,,,0,0,,Africa,,,,,,,,15014,,,
,15015,hydro3,HYD129,,,,,,,,0,0,,Africa,,,,,,,,15015,,,
,15016,hydro3,HYD131,,,,,,,,0,0,,Africa,,,,,,,,15016,,,
,15017,hydro3,HYD132,,,,,,,,0,0,,Africa,,,,,,,,15017,,,
,15018,hydro3,HYD133,,,,,,,,0,0,,Africa,,,,,,,,15018,,,
,15019,hydro3,HYD134,,,,,,,,0,0,,Africa,,,,,,,,15019,,,
,15020,hydro3,HYD141,,,,,,,,0,0,,Africa,,,,,,,,15020,,,
,15021,hydro3,HYD142,,,,,,,,0,0,,Africa,,,,,,,,15021,,,
,15022,hydro3,HYD143,,,,,,,,0,0,,Africa,,,,,,,,15022,,,
,15023,hydro3,HYD144,,,,,,,,0,0,,Africa,,,,,,,,15023,,,
,15024,hydro3,HYD145,,,,,,,,0,0,,Africa,,,,,,,,15024,,,
,15025,hydro3,HYD146,,,,,,,,0,0,,Africa,,,,,,,,15025,,,
,15026,hydro3,HYD147,,,,,,,,0,0,,Africa,,,,,,,,15026,,,
,15027,hydro3,HYD151,,,,,,,,0,0,,Africa,,,,,,,,15027,,,
,15028,hydro3,HYD152,,,,,,,,0,0,,Africa,,,,,,,,15028,,,
,15029,hydro3,HYD153,,,,,,,,0,0,,Africa,,,,,,,,15029,,,
,15030,hydro3,HYD154,,,,,,,,0,0,,Africa,,,,,,,,15030,,,
,15031,hydro3,HYD155,,,,,,,,0,0,,Africa,,,,,,,,15031,,,
,15032,hydro3,HYD156,,,,,,,,0,0,,Africa,,,,,,,,15032,,,
,15033,hydro3,HYD157,,,,,,,,0,0,,Africa,,,,,,,,15033,,,
,15034,hydro3,HYD158,,,,,,,,0,0,,Africa,,,,,,,,15034,,,
,15035,hydro3,HYD159,,,,,,,,0,0,,Africa,,,,,,,,15035,,,
,15036,hydro3,HYD161,,,,,,,,0,0,,Africa,,,,,,,,15036,,,
,15037,hydro3,HYD162,,,,,,,,0,0,,Africa,,,,,,,,15037,,,
,15038,hydro3,HYD171,,,,,,,,0,0,,Africa,,,,,,,,15038,,,
,15039,hydro3,HYD172,,,,,,,,0,0,,Africa,,,,,,,,15039,,,
,15040,hydro3,HYD173,,,,,,,,0,0,,Africa,,,,,,,,15040,,,
,15041,hydro3,HYD181,,,,,,,,0,0,,Africa,,,,,,,,15041,,,
,15042,hydro3,HYD182,,,,,,,,0,0,,Africa,,,,,,,,15042,,,
,15043,hydro3,HYD183,,,,,,,,0,0,,Africa,,,,,,,,15043,,,
,15044,hydro3,HYD184,,,,,,,,0,0,,Africa,,,,,,,,15044,,,
,15045,hydro3,HYD185,,,,,,,,0,0,,Africa,,,,,,,,15045,,,
,15046,hydro3,HYD186,,,,,,,,0,0,,Africa,,,,,,,,15046,,,
,15047,hydro3,HYD187,,,,,,,,0,0,,Africa,,,,,,,,15047,,,
,15048,hydro3,HYD188,,,,,,,,0,0,,Africa,,,,,,,,15048,,,
,15049,hydro3,HYD211,,,,,,,,0,0,,Australasia,,,,,,,,15049,,,
,15050,hydro3,HYD212,,,,,,,,0,0,,Europe,,,,,,,,15050,,,
,15051,hydro3,HYD213,,,,,,,,0,0,,Europe,,,,,,,,15051,,,
,15052,hydro3,HYD214,,,,,,,,0,0,,Europe,,,,,,,,15052,,,
,15053,hydro3,HYD215,,,,,,,,0,0,,Europe,,,,,,,,15053,,,
,15054,hydro3,HYD216,,,,,,,,0,0,,Europe,,,,,,,,15054,,,
,15055,hydro3,HYD217,,,,,,,,0,0,,Europe,,,,,,,,15055,,,
,15056,hydro3,HYD218,,,,,,,,0,0,,Europe,,,,,,,,15056,,,
,15057,hydro3,HYD219,,,,,,,,0,0,,Europe,,,,,,,,15057,,,
,15058,hydro3,HYD221,,,,,,,,0,0,,Europe,,,,,,,,15058,,,
,15059,hydro3,HYD222,,,,,,,,0,0,,Europe,,,,,,,,15059,,,
,15060,hydro3,HYD223,,,,,,,,0,0,,Europe,,,,,,,,15060,,,
,15061,hydro3,HYD224,,,,,,,,0,0,,Europe,,,,,,,,15061,,,
,15062,hydro3,HYD225,,,,,,,,0,0,,Europe,,,,,,,,15062,,,
,15063,hydro3,HYD226,,,,,,,,0,0,,Europe,,,,,,,,15063,,,
,15064,hydro3,HYD227,,,,,,,,0,0,,Europe,,,,,,,,15064,,,
,15065,hydro3,HYD228,,,,,,,,0,0,,Europe,,,,,,,,15065,,,
Tagus - Guadalquivir,15066,hydro3,HYD231,,,,,,,,0,0,,Europe,,,,,,,Tagus - Guadalquivir,15066,,,
Loire - Rhine,15067,hydro3,HYD232,,,,,,,,0,0,,Europe,,,,,,,Loire - Rhine,15067,,,
,15068,hydro3,HYD233,,,,,,,,0,0,,Europe,,,,,,,,15068,,,
,15069,hydro3,HYD234,,,,,,,,0,0,,Europe,,,,,,,,15069,,,
,15070,hydro3,HYD235,,,,,,,,0,0,,Europe,,,,,,,,15070,,,
,15071,hydro3,HYD236,,,,,,,,0,0,,Europe,,,,,,,,15071,,,
,15072,hydro3,HYD237,,,,,,,,0,0,,Europe,,,,,,,,15072,,,
,15073,hydro3,HYD241,,,,,,,,0,0,,Europe,,,,,,,,15073,,,
,15074,hydro3,HYD242,,,,,,,,0,0,,Europe,,,,,,,,15074,,,
,15075,hydro3,HYD243,,,,,,,,0,0,,Europe,,,,,,,,15075,,,
,15076,hydro3,HYD244,,,,,,,,0,0,,Europe,,,,,,,,15076,,,
,15077,hydro3,HYD245,,,,,,,,0,0,,Europe,,,,,,,,15077,,,
,15078,hydro3,HYD251,,,,,,,,0,0,,Europe,,,,,,,,15078,,,
,15079,hydro3,HYD252,,,,,,,,0,0,,Europe,,,,,,,,15079,,,
,15080,hydro3,HYD253,,,,,,,,0,0,,Europe,,,,,,,,15080,,,
,15081,hydro3,HYD261,,,,,,,,0,0,,Europe,,,,,,,,15081,,,
,15082,hydro3,HYD262,,,,,,,,0,0,,Europe,,,,,,,,15082,,,
,15083,hydro3,HYD263,,,,,,,,0,0,,Europe,,,,,,,,15083,,,
,15084,hydro3,HYD271,,,,,,,,0,0,,Europe,,,,,,,,15084,,,
,15085,hydro3,HYD272,,,,,,,,0,0,,Europe,,,,,,,,15085,,,
,15086,hydro3,HYD281,,,ASHimalaya,2,,,,1,0,,Europe,,,,,,,,15086,,,
,15087,hydro3,HYD282,,,,,,,,0,0,,Europe,,,,,,,,15087,,,
,15088,hydro3,HYD283,,,,,,,,0,0,,Europe,,,,,,,,15088,,,
,15089,hydro3,HYD284,,,,,,,,0,0,,Europe,,,,,,,,15089,,,
,15090,hydro3,HYD285,,,,,,,,0,0,,Europe,,,,,,,,15090,,,
,15091,hydro3,HYD291,,,ASHimalaya,2,,,,1,0,,Europe,,,,,,,,15091,,,
,15092,hydro3,HYD292,,,ASHimalaya,2,,,,1,0,,Europe,,,,,,,,15092,,,
,15093,hydro3,HYD293,,,,,,,,0,0,,Europe,,,,,,,,15093,,,
,15094,hydro3,HYD294,,,,,,,,0,0,,Europe,,,,,,,,15094,,,
,15095,hydro3,HYD295,,,,,,,,0,0,,Europe,,,,,,,,15095,,,
,15096,hydro3,HYD296,,,,,,,,0,0,,Europe,,,,,,,,15096,,,
,15097,hydro3,HYD297,,,,,,,,0,0,,Europe,,,,,,,,15097,,,
,15098,hydro3,HYD298,,,,,,,,0,0,,Europe,,,,,,,,15098,,,
,15099,hydro3,HYD299,,,,,,,,0,0,,Europe,,,,,,,,15099,,,
,15100,hydro3,HYD311,,,,,,,,0,0,,Siberia,,,,,,,,15100,,,
,15101,hydro3,HYD312,,,,,,,,0,0,,Siberia,,,,,,,,15101,,,
,15102,hydro3,HYD313,,,,,,,,0,0,,Siberia,,,,,,,,15102,,,
,15103,hydro3,HYD321,,,,,,,,0,0,,Siberia,,,,,,,,15103,,,
,15104,hydro3,HYD322,,,,,,,,0,0,,Siberia,,,,,,,,15104,,,
,15105,hydro3,HYD323,,,,,,,,0,0,,Siberia,,,,,,,,15105,,,
,15106,hydro3,HYD331,,,,,,,,0,0,,Siberia,,,,,,,,15106,,,
,15107,hydro3,HYD332,,,,,,,,0,0,,Siberia,,,,,,,,15107,,,
,15108,hydro3,HYD341,,,,,,,,0,0,,Siberia,,,,,,,,15108,,,
,15109,hydro3,HYD342,,,,,,,,0,0,,Siberia,,,,,,,,15109,,,
,15110,hydro3,HYD343,,,,,,,,0,0,,Siberia,,,,,,,,15110,,,
,15111,hydro3,HYD351,,,,,,,,0,0,,Siberia,,,,,,,,15111,,,
,15112,hydro3,HYD352,,,,,,,,0,0,,Siberia,,,,,,,,15112,,,
,15113,hydro3,HYD353,,,,,,,,0,0,,Siberia,,,,,,,,15113,,,
,15114,hydro3,HYD353,,,,,,,,0,0,,Arctic,,,,,,,,15114,,,
,15115,hydro3,HYD354,,,,,,,,0,0,,Siberia,,,,,,,,15115,,,
,15116,hydro3,HYD355,,,,,,,,0,0,,Siberia,,,,,,,,15116,,,
,15117,hydro3,HYD356,,,,,,,,0,0,,Siberia,,,,,,,,15117,,,
,15118,hydro3,HYD361,,,ASHimalaya,2,,,,1,0,,Siberia,,,,,,,,15118,,,
,15119,hydro3,HYD411,,,,,,,,0,0,,Asia,,,,,,,,15119,,,
,15120,hydro3,HYD412,,,,,,,,0,0,,Asia,,,,,,,,15120,,,
,15121,hydro3,HYD413,,,,,,,,0,0,,Asia,,,,,,,,15121,,,
,15122,hydro3,HYD414,,,,,,,,0,0,,Asia,,,,,,,,15122,,,
,15123,hydro3,HYD415,,,,,,,,0,0,,Asia,,,,,,,,15123,,,
,15124,hydro3,HYD421,,,,,,,,0,0,,Asia,,,,,,,,15124,,,
,15125,hydro3,HYD422,,,,,,,,0,0,,Asia,,,,,,,,15125,,,
,15126,hydro3,HYD423,,,,,,,,0,0,,Asia,,,,,,,,15126,,,
,15127,hydro3,HYD424,,,,,,,,0,0,,Asia,,,,,,,,15127,,,
,15128,hydro3,HYD431,,,,,,,,0,0,,Asia,,,,,,,,15128,,,
,15129,hydro3,HYD432,,,,,,,,0,0,,Asia,,,,,,,,15129,,,
,15130,hydro3,HYD433,,,,,,,,0,0,,Asia,,,,,,,,15130,,,
,15131,hydro3,HYD434,,,,,,,,0,0,,Asia,,,,,,,,15131,,,
,15132,hydro3,HYD435,,,,,,,,0,0,,Asia,,,,,,,,15132,,,
,15133,hydro3,HYD436,,,,,,,,0,0,,Asia,,,,,,,,15133,,,
,15134,hydro3,HYD437,,,,,,,,0,0,,Asia,,,,,,,,15134,,,
,15135,hydro3,HYD438,,,,,,,,0,0,,Asia,,,,,,,,15135,,,
,15136,hydro3,HYD439,,,,,,,,0,0,,Asia,,,,,,,,15136,,,
,15137,hydro3,HYD441,,,,,,,,0,0,,Asia,,,,,,,,15137,,,
Za qhu - Mekong,15138,hydro3,HYD442,,,,,,,,0,0,,Asia,,,,,,,Za qhu - Mekong,15138,,,
,15139,hydro3,HYD443,,,,,,,,0,0,,Asia,,,,,,,,15139,,,
,15140,hydro3,HYD444,,,,,,,,0,0,,Asia,,,,,,,,15140,,,
Nu jiang - Irrawady,15141,hydro3,HYD445,,,,,,,,0,0,,Asia,,,,,,,Nu jiang - Irrawady,15141,,,
,15142,hydro3,HYD446,,,,,,,,0,0,,Asia,,,,,,,,15142,,,
,15143,hydro3,HYD451,,,,,,,,0,0,,Asia,,,,,,,,15143,,,
Ganga Brahmaputra,15144,hydro3,HYD452,,,ASHimalaya,2,,,,1,0,,Asia,,,,,,,Ganga Brahmaputra,15144,,,
,15145,hydro3,HYD453,,,,,,,,0,0,,Asia,,,,,,,,15145,,,
,15146,hydro3,HYD454,,,,,,,,0,0,,Asia,,,,,,,,15146,,,
,15147,hydro3,HYD455,,,,,,,,0,0,,Asia,,,,,,,,15147,,,
Indus,15148,hydro3,HYD456,,,ASHimalaya,2,,,,1,0,,Asia,,,,,,,Indus,15148,,,
,15149,hydro3,HYD457,,,,,,,,0,0,,Asia,,,,,,,,15149,,,
,15150,hydro3,HYD458,,,,,,,,0,0,,Asia,,,,,,,,15150,,,
,15151,hydro3,HYD461,,,ASHimalaya,2,,,,1,0,,Asia,,,,,,,,15151,,,
,15152,hydro3,HYD462,,,ASHimalaya,2,,,,1,0,,Asia,,,,,,,,15152,,,
,15153,hydro3,HYD463,,,ASHimalaya,2,,,,1,0,,Asia,,,,,,,,15153,,,
,15154,hydro3,HYD471,,,ASHimalaya,2,,,,1,0,,Asia,,,,,,,,15154,,,
,15155,hydro3,HYD472,,,,,,,,0,0,,Asia,,,,,,,,15155,,,
,15156,hydro3,HYD473,,,,,,,,0,0,,Asia,,,,,,,,15156,,,
,15157,hydro3,HYD474,,,,,,,,0,0,,Asia,,,,,,,,15157,,,
,15158,hydro3,HYD475,,,,,,,,0,0,,Asia,,,,,,,,15158,,,
,15159,hydro3,HYD481,,,ASHimalaya,2,,,,1,0,,Asia,,,,,,,,15159,,,
,15160,hydro3,HYD482,,,ASHimalaya,2,,,,1,0,,Asia,,,,,,,,15160,,,
,15161,hydro3,HYD483,,,ASHimalaya,2,,,,1,0,,Asia,,,,,,,,15161,,,
South Tibet (Xinjian),15162,hydro3,HYD491,,,ASHimalaya,2,,,,1,0,,Asia,,,,,,,South Tibet (Xinjian),15162,,,
,15163,hydro3,HYD492,,,ASHimalaya,2,,,,1,0,,Asia,,,,,,,,15163,,,
,15164,hydro3,HYD511,,,,,,,,0,0,,Australasia,,,,,,,,15164,,,
,15165,hydro3,HYD512,,,,,,,,0,0,,Australasia,,,,,,,,15165,,,
,15166,hydro3,HYD513,,,,,,,,0,0,,Australasia,,,,,,,,15166,,,
,15167,hydro3,HYD514,,,,,,,,0,0,,Australasia,,,,,,,,15167,,,
,15168,hydro3,HYD515,,,,,,,,0,0,,Australasia,,,,,,,,15168,,,
,15169,hydro3,HYD516,,,,,,,,0,0,,Australasia,,,,,,,,15169,,,
,15170,hydro3,HYD517,,,,,,,,0,0,,Australasia,,,,,,,,15170,,,
,15171,hydro3,HYD521,,,,,,,,0,0,,Australasia,,,,,,,,15171,,,
,15172,hydro3,HYD522,,,,,,,,0,0,,Australasia,,,,,,,,15172,,,
,15173,hydro3,HYD523,,,,,,,,0,0,,Australasia,,,,,,,,15173,,,
,15174,hydro3,HYD524,,,,,,,,0,0,,Australasia,,,,,,,,15174,,,
,15175,hydro3,HYD525,,,,,,,,0,0,,Australasia,,,,,,,,15175,,,
,15176,hydro3,HYD526,,,,,,,,0,0,,Australasia,,,,,,,,15176,,,
,15177,hydro3,HYD531,,,,,,,,0,0,,Australasia,,,,,,,,15177,,,
,15178,hydro3,HYD532,,,,,,,,0,0,,Australasia,,,,,,,,15178,,,
,15179,hydro3,HYD533,,,,,,,,0,0,,Australasia,,,,,,,,15179,,,
,15180,hydro3,HYD534,,,,,,,,0,0,,Australasia,,,,,,,,15180,,,
,15181,hydro3,HYD535,,,,,,,,0,0,,Australasia,,,,,,,,15181,,,
,15182,hydro3,HYD536,,,,,,,,0,0,,Australasia,,,,,,,,15182,,,
,15183,hydro3,HYD537,,,,,,,,0,0,,Australasia,,,,,,,,15183,,,
,15184,hydro3,HYD538,,,,,,,,0,0,,Australasia,,,,,,,,15184,,,
,15185,hydro3,HYD541,,,,,,,,0,0,,Australasia,,,,,,,,15185,,,
,15186,hydro3,HYD542,,,,,,,,0,0,,Australasia,,,,,,,,15186,,,
,15187,hydro3,HYD543,,,,,,,,0,0,,Australasia,,,,,,,,15187,,,
,15188,hydro3,HYD544,,,,,,,,0,0,,Australasia,,,,,,,,15188,,,
,15189,hydro3,HYD545,,,,,,,,0,0,,Australasia,,,,,,,,15189,,,
,15190,hydro3,HYD551,,,,,,,,0,0,,Australasia,,,,,,,,15190,,,
,15191,hydro3,HYD552,,,,,,,,0,0,,Australasia,,,,,,,,15191,,,
,15192,hydro3,HYD553,,,,,,,,0,0,,Australasia,,,,,,,,15192,,,
,15193,hydro3,HYD554,,,,,,,,0,0,,Australasia,,,,,,,,15193,,,
,15194,hydro3,HYD555,,,,,,,,0,0,,Australasia,,,,,,,,15194,,,
,15195,hydro3,HYD556,,,,,,,,0,0,,Australasia,,,,,,,,15195,,,
,15196,hydro3,HYD557,,,,,,,,0,0,,Australasia,,,,,,,,15196,,,
,15197,hydro3,HYD561,,,,,,,,0,0,,Australasia,,,,,,,,15197,,,
,15198,hydro3,HYD562,,,,,,,,0,0,,Australasia,,,,,,,,15198,,,
,15199,hydro3,HYD563,,,,,,,,0,0,,Australasia,,,,,,,,15199,,,
,15200,hydro3,HYD564,,,,,,,,0,0,,Australasia,,,,,,,,15200,,,
,15201,hydro3,HYD565,,,,,,,,0,0,,Australasia,,,,,,,,15201,,,
,15202,hydro3,HYD566,,,,,,,,0,0,,Australasia,,,,,,,,15202,,,
,15203,hydro3,HYD567,,,,,,,,0,0,,Australasia,,,,,,,,15203,,,
,15204,hydro3,HYD568,,,,,,,,0,0,,Australasia,,,,,,,,15204,,,
,15205,hydro3,HYD569,,,,,,,,0,0,,Australasia,,,,,,,,15205,,,
,15206,hydro3,HYD571,,,,,,,,0,0,,Australasia,,,,,,,,15206,,,
,15207,hydro3,HYD572,,,,,,,,0,0,,Australasia,,,,,,,,15207,,,
,15208,hydro3,HYD573,,,,,,,,0,0,,Australasia,,,,,,,,15208,,,
,15209,hydro3,HYD574,,,,,,,,0,0,,Australasia,,,,,,,,15209,,,
,15210,hydro3,HYD575,,,,,,,,0,0,,Australasia,,,,,,,,15210,,,
,15211,hydro3,HYD611,,,,,,,,0,0,,South America,,,,,,,,15211,,,
,15212,hydro3,HYD612,,,,,,,,0,0,,South America,,,,,,,,15212,,,
,15213,hydro3,HYD613,,,,,,,,0,0,,South America,,,,,,,,15213,,,
,15214,hydro3,HYD614,,,,,,,,0,0,,South America,,,,,,,,15214,,,
,15215,hydro3,HYD615,,,,,,,,0,0,,South America,,,,,,,,15215,,,
,15216,hydro3,HYD616,,,,,,,,0,0,,South America,,,,,,,,15216,,,
,15217,hydro3,HYD621,,,,,,,,0,0,,South America,,,,,,,,15217,,,
Amazon,15218,hydro3,HYD622,,,,,,,,0,0,,South America,,,,,,,Amazon,15218,,,
,15219,hydro3,HYD623,,,,,,,,0,0,,South America,,,,,,,,15219,,,
,15220,hydro3,HYD624,,,,,,,,0,0,,South America,,,,,,,,15220,,,
,15221,hydro3,HYD625,,,,,,,,0,0,,South America,,,,,,,,15221,,,
,15222,hydro3,HYD631,,,,,,,,0,0,,South America,,,,,,,,15222,,,
,15223,hydro3,HYD632,,,,,,,,0,0,,South America,,,,,,,,15223,,,
,15224,hydro3,HYD633,,,,,,,,0,0,,South America,,,,,,,,15224,,,
,15225,hydro3,HYD634,,,,,,,,0,0,,South America,,,,,,,,15225,,,
,15226,hydro3,HYD635,,,,,,,,0,0,,South America,,,,,,,,15226,,,
,15227,hydro3,HYD641,,,,,,,,0,0,,South America,,,,,,,,15227,,,
Paraguay,15228,hydro3,HYD642,,,,,,,,0,0,,South America,,,,,,,Paraguay,15228,,,
,15229,hydro3,HYD643,,,,,,,,0,0,,South America,,,,,,,,15229,,,
NW Argentina,15230,hydro3,HYD644,,,,,,,,0,0,,South America,,,,,,,NW Argentina,15230,,,
,15231,hydro3,HYD651,,,,,,,,0,0,,South America,,,,,,,,15231,,,
Bermejo - Colorado (Argentina),15232,hydro3,HYD652,,,AMAndes,4,,,,1,0,,South America,,,,,,,Bermejo - Colorado (Argentina),15232,,,
Patagonia,15233,hydro3,HYD653,,,AMAndes,4,,,,1,0,,South America,,,,,,,Patagonia,15233,,,
Falklands - Malvinas,15234,hydro3,HYD654,,,AMAndes,4,,,,1,0,,South America,,,,,,,Falklands - Malvinas,15234,,,
South Chile coast,15235,hydro3,HYD661,,,AMAndes,4,,,,2,0,,South America,,,,,,,South Chile coast,15235,,,
Chile coast,15236,hydro3,HYD662,,,AMAndes,4,,,,1,0,,South America,,,,,,,Chile coast,15236,,,
,15237,hydro3,HYD663,,,,,,,,0,0,,South America,,,,,,,,15237,,,
Bolivian altiplano,15238,hydro3,HYD664,,,AMAndes,4,,,,1,0,,South America,,,,,,,Bolivian altiplano,15238,,,
Peru coast,15239,hydro3,HYD671,,,AMAndes,4,,,,1,0,,South America,,,,,,,Peru coast,15239,,,
Ecuador coast,15240,hydro3,HYD672,,,,,,,,0,0,,South America,,,,,,,Ecuador coast,15240,,,
,15241,hydro3,HYD673,,,,,,,,0,0,,South America,,,,,,,,15241,,,
,15242,hydro3,HYD711,,,,,,,,0,0,,North America,,,,,,,,15242,,,
Saskatchevan,15243,hydro3,HYD712,,,USAlaska,1,,,,1,0,,North America,,,,,,,,15243,,,
,15244,hydro3,HYD713,,,,,,,,0,0,,North America,,,,,,,,15244,,,
,15245,hydro3,HYD721,,,,,,,,0,0,,North America,,,,,,,,15245,,,
,15246,hydro3,HYD722,,,,,,,,0,0,,North America,,,,,,,,15246,,,
,15247,hydro3,HYD723,,,,,,,,0,0,,North America,,,,,,,,15247,,,
,15248,hydro3,HYD724,,,,,,,,0,0,,North America,,,,,,,,15248,,,
,15249,hydro3,HYD725,,,,,,,,0,0,,North America,,,,,,,,15249,,,
,15250,hydro3,HYD726,,,,,,,,0,0,,North America,,,,,,,,15250,,,
,15251,hydro3,HYD731,,,,,,,,0,0,,North America,,,,,,,,15251,,,
,15252,hydro3,HYD732,,,,,,,,0,0,,North America,,,,,,,,15252,,,
,15253,hydro3,HYD741,,,,,,,,0,0,,North America,,,,,,,,15253,,,
,15254,hydro3,HYD742,,,,,,,,0,0,,North America,,,,,,,,15254,,,
,15255,hydro3,HYD743,,,,,,,,0,0,,North America,,,,,,,,15255,,,
,15256,hydro3,HYD751,,,,,,,,0,0,,North America,,,,,,,,15256,,,
,15257,hydro3,HYD752,,,,,,,,0,0,,North America,,,,,,,,15257,,,
,15258,hydro3,HYD753,,,,,,,,0,0,,North America,,,,,,,,15258,,,
,15259,hydro3,HYD761,,,,,,,,0,0,,North America,,,,,,,,15259,,,
,15260,hydro3,HYD762,,,,,,,,0,0,,North America,,,,,,,,15260,,,
,15261,hydro3,HYD763,,,,,,,,0,0,,North America,,,,,,,,15261,,,
,15262,hydro3,HYD764,,,,,,,,0,0,,North America,,,,,,,,15262,,,
,15263,hydro3,HYD765,,,,,,,,0,0,,North America,,,,,,,,15263,,,
,15264,hydro3,HYD771,,,,,,,,0,0,,North America,,,,,,,,15264,,,
,15265,hydro3,HYD772,,,,,,,,0,0,,North America,,,,,,,,15265,,,
,15266,hydro3,HYD773,,,,,,,,0,0,,North America,,,,,,,,15266,,,
,15267,hydro3,HYD774,,,,,,,,0,0,,North America,,,,,,,,15267,,,
,15268,hydro3,HYD781,,,,,,,,0,0,,North America,,,,,,,,15268,,,
Columbia,15269,hydro3,HYD782,,,USAlaska,1,,,,2,0,,North America,,,,,,,,15269,,,
British Columbia,15270,hydro3,HYD783,,,USAlaska,1,,,,1,0,,North America,,,,,,,,15270,,,
,15271,hydro3,HYD811,,,,,,,,0,0,,Arctic,,,,,,,,15271,,,
Yukon,15272,hydro3,HYD812,,,USAlaska,1,,,,1,0,,Arctic,,,,,,,,15272,,,
,15273,hydro3,HYD813,,,,,,,,0,0,,Arctic,,,,,,,,15273,,,
North – West,15274,hydro3,HYD821,,,USAlaska,1,,,,1,0,,Arctic,,,,,,,,15274,,,
Mckenzie,15275,hydro3,HYD822,,,USAlaska,1,,,,1,0,,Arctic,,,,,,,,15275,,,
Anderson – Horton,15276,hydro3,HYD823,,,USAlaska,1,,,,1,0,,Arctic,,,,,,,,15276,,,
Back,15277,hydro3,HYD831,,,USAlaska,1,,,,1,0,,Arctic,,,,,,,,15277,,,
Thelon,15278,hydro3,HYD832,,,USAlaska,1,,,,1,0,,Arctic,,,,,,,,15278,,,
,15279,hydro3,HYD833,,,,,,,,0,0,,Arctic,,,,,,,,15279,,,
,15280,hydro3,HYD841,,,,,,,,0,0,,Arctic,,,,,,,,15280,,,
,15281,hydro3,HYD842,,,,,,,,0,0,,Arctic,,,,,,,,15281,,,
,15282,hydro3,HYD843,,,,,,,,0,0,,Arctic,,,,,,,,15282,,,
,15283,hydro3,HYD844,,,,,,,,0,0,,Arctic,,,,,,,,15283,,,
,15284,hydro3,HYD851,,,,,,,,0,0,,Arctic,,,,,,,,15284,,,
,15285,hydro3,HYD852,,,,,,,,0,0,,Arctic,,,,,,,,15285,,,
,15286,hydro3,HYD861,,,,,,,,0,0,,Arctic,,,,,,,,15286,,,
,15287,hydro3,HYD862,,,,,,,,0,0,,Arctic,,,,,,,,15287,,,
,15288,hydro3,HYD863,,,,,,,,0,0,,Arctic,,,,,,,,15288,,,
Greenland east,15289,hydro3,HYD911,,,,,,,,0,0,,Greenland,,,,,,,Greenland east,15289,,,
Greenland south,15290,hydro3,HYD912,,,,,,,,0,0,,Greenland,,,,,,,Greenland south,15290,,,
Greenland west,15291,hydro3,HYD913,,,,,,,,0,0,,Greenland,,,,,,,Greenland west,15291,,,
Greenland north,15292,hydro3,HYD914,,,,,,,,0,0,,Greenland,,,,,,,Greenland north,15292,,,
,,,,,,,,,,,,,,,,,,,,,,,,,
,16000,hydro4,HYD1110,,,,,,,,0,0,,Africa,,,,,,,,16000,,,
,16001,hydro4,HYD1120,,,,,,,,0,0,,Africa,,,,,,,,16001,,,
,16002,hydro4,HYD1121,,,,,,,,0,0,,Africa,,,,,,,,16002,,,
,16003,hydro4,HYD1122,,,,,,,,0,0,,Africa,,,,,,,,16003,,,
,16004,hydro4,HYD1123,,,,,,,,0,0,,Africa,,,,,,,,16004,,,
,16005,hydro4,HYD1124,,,,,,,,0,0,,Africa,,,,,,,,16005,,,
,16006,hydro4,HYD1125,,,,,,,,0,0,,Africa,,,,,,,,16006,,,
,16007,hydro4,HYD1126,,,,,,,,0,0,,Africa,,,,,,,,16007,,,
,16008,hydro4,HYD1127,,,,,,,,0,0,,Africa,,,,,,,,16008,,,
,16009,hydro4,HYD1128,,,,,,,,0,0,,Africa,,,,,,,,16009,,,
,16010,hydro4,HYD1129,,,,,,,,0,0,,Africa,,,,,,,,16010,,,
,16011,hydro4,HYD1130,,,,,,,,0,0,,Africa,,,,,,,,16011,,,
,16012,hydro4,HYD1140,,,,,,,,0,0,,Africa,,,,,,,,16012,,,
,16013,hydro4,HYD1141,,,,,,,,0,0,,Africa,,,,,,,,16013,,,
,16014,hydro4,HYD1142,,,,,,,,0,0,,Africa,,,,,,,,16014,,,
,16015,hydro4,HYD1143,,,,,,,,0,0,,Africa,,,,,,,,16015,,,
,16016,hydro4,HYD1144,,,,,,,,0,0,,Africa,,,,,,,,16016,,,
,16017,hydro4,HYD1145,,,,,,,,0,0,,Africa,,,,,,,,16017,,,
,16018,hydro4,HYD1146,,,,,,,,0,0,,Africa,,,,,,,,16018,,,
,16019,hydro4,HYD1147,,,,,,,,0,0,,Africa,,,,,,,,16019,,,
,16020,hydro4,HYD1148,,,,,,,,0,0,,Africa,,,,,,,,16020,,,
,16021,hydro4,HYD1149,,,,,,,,0,0,,Africa,,,,,,,,16021,,,
,16022,hydro4,HYD1151,,,,,,,,0,0,,Africa,,,,,,,,16022,,,
,16023,hydro4,HYD1151,,,,,,,,0,0,,Africa,,,,,,,,16023,,,
,16024,hydro4,HYD1152,,,,,,,,0,0,,Africa,,,,,,,,16024,,,
,16025,hydro4,HYD1153,,,,,,,,0,0,,Africa,,,,,,,,16025,,,
,16026,hydro4,HYD1154,,,,,,,,0,0,,Africa,,,,,,,,16026,,,
,16027,hydro4,HYD1154,,,,,,,,0,0,,Africa,,,,,,,,16027,,,
,16028,hydro4,HYD1155,,,,,,,,0,0,,Africa,,,,,,,,16028,,,
,16029,hydro4,HYD1156,,,,,,,,0,0,,Africa,,,,,,,,16029,,,
,16030,hydro4,HYD1156,,,,,,,,0,0,,Africa,,,,,,,,16030,,,
,16031,hydro4,HYD1157,,,,,,,,0,0,,Africa,,,,,,,,16031,,,
,16032,hydro4,HYD1158,,,,,,,,0,0,,Africa,,,,,,,,16032,,,
,16033,hydro4,HYD1159,,,,,,,,0,0,,Africa,,,,,,,,16033,,,
,16034,hydro4,HYD1160,,,,,,,,0,0,,Africa,,,,,,,,16034,,,
,16035,hydro4,HYD1160,,,,,,,,0,0,,Africa,,,,,,,,16035,,,
,16036,hydro4,HYD1170,,,,,,,,0,0,,Africa,,,,,,,,16036,,,
,16037,hydro4,HYD1171,,,,,,,,0,0,,Africa,,,,,,,,16037,,,
,16038,hydro4,HYD1172,,,,,,,,0,0,,Africa,,,,,,,,16038,,,
,16039,hydro4,HYD1173,,,,,,,,0,0,,Africa,,,,,,,,16039,,,
,16040,hydro4,HYD1174,,,,,,,,0,0,,Africa,,,,,,,,16040,,,
,16041,hydro4,HYD1175,,,,,,,,0,0,,Africa,,,,,,,,16041,,,
,16042,hydro4,HYD1176,,,,,,,,0,0,,Africa,,,,,,,,16042,,,
,16043,hydro4,HYD1177,,,,,,,,0,0,,Africa,,,,,,,,16043,,,
,16044,hydro4,HYD1178,,,,,,,,0,0,,Africa,,,,,,,,16044,,,
,16045,hydro4,HYD1179,,,,,,,,0,0,,Africa,,,,,,,,16045,,,
,16046,hydro4,HYD1210,,,,,,,,0,0,,Africa,,,,,,,,16046,,,
,16047,hydro4,HYD1221,,,,,,,,0,0,,Africa,,,,,,,,16047,,,
,16048,hydro4,HYD1222,,,,,,,,0,0,,Africa,,,,,,,,16048,,,
,16049,hydro4,HYD1222,,,,,,,,0,0,,Africa,,,,,,,,16049,,,
,16050,hydro4,HYD1223,,,,,,,,0,0,,Africa,,,,,,,,16050,,,
,16051,hydro4,HYD1223,,,,,,,,0,0,,Africa,,,,,,,,16051,,,
,16052,hydro4,HYD1224,,,,,,,,0,0,,Africa,,,,,,,,16052,,,
,16053,hydro4,HYD1225,,,,,,,,0,0,,Africa,,,,,,,,16053,,,
,16054,hydro4,HYD1226,,,,,,,,0,0,,Africa,,,,,,,,16054,,,
,16055,hydro4,HYD1226,,,,,,,,0,0,,Africa,,,,,,,,16055,,,
,16056,hydro4,HYD1227,,,,,,,,0,0,,Africa,,,,,,,,16056,,,
,16057,hydro4,HYD1227,,,,,,,,0,0,,Africa,,,,,,,,16057,,,
,16058,hydro4,HYD1228,,,,,,,,0,0,,Africa,,,,,,,,16058,,,
,16059,hydro4,HYD1229,,,,,,,,0,0,,Africa,,,,,,,,16059,,,
,16060,hydro4,HYD1230,,,,,,,,0,0,,Africa,,,,,,,,16060,,,
,16061,hydro4,HYD1241,,,,,,,,0,0,,Africa,,,,,,,,16061,,,
,16062,hydro4,HYD1242,,,,,,,,0,0,,Africa,,,,,,,,16062,,,
,16063,hydro4,HYD1243,,,,,,,,0,0,,Africa,,,,,,,,16063,,,
,16064,hydro4,HYD1244,,,,,,,,0,0,,Africa,,,,,,,,16064,,,
,16065,hydro4,HYD1245,,,,,,,,0,0,,Africa,,,,,,,,16065,,,
,16066,hydro4,HYD1246,,,,,,,,0,0,,Africa,,,,,,,,16066,,,
,16067,hydro4,HYD1247,,,,,,,,0,0,,Africa,,,,,,,,16067,,,
,16068,hydro4,HYD1248,,,,,,,,0,0,,Africa,,,,,,,,16068,,,
,16069,hydro4,HYD1249,,,,,,,,0,0,,Africa,,,,,,,,16069,,,
,16070,hydro4,HYD1251,,,,,,,,0,0,,Africa,,,,,,,,16070,,,
,16071,hydro4,HYD1252,,,,,,,,0,0,,Africa,,,,,,,,16071,,,
,16072,hydro4,HYD1253,,,,,,,,0,0,,Africa,,,,,,,,16072,,,
,16073,hydro4,HYD1254,,,,,,,,0,0,,Africa,,,,,,,,16073,,,
,16074,hydro4,HYD1255,,,,,,,,0,0,,Africa,,,,,,,,16074,,,
,16075,hydro4,HYD1256,,,,,,,,0,0,,Africa,,,,,,,,16075,,,
,16076,hydro4,HYD1257,,,,,,,,0,0,,Africa,,,,,,,,16076,,,
,16077,hydro4,HYD1258,,,,,,,,0,0,,Africa,,,,,,,,16077,,,
,16078,hydro4,HYD1259,,,,,,,,0,0,,Africa,,,,,,,,16078,,,
,16079,hydro4,HYD1260,,,,,,,,0,0,,Africa,,,,,,,,16079,,,
,16080,hydro4,HYD1271,,,,,,,,0,0,,Africa,,,,,,,,16080,,,
,16081,hydro4,HYD1272,,,,,,,,0,0,,Africa,,,,,,,,16081,,,
,16082,hydro4,HYD1273,,,,,,,,0,0,,Africa,,,,,,,,16082,,,
,16083,hydro4,HYD1274,,,,,,,,0,0,,Africa,,,,,,,,16083,,,
,16084,hydro4,HYD1275,,,,,,,,0,0,,Africa,,,,,,,,16084,,,
,16085,hydro4,HYD1276,,,,,,,,0,0,,Africa,,,,,,,,16085,,,
,16086,hydro4,HYD1277,,,,,,,,0,0,,Africa,,,,,,,,16086,,,
,16087,hydro4,HYD1278,,,,,,,,0,0,,Africa,,,,,,,,16087,,,
,16088,hydro4,HYD1279,,,,,,,,0,0,,Africa,,,,,,,,16088,,,
,16089,hydro4,HYD1280,,,,,,,,0,0,,Africa,,,,,,,,16089,,,
,16090,hydro4,HYD1290,,,,,,,,0,0,,Africa,,,,,,,,16090,,,
,16091,hydro4,HYD1291,,,,,,,,0,0,,Africa,,,,,,,,16091,,,
,16092,hydro4,HYD1292,,,,,,,,0,0,,Africa,,,,,,,,16092,,,
,16093,hydro4,HYD1293,,,,,,,,0,0,,Africa,,,,,,,,16093,,,
,16094,hydro4,HYD1294,,,,,,,,0,0,,Africa,,,,,,,,16094,,,
,16095,hydro4,HYD1295,,,,,,,,0,0,,Africa,,,,,,,,16095,,,
,16096,hydro4,HYD1296,,,,,,,,0,0,,Africa,,,,,,,,16096,,,
,16097,hydro4,HYD1297,,,,,,,,0,0,,Africa,,,,,,,,16097,,,
,16098,hydro4,HYD1298,,,,,,,,0,0,,Africa,,,,,,,,16098,,,
,16099,hydro4,HYD1299,,,,,,,,0,0,,Africa,,,,,,,,16099,,,
,16100,hydro4,HYD1311,,,,,,,,0,0,,Africa,,,,,,,,16100,,,
,16101,hydro4,HYD1312,,,,,,,,0,0,,Africa,,,,,,,,16101,,,
,16102,hydro4,HYD1313,,,,,,,,0,0,,Africa,,,,,,,,16102,,,
,16103,hydro4,HYD1314,,,,,,,,0,0,,Africa,,,,,,,,16103,,,
,16104,hydro4,HYD1315,,,,,,,,0,0,,Africa,,,,,,,,16104,,,
,16105,hydro4,HYD1316,,,,,,,,0,0,,Africa,,,,,,,,16105,,,
,16106,hydro4,HYD1317,,,,,,,,0,0,,Africa,,,,,,,,16106,,,
,16107,hydro4,HYD1318,,,,,,,,0,0,,Africa,,,,,,,,16107,,,
,16108,hydro4,HYD1319,,,,,,,,0,0,,Africa,,,,,,,,16108,,,
,16109,hydro4,HYD1321,,,,,,,,0,0,,Africa,,,,,,,,16109,,,
,16110,hydro4,HYD1322,,,,,,,,0,0,,Africa,,,,,,,,16110,,,
,16111,hydro4,HYD1322,,,,,,,,0,0,,Africa,,,,,,,,16111,,,
,16112,hydro4,HYD1323,,,,,,,,0,0,,Africa,,,,,,,,16112,,,
,16113,hydro4,HYD1324,,,,,,,,0,0,,Africa,,,,,,,,16113,,,
,16114,hydro4,HYD1325,,,,,,,,0,0,,Africa,,,,,,,,16114,,,
,16115,hydro4,HYD1326,,,,,,,,0,0,,Africa,,,,,,,,16115,,,
,16116,hydro4,HYD1327,,,,,,,,0,0,,Africa,,,,,,,,16116,,,
,16117,hydro4,HYD1328,,,,,,,,0,0,,Africa,,,,,,,,16117,,,
,16118,hydro4,HYD1328,,,,,,,,0,0,,Africa,,,,,,,,16118,,,
,16119,hydro4,HYD1328,,,,,,,,0,0,,Africa,,,,,,,,16119,,,
,16120,hydro4,HYD1329,,,,,,,,0,0,,Africa,,,,,,,,16120,,,
,16121,hydro4,HYD1329,,,,,,,,0,0,,Africa,,,,,,,,16121,,,
,16122,hydro4,HYD1329,,,,,,,,0,0,,Africa,,,,,,,,16122,,,
,16123,hydro4,HYD1329,,,,,,,,0,0,,Africa,,,,,,,,16123,,,
,16124,hydro4,HYD1331,,,,,,,,0,0,,Africa,,,,,,,,16124,,,
,16125,hydro4,HYD1332,,,,,,,,0,0,,Africa,,,,,,,,16125,,,
,16126,hydro4,HYD1333,,,,,,,,0,0,,Africa,,,,,,,,16126,,,
,16127,hydro4,HYD1334,,,,,,,,0,0,,Africa,,,,,,,,16127,,,
,16128,hydro4,HYD1335,,,,,,,,0,0,,Africa,,,,,,,,16128,,,
,16129,hydro4,HYD1336,,,,,,,,0,0,,Africa,,,,,,,,16129,,,
,16130,hydro4,HYD1337,,,,,,,,0,0,,Africa,,,,,,,,16130,,,
,16131,hydro4,HYD1338,,,,,,,,0,0,,Africa,,,,,,,,16131,,,
,16132,hydro4,HYD1339,,,,,,,,0,0,,Africa,,,,,,,,16132,,,
,16133,hydro4,HYD1340,,,,,,,,0,0,,Africa,,,,,,,,16133,,,
,16134,hydro4,HYD1410,,,,,,,,0,0,,Africa,,,,,,,,16134,,,
,16135,hydro4,HYD1421,,,,,,,,0,0,,Africa,,,,,,,,16135,,,
,16136,hydro4,HYD1422,,,,,,,,0,0,,Africa,,,,,,,,16136,,,
,16137,hydro4,HYD1423,,,,,,,,0,0,,Africa,,,,,,,,16137,,,
,16138,hydro4,HYD1423,,,,,,,,0,0,,Africa,,,,,,,,16138,,,
,16139,hydro4,HYD1424,,,,,,,,0,0,,Africa,,,,,,,,16139,,,
,16140,hydro4,HYD1425,,,,,,,,0,0,,Africa,,,,,,,,16140,,,
,16141,hydro4,HYD1426,,,,,,,,0,0,,Africa,,,,,,,,16141,,,
,16142,hydro4,HYD1427,,,,,,,,0,0,,Africa,,,,,,,,16142,,,
,16143,hydro4,HYD1428,,,,,,,,0,0,,Africa,,,,,,,,16143,,,
,16144,hydro4,HYD1429,,,,,,,,0,0,,Africa,,,,,,,,16144,,,
,16145,hydro4,HYD1430,,,,,,,,0,0,,Africa,,,,,,,,16145,,,
,16146,hydro4,HYD1441,,,,,,,,0,0,,Africa,,,,,,,,16146,,,
,16147,hydro4,HYD1441,,,,,,,,0,0,,Africa,,,,,,,,16147,,,
,16148,hydro4,HYD1442,,,,,,,,0,0,,Africa,,,,,,,,16148,,,
,16149,hydro4,HYD1443,,,,,,,,0,0,,Africa,,,,,,,,16149,,,
,16150,hydro4,HYD1444,,,,,,,,0,0,,Africa,,,,,,,,16150,,,
,16151,hydro4,HYD1445,,,,,,,,0,0,,Africa,,,,,,,,16151,,,
,16152,hydro4,HYD1446,,,,,,,,0,0,,Africa,,,,,,,,16152,,,
,16153,hydro4,HYD1447,,,,,,,,0,0,,Africa,,,,,,,,16153,,,
,16154,hydro4,HYD1448,,,,,,,,0,0,,Africa,,,,,,,,16154,,,
,16155,hydro4,HYD1449,,,,,,,,0,0,,Africa,,,,,,,,16155,,,
,16156,hydro4,HYD1451,,,,,,,,0,0,,Africa,,,,,,,,16156,,,
,16157,hydro4,HYD1452,,,,,,,,0,0,,Africa,,,,,,,,16157,,,
,16158,hydro4,HYD1453,,,,,,,,0,0,,Africa,,,,,,,,16158,,,
,16159,hydro4,HYD1454,,,,,,,,0,0,,Africa,,,,,,,,16159,,,
,16160,hydro4,HYD1455,,,,,,,,0,0,,Africa,,,,,,,,16160,,,
,16161,hydro4,HYD1456,,,,,,,,0,0,,Africa,,,,,,,,16161,,,
,16162,hydro4,HYD1457,,,,,,,,0,0,,Africa,,,,,,,,16162,,,
,16163,hydro4,HYD1458,,,,,,,,0,0,,Africa,,,,,,,,16163,,,
,16164,hydro4,HYD1459,,,,,,,,0,0,,Africa,,,,,,,,16164,,,
,16165,hydro4,HYD1461,,,,,,,,0,0,,Africa,,,,,,,,16165,,,
,16166,hydro4,HYD1462,,,,,,,,0,0,,Africa,,,,,,,,16166,,,
,16167,hydro4,HYD1463,,,,,,,,0,0,,Africa,,,,,,,,16167,,,
,16168,hydro4,HYD1464,,,,,,,,0,0,,Africa,,,,,,,,16168,,,
,16169,hydro4,HYD1465,,,,,,,,0,0,,Africa,,,,,,,,16169,,,
,16170,hydro4,HYD1466,,,,,,,,0,0,,Africa,,,,,,,,16170,,,
,16171,hydro4,HYD1467,,,,,,,,0,0,,Africa,,,,,,,,16171,,,
,16172,hydro4,HYD1468,,,,,,,,0,0,,Africa,,,,,,,,16172,,,
,16173,hydro4,HYD1469,,,,,,,,0,0,,Africa,,,,,,,,16173,,,
,16174,hydro4,HYD1470,,,,,,,,0,0,,Africa,,,,,,,,16174,,,
,16175,hydro4,HYD1511,,,,,,,,0,0,,Africa,,,,,,,,16175,,,
,16176,hydro4,HYD1512,,,,,,,,0,0,,Africa,,,,,,,,16176,,,
,16177,hydro4,HYD1513,,,,,,,,0,0,,Africa,,,,,,,,16177,,,
,16178,hydro4,HYD1514,,,,,,,,0,0,,Africa,,,,,,,,16178,,,
,16179,hydro4,HYD1515,,,,,,,,0,0,,Africa,,,,,,,,16179,,,
,16180,hydro4,HYD1516,,,,,,,,0,0,,Africa,,,,,,,,16180,,,
,16181,hydro4,HYD1517,,,,,,,,0,0,,Africa,,,,,,,,16181,,,
,16182,hydro4,HYD1518,,,,,,,,0,0,,Africa,,,,,,,,16182,,,
,16183,hydro4,HYD1519,,,,,,,,0,0,,Africa,,,,,,,,16183,,,
,16184,hydro4,HYD1520,,,,,,,,0,0,,Africa,,,,,,,,16184,,,
,16185,hydro4,HYD1530,,,,,,,,0,0,,Africa,,,,,,,,16185,,,
,16186,hydro4,HYD1541,,,,,,,,0,0,,Africa,,,,,,,,16186,,,
,16187,hydro4,HYD1542,,,,,,,,0,0,,Africa,,,,,,,,16187,,,
,16188,hydro4,HYD1543,,,,,,,,0,0,,Africa,,,,,,,,16188,,,
,16189,hydro4,HYD1544,,,,,,,,0,0,,Africa,,,,,,,,16189,,,
,16190,hydro4,HYD1545,,,,,,,,0,0,,Africa,,,,,,,,16190,,,
,16191,hydro4,HYD1546,,,,,,,,0,0,,Africa,,,,,,,,16191,,,
,16192,hydro4,HYD1547,,,,,,,,0,0,,Africa,,,,,,,,16192,,,
,16193,hydro4,HYD1548,,,,,,,,0,0,,Africa,,,,,,,,16193,,,
,16194,hydro4,HYD1549,,,,,,,,0,0,,Africa,,,,,,,,16194,,,
,16195,hydro4,HYD1551,,,,,,,,0,0,,Africa,,,,,,,,16195,,,
,16196,hydro4,HYD1552,,,,,,,,0,0,,Africa,,,,,,,,16196,,,
,16197,hydro4,HYD1553,,,,,,,,0,0,,Africa,,,,,,,,16197,,,
,16198,hydro4,HYD1554,,,,,,,,0,0,,Africa,,,,,,,,16198,,,
,16199,hydro4,HYD1555,,,,,,,,0,0,,Africa,,,,,,,,16199,,,
,16200,hydro4,HYD1556,,,,,,,,0,0,,Africa,,,,,,,,16200,,,
,16201,hydro4,HYD1557,,,,,,,,0,0,,Africa,,,,,,,,16201,,,
,16202,hydro4,HYD1558,,,,,,,,0,0,,Africa,,,,,,,,16202,,,
,16203,hydro4,HYD1559,,,,,,,,0,0,,Africa,,,,,,,,16203,,,
,16204,hydro4,HYD1560,,,,,,,,0,0,,Africa,,,,,,,,16204,,,
,16205,hydro4,HYD1571,,,,,,,,0,0,,Africa,,,,,,,,16205,,,
,16206,hydro4,HYD1572,,,,,,,,0,0,,Africa,,,,,,,,16206,,,
,16207,hydro4,HYD1573,,,,,,,,0,0,,Africa,,,,,,,,16207,,,
,16208,hydro4,HYD1574,,,,,,,,0,0,,Africa,,,,,,,,16208,,,
,16209,hydro4,HYD1575,,,,,,,,0,0,,Africa,,,,,,,,16209,,,
,16210,hydro4,HYD1576,,,,,,,,0,0,,Africa,,,,,,,,16210,,,
,16211,hydro4,HYD1577,,,,,,,,0,0,,Africa,,,,,,,,16211,,,
,16212,hydro4,HYD1578,,,,,,,,0,0,,Africa,,,,,,,,16212,,,
,16213,hydro4,HYD1581,,,,,,,,0,0,,Africa,,,,,,,,16213,,,
,16214,hydro4,HYD1582,,,,,,,,0,0,,Africa,,,,,,,,16214,,,
,16215,hydro4,HYD1583,,,,,,,,0,0,,Africa,,,,,,,,16215,,,
,16216,hydro4,HYD1584,,,,,,,,0,0,,Africa,,,,,,,,16216,,,
,16217,hydro4,HYD1585,,,,,,,,0,0,,Africa,,,,,,,,16217,,,
,16218,hydro4,HYD1586,,,,,,,,0,0,,Africa,,,,,,,,16218,,,
,16219,hydro4,HYD1587,,,,,,,,0,0,,Africa,,,,,,,,16219,,,
,16220,hydro4,HYD1588,,,,,,,,0,0,,Africa,,,,,,,,16220,,,
,16221,hydro4,HYD1589,,,,,,,,0,0,,Africa,,,,,,,,16221,,,
,16222,hydro4,HYD1590,,,,,,,,0,0,,Africa,,,,,,,,16222,,,
,16223,hydro4,HYD1611,,,,,,,,0,0,,Africa,,,,,,,,16223,,,
,16224,hydro4,HYD1612,,,,,,,,0,0,,Africa,,,,,,,,16224,,,
,16225,hydro4,HYD1613,,,,,,,,0,0,,Africa,,,,,,,,16225,,,
,16226,hydro4,HYD1614,,,,,,,,0,0,,Africa,,,,,,,,16226,,,
,16227,hydro4,HYD1615,,,,,,,,0,0,,Africa,,,,,,,,16227,,,
,16228,hydro4,HYD1616,,,,,,,,0,0,,Africa,,,,,,,,16228,,,
,16229,hydro4,HYD1617,,,,,,,,0,0,,Africa,,,,,,,,16229,,,
,16230,hydro4,HYD1620,,,,,,,,0,0,,Africa,,,,,,,,16230,,,
,16231,hydro4,HYD1621,,,,,,,,0,0,,Africa,,,,,,,,16231,,,
,16232,hydro4,HYD1621,,,,,,,,0,0,,Africa,,,,,,,,16232,,,
,16233,hydro4,HYD1622,,,,,,,,0,0,,Africa,,,,,,,,16233,,,
,16234,hydro4,HYD1623,,,,,,,,0,0,,Africa,,,,,,,,16234,,,
,16235,hydro4,HYD1624,,,,,,,,0,0,,Africa,,,,,,,,16235,,,
,16236,hydro4,HYD1625,,,,,,,,0,0,,Africa,,,,,,,,16236,,,
,16237,hydro4,HYD1626,,,,,,,,0,0,,Africa,,,,,,,,16237,,,
,16238,hydro4,HYD1627,,,,,,,,0,0,,Africa,,,,,,,,16238,,,
,16239,hydro4,HYD1628,,,,,,,,0,0,,Africa,,,,,,,,16239,,,
,16240,hydro4,HYD1629,,,,,,,,0,0,,Africa,,,,,,,,16240,,,
,16241,hydro4,HYD1710,,,,,,,,0,0,,Africa,,,,,,,,16241,,,
,16242,hydro4,HYD1721,,,,,,,,0,0,,Africa,,,,,,,,16242,,,
,16243,hydro4,HYD1721,,,,,,,,0,0,,Africa,,,,,,,,16243,,,
,16244,hydro4,HYD1722,,,,,,,,0,0,,Africa,,,,,,,,16244,,,
,16245,hydro4,HYD1723,,,,,,,,0,0,,Africa,,,,,,,,16245,,,
,16246,hydro4,HYD1724,,,,,,,,0,0,,Africa,,,,,,,,16246,,,
,16247,hydro4,HYD1724,,,,,,,,0,0,,Africa,,,,,,,,16247,,,
,16248,hydro4,HYD1725,,,,,,,,0,0,,Africa,,,,,,,,16248,,,
,16249,hydro4,HYD1726,,,,,,,,0,0,,Africa,,,,,,,,16249,,,
,16250,hydro4,HYD1727,,,,,,,,0,0,,Africa,,,,,,,,16250,,,
,16251,hydro4,HYD1728,,,,,,,,0,0,,Africa,,,,,,,,16251,,,
,16252,hydro4,HYD1729,,,,,,,,0,0,,Africa,,,,,,,,16252,,,
,16253,hydro4,HYD1729,,,,,,,,0,0,,Africa,,,,,,,,16253,,,
,16254,hydro4,HYD1729,,,,,,,,0,0,,Africa,,,,,,,,16254,,,
,16255,hydro4,HYD1729,,,,,,,,0,0,,Africa,,,,,,,,16255,,,
,16256,hydro4,HYD1729,,,,,,,,0,0,,Africa,,,,,,,,16256,,,
,16257,hydro4,HYD1730,,,,,,,,0,0,,Africa,,,,,,,,16257,,,
,16258,hydro4,HYD1811,,,,,,,,0,0,,Africa,,,,,,,,16258,,,
,16259,hydro4,HYD1812,,,,,,,,0,0,,Africa,,,,,,,,16259,,,
,16260,hydro4,HYD1813,,,,,,,,0,0,,Africa,,,,,,,,16260,,,
,16261,hydro4,HYD1814,,,,,,,,0,0,,Africa,,,,,,,,16261,,,
,16262,hydro4,HYD1815,,,,,,,,0,0,,Africa,,,,,,,,16262,,,
,16263,hydro4,HYD1816,,,,,,,,0,0,,Africa,,,,,,,,16263,,,
,16264,hydro4,HYD1817,,,,,,,,0,0,,Africa,,,,,,,,16264,,,
,16265,hydro4,HYD1818,,,,,,,,0,0,,Africa,,,,,,,,16265,,,
,16266,hydro4,HYD1819,,,,,,,,0,0,,Africa,,,,,,,,16266,,,
,16267,hydro4,HYD1820,,,,,,,,0,0,,Africa,,,,,,,,16267,,,
,16268,hydro4,HYD1830,,,,,,,,0,0,,Africa,,,,,,,,16268,,,
,16269,hydro4,HYD1840,,,,,,,,0,0,,Africa,,,,,,,,16269,,,
,16270,hydro4,HYD1850,,,,,,,,0,0,,Africa,,,,,,,,16270,,,
,16271,hydro4,HYD1860,,,,,,,,0,0,,Africa,,,,,,,,16271,,,
,16272,hydro4,HYD1870,,,,,,,,0,0,,Africa,,,,,,,,16272,,,
,16273,hydro4,HYD1880,,,,,,,,0,0,,Africa,,,,,,,,16273,,,
,16274,hydro4,HYD2110,,,,,,,,0,0,,Europe,,,,,,,,16274,,,
,16275,hydro4,HYD2120,,,,,,,,0,0,,Europe,,,,,,,,16275,,,
,16276,hydro4,HYD2130,,,,,,,,0,0,,Europe,,,,,,,,16276,,,
,16277,hydro4,HYD2140,,,,,,,,0,0,,Europe,,,,,,,,16277,,,
,16278,hydro4,HYD2150,,,,,,,,0,0,,Europe,,,,,,,,16278,,,
,16279,hydro4,HYD2160,,,,,,,,0,0,,Europe,,,,,,,,16279,,,
,16280,hydro4,HYD2170,,,,,,,,0,0,,Europe,,,,,,,,16280,,,
,16281,hydro4,HYD2180,,,,,,,,0,0,,Europe,,,,,,,,16281,,,
,16282,hydro4,HYD2190,,,,,,,,0,0,,Europe,,,,,,,,16282,,,
,16283,hydro4,HYD2210,,,,,,,,0,0,,Europe,,,,,,,,16283,,,
,16284,hydro4,HYD2211,,,,,,,,0,0,,Europe,,,,,,,,16284,,,
,16285,hydro4,HYD2212,,,,,,,,0,0,,Europe,,,,,,,,16285,,,
,16286,hydro4,HYD2213,,,,,,,,0,0,,Europe,,,,,,,,16286,,,
,16287,hydro4,HYD2214,,,,,,,,0,0,,Europe,,,,,,,,16287,,,
,16288,hydro4,HYD2215,,,,,,,,0,0,,Europe,,,,,,,,16288,,,
,16289,hydro4,HYD2216,,,,,,,,0,0,,Europe,,,,,,,,16289,,,
,16290,hydro4,HYD2217,,,,,,,,0,0,,Europe,,,,,,,,16290,,,
,16291,hydro4,HYD2218,,,,,,,,0,0,,Europe,,,,,,,,16291,,,
,16292,hydro4,HYD2219,,,,,,,,0,0,,Europe,,,,,,,,16292,,,
,16293,hydro4,HYD2220,,,,,,,,0,0,,Europe,,,,,,,,16293,,,
,16294,hydro4,HYD2231,,,,,,,,0,0,,Europe,,,,,,,,16294,,,
,16295,hydro4,HYD2232,,,,,,,,0,0,,Europe,,,,,,,,16295,,,
,16296,hydro4,HYD2233,,,,,,,,0,0,,Europe,,,,,,,,16296,,,
,16297,hydro4,HYD2234,,,,,,,,0,0,,Europe,,,,,,,,16297,,,
,16298,hydro4,HYD2235,,,,,,,,0,0,,Europe,,,,,,,,16298,,,
,16299,hydro4,HYD2235,,,,,,,,0,0,,Europe,,,,,,,,16299,,,
,16300,hydro4,HYD2236,,,,,,,,0,0,,Europe,,,,,,,,16300,,,
,16301,hydro4,HYD2237,,,,,,,,0,0,,Europe,,,,,,,,16301,,,
,16302,hydro4,HYD2238,,,,,,,,0,0,,Europe,,,,,,,,16302,,,
,16303,hydro4,HYD2239,,,,,,,,0,0,,Europe,,,,,,,,16303,,,
,16304,hydro4,HYD2240,,,,,,,,0,0,,Europe,,,,,,,,16304,,,
,16305,hydro4,HYD2240,,,,,,,,0,0,,Europe,,,,,,,,16305,,,
,16306,hydro4,HYD2251,,,,,,,,0,0,,Europe,,,,,,,,16306,,,
,16307,hydro4,HYD2251,,,,,,,,0,0,,Europe,,,,,,,,16307,,,
,16308,hydro4,HYD2251,,,,,,,,0,0,,Europe,,,,,,,,16308,,,
,16309,hydro4,HYD2252,,,,,,,,0,0,,Europe,,,,,,,,16309,,,
,16310,hydro4,HYD2253,,,,,,,,0,0,,Europe,,,,,,,,16310,,,
,16311,hydro4,HYD2254,,,,,,,,0,0,,Europe,,,,,,,,16311,,,
,16312,hydro4,HYD2255,,,,,,,,0,0,,Europe,,,,,,,,16312,,,
,16313,hydro4,HYD2256,,,,,,,,0,0,,Europe,,,,,,,,16313,,,
,16314,hydro4,HYD2257,,,,,,,,0,0,,Europe,,,,,,,,16314,,,
,16315,hydro4,HYD2258,,,,,,,,0,0,,Europe,,,,,,,,16315,,,
,16316,hydro4,HYD2259,,,,,,,,0,0,,Europe,,,,,,,,16316,,,
,16317,hydro4,HYD2260,,,,,,,,0,0,,Europe,,,,,,,,16317,,,
,16318,hydro4,HYD2271,,,,,,,,0,0,,Europe,,,,,,,,16318,,,
,16319,hydro4,HYD2272,,,,,,,,0,0,,Europe,,,,,,,,16319,,,
,16320,hydro4,HYD2273,,,,,,,,0,0,,Europe,,,,,,,,16320,,,
,16321,hydro4,HYD2274,,,,,,,,0,0,,Europe,,,,,,,,16321,,,
,16322,hydro4,HYD2275,,,,,,,,0,0,,Europe,,,,,,,,16322,,,
,16323,hydro4,HYD2276,,,,,,,,0,0,,Europe,,,,,,,,16323,,,
,16324,hydro4,HYD2277,,,,,,,,0,0,,Europe,,,,,,,,16324,,,
,16325,hydro4,HYD2278,,,,,,,,0,0,,Europe,,,,,,,,16325,,,
,16326,hydro4,HYD2279,,,,,,,,0,0,,Europe,,,,,,,,16326,,,
,16327,hydro4,HYD2280,,,,,,,,0,0,,Europe,,,,,,,,16327,,,
,16328,hydro4,HYD2311,,,,,,,,0,0,,Europe,,,,,,,,16328,,,
,16329,hydro4,HYD2312,,,,,,,,0,0,,Europe,,,,,,,,16329,,,
,16330,hydro4,HYD2313,,,,,,,,0,0,,Europe,,,,,,,,16330,,,
,16331,hydro4,HYD2314,,,,,,,,0,0,,Europe,,,,,,,,16331,,,
,16332,hydro4,HYD2315,,,,,,,,0,0,,Europe,,,,,,,,16332,,,
,16333,hydro4,HYD2316,,,,,,,,0,0,,Europe,,,,,,,,16333,,,
,16334,hydro4,HYD2317,,,,,,,,0,0,,Europe,,,,,,,,16334,,,
,16335,hydro4,HYD2318,,,,,,,,0,0,,Europe,,,,,,,,16335,,,
,16336,hydro4,HYD2319,,,,,,,,0,0,,Europe,,,,,,,,16336,,,
,16337,hydro4,HYD2321,,,,,,,,0,0,,Europe,,,,,,,,16337,,,
,16338,hydro4,HYD2322,,,,,,,,0,0,,Europe,,,,,,,,16338,,,
,16339,hydro4,HYD2323,,,,,,,,0,0,,Europe,,,,,,,,16339,,,
,16340,hydro4,HYD2324,,,,,,,,0,0,,Europe,,,,,,,,16340,,,
,16341,hydro4,HYD2325,,,,,,,,0,0,,Europe,,,,,,,,16341,,,
,16342,hydro4,HYD2326,,,,,,,,0,0,,Europe,,,,,,,,16342,,,
,16343,hydro4,HYD2327,,,,,,,,0,0,,Europe,,,,,,,,16343,,,
,16344,hydro4,HYD2327,,,,,,,,0,0,,Europe,,,,,,,,16344,,,
,16345,hydro4,HYD2328,,,,,,,,0,0,,Europe,,,,,,,,16345,,,
,16346,hydro4,HYD2329,,,,,,,,0,0,,Europe,,,,,,,,16346,,,
,16347,hydro4,HYD2330,,,,,,,,0,0,,Europe,,,,,,,,16347,,,
,16348,hydro4,HYD2340,,,,,,,,0,0,,Europe,,,,,,,,16348,,,
,16349,hydro4,HYD2350,,,,,,,,0,0,,Europe,,,,,,,,16349,,,
,16350,hydro4,HYD2360,,,,,,,,0,0,,Europe,,,,,,,,16350,,,
,16351,hydro4,HYD2370,,,,,,,,0,0,,Europe,,,,,,,,16351,,,
,16352,hydro4,HYD2410,,,,,,,,0,0,,Europe,,,,,,,,16352,,,
,16353,hydro4,HYD2410,,,,,,,,0,0,,Europe,,,,,,,,16353,,,
,16354,hydro4,HYD2421,,,,,,,,0,0,,Europe,,,,,,,,16354,,,
,16355,hydro4,HYD2422,,,,,,,,0,0,,Europe,,,,,,,,16355,,,
,16356,hydro4,HYD2423,,,,,,,,0,0,,Europe,,,,,,,,16356,,,
,16357,hydro4,HYD2424,,,,,,,,0,0,,Europe,,,,,,,,16357,,,
,16358,hydro4,HYD2425,,,,,,,,0,0,,Europe,,,,,,,,16358,,,
,16359,hydro4,HYD2426,,,,,,,,0,0,,Europe,,,,,,,,16359,,,
,16360,hydro4,HYD2427,,,,,,,,0,0,,Europe,,,,,,,,16360,,,
,16361,hydro4,HYD2428,,,,,,,,0,0,,Europe,,,,,,,,16361,,,
,16362,hydro4,HYD2429,,,,,,,,0,0,,Europe,,,,,,,,16362,,,
,16363,hydro4,HYD2429,,,,,,,,0,0,,Europe,,,,,,,,16363,,,
,16364,hydro4,HYD2431,,,,,,,,0,0,,Europe,,,,,,,,16364,,,
,16365,hydro4,HYD2432,,,,,,,,0,0,,Europe,,,,,,,,16365,,,
,16366,hydro4,HYD2432,,,,,,,,0,0,,Europe,,,,,,,,16366,,,
,16367,hydro4,HYD2432,,,,,,,,0,0,,Europe,,,,,,,,16367,,,
,16368,hydro4,HYD2432,,,,,,,,0,0,,Europe,,,,,,,,16368,,,
,16369,hydro4,HYD2432,,,,,,,,0,0,,Europe,,,,,,,,16369,,,
,16370,hydro4,HYD2433,,,,,,,,0,0,,Europe,,,,,,,,16370,,,
,16371,hydro4,HYD2434,,,,,,,,0,0,,Europe,,,,,,,,16371,,,
,16372,hydro4,HYD2434,,,,,,,,0,0,,Europe,,,,,,,,16372,,,
,16373,hydro4,HYD2435,,,,,,,,0,0,,Europe,,,,,,,,16373,,,
,16374,hydro4,HYD2436,,,,,,,,0,0,,Europe,,,,,,,,16374,,,
,16375,hydro4,HYD2436,,,,,,,,0,0,,Europe,,,,,,,,16375,,,
,16376,hydro4,HYD2437,,,,,,,,0,0,,Europe,,,,,,,,16376,,,
,16377,hydro4,HYD2438,,,,,,,,0,0,,Europe,,,,,,,,16377,,,
,16378,hydro4,HYD2439,,,,,,,,0,0,,Europe,,,,,,,,16378,,,
,16379,hydro4,HYD2441,,,,,,,,0,0,,Europe,,,,,,,,16379,,,
,16380,hydro4,HYD2442,,,,,,,,0,0,,Europe,,,,,,,,16380,,,
,16381,hydro4,HYD2443,,,,,,,,0,0,,Europe,,,,,,,,16381,,,
,16382,hydro4,HYD2444,,,,,,,,0,0,,Europe,,,,,,,,16382,,,
,16383,hydro4,HYD2445,,,,,,,,0,0,,Europe,,,,,,,,16383,,,
,16384,hydro4,HYD2446,,,,,,,,0,0,,Europe,,,,,,,,16384,,,
,16385,hydro4,HYD2447,,,,,,,,0,0,,Europe,,,,,,,,16385,,,
,16386,hydro4,HYD2447,,,,,,,,0,0,,Europe,,,,,,,,16386,,,
,16387,hydro4,HYD2447,,,,,,,,0,0,,Europe,,,,,,,,16387,,,
,16388,hydro4,HYD2448,,,,,,,,0,0,,Europe,,,,,,,,16388,,,
,16389,hydro4,HYD2448,,,,,,,,0,0,,Europe,,,,,,,,16389,,,
,16390,hydro4,HYD2449,,,,,,,,0,0,,Europe,,,,,,,,16390,,,
,16391,hydro4,HYD2450,,,,,,,,0,0,,Europe,,,,,,,,16391,,,
,16392,hydro4,HYD2510,,,,,,,,0,0,,Europe,,,,,,,,16392,,,
,16393,hydro4,HYD2521,,,,,,,,0,0,,Europe,,,,,,,,16393,,,
,16394,hydro4,HYD2522,,,,,,,,0,0,,Europe,,,,,,,,16394,,,
,16395,hydro4,HYD2522,,,,,,,,0,0,,Europe,,,,,,,,16395,,,
,16396,hydro4,HYD2523,,,,,,,,0,0,,Europe,,,,,,,,16396,,,
,16397,hydro4,HYD2524,,,,,,,,0,0,,Europe,,,,,,,,16397,,,
,16398,hydro4,HYD2525,,,,,,,,0,0,,Europe,,,,,,,,16398,,,
,16399,hydro4,HYD2525,,,,,,,,0,0,,Europe,,,,,,,,16399,,,
,16400,hydro4,HYD2526,,,,,,,,0,0,,Europe,,,,,,,,16400,,,
,16401,hydro4,HYD2526,,,,,,,,0,0,,Europe,,,,,,,,16401,,,
,16402,hydro4,HYD2527,,,,,,,,0,0,,Europe,,,,,,,,16402,,,
,16403,hydro4,HYD2528,,,,,,,,0,0,,Europe,,,,,,,,16403,,,
,16404,hydro4,HYD2528,,,,,,,,0,0,,Europe,,,,,,,,16404,,,
,16405,hydro4,HYD2529,,,,,,,,0,0,,Europe,,,,,,,,16405,,,
,16406,hydro4,HYD2530,,,,,,,,0,0,,Europe,,,,,,,,16406,,,
,16407,hydro4,HYD2611,,,,,,,,0,0,,Europe,,,,,,,,16407,,,
,16408,hydro4,HYD2612,,,,,,,,0,0,,Europe,,,,,,,,16408,,,
,16409,hydro4,HYD2613,,,,,,,,0,0,,Europe,,,,,,,,16409,,,
,16410,hydro4,HYD2614,,,,,,,,0,0,,Europe,,,,,,,,16410,,,
,16411,hydro4,HYD2615,,,,,,,,0,0,,Europe,,,,,,,,16411,,,
,16412,hydro4,HYD2616,,,,,,,,0,0,,Europe,,,,,,,,16412,,,
,16413,hydro4,HYD2617,,,,,,,,0,0,,Europe,,,,,,,,16413,,,
,16414,hydro4,HYD2618,,,,,,,,0,0,,Europe,,,,,,,,16414,,,
,16415,hydro4,HYD2619,,,,,,,,0,0,,Europe,,,,,,,,16415,,,
,16416,hydro4,HYD2620,,,,,,,,0,0,,Europe,,,,,,,,16416,,,
,16417,hydro4,HYD2630,,,,,,,,0,0,,Europe,,,,,,,,16417,,,
,16418,hydro4,HYD2710,,,,,,,,0,0,,Europe,,,,,,,,16418,,,
,16419,hydro4,HYD2720,,,,,,,,0,0,,Europe,,,,,,,,16419,,,
,16420,hydro4,HYD2810,,,ASHimalaya,2,,,,1,0,,Europe,,,,,,,,16420,,,
,16421,hydro4,HYD2811,,,ASHimalaya,2,,,,1,0,,Europe,,,,,,,,16421,,,
,16422,hydro4,HYD2812,,,ASHimalaya,2,,,,1,0,,Europe,,,,,,,,16422,,,
,16423,hydro4,HYD2813,,,ASHimalaya,2,,,,1,0,,Europe,,,,,,,,16423,,,
,16424,hydro4,HYD2814,,,ASHimalaya,2,,,,1,0,,Europe,,,,,,,,16424,,,
,16425,hydro4,HYD2815,,,ASHimalaya,2,,,,1,0,,Europe,,,,,,,,16425,,,
,16426,hydro4,HYD2816,,,ASHimalaya,2,,,,1,0,,Europe,,,,,,,,16426,,,
,16427,hydro4,HYD2817,,,ASHimalaya,2,,,,1,0,,Europe,,,,,,,,16427,,,
,16428,hydro4,HYD2818,,,ASHimalaya,2,,,,1,0,,Europe,,,,,,,,16428,,,
,16429,hydro4,HYD2819,,,,,,,,0,0,,Europe,,,,,,,,16429,,,
,16430,hydro4,HYD2820,,,,,,,,0,0,,Europe,,,,,,,,16430,,,
,16431,hydro4,HYD2821,,,,,,,,0,0,,Europe,,,,,,,,16431,,,
,16432,hydro4,HYD2822,,,,,,,,0,0,,Europe,,,,,,,,16432,,,
,16433,hydro4,HYD2823,,,,,,,,0,0,,Europe,,,,,,,,16433,,,
,16434,hydro4,HYD2824,,,,,,,,0,0,,Europe,,,,,,,,16434,,,
,16435,hydro4,HYD2825,,,,,,,,0,0,,Europe,,,,,,,,16435,,,
,16436,hydro4,HYD2826,,,,,,,,0,0,,Europe,,,,,,,,16436,,,
,16437,hydro4,HYD2827,,,,,,,,0,0,,Europe,,,,,,,,16437,,,
,16438,hydro4,HYD2828,,,,,,,,0,0,,Europe,,,,,,,,16438,,,
,16439,hydro4,HYD2829,,,,,,,,0,0,,Europe,,,,,,,,16439,,,
,16440,hydro4,HYD2831,,,,,,,,0,0,,Europe,,,,,,,,16440,,,
,16441,hydro4,HYD2831,,,,,,,,0,0,,Europe,,,,,,,,16441,,,
,16442,hydro4,HYD2831,,,,,,,,0,0,,Europe,,,,,,,,16442,,,
,16443,hydro4,HYD2831,,,,,,,,0,0,,Europe,,,,,,,,16443,,,
,16444,hydro4,HYD2832,,,,,,,,0,0,,Europe,,,,,,,,16444,,,
,16445,hydro4,HYD2832,,,,,,,,0,0,,Europe,,,,,,,,16445,,,
,16446,hydro4,HYD2833,,,,,,,,0,0,,Europe,,,,,,,,16446,,,
,16447,hydro4,HYD2833,,,,,,,,0,0,,Europe,,,,,,,,16447,,,
,16448,hydro4,HYD2834,,,,,,,,0,0,,Europe,,,,,,,,16448,,,
,16449,hydro4,HYD2835,,,,,,,,0,0,,Europe,,,,,,,,16449,,,
,16450,hydro4,HYD2836,,,,,,,,0,0,,Europe,,,,,,,,16450,,,
,16451,hydro4,HYD2836,,,,,,,,0,0,,Europe,,,,,,,,16451,,,
,16452,hydro4,HYD2836,,,,,,,,0,0,,Europe,,,,,,,,16452,,,
,16453,hydro4,HYD2836,,,,,,,,0,0,,Europe,,,,,,,,16453,,,
,16454,hydro4,HYD2837,,,,,,,,0,0,,Europe,,,,,,,,16454,,,
,16455,hydro4,HYD2838,,,,,,,,0,0,,Europe,,,,,,,,16455,,,
,16456,hydro4,HYD2839,,,,,,,,0,0,,Europe,,,,,,,,16456,,,
,16457,hydro4,HYD2840,,,,,,,,0,0,,Europe,,,,,,,,16457,,,
,16458,hydro4,HYD2840,,,,,,,,0,0,,Europe,,,,,,,,16458,,,
,16459,hydro4,HYD2841,,,,,,,,0,0,,Europe,,,,,,,,16459,,,
,16460,hydro4,HYD2842,,,,,,,,0,0,,Europe,,,,,,,,16460,,,
,16461,hydro4,HYD2843,,,,,,,,0,0,,Europe,,,,,,,,16461,,,
,16462,hydro4,HYD2844,,,,,,,,0,0,,Europe,,,,,,,,16462,,,
,16463,hydro4,HYD2845,,,,,,,,0,0,,Europe,,,,,,,,16463,,,
,16464,hydro4,HYD2846,,,,,,,,0,0,,Europe,,,,,,,,16464,,,
,16465,hydro4,HYD2846,,,,,,,,0,0,,Europe,,,,,,,,16465,,,
,16466,hydro4,HYD2847,,,,,,,,0,0,,Europe,,,,,,,,16466,,,
,16467,hydro4,HYD2848,,,,,,,,0,0,,Europe,,,,,,,,16467,,,
,16468,hydro4,HYD2849,,,ASHimalaya,2,,,,1,0,,Europe,,,,,,,,16468,,,
,16469,hydro4,HYD2850,,,,,,,,0,0,,Europe,,,,,,,,16469,,,
,16470,hydro4,HYD2911,,,ASHimalaya,2,,,,1,0,,Europe,,,,,,,,16470,,,
,16471,hydro4,HYD2912,,,ASHimalaya,2,,,,1,0,,Europe,,,,,,,,16471,,,
,16472,hydro4,HYD2913,,,ASHimalaya,2,,,,1,0,,Europe,,,,,,,,16472,,,
,16473,hydro4,HYD2914,,,ASHimalaya,2,,,,1,0,,Europe,,,,,,,,16473,,,
,16474,hydro4,HYD2915,,,ASHimalaya,2,,,,1,0,,Europe,,,,,,,,16474,,,
,16475,hydro4,HYD2916,,,ASHimalaya,2,,,,1,0,,Europe,,,,,,,,16475,,,
,16476,hydro4,HYD2917,,,ASHimalaya,2,,,,1,0,,Europe,,,,,,,,16476,,,
,16477,hydro4,HYD2918,,,ASHimalaya,2,,,,1,0,,Europe,,,,,,,,16477,,,
,16478,hydro4,HYD2919,,,ASHimalaya,2,,,,1,0,,Europe,,,,,,,,16478,,,
,16479,hydro4,HYD2921,,,ASHimalaya,2,,,,1,0,,Europe,,,,,,,,16479,,,
,16480,hydro4,HYD2922,,,ASHimalaya,2,,,,1,0,,Europe,,,,,,,,16480,,,
,16481,hydro4,HYD2923,,,ASHimalaya,2,,,,1,0,,Europe,,,,,,,,16481,,,
,16482,hydro4,HYD2924,,,ASHimalaya,2,,,,1,0,,Europe,,,,,,,,16482,,,
,16483,hydro4,HYD2925,,,ASHimalaya,2,,,,1,0,,Europe,,,,,,,,16483,,,
,16484,hydro4,HYD2926,,,ASHimalaya,2,,,,1,0,,Europe,,,,,,,,16484,,,
,16485,hydro4,HYD2927,,,ASHimalaya,2,,,,1,0,,Europe,,,,,,,,16485,,,
,16486,hydro4,HYD2928,,,,,,,,0,0,,Europe,,,,,,,,16486,,,
,16487,hydro4,HYD2929,,,,,,,,0,0,,Europe,,,,,,,,16487,,,
,16488,hydro4,HYD2931,,,,,,,,0,0,,Europe,,,,,,,,16488,,,
,16489,hydro4,HYD2932,,,,,,,,0,0,,Europe,,,,,,,,16489,,,
,16490,hydro4,HYD2933,,,,,,,,0,0,,Europe,,,,,,,,16490,,,
,16491,hydro4,HYD2934,,,,,,,,0,0,,Europe,,,,,,,,16491,,,
,16492,hydro4,HYD2935,,,,,,,,0,0,,Europe,,,,,,,,16492,,,
,16493,hydro4,HYD2936,,,,,,,,0,0,,Europe,,,,,,,,16493,,,
,16494,hydro4,HYD2937,,,,,,,,0,0,,Europe,,,,,,,,16494,,,
,16495,hydro4,HYD2938,,,,,,,,0,0,,Europe,,,,,,,,16495,,,
,16496,hydro4,HYD2939,,,,,,,,0,0,,Europe,,,,,,,,16496,,,
,16497,hydro4,HYD2940,,,,,,,,0,0,,Europe,,,,,,,,16497,,,
,16498,hydro4,HYD2940,,,,,,,,0,0,,Europe,,,,,,,,16498,,,
,16499,hydro4,HYD2941,,,,,,,,0,0,,Europe,,,,,,,,16499,,,
,16500,hydro4,HYD2942,,,ASHimalaya,2,,,,1,0,,Europe,,,,,,,,16500,,,
,16501,hydro4,HYD2943,,,,,,,,0,0,,Europe,,,,,,,,16501,,,
,16502,hydro4,HYD2944,,,,,,,,0,0,,Europe,,,,,,,,16502,,,
,16503,hydro4,HYD2945,,,,,,,,0,0,,Europe,,,,,,,,16503,,,
,16504,hydro4,HYD2946,,,,,,,,0,0,,Europe,,,,,,,,16504,,,
,16505,hydro4,HYD2947,,,,,,,,0,0,,Europe,,,,,,,,16505,,,
,16506,hydro4,HYD2948,,,,,,,,0,0,,Europe,,,,,,,,16506,,,
,16507,hydro4,HYD2948,,,,,,,,0,0,,Europe,,,,,,,,16507,,,
,16508,hydro4,HYD2949,,,,,,,,0,0,,Europe,,,,,,,,16508,,,
,16509,hydro4,HYD2949,,,,,,,,0,0,,Europe,,,,,,,,16509,,,
,16510,hydro4,HYD2951,,,,,,,,0,0,,Europe,,,,,,,,16510,,,
,16511,hydro4,HYD2952,,,,,,,,0,0,,Europe,,,,,,,,16511,,,
,16512,hydro4,HYD2953,,,,,,,,0,0,,Europe,,,,,,,,16512,,,
,16513,hydro4,HYD2954,,,,,,,,0,0,,Europe,,,,,,,,16513,,,
,16514,hydro4,HYD2955,,,,,,,,0,0,,Europe,,,,,,,,16514,,,
,16515,hydro4,HYD2956,,,,,,,,0,0,,Europe,,,,,,,,16515,,,
,16516,hydro4,HYD2957,,,,,,,,0,0,,Europe,,,,,,,,16516,,,
,16517,hydro4,HYD2958,,,,,,,,0,0,,Europe,,,,,,,,16517,,,
,16518,hydro4,HYD2959,,,,,,,,0,0,,Europe,,,,,,,,16518,,,
,16519,hydro4,HYD2960,,,,,,,,0,0,,Europe,,,,,,,,16519,,,
,16520,hydro4,HYD2961,,,,,,,,0,0,,Europe,,,,,,,,16520,,,
,16521,hydro4,HYD2962,,,,,,,,0,0,,Europe,,,,,,,,16521,,,
,16522,hydro4,HYD2963,,,,,,,,0,0,,Europe,,,,,,,,16522,,,
,16523,hydro4,HYD2964,,,,,,,,0,0,,Europe,,,,,,,,16523,,,
,16524,hydro4,HYD2965,,,,,,,,0,0,,Europe,,,,,,,,16524,,,
,16525,hydro4,HYD2966,,,,,,,,0,0,,Europe,,,,,,,,16525,,,
,16526,hydro4,HYD2967,,,,,,,,0,0,,Europe,,,,,,,,16526,,,
,16527,hydro4,HYD2968,,,,,,,,0,0,,Europe,,,,,,,,16527,,,
,16528,hydro4,HYD2969,,,,,,,,0,0,,Europe,,,,,,,,16528,,,
,16529,hydro4,HYD2971,,,,,,,,0,0,,Europe,,,,,,,,16529,,,
,16530,hydro4,HYD2972,,,,,,,,0,0,,Europe,,,,,,,,16530,,,
,16531,hydro4,HYD2973,,,,,,,,0,0,,Europe,,,,,,,,16531,,,
,16532,hydro4,HYD2974,,,,,,,,0,0,,Europe,,,,,,,,16532,,,
,16533,hydro4,HYD2975,,,,,,,,0,0,,Europe,,,,,,,,16533,,,
,16534,hydro4,HYD2976,,,,,,,,0,0,,Europe,,,,,,,,16534,,,
,16535,hydro4,HYD2977,,,,,,,,0,0,,Europe,,,,,,,,16535,,,
,16536,hydro4,HYD2978,,,,,,,,0,0,,Europe,,,,,,,,16536,,,
,16537,hydro4,HYD2979,,,,,,,,0,0,,Europe,,,,,,,,16537,,,
,16538,hydro4,HYD2981,,,,,,,,0,0,,Europe,,,,,,,,16538,,,
,16539,hydro4,HYD2982,,,,,,,,0,0,,Europe,,,,,,,,16539,,,
,16540,hydro4,HYD2983,,,,,,,,0,0,,Europe,,,,,,,,16540,,,
,16541,hydro4,HYD2984,,,,,,,,0,0,,Europe,,,,,,,,16541,,,
,16542,hydro4,HYD2985,,,,,,,,0,0,,Europe,,,,,,,,16542,,,
,16543,hydro4,HYD2986,,,,,,,,0,0,,Europe,,,,,,,,16543,,,
,16544,hydro4,HYD2987,,,,,,,,0,0,,Europe,,,,,,,,16544,,,
,16545,hydro4,HYD2988,,,,,,,,0,0,,Europe,,,,,,,,16545,,,
,16546,hydro4,HYD2989,,,,,,,,0,0,,Europe,,,,,,,,16546,,,
,16547,hydro4,HYD2990,,,,,,,,0,0,,Europe,,,,,,,,16547,,,
Titicaca - Poopo,16548,hydro4,HYD3110,,,,,,,,0,0,,Siberia,,,,,,,Titicaca - Poopo,16548,,,
,16549,hydro4,HYD3120,,,,,,,,0,0,,Siberia,,,,,,,,16549,,,
,16550,hydro4,HYD3120,,,,,,,,0,0,,Siberia,,,,,,,,16550,,,
,16551,hydro4,HYD3121,,,ASHimalaya,2,,,,1,0,,Siberia,,,,,,,,16551,,,
,16552,hydro4,HYD3122,,,,,,,,0,0,,Siberia,,,,,,,,16552,,,
,16553,hydro4,HYD3123,,,,,,,,0,0,,Siberia,,,,,,,,16553,,,
,16554,hydro4,HYD3124,,,,,,,,0,0,,Siberia,,,,,,,,16554,,,
,16555,hydro4,HYD3124,,,,,,,,0,0,,Siberia,,,,,,,,16555,,,
,16556,hydro4,HYD3125,,,,,,,,0,0,,Siberia,,,,,,,,16556,,,
,16557,hydro4,HYD3126,,,,,,,,0,0,,Siberia,,,,,,,,16557,,,
,16558,hydro4,HYD3127,,,,,,,,0,0,,Siberia,,,,,,,,16558,,,
,16559,hydro4,HYD3128,,,,,,,,0,0,,Siberia,,,,,,,,16559,,,
,16560,hydro4,HYD3128,,,,,,,,0,0,,Siberia,,,,,,,,16560,,,
,16561,hydro4,HYD3129,,,,,,,,0,0,,Siberia,,,,,,,,16561,,,
,16562,hydro4,HYD3129,,,,,,,,0,0,,Siberia,,,,,,,,16562,,,
,16563,hydro4,HYD3131,,,,,,,,0,0,,Siberia,,,,,,,,16563,,,
,16564,hydro4,HYD3132,,,,,,,,0,0,,Siberia,,,,,,,,16564,,,
,16565,hydro4,HYD3133,,,,,,,,0,0,,Siberia,,,,,,,,16565,,,
,16566,hydro4,HYD3134,,,,,,,,0,0,,Siberia,,,,,,,,16566,,,
,16567,hydro4,HYD3135,,,,,,,,0,0,,Siberia,,,,,,,,16567,,,
,16568,hydro4,HYD3136,,,,,,,,0,0,,Siberia,,,,,,,,16568,,,
,16569,hydro4,HYD3137,,,,,,,,0,0,,Siberia,,,,,,,,16569,,,
,16570,hydro4,HYD3138,,,,,,,,0,0,,Siberia,,,,,,,,16570,,,
,16571,hydro4,HYD3139,,,,,,,,0,0,,Siberia,,,,,,,,16571,,,
,16572,hydro4,HYD3210,,,,,,,,0,0,,Siberia,,,,,,,,16572,,,
,16573,hydro4,HYD3221,,,,,,,,0,0,,Siberia,,,,,,,,16573,,,
,16574,hydro4,HYD3221,,,,,,,,0,0,,Siberia,,,,,,,,16574,,,
,16575,hydro4,HYD3222,,,,,,,,0,0,,Siberia,,,,,,,,16575,,,
,16576,hydro4,HYD3223,,,,,,,,0,0,,Siberia,,,,,,,,16576,,,
,16577,hydro4,HYD3224,,,,,,,,0,0,,Siberia,,,,,,,,16577,,,
,16578,hydro4,HYD3225,,,,,,,,0,0,,Siberia,,,,,,,,16578,,,
,16579,hydro4,HYD3226,,,,,,,,0,0,,Siberia,,,,,,,,16579,,,
,16580,hydro4,HYD3226,,,,,,,,0,0,,Siberia,,,,,,,,16580,,,
,16581,hydro4,HYD3226,,,,,,,,0,0,,Siberia,,,,,,,,16581,,,
,16582,hydro4,HYD3227,,,,,,,,0,0,,Siberia,,,,,,,,16582,,,
,16583,hydro4,HYD3227,,,,,,,,0,0,,Siberia,,,,,,,,16583,,,
,16584,hydro4,HYD3227,,,,,,,,0,0,,Siberia,,,,,,,,16584,,,
,16585,hydro4,HYD3227,,,,,,,,0,0,,Siberia,,,,,,,,16585,,,
,16586,hydro4,HYD3228,,,,,,,,0,0,,Siberia,,,,,,,,16586,,,
,16587,hydro4,HYD3229,,,,,,,,0,0,,Siberia,,,,,,,,16587,,,
,16588,hydro4,HYD3229,,,,,,,,0,0,,Siberia,,,,,,,,16588,,,
,16589,hydro4,HYD3230,,,,,,,,0,0,,Siberia,,,,,,,,16589,,,
,16590,hydro4,HYD3310,,,,,,,,0,0,,Siberia,,,,,,,,16590,,,
,16591,hydro4,HYD3311,,,,,,,,0,0,,Siberia,,,,,,,,16591,,,
,16592,hydro4,HYD3312,,,,,,,,0,0,,Siberia,,,,,,,,16592,,,
,16593,hydro4,HYD3313,,,,,,,,0,0,,Siberia,,,,,,,,16593,,,
,16594,hydro4,HYD3314,,,,,,,,0,0,,Siberia,,,,,,,,16594,,,
,16595,hydro4,HYD3314,,,,,,,,0,0,,Siberia,,,,,,,,16595,,,
,16596,hydro4,HYD3315,,,,,,,,0,0,,Siberia,,,,,,,,16596,,,
,16597,hydro4,HYD3316,,,,,,,,0,0,,Siberia,,,,,,,,16597,,,
,16598,hydro4,HYD3317,,,,,,,,0,0,,Siberia,,,,,,,,16598,,,
,16599,hydro4,HYD3318,,,,,,,,0,0,,Siberia,,,,,,,,16599,,,
,16600,hydro4,HYD3319,,,,,,,,0,0,,Siberia,,,,,,,,16600,,,
,16601,hydro4,HYD3320,,,,,,,,0,0,,Siberia,,,,,,,,16601,,,
,16602,hydro4,HYD3410,,,,,,,,0,0,,Siberia,,,,,,,,16602,,,
,16603,hydro4,HYD3421,,,,,,,,0,0,,Siberia,,,,,,,,16603,,,
,16604,hydro4,HYD3422,,,,,,,,0,0,,Siberia,,,,,,,,16604,,,
,16605,hydro4,HYD3422,,,,,,,,0,0,,Siberia,,,,,,,,16605,,,
,16606,hydro4,HYD3423,,,,,,,,0,0,,Siberia,,,,,,,,16606,,,
,16607,hydro4,HYD3424,,,,,,,,0,0,,Siberia,,,,,,,,16607,,,
,16608,hydro4,HYD3425,,,,,,,,0,0,,Siberia,,,,,,,,16608,,,
,16609,hydro4,HYD3426,,,,,,,,0,0,,Siberia,,,,,,,,16609,,,
,16610,hydro4,HYD3427,,,,,,,,0,0,,Siberia,,,,,,,,16610,,,
,16611,hydro4,HYD3428,,,,,,,,0,0,,Siberia,,,,,,,,16611,,,
,16612,hydro4,HYD3429,,,,,,,,0,0,,Siberia,,,,,,,,16612,,,
,16613,hydro4,HYD3430,,,,,,,,0,0,,Siberia,,,,,,,,16613,,,
,16614,hydro4,HYD3511,,,,,,,,0,0,,Siberia,,,,,,,,16614,,,
,16615,hydro4,HYD3512,,,,,,,,0,0,,Siberia,,,,,,,,16615,,,
,16616,hydro4,HYD3513,,,,,,,,0,0,,Siberia,,,,,,,,16616,,,
,16617,hydro4,HYD3514,,,,,,,,0,0,,Siberia,,,,,,,,16617,,,
,16618,hydro4,HYD3515,,,,,,,,0,0,,Siberia,,,,,,,,16618,,,
,16619,hydro4,HYD3516,,,,,,,,0,0,,Siberia,,,,,,,,16619,,,
,16620,hydro4,HYD3517,,,,,,,,0,0,,Siberia,,,,,,,,16620,,,
,16621,hydro4,HYD3518,,,,,,,,0,0,,Siberia,,,,,,,,16621,,,
,16622,hydro4,HYD3519,,,,,,,,0,0,,Siberia,,,,,,,,16622,,,
,16623,hydro4,HYD3520,,,,,,,,0,0,,Siberia,,,,,,,,16623,,,
,16624,hydro4,HYD3520,,,,,,,,0,0,,Siberia,,,,,,,,16624,,,
,16625,hydro4,HYD3530,,,,,,,,0,0,,Siberia,,,,,,,,16625,,,
,16626,hydro4,HYD3530,,,,,,,,0,0,,Arctic,,,,,,,,16626,,,
,16627,hydro4,HYD3541,,,,,,,,0,0,,Siberia,,,,,,,,16627,,,
,16628,hydro4,HYD3542,,,,,,,,0,0,,Siberia,,,,,,,,16628,,,
,16629,hydro4,HYD3543,,,,,,,,0,0,,Siberia,,,,,,,,16629,,,
,16630,hydro4,HYD3544,,,,,,,,0,0,,Siberia,,,,,,,,16630,,,
,16631,hydro4,HYD3545,,,,,,,,0,0,,Siberia,,,,,,,,16631,,,
,16632,hydro4,HYD3550,,,,,,,,0,0,,Siberia,,,,,,,,16632,,,
,16633,hydro4,HYD3560,,,,,,,,0,0,,Siberia,,,,,,,,16633,,,
,16634,hydro4,HYD3610,,,,,,,,0,0,,Siberia,,,,,,,,16634,,,
,16635,hydro4,HYD3610,,,ASHimalaya,2,,,,1,0,,Siberia,,,,,,,,16635,,,
,16636,hydro4,HYD3610,,,,,,,,0,0,,Siberia,,,,,,,,16636,,,
,16637,hydro4,HYD3610,,,,,,,,0,0,,Siberia,,,,,,,,16637,,,
,16638,hydro4,HYD4110,,,,,,,,0,0,,Asia,,,,,,,,16638,,,
,16639,hydro4,HYD4120,,,,,,,,0,0,,Asia,,,,,,,,16639,,,
,16640,hydro4,HYD4130,,,,,,,,0,0,,Asia,,,,,,,,16640,,,
,16641,hydro4,HYD4140,,,,,,,,0,0,,Asia,,,,,,,,16641,,,
,16642,hydro4,HYD4150,,,,,,,,0,0,,Asia,,,,,,,,16642,,,
,16643,hydro4,HYD4210,,,,,,,,0,0,,Asia,,,,,,,,16643,,,
,16644,hydro4,HYD4220,,,,,,,,0,0,,Asia,,,,,,,,16644,,,
,16645,hydro4,HYD4221,,,,,,,,0,0,,Asia,,,,,,,,16645,,,
,16646,hydro4,HYD4222,,,,,,,,0,0,,Asia,,,,,,,,16646,,,
,16647,hydro4,HYD4222,,,,,,,,0,0,,Asia,,,,,,,,16647,,,
,16648,hydro4,HYD4223,,,,,,,,0,0,,Asia,,,,,,,,16648,,,
,16649,hydro4,HYD4224,,,,,,,,0,0,,Asia,,,,,,,,16649,,,
,16650,hydro4,HYD4225,,,,,,,,0,0,,Asia,,,,,,,,16650,,,
,16651,hydro4,HYD4226,,,,,,,,0,0,,Asia,,,,,,,,16651,,,
,16652,hydro4,HYD4226,,,,,,,,0,0,,Asia,,,,,,,,16652,,,
,16653,hydro4,HYD4227,,,,,,,,0,0,,Asia,,,,,,,,16653,,,
,16654,hydro4,HYD4228,,,,,,,,0,0,,Asia,,,,,,,,16654,,,
,16655,hydro4,HYD4229,,,,,,,,0,0,,Asia,,,,,,,,16655,,,
,16656,hydro4,HYD4229,,,,,,,,0,0,,Asia,,,,,,,,16656,,,
,16657,hydro4,HYD4230,,,,,,,,0,0,,Asia,,,,,,,,16657,,,
,16658,hydro4,HYD4240,,,,,,,,0,0,,Asia,,,,,,,,16658,,,
,16659,hydro4,HYD4241,,,,,,,,0,0,,Asia,,,,,,,,16659,,,
,16660,hydro4,HYD4242,,,,,,,,0,0,,Asia,,,,,,,,16660,,,
,16661,hydro4,HYD4243,,,,,,,,0,0,,Asia,,,,,,,,16661,,,
,16662,hydro4,HYD4244,,,,,,,,0,0,,Asia,,,,,,,,16662,,,
,16663,hydro4,HYD4245,,,,,,,,0,0,,Asia,,,,,,,,16663,,,
,16664,hydro4,HYD4246,,,,,,,,0,0,,Asia,,,,,,,,16664,,,
,16665,hydro4,HYD4247,,,,,,,,0,0,,Asia,,,,,,,,16665,,,
,16666,hydro4,HYD4248,,,,,,,,0,0,,Asia,,,,,,,,16666,,,
,16667,hydro4,HYD4249,,,,,,,,0,0,,Asia,,,,,,,,16667,,,
,16668,hydro4,HYD4310,,,,,,,,0,0,,Asia,,,,,,,,16668,,,
,16669,hydro4,HYD4311,,,,,,,,0,0,,Asia,,,,,,,,16669,,,
,16670,hydro4,HYD4312,,,,,,,,0,0,,Asia,,,,,,,,16670,,,
,16671,hydro4,HYD4313,,,,,,,,0,0,,Asia,,,,,,,,16671,,,
,16672,hydro4,HYD4314,,,,,,,,0,0,,Asia,,,,,,,,16672,,,
,16673,hydro4,HYD4315,,,,,,,,0,0,,Asia,,,,,,,,16673,,,
,16674,hydro4,HYD4316,,,,,,,,0,0,,Asia,,,,,,,,16674,,,
,16675,hydro4,HYD4317,,,,,,,,0,0,,Asia,,,,,,,,16675,,,
,16676,hydro4,HYD4318,,,,,,,,0,0,,Asia,,,,,,,,16676,,,
,16677,hydro4,HYD4319,,,,,,,,0,0,,Asia,,,,,,,,16677,,,
,16678,hydro4,HYD4320,,,ASHimalaya,2,,,,1,0,,Asia,,,,,,,,16678,,,
,16679,hydro4,HYD4321,,,,,,,,0,0,,Asia,,,,,,,,16679,,,
,16680,hydro4,HYD4322,,,ASHimalaya,2,,,,1,0,,Asia,,,,,,,,16680,,,
,16681,hydro4,HYD4323,,,,,,,,0,0,,Asia,,,,,,,,16681,,,
,16682,hydro4,HYD4324,,,,,,,,0,0,,Asia,,,,,,,,16682,,,
,16683,hydro4,HYD4325,,,,,,,,0,0,,Asia,,,,,,,,16683,,,
,16684,hydro4,HYD4326,,,ASHimalaya,2,,,,1,0,,Asia,,,,,,,,16684,,,
,16685,hydro4,HYD4327,,,,,,,,0,0,,Asia,,,,,,,,16685,,,
,16686,hydro4,HYD4328,,,ASHimalaya,2,,,,1,0,,Asia,,,,,,,,16686,,,
,16687,hydro4,HYD4328,,,,,,,,0,0,,Asia,,,,,,,,16687,,,
,16688,hydro4,HYD4329,,,ASHimalaya,2,,,,1,0,,Asia,,,,,,,,16688,,,
,16689,hydro4,HYD4330,,,,,,,,0,0,,Asia,,,,,,,,16689,,,
,16690,hydro4,HYD4341,,,,,,,,0,0,,Asia,,,,,,,,16690,,,
,16691,hydro4,HYD4342,,,,,,,,0,0,,Asia,,,,,,,,16691,,,
,16692,hydro4,HYD4342,,,,,,,,0,0,,Asia,,,,,,,,16692,,,
,16693,hydro4,HYD4343,,,,,,,,0,0,,Asia,,,,,,,,16693,,,
,16694,hydro4,HYD4344,,,,,,,,0,0,,Asia,,,,,,,,16694,,,
,16695,hydro4,HYD4344,,,,,,,,0,0,,Asia,,,,,,,,16695,,,
,16696,hydro4,HYD4345,,,,,,,,0,0,,Asia,,,,,,,,16696,,,
,16697,hydro4,HYD4346,,,,,,,,0,0,,Asia,,,,,,,,16697,,,
,16698,hydro4,HYD4347,,,,,,,,0,0,,Asia,,,,,,,,16698,,,
,16699,hydro4,HYD4348,,,,,,,,0,0,,Asia,,,,,,,,16699,,,
,16700,hydro4,HYD4349,,,,,,,,0,0,,Asia,,,,,,,,16700,,,
,16701,hydro4,HYD4350,,,,,,,,0,0,,Asia,,,,,,,,16701,,,
,16702,hydro4,HYD4350,,,,,,,,0,0,,Asia,,,,,,,,16702,,,
,16703,hydro4,HYD4361,,,,,,,,0,0,,Asia,,,,,,,,16703,,,
,16704,hydro4,HYD4362,,,,,,,,0,0,,Asia,,,,,,,,16704,,,
,16705,hydro4,HYD4363,,,,,,,,0,0,,Asia,,,,,,,,16705,,,
,16706,hydro4,HYD4364,,,,,,,,0,0,,Asia,,,,,,,,16706,,,
,16707,hydro4,HYD4365,,,,,,,,0,0,,Asia,,,,,,,,16707,,,
,16708,hydro4,HYD4366,,,,,,,,0,0,,Asia,,,,,,,,16708,,,
,16709,hydro4,HYD4367,,,,,,,,0,0,,Asia,,,,,,,,16709,,,
,16710,hydro4,HYD4368,,,,,,,,0,0,,Asia,,,,,,,,16710,,,
,16711,hydro4,HYD4369,,,,,,,,0,0,,Asia,,,,,,,,16711,,,
,16712,hydro4,HYD4370,,,,,,,,0,0,,Asia,,,,,,,,16712,,,
,16713,hydro4,HYD4380,,,,,,,,0,0,,Asia,,,,,,,,16713,,,
,16714,hydro4,HYD4390,,,,,,,,0,0,,Asia,,,,,,,,16714,,,
,16715,hydro4,HYD4410,,,,,,,,0,0,,Asia,,,,,,,,16715,,,
,16716,hydro4,HYD4421,,,,,,,,0,0,,Asia,,,,,,,,16716,,,
,16717,hydro4,HYD4422,,,,,,,,0,0,,Asia,,,,,,,,16717,,,
,16718,hydro4,HYD4422,,,,,,,,0,0,,Asia,,,,,,,,16718,,,
,16719,hydro4,HYD4423,,,,,,,,0,0,,Asia,,,,,,,,16719,,,
,16720,hydro4,HYD4424,,,,,,,,0,0,,Asia,,,,,,,,16720,,,
,16721,hydro4,HYD4425,,,,,,,,0,0,,Asia,,,,,,,,16721,,,
,16722,hydro4,HYD4426,,,,,,,,0,0,,Asia,,,,,,,,16722,,,
,16723,hydro4,HYD4427,,,,,,,,0,0,,Asia,,,,,,,,16723,,,
,16724,hydro4,HYD4428,,,,,,,,0,0,,Asia,,,,,,,,16724,,,
,16725,hydro4,HYD4429,,,,,,,,0,0,,Asia,,,,,,,,16725,,,
,16726,hydro4,HYD4430,,,,,,,,0,0,,Asia,,,,,,,,16726,,,
,16727,hydro4,HYD4440,,,,,,,,0,0,,Asia,,,,,,,,16727,,,
,16728,hydro4,HYD4440,,,,,,,,0,0,,Asia,,,,,,,,16728,,,
,16729,hydro4,HYD4451,,,,,,,,0,0,,Asia,,,,,,,,16729,,,
,16730,hydro4,HYD4452,,,,,,,,0,0,,Asia,,,,,,,,16730,,,
,16731,hydro4,HYD4453,,,,,,,,0,0,,Asia,,,,,,,,16731,,,
,16732,hydro4,HYD4454,,,,,,,,0,0,,Asia,,,,,,,,16732,,,
,16733,hydro4,HYD4455,,,,,,,,0,0,,Asia,,,,,,,,16733,,,
,16734,hydro4,HYD4456,,,,,,,,0,0,,Asia,,,,,,,,16734,,,
,16735,hydro4,HYD4457,,,,,,,,0,0,,Asia,,,,,,,,16735,,,
,16736,hydro4,HYD4458,,,ASHimalaya,2,,,,1,0,,Asia,,,,,,,,16736,,,
,16737,hydro4,HYD4459,,,,,,,,0,0,,Asia,,,,,,,,16737,,,
,16738,hydro4,HYD4460,,,,,,,,0,0,,Asia,,,,,,,,16738,,,
,16739,hydro4,HYD4510,,,,,,,,0,0,,Asia,,,,,,,,16739,,,
,16740,hydro4,HYD4521,,,,,,,,0,0,,Asia,,,,,,,,16740,,,
,16741,hydro4,HYD4522,,,ASHimalaya,2,,,,1,0,,Asia,,,,,,,,16741,,,
,16742,hydro4,HYD4523,,,,,,,,0,0,,Asia,,,,,,,,16742,,,
,16743,hydro4,HYD4524,,,ASHimalaya,2,,,,1,0,,Asia,,,,,,,,16743,,,
,16744,hydro4,HYD4525,,,ASHimalaya,2,,,,1,0,,Asia,,,,,,,,16744,,,
,16745,hydro4,HYD4526,,,ASHimalaya,2,,,,1,0,,Asia,,,,,,,,16745,,,
,16746,hydro4,HYD4527,,,ASHimalaya,2,,,,1,0,,Asia,,,,,,,,16746,,,
,16747,hydro4,HYD4528,,,ASHimalaya,2,,,,1,0,,Asia,,,,,,,,16747,,,
,16748,hydro4,HYD4529,,,ASHimalaya,2,,,,1,0,,Asia,,,,,,,,16748,,,
,16749,hydro4,HYD4531,,,,,,,,0,0,,Asia,,,,,,,,16749,,,
,16750,hydro4,HYD4532,,,,,,,,0,0,,Asia,,,,,,,,16750,,,
,16751,hydro4,HYD4533,,,,,,,,0,0,,Asia,,,,,,,,16751,,,
,16752,hydro4,HYD4534,,,,,,,,0,0,,Asia,,,,,,,,16752,,,
,16753,hydro4,HYD4535,,,,,,,,0,0,,Asia,,,,,,,,16753,,,
,16754,hydro4,HYD4536,,,,,,,,0,0,,Asia,,,,,,,,16754,,,
,16755,hydro4,HYD4537,,,,,,,,0,0,,Asia,,,,,,,,16755,,,
,16756,hydro4,HYD4538,,,,,,,,0,0,,Asia,,,,,,,,16756,,,
,16757,hydro4,HYD4539,,,,,,,,0,0,,Asia,,,,,,,,16757,,,
,16758,hydro4,HYD4540,,,,,,,,0,0,,Asia,,,,,,,,16758,,,
,16759,hydro4,HYD4551,,,,,,,,0,0,,Asia,,,,,,,,16759,,,
,16760,hydro4,HYD4552,,,,,,,,0,0,,Asia,,,,,,,,16760,,,
,16761,hydro4,HYD4553,,,,,,,,0,0,,Asia,,,,,,,,16761,,,
,16762,hydro4,HYD4554,,,,,,,,0,0,,Asia,,,,,,,,16762,,,
,16763,hydro4,HYD4555,,,,,,,,0,0,,Asia,,,,,,,,16763,,,
,16764,hydro4,HYD4556,,,,,,,,0,0,,Asia,,,,,,,,16764,,,
,16765,hydro4,HYD4557,,,,,,,,0,0,,Asia,,,,,,,,16765,,,
,16766,hydro4,HYD4558,,,,,,,,0,0,,Asia,,,,,,,,16766,,,
,16767,hydro4,HYD4559,,,,,,,,0,0,,Asia,,,,,,,,16767,,,
,16768,hydro4,HYD4561,,,,,,,,0,0,,Asia,,,,,,,,16768,,,
,16769,hydro4,HYD4562,,,,,,,,0,0,,Asia,,,,,,,,16769,,,
,16770,hydro4,HYD4563,,,,,,,,0,0,,Asia,,,,,,,,16770,,,
,16771,hydro4,HYD4564,,,ASHimalaya,2,,,,1,0,,Asia,,,,,,,,16771,,,
,16772,hydro4,HYD4565,,,ASHimalaya,2,,,,1,0,,Asia,,,,,,,,16772,,,
,16773,hydro4,HYD4566,,,ASHimalaya,2,,,,1,0,,Asia,,,,,,,,16773,,,
,16774,hydro4,HYD4567,,,ASHimalaya,2,,,,1,0,,Asia,,,,,,,,16774,,,
,16775,hydro4,HYD4568,,,ASHimalaya,2,,,,1,0,,Asia,,,,,,,,16775,,,
,16776,hydro4,HYD4569,,,ASHimalaya,2,,,,1,0,,Asia,,,,,,,,16776,,,
,16777,hydro4,HYD4570,,,,,,,,0,0,,Asia,,,,,,,,16777,,,
,16778,hydro4,HYD4580,,,,,,,,0,0,,Asia,,,,,,,,16778,,,
,16779,hydro4,HYD4610,,,ASHimalaya,2,,,,1,0,,Asia,,,,,,,,16779,,,
,16780,hydro4,HYD4611,,,ASHimalaya,2,,,,1,0,,Asia,,,,,,,,16780,,,
,16781,hydro4,HYD4611,,,ASHimalaya,2,,,,1,0,,Asia,,,,,,,,16781,Duplicate?,,
,16782,hydro4,HYD4612,,,ASHimalaya,2,,,,1,0,,Asia,,,,,,,,16782,,,
,16783,hydro4,HYD4613,,,ASHimalaya,2,,,,1,0,,Asia,,,,,,,,16783,,,
,16784,hydro4,HYD4614,,,ASHimalaya,2,,,,1,0,,Asia,,,,,,,,16784,,,
,16785,hydro4,HYD4615,,,,,,,,0,0,,Asia,,,,,,,,16785,,,
,16786,hydro4,HYD4616,,,ASHimalaya,2,,,,1,0,,Asia,,,,,,,,16786,,,
,16787,hydro4,HYD4617,,,ASHimalaya,2,,,,1,0,,Asia,,,,,,,,16787,,,
,16788,hydro4,HYD4618,,,ASHimalaya,2,,,,1,0,,Asia,,,,,,,,16788,,,
,16789,hydro4,HYD4619,,,ASHimalaya,2,,,,1,0,,Asia,,,,,,,,16789,,,
,16790,hydro4,HYD4621,,,ASHimalaya,2,,,,1,0,,Asia,,,,,,,,16790,,,
,16791,hydro4,HYD4622,,,ASHimalaya,2,,,,1,0,,Asia,,,,,,,,16791,,,
,16792,hydro4,HYD4623,,,,,,,,0,0,,Asia,,,,,,,,16792,,,
,16793,hydro4,HYD4624,,,,,,,,0,0,,Asia,,,,,,,,16793,,,
,16794,hydro4,HYD4625,,,ASHimalaya,2,,,,1,0,,Asia,,,,,,,,16794,,,
,16795,hydro4,HYD4626,,,ASHimalaya,2,,,,1,0,,Asia,,,,,,,,16795,,,
,16796,hydro4,HYD4626,,,,,,,,0,0,,Asia,,,,,,,,16796,,,
,16797,hydro4,HYD4630,,,,,,,,0,0,,Asia,,,,,,,,16797,,,
,16798,hydro4,HYD4630,,,ASHimalaya,2,,,,1,0,,Asia,,,,,,,,16798,,,
,16799,hydro4,HYD4631,,,,,,,,0,0,,Asia,,,,,,,,16799,,,
,16800,hydro4,HYD4631,,,,,,,,0,0,,Asia,,,,,,,,16800,,,
,16801,hydro4,HYD4632,,,ASHimalaya,2,,,,1,0,,Asia,,,,,,,,16801,,,
,16802,hydro4,HYD4633,,,,,,,,0,0,,Asia,,,,,,,,16802,,,
,16803,hydro4,HYD4634,,,,,,,,0,0,,Asia,,,,,,,,16803,,,
,16804,hydro4,HYD4635,,,,,,,,0,0,,Asia,,,,,,,,16804,,,
,16805,hydro4,HYD4636,,,ASHimalaya,2,,,,1,0,,Asia,,,,,,,,16805,,,
,16806,hydro4,HYD4637,,,ASHimalaya,2,,,,1,0,,Asia,,,,,,,,16806,,,
,16807,hydro4,HYD4638,,,ASHimalaya,2,,,,1,0,,Asia,,,,,,,,16807,,,
,16808,hydro4,HYD4639,,,ASHimalaya,2,,,,1,0,,Asia,,,,,,,,16808,,,
,16809,hydro4,HYD4639,,,,,,,,0,0,,Asia,,,,,,,,16809,,,
,16810,hydro4,HYD4711,,,ASHimalaya,2,,,,1,0,,Asia,,,,,,,,16810,,,
,16811,hydro4,HYD4712,,,ASHimalaya,2,,,,1,0,,Asia,,,,,,,,16811,,,
,16812,hydro4,HYD4713,,,ASHimalaya,2,,,,1,0,,Asia,,,,,,,,16812,,,
,16813,hydro4,HYD4714,,,ASHimalaya,2,,,,1,0,,Asia,,,,,,,,16813,,,
,16814,hydro4,HYD4715,,,ASHimalaya,2,,,,1,0,,Asia,,,,,,,,16814,,,
,16815,hydro4,HYD4716,,,ASHimalaya,2,,,,1,0,,Asia,,,,,,,,16815,,,
,16816,hydro4,HYD4720,,,,,,,,0,0,,Asia,,,,,,,,16816,,,
,16817,hydro4,HYD4731,,,,,,,,0,0,,Asia,,,,,,,,16817,,,
,16818,hydro4,HYD4732,,,,,,,,0,0,,Asia,,,,,,,,16818,,,
,16819,hydro4,HYD4733,,,,,,,,0,0,,Asia,,,,,,,,16819,,,
,16820,hydro4,HYD4734,,,ASHimalaya,2,,,,1,0,,Asia,,,,,,,,16820,,,
,16821,hydro4,HYD4735,,,,,,,,0,0,,Asia,,,,,,,,16821,,,
,16822,hydro4,HYD4736,,,,,,,,0,0,,Asia,,,,,,,,16822,,,
,16823,hydro4,HYD4737,,,,,,,,0,0,,Asia,,,,,,,,16823,,,
,16824,hydro4,HYD4740,,,,,,,,0,0,,Asia,,,,,,,,16824,,,
,16825,hydro4,HYD4751,,,,,,,,0,0,,Asia,,,,,,,,16825,,,
,16826,hydro4,HYD4752,,,,,,,,0,0,,Asia,,,,,,,,16826,,,
,16827,hydro4,HYD4753,,,,,,,,0,0,,Asia,,,,,,,,16827,,,
,16828,hydro4,HYD4754,,,,,,,,0,0,,Asia,,,,,,,,16828,,,
,16829,hydro4,HYD4755,,,,,,,,0,0,,Asia,,,,,,,,16829,,,
,16830,hydro4,HYD4756,,,,,,,,0,0,,Asia,,,,,,,,16830,,,
,16831,hydro4,HYD4810,,,ASHimalaya,2,,,,1,0,,Asia,,,,,,,,16831,,,
,16832,hydro4,HYD4820,,,,,,,,0,0,,Asia,,,,,,,,16832,,,
,16833,hydro4,HYD4821,,,ASHimalaya,2,,,,1,0,,Asia,,,,,,,,16833,,,
,16834,hydro4,HYD4822,,,ASHimalaya,2,,,,1,0,,Asia,,,,,,,,16834,,,
,16835,hydro4,HYD4822,,,,,,,,0,0,,Asia,,,,,,,,16835,,,
,16836,hydro4,HYD4823,,,ASHimalaya,2,,,,1,0,,Asia,,,,,,,,16836,,,
,16837,hydro4,HYD4824,,,ASHimalaya,2,,,,1,0,,Asia,,,,,,,,16837,,,
,16838,hydro4,HYD4825,,,ASHimalaya,2,,,,1,0,,Asia,,,,,,,,16838,,,
,16839,hydro4,HYD4826,,,ASHimalaya,2,,,,1,0,,Asia,,,,,,,,16839,,,
,16840,hydro4,HYD4827,,,ASHimalaya,2,,,,1,0,,Asia,,,,,,,,16840,,,
,16841,hydro4,HYD4828,,,ASHimalaya,2,,,,1,0,,Asia,,,,,,,,16841,,,
,16842,hydro4,HYD4829,,,ASHimalaya,2,,,,1,0,,Asia,,,,,,,,16842,,,
,16843,hydro4,HYD4830,,,ASHimalaya,2,,,,1,0,,Asia,,,,,,,,16843,,,
,16844,hydro4,HYD4911,,,ASHimalaya,2,,,,1,0,,Asia,,,,,,,,16844,,,
,16845,hydro4,HYD4912,,,ASHimalaya,2,,,,1,0,,Asia,,,,,,,,16845,,,
,16846,hydro4,HYD4913,,,ASHimalaya,2,,,,1,0,,Asia,,,,,,,,16846,,,
,16847,hydro4,HYD4914,,,,,,,,0,0,,Asia,,,,,,,,16847,,,
,16848,hydro4,HYD4914,,,ASHimalaya,2,,,,1,0,,Asia,,,,,,,,16848,,,
,16849,hydro4,HYD4915,,,,,,,,0,0,,Asia,,,,,,,,16849,,,
,16850,hydro4,HYD4915,,,ASHimalaya,2,,,,1,0,,Asia,,,,,,,,16850,,,
,16851,hydro4,HYD4916,,,,,,,,0,0,,Asia,,,,,,,,16851,,,
,16852,hydro4,HYD4916,,,ASHimalaya,2,,,,1,0,,Asia,,,,,,,,16852,,,
,16853,hydro4,HYD4917,,,ASHimalaya,2,,,,1,0,,Asia,,,,,,,,16853,,,
,16854,hydro4,HYD4920,,,ASHimalaya,2,,,,1,0,,Asia,,,,,,,,16854,,,
,16855,hydro4,HYD5111,,,,,,,,0,0,,Australasia,,,,,,,,16855,,,
,16856,hydro4,HYD5111,,,,,,,,0,0,,Australasia,,,,,,,,16856,,,
,16857,hydro4,HYD5112,,,,,,,,0,0,,Australasia,,,,,,,,16857,,,
,16858,hydro4,HYD5113,,,,,,,,0,0,,Australasia,,,,,,,,16858,,,
,16859,hydro4,HYD5114,,,,,,,,0,0,,Australasia,,,,,,,,16859,,,
,16860,hydro4,HYD5115,,,,,,,,0,0,,Australasia,,,,,,,,16860,,,
,16861,hydro4,HYD5116,,,,,,,,0,0,,Australasia,,,,,,,,16861,,,
,16862,hydro4,HYD5117,,,,,,,,0,0,,Australasia,,,,,,,,16862,,,
,16863,hydro4,HYD5118,,,,,,,,0,0,,Australasia,,,,,,,,16863,,,
,16864,hydro4,HYD5119,,,,,,,,0,0,,Australasia,,,,,,,,16864,,,
,16865,hydro4,HYD5120,,,,,,,,0,0,,Australasia,,,,,,,,16865,,,
,16866,hydro4,HYD5130,,,,,,,,0,0,,Australasia,,,,,,,,16866,,,
,16867,hydro4,HYD5140,,,,,,,,0,0,,Australasia,,,,,,,,16867,,,
,16868,hydro4,HYD5150,,,,,,,,0,0,,Australasia,,,,,,,,16868,,,
,16869,hydro4,HYD5160,,,,,,,,0,0,,Australasia,,,,,,,,16869,,,
,16870,hydro4,HYD5170,,,,,,,,0,0,,Australasia,,,,,,,,16870,,,
,16871,hydro4,HYD5211,,,,,,,,0,0,,Australasia,,,,,,,,16871,,,
,16872,hydro4,HYD5212,,,,,,,,0,0,,Australasia,,,,,,,,16872,,,
,16873,hydro4,HYD5213,,,,,,,,0,0,,Australasia,,,,,,,,16873,,,
,16874,hydro4,HYD5214,,,,,,,,0,0,,Australasia,,,,,,,,16874,,,
,16875,hydro4,HYD5215,,,,,,,,0,0,,Australasia,,,,,,,,16875,,,
,16876,hydro4,HYD5216,,,,,,,,0,0,,Australasia,,,,,,,,16876,,,
,16877,hydro4,HYD5217,,,,,,,,0,0,,Australasia,,,,,,,,16877,,,
,16878,hydro4,HYD5218,,,,,,,,0,0,,Australasia,,,,,,,,16878,,,
,16879,hydro4,HYD5219,,,,,,,,0,0,,Australasia,,,,,,,,16879,,,
,16880,hydro4,HYD5220,,,,,,,,0,0,,Australasia,,,,,,,,16880,,,
,16881,hydro4,HYD5230,,,,,,,,0,0,,Australasia,,,,,,,,16881,,,
,16882,hydro4,HYD5240,,,,,,,,0,0,,Australasia,,,,,,,,16882,,,
,16883,hydro4,HYD5250,,,,,,,,0,0,,Australasia,,,,,,,,16883,,,
,16884,hydro4,HYD5260,,,,,,,,0,0,,Australasia,,,,,,,,16884,,,
,16885,hydro4,HYD5311,,,,,,,,0,0,,Australasia,,,,,,,,16885,,,
,16886,hydro4,HYD5312,,,,,,,,0,0,,Australasia,,,,,,,,16886,,,
,16887,hydro4,HYD5313,,,,,,,,0,0,,Australasia,,,,,,,,16887,,,
,16888,hydro4,HYD5314,,,,,,,,0,0,,Australasia,,,,,,,,16888,,,
,16889,hydro4,HYD5315,,,,,,,,0,0,,Australasia,,,,,,,,16889,,,
,16890,hydro4,HYD5316,,,,,,,,0,0,,Australasia,,,,,,,,16890,,,
,16891,hydro4,HYD5317,,,,,,,,0,0,,Australasia,,,,,,,,16891,,,
,16892,hydro4,HYD5318,,,,,,,,0,0,,Australasia,,,,,,,,16892,,,
,16893,hydro4,HYD5319,,,,,,,,0,0,,Australasia,,,,,,,,16893,,,
,16894,hydro4,HYD5320,,,,,,,,0,0,,Australasia,,,,,,,,16894,,,
,16895,hydro4,HYD5330,,,,,,,,0,0,,Australasia,,,,,,,,16895,,,
,16896,hydro4,HYD5340,,,,,,,,0,0,,Australasia,,,,,,,,16896,,,
,16897,hydro4,HYD5350,,,,,,,,0,0,,Australasia,,,,,,,,16897,,,
,16898,hydro4,HYD5360,,,,,,,,0,0,,Australasia,,,,,,,,16898,,,
,16899,hydro4,HYD5370,,,,,,,,0,0,,Australasia,,,,,,,,16899,,,
,16900,hydro4,HYD5380,,,,,,,,0,0,,Australasia,,,,,,,,16900,,,
,16901,hydro4,HYD5410,,,,,,,,0,0,,Australasia,,,,,,,,16901,,,
,16902,hydro4,HYD5420,,,,,,,,0,0,,Australasia,,,,,,,,16902,,,
,16903,hydro4,HYD5430,,,,,,,,0,0,,Australasia,,,,,,,,16903,,,
,16904,hydro4,HYD5440,,,,,,,,0,0,,Australasia,,,,,,,,16904,,,
,16905,hydro4,HYD5450,,,,,,,,0,0,,Australasia,,,,,,,,16905,,,
,16906,hydro4,HYD5510,,,,,,,,0,0,,Australasia,,,,,,,,16906,,,
,16907,hydro4,HYD5520,,,,,,,,0,0,,Australasia,,,,,,,,16907,,,
,16908,hydro4,HYD5530,,,,,,,,0,0,,Australasia,,,,,,,,16908,,,
,16909,hydro4,HYD5540,,,,,,,,0,0,,Australasia,,,,,,,,16909,,,
,16910,hydro4,HYD5550,,,,,,,,0,0,,Australasia,,,,,,,,16910,,,
,16911,hydro4,HYD5560,,,,,,,,0,0,,Australasia,,,,,,,,16911,,,
,16912,hydro4,HYD5570,,,,,,,,0,0,,Australasia,,,,,,,,16912,,,
,16913,hydro4,HYD5610,,,,,,,,0,0,,Australasia,,,,,,,,16913,,,
,16914,hydro4,HYD5611,,,,,,,,0,0,,Australasia,,,,,,,,16914,,,
,16915,hydro4,HYD5612,,,,,,,,0,0,,Australasia,,,,,,,,16915,,,
,16916,hydro4,HYD5613,,,,,,,,0,0,,Australasia,,,,,,,,16916,,,
,16917,hydro4,HYD5614,,,,,,,,0,0,,Australasia,,,,,,,,16917,,,
,16918,hydro4,HYD5615,,,,,,,,0,0,,Australasia,,,,,,,,16918,,,
,16919,hydro4,HYD5616,,,,,,,,0,0,,Australasia,,,,,,,,16919,,,
,16920,hydro4,HYD5617,,,,,,,,0,0,,Australasia,,,,,,,,16920,,,
,16921,hydro4,HYD5618,,,,,,,,0,0,,Australasia,,,,,,,,16921,,,
,16922,hydro4,HYD5619,,,,,,,,0,0,,Australasia,,,,,,,,16922,,,
,16923,hydro4,HYD5620,,,,,,,,0,0,,Australasia,,,,,,,,16923,,,
,16924,hydro4,HYD5621,,,,,,,,0,0,,Australasia,,,,,,,,16924,,,
,16925,hydro4,HYD5622,,,,,,,,0,0,,Australasia,,,,,,,,16925,,,
,16926,hydro4,HYD5623,,,,,,,,0,0,,Australasia,,,,,,,,16926,,,
,16927,hydro4,HYD5624,,,,,,,,0,0,,Australasia,,,,,,,,16927,,,
,16928,hydro4,HYD5625,,,,,,,,0,0,,Australasia,,,,,,,,16928,,,
,16929,hydro4,HYD5626,,,,,,,,0,0,,Australasia,,,,,,,,16929,,,
,16930,hydro4,HYD5627,,,,,,,,0,0,,Australasia,,,,,,,,16930,,,
,16931,hydro4,HYD5628,,,,,,,,0,0,,Australasia,,,,,,,,16931,,,
,16932,hydro4,HYD5629,,,,,,,,0,0,,Australasia,,,,,,,,16932,,,
,16933,hydro4,HYD5630,,,,,,,,0,0,,Australasia,,,,,,,,16933,,,
,16934,hydro4,HYD5631,,,,,,,,0,0,,Australasia,,,,,,,,16934,,,
,16935,hydro4,HYD5632,,,,,,,,0,0,,Australasia,,,,,,,,16935,,,
,16936,hydro4,HYD5633,,,,,,,,0,0,,Australasia,,,,,,,,16936,,,
,16937,hydro4,HYD5634,,,,,,,,0,0,,Australasia,,,,,,,,16937,,,
,16938,hydro4,HYD5635,,,,,,,,0,0,,Australasia,,,,,,,,16938,,,
,16939,hydro4,HYD5636,,,,,,,,0,0,,Australasia,,,,,,,,16939,,,
,16940,hydro4,HYD5637,,,,,,,,0,0,,Australasia,,,,,,,,16940,,,
,16941,hydro4,HYD5638,,,,,,,,0,0,,Australasia,,,,,,,,16941,,,
,16942,hydro4,HYD5639,,,,,,,,0,0,,Australasia,,,,,,,,16942,,,
,16943,hydro4,HYD5640,,,,,,,,0,0,,Australasia,,,,,,,,16943,,,
,16944,hydro4,HYD5641,,,,,,,,0,0,,Australasia,,,,,,,,16944,,,
,16945,hydro4,HYD5642,,,,,,,,0,0,,Australasia,,,,,,,,16945,,,
,16946,hydro4,HYD5643,,,,,,,,0,0,,Australasia,,,,,,,,16946,,,
,16947,hydro4,HYD5644,,,,,,,,0,0,,Australasia,,,,,,,,16947,,,
,16948,hydro4,HYD5645,,,,,,,,0,0,,Australasia,,,,,,,,16948,,,
,16949,hydro4,HYD5646,,,,,,,,0,0,,Australasia,,,,,,,,16949,,,
,16950,hydro4,HYD5647,,,,,,,,0,0,,Australasia,,,,,,,,16950,,,
,16951,hydro4,HYD5648,,,,,,,,0,0,,Australasia,,,,,,,,16951,,,
,16952,hydro4,HYD5649,,,,,,,,0,0,,Australasia,,,,,,,,16952,,,
,16953,hydro4,HYD5650,,,,,,,,0,0,,Australasia,,,,,,,,16953,,,
,16954,hydro4,HYD5651,,,,,,,,0,0,,Australasia,,,,,,,,16954,,,
,16955,hydro4,HYD5652,,,,,,,,0,0,,Australasia,,,,,,,,16955,,,
,16956,hydro4,HYD5653,,,,,,,,0,0,,Australasia,,,,,,,,16956,,,
,16957,hydro4,HYD5654,,,,,,,,0,0,,Australasia,,,,,,,,16957,,,
,16958,hydro4,HYD5655,,,,,,,,0,0,,Australasia,,,,,,,,16958,,,
,16959,hydro4,HYD5656,,,,,,,,0,0,,Australasia,,,,,,,,16959,,,
,16960,hydro4,HYD5657,,,,,,,,0,0,,Australasia,,,,,,,,16960,,,
,16961,hydro4,HYD5658,,,,,,,,0,0,,Australasia,,,,,,,,16961,,,
,16962,hydro4,HYD5659,,,,,,,,0,0,,Australasia,,,,,,,,16962,,,
,16963,hydro4,HYD5660,,,,,,,,0,0,,Australasia,,,,,,,,16963,,,
,16964,hydro4,HYD5661,,,,,,,,0,0,,Australasia,,,,,,,,16964,,,
,16965,hydro4,HYD5662,,,,,,,,0,0,,Australasia,,,,,,,,16965,,,
,16966,hydro4,HYD5663,,,,,,,,0,0,,Australasia,,,,,,,,16966,,,
,16967,hydro4,HYD5664,,,,,,,,0,0,,Australasia,,,,,,,,16967,,,
,16968,hydro4,HYD5665,,,,,,,,0,0,,Australasia,,,,,,,,16968,,,
,16969,hydro4,HYD5666,,,,,,,,0,0,,Australasia,,,,,,,,16969,,,
,16970,hydro4,HYD5667,,,,,,,,0,0,,Australasia,,,,,,,,16970,,,
,16971,hydro4,HYD5668,,,,,,,,0,0,,Australasia,,,,,,,,16971,,,
,16972,hydro4,HYD5669,,,,,,,,0,0,,Australasia,,,,,,,,16972,,,
,16973,hydro4,HYD5670,,,,,,,,0,0,,Australasia,,,,,,,,16973,,,
,16974,hydro4,HYD5671,,,,,,,,0,0,,Australasia,,,,,,,,16974,,,
,16975,hydro4,HYD5672,,,,,,,,0,0,,Australasia,,,,,,,,16975,,,
,16976,hydro4,HYD5673,,,,,,,,0,0,,Australasia,,,,,,,,16976,,,
,16977,hydro4,HYD5674,,,,,,,,0,0,,Australasia,,,,,,,,16977,,,
,16978,hydro4,HYD5675,,,,,,,,0,0,,Australasia,,,,,,,,16978,,,
,16979,hydro4,HYD5676,,,,,,,,0,0,,Australasia,,,,,,,,16979,,,
,16980,hydro4,HYD5677,,,,,,,,0,0,,Australasia,,,,,,,,16980,,,
,16981,hydro4,HYD5678,,,,,,,,0,0,,Australasia,,,,,,,,16981,,,
,16982,hydro4,HYD5679,,,,,,,,0,0,,Australasia,,,,,,,,16982,,,
,16983,hydro4,HYD5680,,,,,,,,0,0,,Australasia,,,,,,,,16983,,,
,16984,hydro4,HYD5681,,,,,,,,0,0,,Australasia,,,,,,,,16984,,,
,16985,hydro4,HYD5682,,,,,,,,0,0,,Australasia,,,,,,,,16985,,,
,16986,hydro4,HYD5683,,,,,,,,0,0,,Australasia,,,,,,,,16986,,,
,16987,hydro4,HYD5684,,,,,,,,0,0,,Australasia,,,,,,,,16987,,,
,16988,hydro4,HYD5685,,,,,,,,0,0,,Australasia,,,,,,,,16988,,,
,16989,hydro4,HYD5686,,,,,,,,0,0,,Australasia,,,,,,,,16989,,,
,16990,hydro4,HYD5687,,,,,,,,0,0,,Australasia,,,,,,,,16990,,,
,16991,hydro4,HYD5688,,,,,,,,0,0,,Australasia,,,,,,,,16991,,,
,16992,hydro4,HYD5689,,,,,,,,0,0,,Australasia,,,,,,,,16992,,,
,16993,hydro4,HYD5690,,,,,,,,0,0,,Australasia,,,,,,,,16993,,,
,16994,hydro4,HYD5710,,,,,,,,0,0,,Australasia,,,,,,,,16994,,,
,16995,hydro4,HYD5720,,,,,,,,0,0,,Australasia,,,,,,,,16995,,,
,16996,hydro4,HYD5730,,,,,,,,0,0,,Australasia,,,,,,,,16996,,,
,16997,hydro4,HYD5740,,,,,,,,0,0,,Australasia,,,,,,,,16997,,,
,16998,hydro4,HYD5750,,,,,,,,0,0,,Australasia,,,,,,,,16998,,,
,16999,hydro4,HYD6110,,,,,,,,0,0,,South America,,,,,,,,16999,,,
,17000,hydro4,HYD6120,,,,,,,,0,0,,South America,,,,,,,,17000,,,
,17001,hydro4,HYD6130,,,,,,,,0,0,,South America,,,,,,,,17001,,,
,17002,hydro4,HYD6140,,,,,,,,0,0,,South America,,,,,,,,17002,,,
,17003,hydro4,HYD6151,,,,,,,,0,0,,South America,,,,,,,,17003,,,
,17004,hydro4,HYD6152,,,,,,,,0,0,,South America,,,,,,,,17004,,,
,17005,hydro4,HYD6152,,,,,,,,0,0,,South America,,,,,,,,17005,,,
,17006,hydro4,HYD6153,,,,,,,,0,0,,South America,,,,,,,,17006,,,
,17007,hydro4,HYD6154,,,,,,,,0,0,,South America,,,,,,,,17007,,,
,17008,hydro4,HYD6155,,,,,,,,0,0,,South America,,,,,,,,17008,,,
,17009,hydro4,HYD6156,,,,,,,,0,0,,South America,,,,,,,,17009,,,
,17010,hydro4,HYD6157,,,,,,,,0,0,,South America,,,,,,,,17010,,,
,17011,hydro4,HYD6158,,,,,,,,0,0,,South America,,,,,,,,17011,,,
,17012,hydro4,HYD6159,,,,,,,,0,0,,South America,,,,,,,,17012,,,
,17013,hydro4,HYD6161,,,,,,,,0,0,,South America,,,,,,,,17013,,,
,17014,hydro4,HYD6162,,,,,,,,0,0,,South America,,,,,,,,17014,,,
,17015,hydro4,HYD6163,,,,,,,,0,0,,South America,,,,,,,,17015,,,
,17016,hydro4,HYD6164,,,,,,,,0,0,,South America,,,,,,,,17016,,,
,17017,hydro4,HYD6164,,,,,,,,0,0,,South America,,,,,,,,17017,,,
,17018,hydro4,HYD6165,,,,,,,,0,0,,South America,,,,,,,,17018,,,
,17019,hydro4,HYD6165,,,,,,,,0,0,,South America,,,,,,,,17019,,,
,17020,hydro4,HYD6166,,,,,,,,0,0,,South America,,,,,,,,17020,,,
,17021,hydro4,HYD6167,,,,,,,,0,0,,South America,,,,,,,,17021,,,
,17022,hydro4,HYD6168,,,,,,,,0,0,,South America,,,,,,,,17022,,,
,17023,hydro4,HYD6169,,,,,,,,0,0,,South America,,,,,,,,17023,,,
,17024,hydro4,HYD6210,,,,,,,,0,0,,South America,,,,,,,,17024,,,
,17025,hydro4,HYD6221,,,,,,,,0,0,,South America,,,,,,,,17025,,,
,17026,hydro4,HYD6222,,,,,,,,0,0,,South America,,,,,,,,17026,,,
,17027,hydro4,HYD6222,,,,,,,,0,0,,South America,,,,,,,,17027,,,
,17028,hydro4,HYD6223,,,,,,,,0,0,,South America,,,,,,,,17028,,,
,17029,hydro4,HYD6223,,,,,,,,0,0,,South America,,,,,,,,17029,,,
,17030,hydro4,HYD6224,,,,,,,,0,0,,South America,,,,,,,,17030,,,
,17031,hydro4,HYD6225,,,,,,,,0,0,,South America,,,,,,,,17031,,,
,17032,hydro4,HYD6225,,,,,,,,0,0,,South America,,,,,,,,17032,,,
Madre Dios - Guapay - Madeira,17033,hydro4,HYD6226,,,,,,,,0,0,,South America,,,,,,,Madre Dios - Guapay - Madeira,17033,,,
,17034,hydro4,HYD6227,,,,,,,,0,0,,South America,,,,,,,,17034,,,
,17035,hydro4,HYD6228,,,,,,,,0,0,,South America,,,,,,,,17035,,,
Caqueta - Ucayali - Amazon,17036,hydro4,HYD6229,,,,,,,,0,0,,South America,,,,,,,Caqueta - Ucayali - Amazon,17036,,,
,17037,hydro4,HYD6230,,,,,,,,0,0,,South America,,,,,,,,17037,,,
,17038,hydro4,HYD6241,,,,,,,,0,0,,South America,,,,,,,,17038,,,
,17039,hydro4,HYD6241,,,,,,,,0,0,,South America,,,,,,,,17039,,,
,17040,hydro4,HYD6242,,,,,,,,0,0,,South America,,,,,,,,17040,,,
,17041,hydro4,HYD6243,,,,,,,,0,0,,South America,,,,,,,,17041,,,
,17042,hydro4,HYD6244,,,,,,,,0,0,,South America,,,,,,,,17042,,,
,17043,hydro4,HYD6245,,,,,,,,0,0,,South America,,,,,,,,17043,,,
,17044,hydro4,HYD6246,,,,,,,,0,0,,South America,,,,,,,,17044,,,
,17045,hydro4,HYD6247,,,,,,,,0,0,,South America,,,,,,,,17045,,,
,17046,hydro4,HYD6248,,,,,,,,0,0,,South America,,,,,,,,17046,,,
,17047,hydro4,HYD6249,,,,,,,,0,0,,South America,,,,,,,,17047,,,
,17048,hydro4,HYD6250,,,,,,,,0,0,,South America,,,,,,,,17048,,,
,17049,hydro4,HYD6310,,,,,,,,0,0,,South America,,,,,,,,17049,,,
,17050,hydro4,HYD6321,,,,,,,,0,0,,South America,,,,,,,,17050,,,
,17051,hydro4,HYD6322,,,,,,,,0,0,,South America,,,,,,,,17051,,,
,17052,hydro4,HYD6323,,,,,,,,0,0,,South America,,,,,,,,17052,,,
,17053,hydro4,HYD6324,,,,,,,,0,0,,South America,,,,,,,,17053,,,
,17054,hydro4,HYD6325,,,,,,,,0,0,,South America,,,,,,,,17054,,,
,17055,hydro4,HYD6326,,,,,,,,0,0,,South America,,,,,,,,17055,,,
,17056,hydro4,HYD6327,,,,,,,,0,0,,South America,,,,,,,,17056,,,
,17057,hydro4,HYD6328,,,,,,,,0,0,,South America,,,,,,,,17057,,,
,17058,hydro4,HYD6329,,,,,,,,0,0,,South America,,,,,,,,17058,,,
,17059,hydro4,HYD6330,,,,,,,,0,0,,South America,,,,,,,,17059,,,
,17060,hydro4,HYD6341,,,,,,,,0,0,,South America,,,,,,,,17060,,,
,17061,hydro4,HYD6341,,,,,,,,0,0,,South America,,,,,,,,17061,,,
,17062,hydro4,HYD6342,,,,,,,,0,0,,South America,,,,,,,,17062,,,
,17063,hydro4,HYD6343,,,,,,,,0,0,,South America,,,,,,,,17063,,,
,17064,hydro4,HYD6344,,,,,,,,0,0,,South America,,,,,,,,17064,,,
,17065,hydro4,HYD6345,,,,,,,,0,0,,South America,,,,,,,,17065,,,
,17066,hydro4,HYD6346,,,,,,,,0,0,,South America,,,,,,,,17066,,,
,17067,hydro4,HYD6347,,,,,,,,0,0,,South America,,,,,,,,17067,,,
,17068,hydro4,HYD6348,,,,,,,,0,0,,South America,,,,,,,,17068,,,
,17069,hydro4,HYD6349,,,,,,,,0,0,,South America,,,,,,,,17069,,,
,17070,hydro4,HYD6351,,,,,,,,0,0,,South America,,,,,,,,17070,,,
,17071,hydro4,HYD6352,,,,,,,,0,0,,South America,,,,,,,,17071,,,
,17072,hydro4,HYD6353,,,,,,,,0,0,,South America,,,,,,,,17072,,,
,17073,hydro4,HYD6354,,,,,,,,0,0,,South America,,,,,,,,17073,,,
,17074,hydro4,HYD6355,,,,,,,,0,0,,South America,,,,,,,,17074,,,
,17075,hydro4,HYD6356,,,,,,,,0,0,,South America,,,,,,,,17075,,,
,17076,hydro4,HYD6357,,,,,,,,0,0,,South America,,,,,,,,17076,,,
,17077,hydro4,HYD6358,,,,,,,,0,0,,South America,,,,,,,,17077,,,
,17078,hydro4,HYD6359,,,,,,,,0,0,,South America,,,,,,,,17078,,,
,17079,hydro4,HYD6411,,,,,,,,0,0,,South America,,,,,,,,17079,,,
,17080,hydro4,HYD6412,,,,,,,,0,0,,South America,,,,,,,,17080,,,
,17081,hydro4,HYD6413,,,,,,,,0,0,,South America,,,,,,,,17081,,,
,17082,hydro4,HYD6414,,,,,,,,0,0,,South America,,,,,,,,17082,,,
,17083,hydro4,HYD6414,,,,,,,,0,0,,South America,,,,,,,,17083,,,
,17084,hydro4,HYD6415,,,,,,,,0,0,,South America,,,,,,,,17084,,,
,17085,hydro4,HYD6416,,,,,,,,0,0,,South America,,,,,,,,17085,,,
,17086,hydro4,HYD6417,,,,,,,,0,0,,South America,,,,,,,,17086,,,
,17087,hydro4,HYD6418,,,,,,,,0,0,,South America,,,,,,,,17087,,,
,17088,hydro4,HYD6419,,,,,,,,0,0,,South America,,,,,,,,17088,,,
,17089,hydro4,HYD6421,,,,,,,,0,0,,South America,,,,,,,,17089,,,
Pasaje o juramento - Salado,17090,hydro4,HYD6422,,,,,,,,0,0,,South America,,,,,,,Pasaje o juramento - Salado,17090,,,
Guaycuru - Parana,17091,hydro4,HYD6423,,,,,,,,0,0,,South America,,,,,,,Guaycuru - Parana,17091,,,
Bermejo - Paraguay,17092,hydro4,HYD6424,,,,,,,,0,0,,South America,,,,,,,Bermejo - Paraguay,17092,,,
,17093,hydro4,HYD6425,,,,,,,,0,0,,South America,,,,,,,,17093,,,
,17094,hydro4,HYD6425,,,,,,,,0,0,,South America,,,,,,,,17094,,,
,17095,hydro4,HYD6425,,,,,,,,0,0,,South America,,,,,,,,17095,,,
,17096,hydro4,HYD6426,,,,,,,,0,0,,South America,,,,,,,,17096,,,
,17097,hydro4,HYD6427,,,,,,,,0,0,,South America,,,,,,,,17097,,,
,17098,hydro4,HYD6427,,,,,,,,0,0,,South America,,,,,,,,17098,,,
,17099,hydro4,HYD6427,,,,,,,,0,0,,South America,,,,,,,,17099,,,
,17100,hydro4,HYD6428,,,,,,,,0,0,,South America,,,,,,,,17100,,,
,17101,hydro4,HYD6429,,,,,,,,0,0,,South America,,,,,,,,17101,,,
,17102,hydro4,HYD6430,,,,,,,,0,0,,South America,,,,,,,,17102,,,
Salinas - Laguna mar Chiquita,17103,hydro4,HYD6440,,,,,,,,0,0,,South America,,,,,,,Salinas - Laguna mar Chiquita,17103,,,
,17104,hydro4,HYD6440,,,,,,,,0,0,,South America,,,,,,,,17104,,,
,17105,hydro4,HYD6510,,,AMAndes,4,,,,1,0,,South America,,,,,,,,17105,,,
,17106,hydro4,HYD6511,,,,,,,,0,0,,South America,,,,,,,,17106,,,
,17107,hydro4,HYD6512,,,,,,,,0,0,,South America,,,,,,,,17107,,,
,17108,hydro4,HYD6513,,,,,,,,0,0,,South America,,,,,,,,17108,,,
,17109,hydro4,HYD6514,,,,,,,,0,0,,South America,,,,,,,,17109,,,
,17110,hydro4,HYD6515,,,,,,,,0,0,,South America,,,,,,,,17110,,,
,17111,hydro4,HYD6516,,,,,,,,0,0,,South America,,,,,,,,17111,,,
,17112,hydro4,HYD6517,,,,,,,,0,0,,South America,,,,,,,,17112,,,
,17113,hydro4,HYD6518,,,,,,,,0,0,,South America,,,,,,,,17113,,,
,17114,hydro4,HYD6519,,,,,,,,0,0,,South America,,,,,,,,17114,,,
Llancaneta,17115,hydro4,HYD6520,,,AMAndes,4,,,,1,0,,South America,,,,,,,Llancaneta,17115,,,
Colorado (Argentina),17116,hydro4,HYD6521,,,,,,,,0,0,,South America,,,,,,,Colorado (Argentina),17116,,,
Upstream Colorado (Argentina),17117,hydro4,HYD6522,,,AMAndes,4,,,,1,0,,South America,,,,,,,Upstream Colorado (Argentina),17117,,,
Salado o Curaco,17118,hydro4,HYD6523,,,AMAndes,4,,,,1,0,,South America,,,,,,,Salado o Curaco,17118,,,
Atuel,17119,hydro4,HYD6524,,,AMAndes,4,,,,1,0,,South America,,,,,,,Atuel,17119,,,
Tunuyan - Bermejo,17120,hydro4,HYD6525,,,AMAndes,4,,,,1,0,,South America,,,,,,,Tunuyan - Bermejo,17120,,,
Mendoza - San Juan,17121,hydro4,HYD6526,,,AMAndes,4,,,,1,0,,South America,,,,,,,Mendoza - San Juan,17121,,,
Bermejo (Punta de Medano),17122,hydro4,HYD6527,,,AMAndes,4,,,,1,0,,South America,,,,,,,Bermejo (Punta de Medano),17122,,,
Upstream Bermejo,17123,hydro4,HYD6528,,,,,,,,0,0,,South America,,,,,,,Upstream Bermejo,17123,,,
Jachal,17124,hydro4,HYD6529,,,AMAndes,4,,,,1,0,,South America,,,,,,,Jachal,17124,,,
Meseta de Samuncura,17125,hydro4,HYD6530,,,AMAndes,4,,,,1,0,,South America,,,,,,,Meseta de Samuncura,17125,,,
,17126,hydro4,HYD6531,,,,,,,,0,0,,South America,,,,,,,,17126,,,
Negro (Argentina),17127,hydro4,HYD6532,,,AMAndes,4,,,,1,0,,South America,,,,,,,Negro (Argentina),17127,,,
,17128,hydro4,HYD6533,,,,,,,,0,0,,South America,,,,,,,,17128,,,
Senguer - Chubut,17129,hydro4,HYD6534,,,AMAndes,4,,,,1,0,,South America,,,,,,,Senguer - Chubut,17129,,,
Salado - Minerales,17130,hydro4,HYD6535,,,,,,,,0,0,,South America,,,,,,,Salado - Minerales,17130,,,
Deseado,17131,hydro4,HYD6536,,,AMAndes,4,,,,1,0,,South America,,,,,,,Deseado,17131,,,
Seco - Chico,17132,hydro4,HYD6537,,,AMAndes,4,,,,1,0,,South America,,,,,,,Seco - Chico,17132,,,
Viedma - Argentino - Sta Cruz,17133,hydro4,HYD6538,,,AMAndes,4,,,,1,0,,South America,,,,,,,Viedma - Argentino - Sta Cruz,17133,,,
,17134,hydro4,HYD6538,,,AMAndes,4,,,,1,0,,South America,,,,,,,,17134,,,
,17135,hydro4,HYD6538,,,AMAndes,4,,,,1,0,,South America,,,,,,,,17135,,,
Coig - Gallegos,17136,hydro4,HYD6539,,,AMAndes,4,,,,1,0,,South America,,,,,,,Coig - Gallegos,17136,,,
Falklands - Malvinas,17137,hydro4,HYD6540,,,,,,,,0,0,,South America,,,,,,,Falklands - Malvinas,17137,,,
Beagle channel,17138,hydro4,HYD6610,,,AMAndes,4,,,,2,0,,South America,,,,,,,Beagle channel,17138,,,
Greve - Rio Grande,17139,hydro4,HYD6611,,,AMAndes,4,,,,1,0,,South America,,,,,,,Greve - Rio Grande,17139,,,
O higgins - Pascua,17140,hydro4,HYD6612,,,AMAndes,4,,,,1,0,,South America,,,,,,,O higgins - Pascua,17140,,,
,17141,hydro4,HYD6612,,,AMAndes,4,,,,1,0,,South America,,,,,,,,17141,,,
Ano Nuevo,17142,hydro4,HYD6613,,,AMAndes,4,,,,1,0,,South America,,,,,,,Ano Nuevo,17142,,,
Baker,17143,hydro4,HYD6614,,,AMAndes,4,,,,1,0,,South America,,,,,,,Baker,17143,,,
,17144,hydro4,HYD6614,,,AMAndes,4,,,,1,0,,South America,,,,,,,,17144,,,
Pres. J.A. Rios - Exploradores,17145,hydro4,HYD6615,,,AMAndes,4,,,,1,0,,South America,,,,,,,Pres. J.A. Rios - Exploradores,17145,,,
Aisen,17146,hydro4,HYD6616,,,AMAndes,4,,,,1,0,,South America,,,,,,,Aisen,17146,,,
Cisnes,17147,hydro4,HYD6617,,,AMAndes,4,,,,1,0,,South America,,,,,,,Cisnes,17147,,,
Palena,17148,hydro4,HYD6618,,,AMAndes,4,,,,1,0,,South America,,,,,,,Palena,17148,,,
Chiloe - Yelcho,17149,hydro4,HYD6619,,,AMAndes,4,,,,1,0,,South America,,,,,,,Chiloe - Yelcho,17149,,,
Imperial - Bueno,17150,hydro4,HYD6621,,,AMAndes,4,,,,1,0,,South America,,,,,,,Imperial - Bueno,17150,,,
Biobio,17151,hydro4,HYD6622,,,AMAndes,4,,,,1,0,,South America,,,,,,,Biobio,17151,,,
Itata,17152,hydro4,HYD6623,,,AMAndes,4,,,,1,0,,South America,,,,,,,Itata,17152,,,
Maule,17153,hydro4,HYD6624,,,AMAndes,4,,,,1,0,,South America,,,,,,,Maule,17153,,,
Huasco - Rapel,17154,hydro4,HYD6625,,,AMAndes,4,,,,1,0,,South America,,,,,,,Huasco - Rapel,17154,,,
,17155,hydro4,HYD6626,,,AMAndes,4,,,,1,0,,South America,,,,,,,,17155,,,
,17156,hydro4,HYD6627,,,AMAndes,4,,,,1,0,,South America,,,,,,,,17156,,,
Loa,17157,hydro4,HYD6628,,,AMAndes,4,,,,1,0,,South America,,,,,,,Loa,17157,,,
Lluta - Salar de Pintados,17158,hydro4,HYD6629,,,AMAndes,4,,,,1,0,,South America,,,,,,,Lluta - Salar de Pintados,17158,,,
,17159,hydro4,HYD6630,,,,,,,,0,0,,South America,,,,,,,,17159,,,
Titicaca - Poopo,17160,hydro4,HYD6640,,,AMAndes,4,,,,1,0,,South America,,,,,,,Titicaca - Poopo,17160,,,
,17161,hydro4,HYD6640,,,,,,,,0,0,,South America,,,,,,,,17161,,,
,17162,hydro4,HYD6640,,,,,,,,0,0,,South America,,,,,,,,17162,,,
Chira - Sama,17163,hydro4,HYD6710,,,AMAndes,4,,,,1,0,,South America,,,,,,,Chira - Sama,17163,,,
San Juan - Guayas,17164,hydro4,HYD6720,,,,,,,,0,0,,South America,,,,,,,San Juan - Guayas,17164,,,
,17165,hydro4,HYD6730,,,,,,,,0,0,,South America,,,,,,,,17165,,,
,17166,hydro4,HYD7111,,,,,,,,0,0,,North America,,,,,,,,17166,,,
,17167,hydro4,HYD7112,,,,,,,,0,0,,North America,,,,,,,,17167,,,
,17168,hydro4,HYD7113,,,,,,,,0,0,,North America,,,,,,,,17168,,,
,17169,hydro4,HYD7114,,,,,,,,0,0,,North America,,,,,,,,17169,,,
,17170,hydro4,HYD7115,,,,,,,,0,0,,North America,,,,,,,,17170,,,
,17171,hydro4,HYD7116,,,,,,,,0,0,,North America,,,,,,,,17171,,,
,17172,hydro4,HYD7117,,,,,,,,0,0,,North America,,,,,,,,17172,,,
,17173,hydro4,HYD7118,,,,,,,,0,0,,North America,,,,,,,,17173,,,
,17174,hydro4,HYD7118,,,,,,,,0,0,,North America,,,,,,,,17174,,,
,17175,hydro4,HYD7118,,,,,,,,0,0,,North America,,,,,,,,17175,,,
,17176,hydro4,HYD7118,,,,,,,,0,0,,North America,,,,,,,,17176,,,
,17177,hydro4,HYD7118,,,,,,,,0,0,,North America,,,,,,,,17177,,,
,17178,hydro4,HYD7119,,,,,,,,0,0,,North America,,,,,,,,17178,,,
,17179,hydro4,HYD7120,,,USAlaska,1,,,,1,0,,North America,,,,,,,,17179,,,
,17180,hydro4,HYD7121,,,,,,,,0,0,,North America,,,,,,,,17180,,,
,17181,hydro4,HYD7121,,,,,,,,0,0,,North America,,,,,,,,17181,,,
,17182,hydro4,HYD7122,,,USAlaska,1,,,,1,0,,North America,,,,,,,,17182,,,
,17183,hydro4,HYD7122,,,,,,,,0,0,,North America,,,,,,,,17183,,,
,17184,hydro4,HYD7122,,,,,,,,0,0,,North America,,,,,,,,17184,,,
,17185,hydro4,HYD7122,,,,,,,,0,0,,North America,,,,,,,,17185,,,
,17186,hydro4,HYD7122,,,,,,,,0,0,,North America,,,,,,,,17186,,,
,17187,hydro4,HYD7122,,,,,,,,0,0,,North America,,,,,,,,17187,,,
,17188,hydro4,HYD7122,,,,,,,,0,0,,North America,,,,,,,,17188,,,
,17189,hydro4,HYD7123,,,USAlaska,1,,,,1,0,,North America,,,,,,,,17189,,,
,17190,hydro4,HYD7123,,,,,,,,0,0,,North America,,,,,,,,17190,,,
,17191,hydro4,HYD7124,,,USAlaska,1,,,,1,0,,North America,,,,,,,,17191,,,
,17192,hydro4,HYD7125,,,USAlaska,1,,,,1,0,,North America,,,,,,,,17192,,,
,17193,hydro4,HYD7126,,,USAlaska,1,,,,1,0,,North America,,,,,,,,17193,,,
,17194,hydro4,HYD7127,,,USAlaska,1,,,,1,0,,North America,,,,,,,,17194,,,
,17195,hydro4,HYD7128,,,USAlaska,1,,,,1,0,,North America,,,,,,,,17195,,,
,17196,hydro4,HYD7129,,,USAlaska,1,,,,1,0,,North America,,,,,,,,17196,,,
,17197,hydro4,HYD7130,,,,,,,,0,0,,North America,,,,,,,,17197,,,
,17198,hydro4,HYD7131,,,,,,,,0,0,,North America,,,,,,,,17198,,,
,17199,hydro4,HYD7132,,,,,,,,0,0,,North America,,,,,,,,17199,,,
,17200,hydro4,HYD7132,,,,,,,,0,0,,North America,,,,,,,,17200,,,
,17201,hydro4,HYD7132,,,,,,,,0,0,,North America,,,,,,,,17201,,,
,17202,hydro4,HYD7133,,,,,,,,0,0,,North America,,,,,,,,17202,,,
,17203,hydro4,HYD7134,,,,,,,,0,0,,North America,,,,,,,,17203,,,
,17204,hydro4,HYD7135,,,,,,,,0,0,,North America,,,,,,,,17204,,,
,17205,hydro4,HYD7136,,,,,,,,0,0,,North America,,,,,,,,17205,,,
,17206,hydro4,HYD7137,,,,,,,,0,0,,North America,,,,,,,,17206,,,
,17207,hydro4,HYD7138,,,,,,,,0,0,,North America,,,,,,,,17207,,,
,17208,hydro4,HYD7138,,,,,,,,0,0,,North America,,,,,,,,17208,,,
,17209,hydro4,HYD7139,,,,,,,,0,0,,North America,,,,,,,,17209,,,
,17210,hydro4,HYD7210,,,,,,,,0,0,,North America,,,,,,,,17210,,,
,17211,hydro4,HYD7211,,,,,,,,0,0,,North America,,,,,,,,17211,,,
,17212,hydro4,HYD7212,,,,,,,,0,0,,North America,,,,,,,,17212,,,
,17213,hydro4,HYD7213,,,,,,,,0,0,,North America,,,,,,,,17213,,,
,17214,hydro4,HYD7214,,,,,,,,0,0,,North America,,,,,,,,17214,,,
,17215,hydro4,HYD7214,,,,,,,,0,0,,North America,,,,,,,,17215,,,
,17216,hydro4,HYD7215,,,,,,,,0,0,,North America,,,,,,,,17216,,,
,17217,hydro4,HYD7216,,,,,,,,0,0,,North America,,,,,,,,17217,,,
,17218,hydro4,HYD7216,,,,,,,,0,0,,North America,,,,,,,,17218,,,
,17219,hydro4,HYD7217,,,,,,,,0,0,,North America,,,,,,,,17219,,,
,17220,hydro4,HYD7217,,,,,,,,0,0,,North America,,,,,,,,17220,,,
,17221,hydro4,HYD7218,,,,,,,,0,0,,North America,,,,,,,,17221,,,
,17222,hydro4,HYD7218,,,,,,,,0,0,,North America,,,,,,,,17222,,,
,17223,hydro4,HYD7218,,,,,,,,0,0,,North America,,,,,,,,17223,,,
,17224,hydro4,HYD7219,,,,,,,,0,0,,North America,,,,,,,,17224,,,
,17225,hydro4,HYD7219,,,,,,,,0,0,,North America,,,,,,,,17225,,,
,17226,hydro4,HYD7219,,,,,,,,0,0,,North America,,,,,,,,17226,,,
,17227,hydro4,HYD7220,,,,,,,,0,0,,North America,,,,,,,,17227,,,
,17228,hydro4,HYD7221,,,,,,,,0,0,,North America,,,,,,,,17228,,,
,17229,hydro4,HYD7222,,,,,,,,0,0,,North America,,,,,,,,17229,,,
,17230,hydro4,HYD7223,,,,,,,,0,0,,North America,,,,,,,,17230,,,
,17231,hydro4,HYD7224,,,,,,,,0,0,,North America,,,,,,,,17231,,,
,17232,hydro4,HYD7225,,,,,,,,0,0,,North America,,,,,,,,17232,,,
,17233,hydro4,HYD7226,,,,,,,,0,0,,North America,,,,,,,,17233,,,
,17234,hydro4,HYD7226,,,,,,,,0,0,,North America,,,,,,,,17234,,,
,17235,hydro4,HYD7227,,,,,,,,0,0,,North America,,,,,,,,17235,,,
,17236,hydro4,HYD7228,,,,,,,,0,0,,North America,,,,,,,,17236,,,
,17237,hydro4,HYD7229,,,,,,,,0,0,,North America,,,,,,,,17237,,,
,17238,hydro4,HYD7230,,,,,,,,0,0,,North America,,,,,,,,17238,,,
,17239,hydro4,HYD7231,,,,,,,,0,0,,North America,,,,,,,,17239,,,
,17240,hydro4,HYD7231,,,,,,,,0,0,,North America,,,,,,,,17240,,,
,17241,hydro4,HYD7232,,,,,,,,0,0,,North America,,,,,,,,17241,,,
,17242,hydro4,HYD7233,,,,,,,,0,0,,North America,,,,,,,,17242,,,
,17243,hydro4,HYD7234,,,,,,,,0,0,,North America,,,,,,,,17243,,,
,17244,hydro4,HYD7234,,,,,,,,0,0,,North America,,,,,,,,17244,,,
,17245,hydro4,HYD7235,,,,,,,,0,0,,North America,,,,,,,,17245,,,
,17246,hydro4,HYD7236,,,,,,,,0,0,,North America,,,,,,,,17246,,,
,17247,hydro4,HYD7237,,,,,,,,0,0,,North America,,,,,,,,17247,,,
,17248,hydro4,HYD7238,,,,,,,,0,0,,North America,,,,,,,,17248,,,
,17249,hydro4,HYD7239,,,,,,,,0,0,,North America,,,,,,,,17249,,,
,17250,hydro4,HYD7240,,,,,,,,0,0,,North America,,,,,,,,17250,,,
,17251,hydro4,HYD7240,,,,,,,,0,0,,North America,,,,,,,,17251,,,
,17252,hydro4,HYD7240,,,,,,,,0,0,,North America,,,,,,,,17252,,,
,17253,hydro4,HYD7251,,,,,,,,0,0,,North America,,,,,,,,17253,,,
,17254,hydro4,HYD7252,,,,,,,,0,0,,North America,,,,,,,,17254,,,
,17255,hydro4,HYD7252,,,,,,,,0,0,,North America,,,,,,,,17255,,,
,17256,hydro4,HYD7253,,,,,,,,0,0,,North America,,,,,,,,17256,,,
,17257,hydro4,HYD7253,,,,,,,,0,0,,North America,,,,,,,,17257,,,
,17258,hydro4,HYD7254,,,,,,,,0,0,,North America,,,,,,,,17258,,,
,17259,hydro4,HYD7255,,,,,,,,0,0,,North America,,,,,,,,17259,,,
,17260,hydro4,HYD7255,,,,,,,,0,0,,North America,,,,,,,,17260,,,
,17261,hydro4,HYD7255,,,,,,,,0,0,,North America,,,,,,,,17261,,,
,17262,hydro4,HYD7255,,,,,,,,0,0,,North America,,,,,,,,17262,,,
,17263,hydro4,HYD7255,,,,,,,,0,0,,North America,,,,,,,,17263,,,
,17264,hydro4,HYD7256,,,,,,,,0,0,,North America,,,,,,,,17264,,,
,17265,hydro4,HYD7257,,,,,,,,0,0,,North America,,,,,,,,17265,,,
,17266,hydro4,HYD7258,,,,,,,,0,0,,North America,,,,,,,,17266,,,
,17267,hydro4,HYD7258,,,,,,,,0,0,,North America,,,,,,,,17267,,,
,17268,hydro4,HYD7259,,,,,,,,0,0,,North America,,,,,,,,17268,,,
,17269,hydro4,HYD7259,,,,,,,,0,0,,North America,,,,,,,,17269,,,
,17270,hydro4,HYD7259,,,,,,,,0,0,,North America,,,,,,,,17270,,,
,17271,hydro4,HYD7260,,,,,,,,0,0,,North America,,,,,,,,17271,,,
,17272,hydro4,HYD7310,,,,,,,,0,0,,North America,,,,,,,,17272,,,
,17273,hydro4,HYD7311,,,,,,,,0,0,,North America,,,,,,,,17273,,,
,17274,hydro4,HYD7312,,,,,,,,0,0,,North America,,,,,,,,17274,,,
,17275,hydro4,HYD7313,,,,,,,,0,0,,North America,,,,,,,,17275,,,
,17276,hydro4,HYD7314,,,,,,,,0,0,,North America,,,,,,,,17276,,,
,17277,hydro4,HYD7315,,,,,,,,0,0,,North America,,,,,,,,17277,,,
,17278,hydro4,HYD7316,,,,,,,,0,0,,North America,,,,,,,,17278,,,
,17279,hydro4,HYD7317,,,,,,,,0,0,,North America,,,,,,,,17279,,,
,17280,hydro4,HYD7318,,,,,,,,0,0,,North America,,,,,,,,17280,,,
,17281,hydro4,HYD7319,,,,,,,,0,0,,North America,,,,,,,,17281,,,
,17282,hydro4,HYD7321,,,,,,,,0,0,,North America,,,,,,,,17282,,,
,17283,hydro4,HYD7322,,,,,,,,0,0,,North America,,,,,,,,17283,,,
,17284,hydro4,HYD7323,,,,,,,,0,0,,North America,,,,,,,,17284,,,
,17285,hydro4,HYD7324,,,,,,,,0,0,,North America,,,,,,,,17285,,,
,17286,hydro4,HYD7325,,,,,,,,0,0,,North America,,,,,,,,17286,,,
,17287,hydro4,HYD7325,,,,,,,,0,0,,North America,,,,,,,,17287,,,
,17288,hydro4,HYD7326,,,,,,,,0,0,,North America,,,,,,,,17288,,,
,17289,hydro4,HYD7327,,,,,,,,0,0,,North America,,,,,,,,17289,,,
,17290,hydro4,HYD7328,,,,,,,,0,0,,North America,,,,,,,,17290,,,
,17291,hydro4,HYD7329,,,,,,,,0,0,,North America,,,,,,,,17291,,,
,17292,hydro4,HYD7410,,,,,,,,0,0,,North America,,,,,,,,17292,,,
,17293,hydro4,HYD7421,,,,,,,,0,0,,North America,,,,,,,,17293,,,
,17294,hydro4,HYD7422,,,,,,,,0,0,,North America,,,,,,,,17294,,,
,17295,hydro4,HYD7423,,,,,,,,0,0,,North America,,,,,,,,17295,,,
,17296,hydro4,HYD7424,,,,,,,,0,0,,North America,,,,,,,,17296,,,
,17297,hydro4,HYD7425,,,,,,,,0,0,,North America,,,,,,,,17297,,,
,17298,hydro4,HYD7426,,,,,,,,0,0,,North America,,,,,,,,17298,,,
,17299,hydro4,HYD7427,,,,,,,,0,0,,North America,,,,,,,,17299,,,
,17300,hydro4,HYD7428,,,,,,,,0,0,,North America,,,,,,,,17300,,,
,17301,hydro4,HYD7429,,,USAlaska,1,,,,1,0,,North America,,,,,,,,17301,,,
,17302,hydro4,HYD7429,,,,,,,,0,0,,North America,,,,,,,,17302,,,
,17303,hydro4,HYD7429,,,,,,,,0,0,,North America,,,,,,,,17303,,,
,17304,hydro4,HYD7430,,,,,,,,0,0,,North America,,,,,,,,17304,,,
,17305,hydro4,HYD7511,,,,,,,,0,0,,North America,,,,,,,,17305,,,
,17306,hydro4,HYD7512,,,,,,,,0,0,,North America,,,,,,,,17306,,,
,17307,hydro4,HYD7513,,,,,,,,0,0,,North America,,,,,,,,17307,,,
,17308,hydro4,HYD7514,,,,,,,,0,0,,North America,,,,,,,,17308,,,
,17309,hydro4,HYD7515,,,,,,,,0,0,,North America,,,,,,,,17309,,,
,17310,hydro4,HYD7516,,,,,,,,0,0,,North America,,,,,,,,17310,,,
,17311,hydro4,HYD7517,,,,,,,,0,0,,North America,,,,,,,,17311,,,
,17312,hydro4,HYD7518,,,,,,,,0,0,,North America,,,,,,,,17312,,,
,17313,hydro4,HYD7519,,,,,,,,0,0,,North America,,,,,,,,17313,,,
,17314,hydro4,HYD7521,,,,,,,,0,0,,North America,,,,,,,,17314,,,
,17315,hydro4,HYD7522,,,,,,,,0,0,,North America,,,,,,,,17315,,,
,17316,hydro4,HYD7523,,,,,,,,0,0,,North America,,,,,,,,17316,,,
,17317,hydro4,HYD7530,,,,,,,,0,0,,North America,,,,,,,,17317,,,
,17318,hydro4,HYD7531,,,,,,,,0,0,,North America,,,,,,,,17318,,,
,17319,hydro4,HYD7531,,,,,,,,0,0,,North America,,,,,,,,17319,,,
,17320,hydro4,HYD7532,,,,,,,,0,0,,North America,,,,,,,,17320,,,
,17321,hydro4,HYD7533,,,,,,,,0,0,,North America,,,,,,,,17321,,,
,17322,hydro4,HYD7534,,,,,,,,0,0,,North America,,,,,,,,17322,,,
,17323,hydro4,HYD7535,,,,,,,,0,0,,North America,,,,,,,,17323,,,
,17324,hydro4,HYD7536,,,,,,,,0,0,,North America,,,,,,,,17324,,,
,17325,hydro4,HYD7537,,,,,,,,0,0,,North America,,,,,,,,17325,,,
,17326,hydro4,HYD7538,,,,,,,,0,0,,North America,,,,,,,,17326,,,
,17327,hydro4,HYD7538,,,,,,,,0,0,,North America,,,,,,,,17327,,,
,17328,hydro4,HYD7538,,,,,,,,0,0,,North America,,,,,,,,17328,,,
,17329,hydro4,HYD7539,,,,,,,,0,0,,North America,,,,,,,,17329,,,
,17330,hydro4,HYD7610,,,,,,,,0,0,,North America,,,,,,,,17330,,,
,17331,hydro4,HYD7620,,,,,,,,0,0,,North America,,,,,,,,17331,,,
,17332,hydro4,HYD7630,,,,,,,,0,0,,North America,,,,,,,,17332,,,
,17333,hydro4,HYD7640,,,,,,,,0,0,,North America,,,,,,,,17333,,,
,17334,hydro4,HYD7650,,,,,,,,0,0,,North America,,,,,,,,17334,,,
,17335,hydro4,HYD7710,,,,,,,,0,0,,North America,,,,,,,,17335,,,
,17336,hydro4,HYD7711,,,,,,,,0,0,,North America,,,,,,,,17336,,,
,17337,hydro4,HYD7712,,,,,,,,0,0,,North America,,,,,,,,17337,,,
,17338,hydro4,HYD7713,,,,,,,,0,0,,North America,,,,,,,,17338,,,
,17339,hydro4,HYD7714,,,,,,,,0,0,,North America,,,,,,,,17339,,,
,17340,hydro4,HYD7714,,,,,,,,0,0,,North America,,,,,,,,17340,,,
,17341,hydro4,HYD7715,,,,,,,,0,0,,North America,,,,,,,,17341,,,
,17342,hydro4,HYD7716,,,,,,,,0,0,,North America,,,,,,,,17342,,,
,17343,hydro4,HYD7717,,,,,,,,0,0,,North America,,,,,,,,17343,,,
,17344,hydro4,HYD7718,,,,,,,,0,0,,North America,,,,,,,,17344,,,
,17345,hydro4,HYD7719,,,,,,,,0,0,,North America,,,,,,,,17345,,,
,17346,hydro4,HYD7720,,,,,,,,0,0,,North America,,,,,,,,17346,,,
,17347,hydro4,HYD7721,,,,,,,,0,0,,North America,,,,,,,,17347,,,
,17348,hydro4,HYD7722,,,,,,,,0,0,,North America,,,,,,,,17348,,,
,17349,hydro4,HYD7723,,,,,,,,0,0,,North America,,,,,,,,17349,,,
,17350,hydro4,HYD7724,,,,,,,,0,0,,North America,,,,,,,,17350,,,
,17351,hydro4,HYD7725,,,,,,,,0,0,,North America,,,,,,,,17351,,,
,17352,hydro4,HYD7726,,,,,,,,0,0,,North America,,,,,,,,17352,,,
,17353,hydro4,HYD7727,,,,,,,,0,0,,North America,,,,,,,,17353,,,
,17354,hydro4,HYD7728,,,,,,,,0,0,,North America,,,,,,,,17354,,,
,17355,hydro4,HYD7729,,,,,,,,0,0,,North America,,,,,,,,17355,,,
,17356,hydro4,HYD7731,,,,,,,,0,0,,North America,,,,,,,,17356,,,
,17357,hydro4,HYD7732,,,,,,,,0,0,,North America,,,,,,,,17357,,,
,17358,hydro4,HYD7733,,,,,,,,0,0,,North America,,,,,,,,17358,,,
,17359,hydro4,HYD7734,,,,,,,,0,0,,North America,,,,,,,,17359,,,
,17360,hydro4,HYD7735,,,,,,,,0,0,,North America,,,,,,,,17360,,,
,17361,hydro4,HYD7736,,,,,,,,0,0,,North America,,,,,,,,17361,,,
,17362,hydro4,HYD7737,,,,,,,,0,0,,North America,,,,,,,,17362,,,
,17363,hydro4,HYD7738,,,,,,,,0,0,,North America,,,,,,,,17363,,,
,17364,hydro4,HYD7738,,,,,,,,0,0,,North America,,,,,,,,17364,,,
,17365,hydro4,HYD7740,,,,,,,,0,0,,North America,,,,,,,,17365,,,
,17366,hydro4,HYD7741,,,,,,,,0,0,,North America,,,,,,,,17366,,,
,17367,hydro4,HYD7742,,,,,,,,0,0,,North America,,,,,,,,17367,,,
,17368,hydro4,HYD7743,,,,,,,,0,0,,North America,,,,,,,,17368,,,
,17369,hydro4,HYD7744,,,,,,,,0,0,,North America,,,,,,,,17369,,,
,17370,hydro4,HYD7745,,,,,,,,0,0,,North America,,,,,,,,17370,,,
,17371,hydro4,HYD7746,,,,,,,,0,0,,North America,,,,,,,,17371,,,
,17372,hydro4,HYD7747,,,,,,,,0,0,,North America,,,,,,,,17372,,,
,17373,hydro4,HYD7748,,,,,,,,0,0,,North America,,,,,,,,17373,,,
,17374,hydro4,HYD7749,,,,,,,,0,0,,North America,,,,,,,,17374,,,
,17375,hydro4,HYD7810,,,,,,,,0,0,,North America,,,,,,,,17375,,,
,17376,hydro4,HYD7821,,,USAlaska,1,,,,2,0,,North America,,,,,,,,17376,,,
,17377,hydro4,HYD7822,,,,,,,,0,0,,North America,,,,,,,,17377,,,
,17378,hydro4,HYD7823,,,,,,,,0,0,,North America,,,,,,,,17378,,,
,17379,hydro4,HYD7824,,,,,,,,0,0,,North America,,,,,,,,17379,,,
,17380,hydro4,HYD7825,,,,,,,,0,0,,North America,,,,,,,,17380,,,
,17381,hydro4,HYD7826,,,USAlaska,1,,,,2,0,,North America,,,,,,,,17381,,,
,17382,hydro4,HYD7827,,,,,,,,0,0,,North America,,,,,,,,17382,,,
,17383,hydro4,HYD7828,,,,,,,,0,0,,North America,,,,,,,,17383,,,
,17384,hydro4,HYD7829,,,,,,,,0,0,,North America,,,,,,,,17384,,,
,17385,hydro4,HYD7830,,,USAlaska,1,,,,1,0,,North America,,,,,,,,17385,,,
,17386,hydro4,HYD7831,,,USAlaska,1,,,,1,0,,North America,,,,,,,,17386,,,
,17387,hydro4,HYD7832,,,USAlaska,1,,,,1,0,,North America,,,,,,,,17387,,,
,17388,hydro4,HYD7833,,,USAlaska,1,,,,1,0,,North America,,,,,,,,17388,,,
,17389,hydro4,HYD7834,,,USAlaska,1,,,,1,0,,North America,,,,,,,,17389,,,
,17390,hydro4,HYD7835,,,USAlaska,1,,,,1,0,,North America,,,,,,,,17390,,,
,17391,hydro4,HYD7836,,,USAlaska,1,,,,1,0,,North America,,,,,,,,17391,,,
,17392,hydro4,HYD7837,,,USAlaska,1,,,,1,0,,North America,,,,,,,,17392,,,
,17393,hydro4,HYD7838,,,USAlaska,1,,,,1,0,,North America,,,,,,,,17393,,,
,17394,hydro4,HYD7839,,,USAlaska,1,,,,1,0,,North America,,,,,,,,17394,,,
,17395,hydro4,HYD8110,,,,,,,,0,0,,Arctic,,,,,,,,17395,,,
,17396,hydro4,HYD8111,,,USAlaska,1,,,,1,0,,Arctic,,,,,,,,17396,,,
,17397,hydro4,HYD8112,,,,,,,,0,0,,Arctic,,,,,,,,17397,,,
,17398,hydro4,HYD8113,,,,,,,,0,0,,Arctic,,,,,,,,17398,,,
,17399,hydro4,HYD8114,,,,,,,,0,0,,Arctic,,,,,,,,17399,,,
,17400,hydro4,HYD8115,,,,,,,,0,0,,Arctic,,,,,,,,17400,,,
,17401,hydro4,HYD8115,,,,,,,,0,0,,Arctic,,,,,,,,17401,,,
,17402,hydro4,HYD8115,,,,,,,,0,0,,Arctic,,,,,,,,17402,,,
,17403,hydro4,HYD8116,,,,,,,,0,0,,Arctic,,,,,,,,17403,,,
,17404,hydro4,HYD8117,,,,,,,,0,0,,Arctic,,,,,,,,17404,,,
,17405,hydro4,HYD8118,,,,,,,,0,0,,Arctic,,,,,,,,17405,,,
,17406,hydro4,HYD8119,,,,,,,,0,0,,Arctic,,,,,,,,17406,,,
,17407,hydro4,HYD8119,,,,,,,,0,0,,Arctic,,,,,,,,17407,,,
,17408,hydro4,HYD8121,,,,,,,,0,0,,Arctic,,,,,,,,17408,,,
,17409,hydro4,HYD8122,,,,,,,,0,0,,Arctic,,,,,,,,17409,,,
,17410,hydro4,HYD8123,,,,,,,,0,0,,Arctic,,,,,,,,17410,,,
,17411,hydro4,HYD8124,,,,,,,,0,0,,Arctic,,,,,,,,17411,,,
,17412,hydro4,HYD8125,,,,,,,,0,0,,Arctic,,,,,,,,17412,,,
,17413,hydro4,HYD8126,,,USAlaska,1,,,,1,0,,Arctic,,,,,,,,17413,,,
,17414,hydro4,HYD8127,,,USAlaska,1,,,,1,0,,Arctic,,,,,,,,17414,,,
,17415,hydro4,HYD8128,,,USAlaska,1,,,,1,0,,Arctic,,,,,,,,17415,,,
,17416,hydro4,HYD8129,,,USAlaska,1,,,,1,0,,Arctic,,,,,,,,17416,,,
,17417,hydro4,HYD8131,,,,,,,,0,0,,Arctic,,,,,,,,17417,,,
,17418,hydro4,HYD8131,,,,,,,,0,0,,Arctic,,,,,,,,17418,,,
,17419,hydro4,HYD8132,,,,,,,,0,0,,Arctic,,,,,,,,17419,,,
,17420,hydro4,HYD8133,,,,,,,,0,0,,Arctic,,,,,,,,17420,,,
,17421,hydro4,HYD8134,,,,,,,,0,0,,Arctic,,,,,,,,17421,,,
,17422,hydro4,HYD8135,,,,,,,,0,0,,Arctic,,,,,,,,17422,,,
,17423,hydro4,HYD8136,,,,,,,,0,0,,Arctic,,,,,,,,17423,,,
,17424,hydro4,HYD8137,,,,,,,,0,0,,Arctic,,,,,,,,17424,,,
,17425,hydro4,HYD8138,,,,,,,,0,0,,Arctic,,,,,,,,17425,,,
,17426,hydro4,HYD8139,,,,,,,,0,0,,Arctic,,,,,,,,17426,,,
,17427,hydro4,HYD8210,,,USAlaska,1,,,,1,0,,Arctic,,,,,,,,17427,,,
,17428,hydro4,HYD8221,,,USAlaska,1,,,,1,0,,Arctic,,,,,,,,17428,,,
,17429,hydro4,HYD8222,,,USAlaska,1,,,,1,0,,Arctic,,,,,,,,17429,,,
,17430,hydro4,HYD8222,,,,,,,,0,0,,Arctic,,,,,,,,17430,,,
,17431,hydro4,HYD8222,,,,,,,,0,0,,Arctic,,,,,,,,17431,,,
,17432,hydro4,HYD8223,,,USAlaska,1,,,,1,0,,Arctic,,,,,,,,17432,,,
,17433,hydro4,HYD8224,,,USAlaska,1,,,,1,0,,Arctic,,,,,,,,17433,,,
,17434,hydro4,HYD8225,,,USAlaska,1,,,,1,0,,Arctic,,,,,,,,17434,,,
,17435,hydro4,HYD8225,,,,,,,,0,0,,Arctic,,,,,,,,17435,,,
,17436,hydro4,HYD8226,,,USAlaska,1,,,,1,0,,Arctic,,,,,,,,17436,,,
,17437,hydro4,HYD8226,,,,,,,,0,0,,Arctic,,,,,,,,17437,,,
,17438,hydro4,HYD8226,,,,,,,,0,0,,Arctic,,,,,,,,17438,,,
,17439,hydro4,HYD8227,,,,,,,,0,0,,Arctic,,,,,,,,17439,,,
,17440,hydro4,HYD8228,,,USAlaska,1,,,,1,0,,Arctic,,,,,,,,17440,,,
,17441,hydro4,HYD8228,,,,,,,,0,0,,Arctic,,,,,,,,17441,,,
,17442,hydro4,HYD8228,,,,,,,,0,0,,Arctic,,,,,,,,17442,,,
,17443,hydro4,HYD8228,,,,,,,,0,0,,Arctic,,,,,,,,17443,,,
,17444,hydro4,HYD8228,,,,,,,,0,0,,Arctic,,,,,,,,17444,,,
,17445,hydro4,HYD8229,,,USAlaska,1,,,,1,0,,Arctic,,,,,,,,17445,,,
,17446,hydro4,HYD8229,,,USAlaska,1,,,,1,0,,Arctic,,,,,,,,17446,,,
,17447,hydro4,HYD8230,,,USAlaska,1,,,,1,0,,Arctic,,,,,,,,17447,,,
,17448,hydro4,HYD8230,,,,,,,,0,0,,Arctic,,,,,,,,17448,,,
,17449,hydro4,HYD8311,,,USAlaska,1,,,,1,0,,Arctic,,,,,,,,17449,,,
,17450,hydro4,HYD8312,,,USAlaska,1,,,,1,0,,Arctic,,,,,,,,17450,,,
,17451,hydro4,HYD8312,,,,,,,,0,0,,Arctic,,,,,,,,17451,,,
,17452,hydro4,HYD8313,,,USAlaska,1,,,,1,0,,Arctic,,,,,,,,17452,,,
,17453,hydro4,HYD8314,,,USAlaska,1,,,,1,0,,Arctic,,,,,,,,17453,,,
,17454,hydro4,HYD8314,,,,,,,,0,0,,Arctic,,,,,,,,17454,,,
,17455,hydro4,HYD8315,,,USAlaska,1,,,,1,0,,Arctic,,,,,,,,17455,,,
,17456,hydro4,HYD8316,,,USAlaska,1,,,,1,0,,Arctic,,,,,,,,17456,,,
,17457,hydro4,HYD8317,,,,,,,,0,0,,Arctic,,,,,,,,17457,,,
,17458,hydro4,HYD8317,,,,,,,,0,0,,Arctic,,,,,,,,17458,,,
,17459,hydro4,HYD8318,,,USAlaska,1,,,,1,0,,Arctic,,,,,,,,17459,,,
,17460,hydro4,HYD8319,,,,,,,,0,0,,Arctic,,,,,,,,17460,,,
,17461,hydro4,HYD8321,,,,,,,,0,0,,Arctic,,,,,,,,17461,,,
,17462,hydro4,HYD8322,,,,,,,,0,0,,Arctic,,,,,,,,17462,,,
,17463,hydro4,HYD8323,,,,,,,,0,0,,Arctic,,,,,,,,17463,,,
,17464,hydro4,HYD8324,,,USAlaska,1,,,,1,0,,Arctic,,,,,,,,17464,,,
,17465,hydro4,HYD8324,,,,,,,,0,0,,Arctic,,,,,,,,17465,,,
,17466,hydro4,HYD8324,,,,,,,,0,0,,Arctic,,,,,,,,17466,,,
,17467,hydro4,HYD8324,,,,,,,,0,0,,Arctic,,,,,,,,17467,,,
,17468,hydro4,HYD8324,,,,,,,,0,0,,Arctic,,,,,,,,17468,,,
,17469,hydro4,HYD8324,,,,,,,,0,0,,Arctic,,,,,,,,17469,,,
,17470,hydro4,HYD8324,,,,,,,,0,0,,Arctic,,,,,,,,17470,,,
,17471,hydro4,HYD8325,,,,,,,,0,0,,Arctic,,,,,,,,17471,,,
,17472,hydro4,HYD8326,,,,,,,,0,0,,Arctic,,,,,,,,17472,,,
,17473,hydro4,HYD8327,,,USAlaska,1,,,,1,0,,Arctic,,,,,,,,17473,,,
,17474,hydro4,HYD8328,,,USAlaska,1,,,,1,0,,Arctic,,,,,,,,17474,,,
,17475,hydro4,HYD8328,,,,,,,,0,0,,Arctic,,,,,,,,17475,,,
,17476,hydro4,HYD8329,,,,,,,,0,0,,Arctic,,,,,,,,17476,,,
,17477,hydro4,HYD8330,,,,,,,,0,0,,Arctic,,,,,,,,17477,,,
,17478,hydro4,HYD8410,,,,,,,,0,0,,Arctic,,,,,,,,17478,,,
,17479,hydro4,HYD8420,,,,,,,,0,0,,Arctic,,,,,,,,17479,,,
,17480,hydro4,HYD8430,,,,,,,,0,0,,Arctic,,,,,,,,17480,,,
,17481,hydro4,HYD8440,,,,,,,,0,0,,Arctic,,,,,,,,17481,,,
,17482,hydro4,HYD8510,,,,,,,,0,0,,Arctic,,,,,,,,17482,,,
,17483,hydro4,HYD8520,,,,,,,,0,0,,Arctic,,,,,,,,17483,,,
,17484,hydro4,HYD8520,,,,,,,,0,0,,Arctic,,,,,,,,17484,,,
,17485,hydro4,HYD8520,,,,,,,,0,0,,Arctic,,,,,,,,17485,,,
,17486,hydro4,HYD8610,,,,,,,,0,0,,Arctic,,,,,,,,17486,,,
,17487,hydro4,HYD8620,,,,,,,,0,0,,Arctic,,,,,,,,17487,,,
,17488,hydro4,HYD8630,,,,,,,,0,0,,Arctic,,,,,,,,17488,,,
,17489,hydro4,HYD9111,,,,,,,,0,0,,Greenland,,,,,,,,17489,,,
,17490,hydro4,HYD9112,,,,,,,,0,0,,Greenland,,,,,,,,17490,,,
,17491,hydro4,HYD9113,,,,,,,,0,0,,Greenland,,,,,,,,17491,,,
,17492,hydro4,HYD9114,,,,,,,,0,0,,Greenland,,,,,,,,17492,,,
,17493,hydro4,HYD9115,,,,,,,,0,0,,Greenland,,,,,,,,17493,,,
,17494,hydro4,HYD9116,,,,,,,,0,0,,Greenland,,,,,,,,17494,,,
,17495,hydro4,HYD9117,,,,,,,,0,0,,Greenland,,,,,,,,17495,,,
,17496,hydro4,HYD9118,,,,,,,,0,0,,Greenland,,,,,,,,17496,,,
,17497,hydro4,HYD9119,,,,,,,,0,0,,Greenland,,,,,,,,17497,,,
,17498,hydro4,HYD9121,,,,,,,,0,0,,Greenland,,,,,,,,17498,,,
,17499,hydro4,HYD9122,,,,,,,,0,0,,Greenland,,,,,,,,17499,,,
,17500,hydro4,HYD9123,,,,,,,,0,0,,Greenland,,,,,,,,17500,,,
,17501,hydro4,HYD9124,,,,,,,,0,0,,Greenland,,,,,,,,17501,,,
,17502,hydro4,HYD9125,,,,,,,,0,0,,Greenland,,,,,,,,17502,,,
,17503,hydro4,HYD9126,,,,,,,,0,0,,Greenland,,,,,,,,17503,,,
,17504,hydro4,HYD9127,,,,,,,,0,0,,Greenland,,,,,,,,17504,,,
,17505,hydro4,HYD9128,,,,,,,,0,0,,Greenland,,,,,,,,17505,,,
,17506,hydro4,HYD9129,,,,,,,,0,0,,Greenland,,,,,,,,17506,,,
,17507,hydro4,HYD9130,,,,,,,,0,0,,Greenland,,,,,,,,17507,,,
,17508,hydro4,HYD9131,,,,,,,,0,0,,Greenland,,,,,,,,17508,,,
,17509,hydro4,HYD9132,,,,,,,,0,0,,Greenland,,,,,,,,17509,,,
,17510,hydro4,HYD9133,,,,,,,,0,0,,Greenland,,,,,,,,17510,,,
,17511,hydro4,HYD9134,,,,,,,,0,0,,Greenland,,,,,,,,17511,,,
,17512,hydro4,HYD9135,,,,,,,,0,0,,Greenland,,,,,,,,17512,,,
,17513,hydro4,HYD9136,,,,,,,,0,0,,Greenland,,,,,,,,17513,,,
,17514,hydro4,HYD9137,,,,,,,,0,0,,Greenland,,,,,,,,17514,,,
,17515,hydro4,HYD9138,,,,,,,,0,0,,Greenland,,,,,,,,17515,,,
,17516,hydro4,HYD9139,,,,,,,,0,0,,Greenland,,,,,,,,17516,,,
,17517,hydro4,HYD9141,,,,,,,,0,0,,Greenland,,,,,,,,17517,,,
,17518,hydro4,HYD9142,,,,,,,,0,0,,Greenland,,,,,,,,17518,,,
,17519,hydro4,HYD9143,,,,,,,,0,0,,Greenland,,,,,,,,17519,,,
,17520,hydro4,HYD9144,,,,,,,,0,0,,Greenland,,,,,,,,17520,,,
,17521,hydro4,HYD9145,,,,,,,,0,0,,Greenland,,,,,,,,17521,,,
,17522,hydro4,HYD9146,,,,,,,,0,0,,Greenland,,,,,,,,17522,,,
,17523,hydro4,HYD9147,,,,,,,,0,0,,Greenland,,,,,,,,17523,,,
,17524,hydro4,HYD9148,,,,,,,,0,0,,Greenland,,,,,,,,17524,,,
,17525,hydro4,HYD9149,,,,,,,,0,0,,Greenland,,,,,,,,17525,,,
,,,,,,,,,,,,,,,,,,,,,,,,,
,20000,hydro5,HYD11101,,,,,,,,0,0,,Africa,,,,,,,,20000,,,
,20001,hydro5,HYD11102,,,,,,,,0,0,,Africa,,,,,,,,20001,,,
,20002,hydro5,HYD11103,,,,,,,,0,0,,Africa,,,,,,,,20002,,,
,20003,hydro5,HYD11104,,,,,,,,0,0,,Africa,,,,,,,,20003,,,
,20004,hydro5,HYD11105,,,,,,,,0,0,,Africa,,,,,,,,20004,,,
,20005,hydro5,HYD11106,,,,,,,,0,0,,Africa,,,,,,,,20005,,,
,20006,hydro5,HYD11107,,,,,,,,0,0,,Africa,,,,,,,,20006,,,
,20007,hydro5,HYD11108,,,,,,,,0,0,,Africa,,,,,,,,20007,,,
,20008,hydro5,HYD11109,,,,,,,,0,0,,Africa,,,,,,,,20008,,,
,20009,hydro5,HYD11201,,,,,,,,0,0,,Africa,,,,,,,,20009,,,
,20010,hydro5,HYD11202,,,,,,,,0,0,,Africa,,,,,,,,20010,,,
,20011,hydro5,HYD11203,,,,,,,,0,0,,Africa,,,,,,,,20011,,,
,20012,hydro5,HYD11204,,,,,,,,0,0,,Africa,,,,,,,,20012,,,
,20013,hydro5,HYD11205,,,,,,,,0,0,,Africa,,,,,,,,20013,,,
,20014,hydro5,HYD11206,,,,,,,,0,0,,Africa,,,,,,,,20014,,,
,20015,hydro5,HYD11207,,,,,,,,0,0,,Africa,,,,,,,,20015,,,
,20016,hydro5,HYD11211,,,,,,,,0,0,,Africa,,,,,,,,20016,,,
,20017,hydro5,HYD11212,,,,,,,,0,0,,Africa,,,,,,,,20017,,,
,20018,hydro5,HYD11213,,,,,,,,0,0,,Africa,,,,,,,,20018,,,
,20019,hydro5,HYD11214,,,,,,,,0,0,,Africa,,,,,,,,20019,,,
,20020,hydro5,HYD11215,,,,,,,,0,0,,Africa,,,,,,,,20020,,,
,20021,hydro5,HYD11216,,,,,,,,0,0,,Africa,,,,,,,,20021,,,
,20022,hydro5,HYD11217,,,,,,,,0,0,,Africa,,,,,,,,20022,,,
,20023,hydro5,HYD11218,,,,,,,,0,0,,Africa,,,,,,,,20023,,,
,20024,hydro5,HYD11219,,,,,,,,0,0,,Africa,,,,,,,,20024,,,
,20025,hydro5,HYD11220,,,,,,,,0,0,,Africa,,,,,,,,20025,,,
,20026,hydro5,HYD11230,,,,,,,,0,0,,Africa,,,,,,,,20026,,,
,20027,hydro5,HYD11240,,,,,,,,0,0,,Africa,,,,,,,,20027,,,
,20028,hydro5,HYD11250,,,,,,,,0,0,,Africa,,,,,,,,20028,,,
,20029,hydro5,HYD11260,,,,,,,,0,0,,Africa,,,,,,,,20029,,,
,20030,hydro5,HYD11270,,,,,,,,0,0,,Africa,,,,,,,,20030,,,
,20031,hydro5,HYD11280,,,,,,,,0,0,,Africa,,,,,,,,20031,,,
,20032,hydro5,HYD11290,,,,,,,,0,0,,Africa,,,,,,,,20032,,,
,20033,hydro5,HYD11300,,,,,,,,0,0,,Africa,,,,,,,,20033,,,
,20034,hydro5,HYD11400,,,,,,,,0,0,,Africa,,,,,,,,20034,,,
,20035,hydro5,HYD11410,,,,,,,,0,0,,Africa,,,,,,,,20035,,,
,20036,hydro5,HYD11421,,,,,,,,0,0,,Africa,,,,,,,,20036,,,
,20037,hydro5,HYD11422,,,,,,,,0,0,,Africa,,,,,,,,20037,,,
,20038,hydro5,HYD11423,,,,,,,,0,0,,Africa,,,,,,,,20038,,,
,20039,hydro5,HYD11424,,,,,,,,0,0,,Africa,,,,,,,,20039,,,
,20040,hydro5,HYD11425,,,,,,,,0,0,,Africa,,,,,,,,20040,,,
,20041,hydro5,HYD11426,,,,,,,,0,0,,Africa,,,,,,,,20041,,,
,20042,hydro5,HYD11427,,,,,,,,0,0,,Africa,,,,,,,,20042,,,
,20043,hydro5,HYD11428,,,,,,,,0,0,,Africa,,,,,,,,20043,,,
,20044,hydro5,HYD11429,,,,,,,,0,0,,Africa,,,,,,,,20044,,,
,20045,hydro5,HYD11430,,,,,,,,0,0,,Africa,,,,,,,,20045,,,
,20046,hydro5,HYD11441,,,,,,,,0,0,,Africa,,,,,,,,20046,,,
,20047,hydro5,HYD11442,,,,,,,,0,0,,Africa,,,,,,,,20047,,,
,20048,hydro5,HYD11443,,,,,,,,0,0,,Africa,,,,,,,,20048,,,
,20049,hydro5,HYD11444,,,,,,,,0,0,,Africa,,,,,,,,20049,,,
,20050,hydro5,HYD11445,,,,,,,,0,0,,Africa,,,,,,,,20050,,,
,20051,hydro5,HYD11446,,,,,,,,0,0,,Africa,,,,,,,,20051,,,
,20052,hydro5,HYD11447,,,,,,,,0,0,,Africa,,,,,,,,20052,,,
,20053,hydro5,HYD11448,,,,,,,,0,0,,Africa,,,,,,,,20053,,,
,20054,hydro5,HYD11449,,,,,,,,0,0,,Africa,,,,,,,,20054,,,
,20055,hydro5,HYD11450,,,,,,,,0,0,,Africa,,,,,,,,20055,,,
,20056,hydro5,HYD11460,,,,,,,,0,0,,Africa,,,,,,,,20056,,,
,20057,hydro5,HYD11470,,,,,,,,0,0,,Africa,,,,,,,,20057,,,
,20058,hydro5,HYD11480,,,,,,,,0,0,,Africa,,,,,,,,20058,,,
,20059,hydro5,HYD11491,,,,,,,,0,0,,Africa,,,,,,,,20059,,,
,20060,hydro5,HYD11492,,,,,,,,0,0,,Africa,,,,,,,,20060,,,
,20061,hydro5,HYD11493,,,,,,,,0,0,,Africa,,,,,,,,20061,,,
,20062,hydro5,HYD11494,,,,,,,,0,0,,Africa,,,,,,,,20062,,,
,20063,hydro5,HYD11495,,,,,,,,0,0,,Africa,,,,,,,,20063,,,
,20064,hydro5,HYD11496,,,,,,,,0,0,,Africa,,,,,,,,20064,,,
,20065,hydro5,HYD11497,,,,,,,,0,0,,Africa,,,,,,,,20065,,,
,20066,hydro5,HYD11498,,,,,,,,0,0,,Africa,,,,,,,,20066,,,
,20067,hydro5,HYD11499,,,,,,,,0,0,,Africa,,,,,,,,20067,,,
,20068,hydro5,HYD11510,,,,,,,,0,0,,Africa,,,,,,,,20068,,,
,20069,hydro5,HYD11510,,,,,,,,0,0,,Africa,,,,,,,,20069,,,
,20070,hydro5,HYD11520,,,,,,,,0,0,,Africa,,,,,,,,20070,,,
,20071,hydro5,HYD11520,,,,,,,,0,0,,Africa,,,,,,,,20071,,,
,20072,hydro5,HYD11520,,,,,,,,0,0,,Africa,,,,,,,,20072,,,
,20073,hydro5,HYD11530,,,,,,,,0,0,,Africa,,,,,,,,20073,,,
,20074,hydro5,HYD11541,,,,,,,,0,0,,Africa,,,,,,,,20074,,,
,20075,hydro5,HYD11541,,,,,,,,0,0,,Africa,,,,,,,,20075,,,
,20076,hydro5,HYD11542,,,,,,,,0,0,,Africa,,,,,,,,20076,,,
,20077,hydro5,HYD11543,,,,,,,,0,0,,Africa,,,,,,,,20077,,,
,20078,hydro5,HYD11544,,,,,,,,0,0,,Africa,,,,,,,,20078,,,
,20079,hydro5,HYD11545,,,,,,,,0,0,,Africa,,,,,,,,20079,,,
,20080,hydro5,HYD11546,,,,,,,,0,0,,Africa,,,,,,,,20080,,,
,20081,hydro5,HYD11547,,,,,,,,0,0,,Africa,,,,,,,,20081,,,
,20082,hydro5,HYD11548,,,,,,,,0,0,,Africa,,,,,,,,20082,,,
,20083,hydro5,HYD11549,,,,,,,,0,0,,Africa,,,,,,,,20083,,,
,20084,hydro5,HYD11550,,,,,,,,0,0,,Africa,,,,,,,,20084,,,
,20085,hydro5,HYD11560,,,,,,,,0,0,,Africa,,,,,,,,20085,,,
,20086,hydro5,HYD11560,,,,,,,,0,0,,Africa,,,,,,,,20086,,,
,20087,hydro5,HYD11560,,,,,,,,0,0,,Africa,,,,,,,,20087,,,
,20088,hydro5,HYD11560,,,,,,,,0,0,,Africa,,,,,,,,20088,,,
,20089,hydro5,HYD11560,,,,,,,,0,0,,Africa,,,,,,,,20089,,,
,20090,hydro5,HYD11560,,,,,,,,0,0,,Africa,,,,,,,,20090,,,
,20091,hydro5,HYD11571,,,,,,,,0,0,,Africa,,,,,,,,20091,,,
,20092,hydro5,HYD11571,,,,,,,,0,0,,Africa,,,,,,,,20092,,,
,20093,hydro5,HYD11572,,,,,,,,0,0,,Africa,,,,,,,,20093,,,
,20094,hydro5,HYD11573,,,,,,,,0,0,,Africa,,,,,,,,20094,,,
,20095,hydro5,HYD11574,,,,,,,,0,0,,Africa,,,,,,,,20095,,,
,20096,hydro5,HYD11575,,,,,,,,0,0,,Africa,,,,,,,,20096,,,
,20097,hydro5,HYD11580,,,,,,,,0,0,,Africa,,,,,,,,20097,,,
,20098,hydro5,HYD11590,,,,,,,,0,0,,Africa,,,,,,,,20098,,,
,20099,hydro5,HYD11600,,,,,,,,0,0,,Africa,,,,,,,,20099,,,
,20100,hydro5,HYD11600,,,,,,,,0,0,,Africa,,,,,,,,20100,,,
,20101,hydro5,HYD11600,,,,,,,,0,0,,Africa,,,,,,,,20101,,,
,20102,hydro5,HYD11700,,,,,,,,0,0,,Africa,,,,,,,,20102,,,
,20103,hydro5,HYD11700,,,,,,,,0,0,,Africa,,,,,,,,20103,,,
,20104,hydro5,HYD11710,,,,,,,,0,0,,Africa,,,,,,,,20104,,,
,20105,hydro5,HYD11720,,,,,,,,0,0,,Africa,,,,,,,,20105,,,
,20106,hydro5,HYD11730,,,,,,,,0,0,,Africa,,,,,,,,20106,,,
,20107,hydro5,HYD11731,,,,,,,,0,0,,Africa,,,,,,,,20107,,,
,20108,hydro5,HYD11732,,,,,,,,0,0,,Africa,,,,,,,,20108,,,
,20109,hydro5,HYD11733,,,,,,,,0,0,,Africa,,,,,,,,20109,,,
,20110,hydro5,HYD11734,,,,,,,,0,0,,Africa,,,,,,,,20110,,,
,20111,hydro5,HYD11735,,,,,,,,0,0,,Africa,,,,,,,,20111,,,
,20112,hydro5,HYD11736,,,,,,,,0,0,,Africa,,,,,,,,20112,,,
,20113,hydro5,HYD11737,,,,,,,,0,0,,Africa,,,,,,,,20113,,,
,20114,hydro5,HYD11738,,,,,,,,0,0,,Africa,,,,,,,,20114,,,
,20115,hydro5,HYD11739,,,,,,,,0,0,,Africa,,,,,,,,20115,,,
,20116,hydro5,HYD11740,,,,,,,,0,0,,Africa,,,,,,,,20116,,,
,20117,hydro5,HYD11741,,,,,,,,0,0,,Africa,,,,,,,,20117,,,
,20118,hydro5,HYD11742,,,,,,,,0,0,,Africa,,,,,,,,20118,,,
,20119,hydro5,HYD11743,,,,,,,,0,0,,Africa,,,,,,,,20119,,,
,20120,hydro5,HYD11744,,,,,,,,0,0,,Africa,,,,,,,,20120,,,
,20121,hydro5,HYD11745,,,,,,,,0,0,,Africa,,,,,,,,20121,,,
,20122,hydro5,HYD11745,,,,,,,,0,0,,Africa,,,,,,,,20122,,,
,20123,hydro5,HYD11746,,,,,,,,0,0,,Africa,,,,,,,,20123,,,
,20124,hydro5,HYD11747,,,,,,,,0,0,,Africa,,,,,,,,20124,,,
,20125,hydro5,HYD11748,,,,,,,,0,0,,Africa,,,,,,,,20125,,,
,20126,hydro5,HYD11749,,,,,,,,0,0,,Africa,,,,,,,,20126,,,
,20127,hydro5,HYD11750,,,,,,,,0,0,,Africa,,,,,,,,20127,,,
,20128,hydro5,HYD11761,,,,,,,,0,0,,Africa,,,,,,,,20128,,,
,20129,hydro5,HYD11762,,,,,,,,0,0,,Africa,,,,,,,,20129,,,
,20130,hydro5,HYD11763,,,,,,,,0,0,,Africa,,,,,,,,20130,,,
,20131,hydro5,HYD11764,,,,,,,,0,0,,Africa,,,,,,,,20131,,,
,20132,hydro5,HYD11765,,,,,,,,0,0,,Africa,,,,,,,,20132,,,
,20133,hydro5,HYD11766,,,,,,,,0,0,,Africa,,,,,,,,20133,,,
,20134,hydro5,HYD11767,,,,,,,,0,0,,Africa,,,,,,,,20134,,,
,20135,hydro5,HYD11768,,,,,,,,0,0,,Africa,,,,,,,,20135,,,
,20136,hydro5,HYD11769,,,,,,,,0,0,,Africa,,,,,,,,20136,,,
,20137,hydro5,HYD11770,,,,,,,,0,0,,Africa,,,,,,,,20137,,,
,20138,hydro5,HYD11780,,,,,,,,0,0,,Africa,,,,,,,,20138,,,
,20139,hydro5,HYD11791,,,,,,,,0,0,,Africa,,,,,,,,20139,,,
,20140,hydro5,HYD11792,,,,,,,,0,0,,Africa,,,,,,,,20140,,,
,20141,hydro5,HYD11793,,,,,,,,0,0,,Africa,,,,,,,,20141,,,
,20142,hydro5,HYD11794,,,,,,,,0,0,,Africa,,,,,,,,20142,,,
,20143,hydro5,HYD11795,,,,,,,,0,0,,Africa,,,,,,,,20143,,,
,20144,hydro5,HYD11796,,,,,,,,0,0,,Africa,,,,,,,,20144,,,
,20145,hydro5,HYD11797,,,,,,,,0,0,,Africa,,,,,,,,20145,,,
,20146,hydro5,HYD11798,,,,,,,,0,0,,Africa,,,,,,,,20146,,,
,20147,hydro5,HYD11799,,,,,,,,0,0,,Africa,,,,,,,,20147,,,
,20148,hydro5,HYD12100,,,,,,,,0,0,,Africa,,,,,,,,20148,,,
,20149,hydro5,HYD12210,,,,,,,,0,0,,Africa,,,,,,,,20149,,,
,20150,hydro5,HYD12221,,,,,,,,0,0,,Africa,,,,,,,,20150,,,
,20151,hydro5,HYD12221,,,,,,,,0,0,,Africa,,,,,,,,20151,,,
,20152,hydro5,HYD12221,,,,,,,,0,0,,Africa,,,,,,,,20152,,,
,20153,hydro5,HYD12222,,,,,,,,0,0,,Africa,,,,,,,,20153,,,
,20154,hydro5,HYD12223,,,,,,,,0,0,,Africa,,,,,,,,20154,,,
,20155,hydro5,HYD12224,,,,,,,,0,0,,Africa,,,,,,,,20155,,,
,20156,hydro5,HYD12225,,,,,,,,0,0,,Africa,,,,,,,,20156,,,
,20157,hydro5,HYD12226,,,,,,,,0,0,,Africa,,,,,,,,20157,,,
,20158,hydro5,HYD12227,,,,,,,,0,0,,Africa,,,,,,,,20158,,,
,20159,hydro5,HYD12228,,,,,,,,0,0,,Africa,,,,,,,,20159,,,
,20160,hydro5,HYD12229,,,,,,,,0,0,,Africa,,,,,,,,20160,,,
,20161,hydro5,HYD12231,,,,,,,,0,0,,Africa,,,,,,,,20161,,,
,20162,hydro5,HYD12232,,,,,,,,0,0,,Africa,,,,,,,,20162,,,
,20163,hydro5,HYD12233,,,,,,,,0,0,,Africa,,,,,,,,20163,,,
,20164,hydro5,HYD12234,,,,,,,,0,0,,Africa,,,,,,,,20164,,,
,20165,hydro5,HYD12235,,,,,,,,0,0,,Africa,,,,,,,,20165,,,
,20166,hydro5,HYD12236,,,,,,,,0,0,,Africa,,,,,,,,20166,,,
,20167,hydro5,HYD12237,,,,,,,,0,0,,Africa,,,,,,,,20167,,,
,20168,hydro5,HYD12237,,,,,,,,0,0,,Africa,,,,,,,,20168,,,
,20169,hydro5,HYD12238,,,,,,,,0,0,,Africa,,,,,,,,20169,,,
,20170,hydro5,HYD12239,,,,,,,,0,0,,Africa,,,,,,,,20170,,,
,20171,hydro5,HYD12241,,,,,,,,0,0,,Africa,,,,,,,,20171,,,
,20172,hydro5,HYD12242,,,,,,,,0,0,,Africa,,,,,,,,20172,,,
,20173,hydro5,HYD12243,,,,,,,,0,0,,Africa,,,,,,,,20173,,,
,20174,hydro5,HYD12244,,,,,,,,0,0,,Africa,,,,,,,,20174,,,
,20175,hydro5,HYD12245,,,,,,,,0,0,,Africa,,,,,,,,20175,,,
,20176,hydro5,HYD12246,,,,,,,,0,0,,Africa,,,,,,,,20176,,,
,20177,hydro5,HYD12247,,,,,,,,0,0,,Africa,,,,,,,,20177,,,
,20178,hydro5,HYD12248,,,,,,,,0,0,,Africa,,,,,,,,20178,,,
,20179,hydro5,HYD12249,,,,,,,,0,0,,Africa,,,,,,,,20179,,,
,20180,hydro5,HYD12250,,,,,,,,0,0,,Africa,,,,,,,,20180,,,
,20181,hydro5,HYD12261,,,,,,,,0,0,,Africa,,,,,,,,20181,,,
,20182,hydro5,HYD12261,,,,,,,,0,0,,Africa,,,,,,,,20182,,,
,20183,hydro5,HYD12261,,,,,,,,0,0,,Africa,,,,,,,,20183,,,
,20184,hydro5,HYD12262,,,,,,,,0,0,,Africa,,,,,,,,20184,,,
,20185,hydro5,HYD12263,,,,,,,,0,0,,Africa,,,,,,,,20185,,,
,20186,hydro5,HYD12264,,,,,,,,0,0,,Africa,,,,,,,,20186,,,
,20187,hydro5,HYD12265,,,,,,,,0,0,,Africa,,,,,,,,20187,,,
,20188,hydro5,HYD12266,,,,,,,,0,0,,Africa,,,,,,,,20188,,,
,20189,hydro5,HYD12267,,,,,,,,0,0,,Africa,,,,,,,,20189,,,
,20190,hydro5,HYD12268,,,,,,,,0,0,,Africa,,,,,,,,20190,,,
,20191,hydro5,HYD12269,,,,,,,,0,0,,Africa,,,,,,,,20191,,,
,20192,hydro5,HYD12271,,,,,,,,0,0,,Africa,,,,,,,,20192,,,
,20193,hydro5,HYD12271,,,,,,,,0,0,,Africa,,,,,,,,20193,,,
,20194,hydro5,HYD12272,,,,,,,,0,0,,Africa,,,,,,,,20194,,,
,20195,hydro5,HYD12273,,,,,,,,0,0,,Africa,,,,,,,,20195,,,
,20196,hydro5,HYD12274,,,,,,,,0,0,,Africa,,,,,,,,20196,,,
,20197,hydro5,HYD12275,,,,,,,,0,0,,Africa,,,,,,,,20197,,,
,20198,hydro5,HYD12276,,,,,,,,0,0,,Africa,,,,,,,,20198,,,
,20199,hydro5,HYD12277,,,,,,,,0,0,,Africa,,,,,,,,20199,,,
,20200,hydro5,HYD12278,,,,,,,,0,0,,Africa,,,,,,,,20200,,,
,20201,hydro5,HYD12279,,,,,,,,0,0,,Africa,,,,,,,,20201,,,
,20202,hydro5,HYD12281,,,,,,,,0,0,,Africa,,,,,,,,20202,,,
,20203,hydro5,HYD12282,,,,,,,,0,0,,Africa,,,,,,,,20203,,,
,20204,hydro5,HYD12283,,,,,,,,0,0,,Africa,,,,,,,,20204,,,
,20205,hydro5,HYD12284,,,,,,,,0,0,,Africa,,,,,,,,20205,,,
,20206,hydro5,HYD12285,,,,,,,,0,0,,Africa,,,,,,,,20206,,,
,20207,hydro5,HYD12286,,,,,,,,0,0,,Africa,,,,,,,,20207,,,
,20208,hydro5,HYD12287,,,,,,,,0,0,,Africa,,,,,,,,20208,,,
,20209,hydro5,HYD12288,,,,,,,,0,0,,Africa,,,,,,,,20209,,,
,20210,hydro5,HYD12289,,,,,,,,0,0,,Africa,,,,,,,,20210,,,
,20211,hydro5,HYD12291,,,,,,,,0,0,,Africa,,,,,,,,20211,,,
,20212,hydro5,HYD12292,,,,,,,,0,0,,Africa,,,,,,,,20212,,,
,20213,hydro5,HYD12293,,,,,,,,0,0,,Africa,,,,,,,,20213,,,
,20214,hydro5,HYD12294,,,,,,,,0,0,,Africa,,,,,,,,20214,,,
,20215,hydro5,HYD12295,,,,,,,,0,0,,Africa,,,,,,,,20215,,,
,20216,hydro5,HYD12296,,,,,,,,0,0,,Africa,,,,,,,,20216,,,
,20217,hydro5,HYD12297,,,,,,,,0,0,,Africa,,,,,,,,20217,,,
,20218,hydro5,HYD12298,,,,,,,,0,0,,Africa,,,,,,,,20218,,,
,20219,hydro5,HYD12299,,,,,,,,0,0,,Africa,,,,,,,,20219,,,
,20220,hydro5,HYD12301,,,,,,,,0,0,,Africa,,,,,,,,20220,,,
,20221,hydro5,HYD12302,,,,,,,,0,0,,Africa,,,,,,,,20221,,,
,20222,hydro5,HYD12303,,,,,,,,0,0,,Africa,,,,,,,,20222,,,
,20223,hydro5,HYD12304,,,,,,,,0,0,,Africa,,,,,,,,20223,,,
,20224,hydro5,HYD12305,,,,,,,,0,0,,Africa,,,,,,,,20224,,,
,20225,hydro5,HYD12306,,,,,,,,0,0,,Africa,,,,,,,,20225,,,
,20226,hydro5,HYD12307,,,,,,,,0,0,,Africa,,,,,,,,20226,,,
,20227,hydro5,HYD12308,,,,,,,,0,0,,Africa,,,,,,,,20227,,,
,20228,hydro5,HYD12309,,,,,,,,0,0,,Africa,,,,,,,,20228,,,
,20229,hydro5,HYD12410,,,,,,,,0,0,,Africa,,,,,,,,20229,,,
,20230,hydro5,HYD12420,,,,,,,,0,0,,Africa,,,,,,,,20230,,,
,20231,hydro5,HYD12430,,,,,,,,0,0,,Africa,,,,,,,,20231,,,
,20232,hydro5,HYD12440,,,,,,,,0,0,,Africa,,,,,,,,20232,,,
,20233,hydro5,HYD12450,,,,,,,,0,0,,Africa,,,,,,,,20233,,,
,20234,hydro5,HYD12460,,,,,,,,0,0,,Africa,,,,,,,,20234,,,
,20235,hydro5,HYD12470,,,,,,,,0,0,,Africa,,,,,,,,20235,,,
,20236,hydro5,HYD12480,,,,,,,,0,0,,Africa,,,,,,,,20236,,,
,20237,hydro5,HYD12491,,,,,,,,0,0,,Africa,,,,,,,,20237,,,
,20238,hydro5,HYD12492,,,,,,,,0,0,,Africa,,,,,,,,20238,,,
,20239,hydro5,HYD12493,,,,,,,,0,0,,Africa,,,,,,,,20239,,,
,20240,hydro5,HYD12494,,,,,,,,0,0,,Africa,,,,,,,,20240,,,
,20241,hydro5,HYD12495,,,,,,,,0,0,,Africa,,,,,,,,20241,,,
,20242,hydro5,HYD12496,,,,,,,,0,0,,Africa,,,,,,,,20242,,,
,20243,hydro5,HYD12497,,,,,,,,0,0,,Africa,,,,,,,,20243,,,
,20244,hydro5,HYD12498,,,,,,,,0,0,,Africa,,,,,,,,20244,,,
,20245,hydro5,HYD12499,,,,,,,,0,0,,Africa,,,,,,,,20245,,,
,20246,hydro5,HYD12510,,,,,,,,0,0,,Africa,,,,,,,,20246,,,
,20247,hydro5,HYD12520,,,,,,,,0,0,,Africa,,,,,,,,20247,,,
,20248,hydro5,HYD12530,,,,,,,,0,0,,Africa,,,,,,,,20248,,,
,20249,hydro5,HYD12540,,,,,,,,0,0,,Africa,,,,,,,,20249,,,
,20250,hydro5,HYD12551,,,,,,,,0,0,,Africa,,,,,,,,20250,,,
,20251,hydro5,HYD12551,,,,,,,,0,0,,Africa,,,,,,,,20251,,,
,20252,hydro5,HYD12552,,,,,,,,0,0,,Africa,,,,,,,,20252,,,
,20253,hydro5,HYD12553,,,,,,,,0,0,,Africa,,,,,,,,20253,,,
,20254,hydro5,HYD12554,,,,,,,,0,0,,Africa,,,,,,,,20254,,,
,20255,hydro5,HYD12555,,,,,,,,0,0,,Africa,,,,,,,,20255,,,
,20256,hydro5,HYD12556,,,,,,,,0,0,,Africa,,,,,,,,20256,,,
,20257,hydro5,HYD12557,,,,,,,,0,0,,Africa,,,,,,,,20257,,,
,20258,hydro5,HYD12558,,,,,,,,0,0,,Africa,,,,,,,,20258,,,
,20259,hydro5,HYD12559,,,,,,,,0,0,,Africa,,,,,,,,20259,,,
,20260,hydro5,HYD12560,,,,,,,,0,0,,Africa,,,,,,,,20260,,,
,20261,hydro5,HYD12570,,,,,,,,0,0,,Africa,,,,,,,,20261,,,
,20262,hydro5,HYD12580,,,,,,,,0,0,,Africa,,,,,,,,20262,,,
,20263,hydro5,HYD12590,,,,,,,,0,0,,Africa,,,,,,,,20263,,,
,20264,hydro5,HYD12600,,,,,,,,0,0,,Africa,,,,,,,,20264,,,
,20265,hydro5,HYD12601,,,,,,,,0,0,,Africa,,,,,,,,20265,,,
,20266,hydro5,HYD12602,,,,,,,,0,0,,Africa,,,,,,,,20266,,,
,20267,hydro5,HYD12603,,,,,,,,0,0,,Africa,,,,,,,,20267,,,
,20268,hydro5,HYD12604,,,,,,,,0,0,,Africa,,,,,,,,20268,,,
,20269,hydro5,HYD12605,,,,,,,,0,0,,Africa,,,,,,,,20269,,,
,20270,hydro5,HYD12606,,,,,,,,0,0,,Africa,,,,,,,,20270,,,
,20271,hydro5,HYD12607,,,,,,,,0,0,,Africa,,,,,,,,20271,,,
,20272,hydro5,HYD12608,,,,,,,,0,0,,Africa,,,,,,,,20272,,,
,20273,hydro5,HYD12609,,,,,,,,0,0,,Africa,,,,,,,,20273,,,
,20274,hydro5,HYD12710,,,,,,,,0,0,,Africa,,,,,,,,20274,,,
,20275,hydro5,HYD12720,,,,,,,,0,0,,Africa,,,,,,,,20275,,,
,20276,hydro5,HYD12730,,,,,,,,0,0,,Africa,,,,,,,,20276,,,
,20277,hydro5,HYD12740,,,,,,,,0,0,,Africa,,,,,,,,20277,,,
,20278,hydro5,HYD12741,,,,,,,,0,0,,Africa,,,,,,,,20278,,,
,20279,hydro5,HYD12742,,,,,,,,0,0,,Africa,,,,,,,,20279,,,
,20280,hydro5,HYD12743,,,,,,,,0,0,,Africa,,,,,,,,20280,,,
,20281,hydro5,HYD12744,,,,,,,,0,0,,Africa,,,,,,,,20281,,,
,20282,hydro5,HYD12745,,,,,,,,0,0,,Africa,,,,,,,,20282,,,
,20283,hydro5,HYD12746,,,,,,,,0,0,,Africa,,,,,,,,20283,,,
,20284,hydro5,HYD12747,,,,,,,,0,0,,Africa,,,,,,,,20284,,,
,20285,hydro5,HYD12748,,,,,,,,0,0,,Africa,,,,,,,,20285,,,
,20286,hydro5,HYD12749,,,,,,,,0,0,,Africa,,,,,,,,20286,,,
,20287,hydro5,HYD12750,,,,,,,,0,0,,Africa,,,,,,,,20287,,,
,20288,hydro5,HYD12760,,,,,,,,0,0,,Africa,,,,,,,,20288,,,
,20289,hydro5,HYD12770,,,,,,,,0,0,,Africa,,,,,,,,20289,,,
,20290,hydro5,HYD12780,,,,,,,,0,0,,Africa,,,,,,,,20290,,,
,20291,hydro5,HYD12780,,,,,,,,0,0,,Africa,,,,,,,,20291,,,
,20292,hydro5,HYD12791,,,,,,,,0,0,,Africa,,,,,,,,20292,,,
,20293,hydro5,HYD12792,,,,,,,,0,0,,Africa,,,,,,,,20293,,,
,20294,hydro5,HYD12793,,,,,,,,0,0,,Africa,,,,,,,,20294,,,
,20295,hydro5,HYD12794,,,,,,,,0,0,,Africa,,,,,,,,20295,,,
,20296,hydro5,HYD12795,,,,,,,,0,0,,Africa,,,,,,,,20296,,,
,20297,hydro5,HYD12796,,,,,,,,0,0,,Africa,,,,,,,,20297,,,
,20298,hydro5,HYD12797,,,,,,,,0,0,,Africa,,,,,,,,20298,,,
,20299,hydro5,HYD12797,,,,,,,,0,0,,Africa,,,,,,,,20299,,,
,20300,hydro5,HYD12798,,,,,,,,0,0,,Africa,,,,,,,,20300,,,
,20301,hydro5,HYD12799,,,,,,,,0,0,,Africa,,,,,,,,20301,,,
,20302,hydro5,HYD12800,,,,,,,,0,0,,Africa,,,,,,,,20302,,,
,20303,hydro5,HYD12801,,,,,,,,0,0,,Africa,,,,,,,,20303,,,
,20304,hydro5,HYD12802,,,,,,,,0,0,,Africa,,,,,,,,20304,,,
,20305,hydro5,HYD12803,,,,,,,,0,0,,Africa,,,,,,,,20305,,,
,20306,hydro5,HYD12804,,,,,,,,0,0,,Africa,,,,,,,,20306,,,
,20307,hydro5,HYD12805,,,,,,,,0,0,,Africa,,,,,,,,20307,,,
,20308,hydro5,HYD12806,,,,,,,,0,0,,Africa,,,,,,,,20308,,,
,20309,hydro5,HYD12807,,,,,,,,0,0,,Africa,,,,,,,,20309,,,
,20310,hydro5,HYD12808,,,,,,,,0,0,,Africa,,,,,,,,20310,,,
,20311,hydro5,HYD12809,,,,,,,,0,0,,Africa,,,,,,,,20311,,,
,20312,hydro5,HYD12901,,,,,,,,0,0,,Africa,,,,,,,,20312,,,
,20313,hydro5,HYD12902,,,,,,,,0,0,,Africa,,,,,,,,20313,,,
,20314,hydro5,HYD12903,,,,,,,,0,0,,Africa,,,,,,,,20314,,,
,20315,hydro5,HYD12904,,,,,,,,0,0,,Africa,,,,,,,,20315,,,
,20316,hydro5,HYD12905,,,,,,,,0,0,,Africa,,,,,,,,20316,,,
,20317,hydro5,HYD12906,,,,,,,,0,0,,Africa,,,,,,,,20317,,,
,20318,hydro5,HYD12907,,,,,,,,0,0,,Africa,,,,,,,,20318,,,
,20319,hydro5,HYD12908,,,,,,,,0,0,,Africa,,,,,,,,20319,,,
,20320,hydro5,HYD12909,,,,,,,,0,0,,Africa,,,,,,,,20320,,,
,20321,hydro5,HYD12910,,,,,,,,0,0,,Africa,,,,,,,,20321,,,
,20322,hydro5,HYD12921,,,,,,,,0,0,,Africa,,,,,,,,20322,,,
,20323,hydro5,HYD12922,,,,,,,,0,0,,Africa,,,,,,,,20323,,,
,20324,hydro5,HYD12923,,,,,,,,0,0,,Africa,,,,,,,,20324,,,
,20325,hydro5,HYD12924,,,,,,,,0,0,,Africa,,,,,,,,20325,,,
,20326,hydro5,HYD12925,,,,,,,,0,0,,Africa,,,,,,,,20326,,,
,20327,hydro5,HYD12926,,,,,,,,0,0,,Africa,,,,,,,,20327,,,
,20328,hydro5,HYD12927,,,,,,,,0,0,,Africa,,,,,,,,20328,,,
,20329,hydro5,HYD12928,,,,,,,,0,0,,Africa,,,,,,,,20329,,,
,20330,hydro5,HYD12929,,,,,,,,0,0,,Africa,,,,,,,,20330,,,
,20331,hydro5,HYD12930,,,,,,,,0,0,,Africa,,,,,,,,20331,,,
,20332,hydro5,HYD12940,,,,,,,,0,0,,Africa,,,,,,,,20332,,,
,20333,hydro5,HYD12941,,,,,,,,0,0,,Africa,,,,,,,,20333,,,
,20334,hydro5,HYD12942,,,,,,,,0,0,,Africa,,,,,,,,20334,,,
,20335,hydro5,HYD12943,,,,,,,,0,0,,Africa,,,,,,,,20335,,,
,20336,hydro5,HYD12944,,,,,,,,0,0,,Africa,,,,,,,,20336,,,
,20337,hydro5,HYD12945,,,,,,,,0,0,,Africa,,,,,,,,20337,,,
,20338,hydro5,HYD12946,,,,,,,,0,0,,Africa,,,,,,,,20338,,,
,20339,hydro5,HYD12947,,,,,,,,0,0,,Africa,,,,,,,,20339,,,
,20340,hydro5,HYD12948,,,,,,,,0,0,,Africa,,,,,,,,20340,,,
,20341,hydro5,HYD12949,,,,,,,,0,0,,Africa,,,,,,,,20341,,,
,20342,hydro5,HYD12950,,,,,,,,0,0,,Africa,,,,,,,,20342,,,
,20343,hydro5,HYD12960,,,,,,,,0,0,,Africa,,,,,,,,20343,,,
,20344,hydro5,HYD12970,,,,,,,,0,0,,Africa,,,,,,,,20344,,,
,20345,hydro5,HYD12980,,,,,,,,0,0,,Africa,,,,,,,,20345,,,
,20346,hydro5,HYD12991,,,,,,,,0,0,,Africa,,,,,,,,20346,,,
,20347,hydro5,HYD12992,,,,,,,,0,0,,Africa,,,,,,,,20347,,,
,20348,hydro5,HYD12993,,,,,,,,0,0,,Africa,,,,,,,,20348,,,
,20349,hydro5,HYD12994,,,,,,,,0,0,,Africa,,,,,,,,20349,,,
,20350,hydro5,HYD12995,,,,,,,,0,0,,Africa,,,,,,,,20350,,,
,20351,hydro5,HYD12996,,,,,,,,0,0,,Africa,,,,,,,,20351,,,
,20352,hydro5,HYD12997,,,,,,,,0,0,,Africa,,,,,,,,20352,,,
,20353,hydro5,HYD12998,,,,,,,,0,0,,Africa,,,,,,,,20353,,,
,20354,hydro5,HYD12999,,,,,,,,0,0,,Africa,,,,,,,,20354,,,
,20355,hydro5,HYD13110,,,,,,,,0,0,,Africa,,,,,,,,20355,,,
,20356,hydro5,HYD13121,,,,,,,,0,0,,Africa,,,,,,,,20356,,,
,20357,hydro5,HYD13122,,,,,,,,0,0,,Africa,,,,,,,,20357,,,
,20358,hydro5,HYD13123,,,,,,,,0,0,,Africa,,,,,,,,20358,,,
,20359,hydro5,HYD13124,,,,,,,,0,0,,Africa,,,,,,,,20359,,,
,20360,hydro5,HYD13125,,,,,,,,0,0,,Africa,,,,,,,,20360,,,
,20361,hydro5,HYD13126,,,,,,,,0,0,,Africa,,,,,,,,20361,,,
,20362,hydro5,HYD13127,,,,,,,,0,0,,Africa,,,,,,,,20362,,,
,20363,hydro5,HYD13128,,,,,,,,0,0,,Africa,,,,,,,,20363,,,
,20364,hydro5,HYD13129,,,,,,,,0,0,,Africa,,,,,,,,20364,,,
,20365,hydro5,HYD13131,,,,,,,,0,0,,Africa,,,,,,,,20365,,,
,20366,hydro5,HYD13132,,,,,,,,0,0,,Africa,,,,,,,,20366,,,
,20367,hydro5,HYD13133,,,,,,,,0,0,,Africa,,,,,,,,20367,,,
,20368,hydro5,HYD13134,,,,,,,,0,0,,Africa,,,,,,,,20368,,,
,20369,hydro5,HYD13135,,,,,,,,0,0,,Africa,,,,,,,,20369,,,
,20370,hydro5,HYD13136,,,,,,,,0,0,,Africa,,,,,,,,20370,,,
,20371,hydro5,HYD13137,,,,,,,,0,0,,Africa,,,,,,,,20371,,,
,20372,hydro5,HYD13138,,,,,,,,0,0,,Africa,,,,,,,,20372,,,
,20373,hydro5,HYD13139,,,,,,,,0,0,,Africa,,,,,,,,20373,,,
,20374,hydro5,HYD13140,,,,,,,,0,0,,Africa,,,,,,,,20374,,,
,20375,hydro5,HYD13150,,,,,,,,0,0,,Africa,,,,,,,,20375,,,
,20376,hydro5,HYD13160,,,,,,,,0,0,,Africa,,,,,,,,20376,,,
,20377,hydro5,HYD13170,,,,,,,,0,0,,Africa,,,,,,,,20377,,,
,20378,hydro5,HYD13181,,,,,,,,0,0,,Africa,,,,,,,,20378,,,
,20379,hydro5,HYD13182,,,,,,,,0,0,,Africa,,,,,,,,20379,,,
,20380,hydro5,HYD13183,,,,,,,,0,0,,Africa,,,,,,,,20380,,,
,20381,hydro5,HYD13184,,,,,,,,0,0,,Africa,,,,,,,,20381,,,
,20382,hydro5,HYD13185,,,,,,,,0,0,,Africa,,,,,,,,20382,,,
,20383,hydro5,HYD13186,,,,,,,,0,0,,Africa,,,,,,,,20383,,,
,20384,hydro5,HYD13187,,,,,,,,0,0,,Africa,,,,,,,,20384,,,
,20385,hydro5,HYD13188,,,,,,,,0,0,,Africa,,,,,,,,20385,,,
,20386,hydro5,HYD13189,,,,,,,,0,0,,Africa,,,,,,,,20386,,,
,20387,hydro5,HYD13190,,,,,,,,0,0,,Africa,,,,,,,,20387,,,
,20388,hydro5,HYD13211,,,,,,,,0,0,,Africa,,,,,,,,20388,,,
,20389,hydro5,HYD13212,,,,,,,,0,0,,Africa,,,,,,,,20389,,,
,20390,hydro5,HYD13213,,,,,,,,0,0,,Africa,,,,,,,,20390,,,
,20391,hydro5,HYD13214,,,,,,,,0,0,,Africa,,,,,,,,20391,,,
,20392,hydro5,HYD13215,,,,,,,,0,0,,Africa,,,,,,,,20392,,,
,20393,hydro5,HYD13216,,,,,,,,0,0,,Africa,,,,,,,,20393,,,
,20394,hydro5,HYD13217,,,,,,,,0,0,,Africa,,,,,,,,20394,,,
,20395,hydro5,HYD13217,,,,,,,,0,0,,Africa,,,,,,,,20395,,,
,20396,hydro5,HYD13218,,,,,,,,0,0,,Africa,,,,,,,,20396,,,
,20397,hydro5,HYD13219,,,,,,,,0,0,,Africa,,,,,,,,20397,,,
,20398,hydro5,HYD13221,,,,,,,,0,0,,Africa,,,,,,,,20398,,,
,20399,hydro5,HYD13222,,,,,,,,0,0,,Africa,,,,,,,,20399,,,
,20400,hydro5,HYD13222,,,,,,,,0,0,,Africa,,,,,,,,20400,,,
,20401,hydro5,HYD13223,,,,,,,,0,0,,Africa,,,,,,,,20401,,,
,20402,hydro5,HYD13224,,,,,,,,0,0,,Africa,,,,,,,,20402,,,
,20403,hydro5,HYD13225,,,,,,,,0,0,,Africa,,,,,,,,20403,,,
,20404,hydro5,HYD13226,,,,,,,,0,0,,Africa,,,,,,,,20404,,,
,20405,hydro5,HYD13227,,,,,,,,0,0,,Africa,,,,,,,,20405,,,
,20406,hydro5,HYD13228,,,,,,,,0,0,,Africa,,,,,,,,20406,,,
,20407,hydro5,HYD13229,,,,,,,,0,0,,Africa,,,,,,,,20407,,,
,20408,hydro5,HYD13230,,,,,,,,0,0,,Africa,,,,,,,,20408,,,
,20409,hydro5,HYD13241,,,,,,,,0,0,,Africa,,,,,,,,20409,,,
,20410,hydro5,HYD13242,,,,,,,,0,0,,Africa,,,,,,,,20410,,,
,20411,hydro5,HYD13243,,,,,,,,0,0,,Africa,,,,,,,,20411,,,
,20412,hydro5,HYD13244,,,,,,,,0,0,,Africa,,,,,,,,20412,,,
,20413,hydro5,HYD13245,,,,,,,,0,0,,Africa,,,,,,,,20413,,,
,20414,hydro5,HYD13246,,,,,,,,0,0,,Africa,,,,,,,,20414,,,
,20415,hydro5,HYD13247,,,,,,,,0,0,,Africa,,,,,,,,20415,,,
,20416,hydro5,HYD13248,,,,,,,,0,0,,Africa,,,,,,,,20416,,,
,20417,hydro5,HYD13249,,,,,,,,0,0,,Africa,,,,,,,,20417,,,
,20418,hydro5,HYD13250,,,,,,,,0,0,,Africa,,,,,,,,20418,,,
,20419,hydro5,HYD13250,,,,,,,,0,0,,Africa,,,,,,,,20419,,,
,20420,hydro5,HYD13261,,,,,,,,0,0,,Africa,,,,,,,,20420,,,
,20421,hydro5,HYD13262,,,,,,,,0,0,,Africa,,,,,,,,20421,,,
,20422,hydro5,HYD13263,,,,,,,,0,0,,Africa,,,,,,,,20422,,,
,20423,hydro5,HYD13264,,,,,,,,0,0,,Africa,,,,,,,,20423,,,
,20424,hydro5,HYD13265,,,,,,,,0,0,,Africa,,,,,,,,20424,,,
,20425,hydro5,HYD13266,,,,,,,,0,0,,Africa,,,,,,,,20425,,,
,20426,hydro5,HYD13267,,,,,,,,0,0,,Africa,,,,,,,,20426,,,
,20427,hydro5,HYD13268,,,,,,,,0,0,,Africa,,,,,,,,20427,,,
,20428,hydro5,HYD13269,,,,,,,,0,0,,Africa,,,,,,,,20428,,,
,20429,hydro5,HYD13271,,,,,,,,0,0,,Africa,,,,,,,,20429,,,
,20430,hydro5,HYD13272,,,,,,,,0,0,,Africa,,,,,,,,20430,,,
,20431,hydro5,HYD13273,,,,,,,,0,0,,Africa,,,,,,,,20431,,,
,20432,hydro5,HYD13274,,,,,,,,0,0,,Africa,,,,,,,,20432,,,
,20433,hydro5,HYD13275,,,,,,,,0,0,,Africa,,,,,,,,20433,,,
,20434,hydro5,HYD13276,,,,,,,,0,0,,Africa,,,,,,,,20434,,,
,20435,hydro5,HYD13277,,,,,,,,0,0,,Africa,,,,,,,,20435,,,
,20436,hydro5,HYD13278,,,,,,,,0,0,,Africa,,,,,,,,20436,,,
,20437,hydro5,HYD13279,,,,,,,,0,0,,Africa,,,,,,,,20437,,,
,20438,hydro5,HYD13281,,,,,,,,0,0,,Africa,,,,,,,,20438,,,
,20439,hydro5,HYD13282,,,,,,,,0,0,,Africa,,,,,,,,20439,,,
,20440,hydro5,HYD13283,,,,,,,,0,0,,Africa,,,,,,,,20440,,,
,20441,hydro5,HYD13283,,,,,,,,0,0,,Africa,,,,,,,,20441,,,
,20442,hydro5,HYD13284,,,,,,,,0,0,,Africa,,,,,,,,20442,,,
,20443,hydro5,HYD13285,,,,,,,,0,0,,Africa,,,,,,,,20443,,,
,20444,hydro5,HYD13286,,,,,,,,0,0,,Africa,,,,,,,,20444,,,
,20445,hydro5,HYD13286,,,,,,,,0,0,,Africa,,,,,,,,20445,,,
,20446,hydro5,HYD13287,,,,,,,,0,0,,Africa,,,,,,,,20446,,,
,20447,hydro5,HYD13288,,,,,,,,0,0,,Africa,,,,,,,,20447,,,
,20448,hydro5,HYD13289,,,,,,,,0,0,,Africa,,,,,,,,20448,,,
,20449,hydro5,HYD13291,,,,,,,,0,0,,Africa,,,,,,,,20449,,,
,20450,hydro5,HYD13292,,,,,,,,0,0,,Africa,,,,,,,,20450,,,
,20451,hydro5,HYD13293,,,,,,,,0,0,,Africa,,,,,,,,20451,,,
,20452,hydro5,HYD13294,,,,,,,,0,0,,Africa,,,,,,,,20452,,,
,20453,hydro5,HYD13294,,,,,,,,0,0,,Africa,,,,,,,,20453,,,
,20454,hydro5,HYD13294,,,,,,,,0,0,,Africa,,,,,,,,20454,,,
,20455,hydro5,HYD13295,,,,,,,,0,0,,Africa,,,,,,,,20455,,,
,20456,hydro5,HYD13295,,,,,,,,0,0,,Africa,,,,,,,,20456,,,
,20457,hydro5,HYD13296,,,,,,,,0,0,,Africa,,,,,,,,20457,,,
,20458,hydro5,HYD13296,,,,,,,,0,0,,Africa,,,,,,,,20458,,,
,20459,hydro5,HYD13297,,,,,,,,0,0,,Africa,,,,,,,,20459,,,
,20460,hydro5,HYD13298,,,,,,,,0,0,,Africa,,,,,,,,20460,,,
,20461,hydro5,HYD13298,,,,,,,,0,0,,Africa,,,,,,,,20461,,,
,20462,hydro5,HYD13299,,,,,,,,0,0,,Africa,,,,,,,,20462,,,
,20463,hydro5,HYD13310,,,,,,,,0,0,,Africa,,,,,,,,20463,,,
,20464,hydro5,HYD13320,,,,,,,,0,0,,Africa,,,,,,,,20464,,,
,20465,hydro5,HYD13330,,,,,,,,0,0,,Africa,,,,,,,,20465,,,
,20466,hydro5,HYD13330,,,,,,,,0,0,,Africa,,,,,,,,20466,,,
,20467,hydro5,HYD13330,,,,,,,,0,0,,Africa,,,,,,,,20467,,,
,20468,hydro5,HYD13341,,,,,,,,0,0,,Africa,,,,,,,,20468,,,
,20469,hydro5,HYD13341,,,,,,,,0,0,,Africa,,,,,,,,20469,,,
,20470,hydro5,HYD13342,,,,,,,,0,0,,Africa,,,,,,,,20470,,,
,20471,hydro5,HYD13343,,,,,,,,0,0,,Africa,,,,,,,,20471,,,
,20472,hydro5,HYD13344,,,,,,,,0,0,,Africa,,,,,,,,20472,,,
,20473,hydro5,HYD13345,,,,,,,,0,0,,Africa,,,,,,,,20473,,,
,20474,hydro5,HYD13346,,,,,,,,0,0,,Africa,,,,,,,,20474,,,
,20475,hydro5,HYD13347,,,,,,,,0,0,,Africa,,,,,,,,20475,,,
,20476,hydro5,HYD13348,,,,,,,,0,0,,Africa,,,,,,,,20476,,,
,20477,hydro5,HYD13349,,,,,,,,0,0,,Africa,,,,,,,,20477,,,
,20478,hydro5,HYD13351,,,,,,,,0,0,,Africa,,,,,,,,20478,,,
,20479,hydro5,HYD13352,,,,,,,,0,0,,Africa,,,,,,,,20479,,,
,20480,hydro5,HYD13353,,,,,,,,0,0,,Africa,,,,,,,,20480,,,
,20481,hydro5,HYD13354,,,,,,,,0,0,,Africa,,,,,,,,20481,,,
,20482,hydro5,HYD13355,,,,,,,,0,0,,Africa,,,,,,,,20482,,,
,20483,hydro5,HYD13356,,,,,,,,0,0,,Africa,,,,,,,,20483,,,
,20484,hydro5,HYD13357,,,,,,,,0,0,,Africa,,,,,,,,20484,,,
,20485,hydro5,HYD13358,,,,,,,,0,0,,Africa,,,,,,,,20485,,,
,20486,hydro5,HYD13359,,,,,,,,0,0,,Africa,,,,,,,,20486,,,
,20487,hydro5,HYD13361,,,,,,,,0,0,,Africa,,,,,,,,20487,,,
,20488,hydro5,HYD13362,,,,,,,,0,0,,Africa,,,,,,,,20488,,,
,20489,hydro5,HYD13363,,,,,,,,0,0,,Africa,,,,,,,,20489,,,
,20490,hydro5,HYD13364,,,,,,,,0,0,,Africa,,,,,,,,20490,,,
,20491,hydro5,HYD13365,,,,,,,,0,0,,Africa,,,,,,,,20491,,,
,20492,hydro5,HYD13366,,,,,,,,0,0,,Africa,,,,,,,,20492,,,
,20493,hydro5,HYD13367,,,,,,,,0,0,,Africa,,,,,,,,20493,,,
,20494,hydro5,HYD13368,,,,,,,,0,0,,Africa,,,,,,,,20494,,,
,20495,hydro5,HYD13369,,,,,,,,0,0,,Africa,,,,,,,,20495,,,
,20496,hydro5,HYD13370,,,,,,,,0,0,,Africa,,,,,,,,20496,,,
,20497,hydro5,HYD13380,,,,,,,,0,0,,Africa,,,,,,,,20497,,,
,20498,hydro5,HYD13390,,,,,,,,0,0,,Africa,,,,,,,,20498,,,
,20499,hydro5,HYD13400,,,,,,,,0,0,,Africa,,,,,,,,20499,,,
,20500,hydro5,HYD14100,,,,,,,,0,0,,Africa,,,,,,,,20500,,,
,20501,hydro5,HYD14210,,,,,,,,0,0,,Africa,,,,,,,,20501,,,
,20502,hydro5,HYD14221,,,,,,,,0,0,,Africa,,,,,,,,20502,,,
,20503,hydro5,HYD14222,,,,,,,,0,0,,Africa,,,,,,,,20503,,,
,20504,hydro5,HYD14223,,,,,,,,0,0,,Africa,,,,,,,,20504,,,
,20505,hydro5,HYD14224,,,,,,,,0,0,,Africa,,,,,,,,20505,,,
,20506,hydro5,HYD14225,,,,,,,,0,0,,Africa,,,,,,,,20506,,,
,20507,hydro5,HYD14226,,,,,,,,0,0,,Africa,,,,,,,,20507,,,
,20508,hydro5,HYD14227,,,,,,,,0,0,,Africa,,,,,,,,20508,,,
,20509,hydro5,HYD14228,,,,,,,,0,0,,Africa,,,,,,,,20509,,,
,20510,hydro5,HYD14228,,,,,,,,0,0,,Africa,,,,,,,,20510,,,
,20511,hydro5,HYD14229,,,,,,,,0,0,,Africa,,,,,,,,20511,,,
,20512,hydro5,HYD14231,,,,,,,,0,0,,Africa,,,,,,,,20512,,,
,20513,hydro5,HYD14232,,,,,,,,0,0,,Africa,,,,,,,,20513,,,
,20514,hydro5,HYD14233,,,,,,,,0,0,,Africa,,,,,,,,20514,,,
,20515,hydro5,HYD14234,,,,,,,,0,0,,Africa,,,,,,,,20515,,,
,20516,hydro5,HYD14234,,,,,,,,0,0,,Africa,,,,,,,,20516,,,
,20517,hydro5,HYD14235,,,,,,,,0,0,,Africa,,,,,,,,20517,,,
,20518,hydro5,HYD14235,,,,,,,,0,0,,Africa,,,,,,,,20518,,,
,20519,hydro5,HYD14236,,,,,,,,0,0,,Africa,,,,,,,,20519,,,
,20520,hydro5,HYD14237,,,,,,,,0,0,,Africa,,,,,,,,20520,,,
,20521,hydro5,HYD14238,,,,,,,,0,0,,Africa,,,,,,,,20521,,,
,20522,hydro5,HYD14239,,,,,,,,0,0,,Africa,,,,,,,,20522,,,
,20523,hydro5,HYD14239,,,,,,,,0,0,,Africa,,,,,,,,20523,,,
,20524,hydro5,HYD14241,,,,,,,,0,0,,Africa,,,,,,,,20524,,,
,20525,hydro5,HYD14242,,,,,,,,0,0,,Africa,,,,,,,,20525,,,
,20526,hydro5,HYD14243,,,,,,,,0,0,,Africa,,,,,,,,20526,,,
,20527,hydro5,HYD14244,,,,,,,,0,0,,Africa,,,,,,,,20527,,,
,20528,hydro5,HYD14245,,,,,,,,0,0,,Africa,,,,,,,,20528,,,
,20529,hydro5,HYD14246,,,,,,,,0,0,,Africa,,,,,,,,20529,,,
,20530,hydro5,HYD14247,,,,,,,,0,0,,Africa,,,,,,,,20530,,,
,20531,hydro5,HYD14248,,,,,,,,0,0,,Africa,,,,,,,,20531,,,
,20532,hydro5,HYD14249,,,,,,,,0,0,,Africa,,,,,,,,20532,,,
,20533,hydro5,HYD14251,,,,,,,,0,0,,Africa,,,,,,,,20533,,,
,20534,hydro5,HYD14252,,,,,,,,0,0,,Africa,,,,,,,,20534,,,
,20535,hydro5,HYD14253,,,,,,,,0,0,,Africa,,,,,,,,20535,,,
,20536,hydro5,HYD14254,,,,,,,,0,0,,Africa,,,,,,,,20536,,,
,20537,hydro5,HYD14255,,,,,,,,0,0,,Africa,,,,,,,,20537,,,
,20538,hydro5,HYD14256,,,,,,,,0,0,,Africa,,,,,,,,20538,,,
,20539,hydro5,HYD14257,,,,,,,,0,0,,Africa,,,,,,,,20539,,,
,20540,hydro5,HYD14258,,,,,,,,0,0,,Africa,,,,,,,,20540,,,
,20541,hydro5,HYD14259,,,,,,,,0,0,,Africa,,,,,,,,20541,,,
,20542,hydro5,HYD14261,,,,,,,,0,0,,Africa,,,,,,,,20542,,,
,20543,hydro5,HYD14262,,,,,,,,0,0,,Africa,,,,,,,,20543,,,
,20544,hydro5,HYD14263,,,,,,,,0,0,,Africa,,,,,,,,20544,,,
,20545,hydro5,HYD14264,,,,,,,,0,0,,Africa,,,,,,,,20545,,,
,20546,hydro5,HYD14265,,,,,,,,0,0,,Africa,,,,,,,,20546,,,
,20547,hydro5,HYD14266,,,,,,,,0,0,,Africa,,,,,,,,20547,,,
,20548,hydro5,HYD14267,,,,,,,,0,0,,Africa,,,,,,,,20548,,,
,20549,hydro5,HYD14268,,,,,,,,0,0,,Africa,,,,,,,,20549,,,
,20550,hydro5,HYD14269,,,,,,,,0,0,,Africa,,,,,,,,20550,,,
,20551,hydro5,HYD14271,,,,,,,,0,0,,Africa,,,,,,,,20551,,,
,20552,hydro5,HYD14272,,,,,,,,0,0,,Africa,,,,,,,,20552,,,
,20553,hydro5,HYD14273,,,,,,,,0,0,,Africa,,,,,,,,20553,,,
,20554,hydro5,HYD14274,,,,,,,,0,0,,Africa,,,,,,,,20554,,,
,20555,hydro5,HYD14275,,,,,,,,0,0,,Africa,,,,,,,,20555,,,
,20556,hydro5,HYD14276,,,,,,,,0,0,,Africa,,,,,,,,20556,,,
,20557,hydro5,HYD14277,,,,,,,,0,0,,Africa,,,,,,,,20557,,,
,20558,hydro5,HYD14277,,,,,,,,0,0,,Africa,,,,,,,,20558,,,
,20559,hydro5,HYD14277,,,,,,,,0,0,,Africa,,,,,,,,20559,,,
,20560,hydro5,HYD14278,,,,,,,,0,0,,Africa,,,,,,,,20560,,,
,20561,hydro5,HYD14279,,,,,,,,0,0,,Africa,,,,,,,,20561,,,
,20562,hydro5,HYD14279,,,,,,,,0,0,,Africa,,,,,,,,20562,,,
,20563,hydro5,HYD14281,,,,,,,,0,0,,Africa,,,,,,,,20563,,,
,20564,hydro5,HYD14282,,,,,,,,0,0,,Africa,,,,,,,,20564,,,
,20565,hydro5,HYD14283,,,,,,,,0,0,,Africa,,,,,,,,20565,,,
,20566,hydro5,HYD14284,,,,,,,,0,0,,Africa,,,,,,,,20566,,,
,20567,hydro5,HYD14285,,,,,,,,0,0,,Africa,,,,,,,,20567,,,
,20568,hydro5,HYD14286,,,,,,,,0,0,,Africa,,,,,,,,20568,,,
,20569,hydro5,HYD14287,,,,,,,,0,0,,Africa,,,,,,,,20569,,,
,20570,hydro5,HYD14288,,,,,,,,0,0,,Africa,,,,,,,,20570,,,
,20571,hydro5,HYD14289,,,,,,,,0,0,,Africa,,,,,,,,20571,,,
,20572,hydro5,HYD14291,,,,,,,,0,0,,Africa,,,,,,,,20572,,,
,20573,hydro5,HYD14292,,,,,,,,0,0,,Africa,,,,,,,,20573,,,
,20574,hydro5,HYD14293,,,,,,,,0,0,,Africa,,,,,,,,20574,,,
,20575,hydro5,HYD14294,,,,,,,,0,0,,Africa,,,,,,,,20575,,,
,20576,hydro5,HYD14295,,,,,,,,0,0,,Africa,,,,,,,,20576,,,
,20577,hydro5,HYD14296,,,,,,,,0,0,,Africa,,,,,,,,20577,,,
,20578,hydro5,HYD14296,,,,,,,,0,0,,Africa,,,,,,,,20578,,,
,20579,hydro5,HYD14297,,,,,,,,0,0,,Africa,,,,,,,,20579,,,
,20580,hydro5,HYD14298,,,,,,,,0,0,,Africa,,,,,,,,20580,,,
,20581,hydro5,HYD14299,,,,,,,,0,0,,Africa,,,,,,,,20581,,,
,20582,hydro5,HYD14301,,,,,,,,0,0,,Africa,,,,,,,,20582,,,
,20583,hydro5,HYD14302,,,,,,,,0,0,,Africa,,,,,,,,20583,,,
,20584,hydro5,HYD14303,,,,,,,,0,0,,Africa,,,,,,,,20584,,,
,20585,hydro5,HYD14304,,,,,,,,0,0,,Africa,,,,,,,,20585,,,
,20586,hydro5,HYD14304,,,,,,,,0,0,,Africa,,,,,,,,20586,,,
,20587,hydro5,HYD14304,,,,,,,,0,0,,Africa,,,,,,,,20587,,,
,20588,hydro5,HYD14305,,,,,,,,0,0,,Africa,,,,,,,,20588,,,
,20589,hydro5,HYD14306,,,,,,,,0,0,,Africa,,,,,,,,20589,,,
,20590,hydro5,HYD14307,,,,,,,,0,0,,Africa,,,,,,,,20590,,,
,20591,hydro5,HYD14308,,,,,,,,0,0,,Africa,,,,,,,,20591,,,
,20592,hydro5,HYD14309,,,,,,,,0,0,,Africa,,,,,,,,20592,,,
,20593,hydro5,HYD14309,,,,,,,,0,0,,Africa,,,,,,,,20593,,,
,20594,hydro5,HYD14410,,,,,,,,0,0,,Africa,,,,,,,,20594,,,
,20595,hydro5,HYD14410,,,,,,,,0,0,,Africa,,,,,,,,20595,,,
,20596,hydro5,HYD14420,,,,,,,,0,0,,Africa,,,,,,,,20596,,,
,20597,hydro5,HYD14430,,,,,,,,0,0,,Africa,,,,,,,,20597,,,
,20598,hydro5,HYD14441,,,,,,,,0,0,,Africa,,,,,,,,20598,,,
,20599,hydro5,HYD14442,,,,,,,,0,0,,Africa,,,,,,,,20599,,,
,20600,hydro5,HYD14443,,,,,,,,0,0,,Africa,,,,,,,,20600,,,
,20601,hydro5,HYD14444,,,,,,,,0,0,,Africa,,,,,,,,20601,,,
,20602,hydro5,HYD14445,,,,,,,,0,0,,Africa,,,,,,,,20602,,,
,20603,hydro5,HYD14446,,,,,,,,0,0,,Africa,,,,,,,,20603,,,
,20604,hydro5,HYD14447,,,,,,,,0,0,,Africa,,,,,,,,20604,,,
,20605,hydro5,HYD14448,,,,,,,,0,0,,Africa,,,,,,,,20605,,,
,20606,hydro5,HYD14449,,,,,,,,0,0,,Africa,,,,,,,,20606,,,
,20607,hydro5,HYD14450,,,,,,,,0,0,,Africa,,,,,,,,20607,,,
,20608,hydro5,HYD14460,,,,,,,,0,0,,Africa,,,,,,,,20608,,,
,20609,hydro5,HYD14470,,,,,,,,0,0,,Africa,,,,,,,,20609,,,
,20610,hydro5,HYD14480,,,,,,,,0,0,,Africa,,,,,,,,20610,,,
,20611,hydro5,HYD14490,,,,,,,,0,0,,Africa,,,,,,,,20611,,,
,20612,hydro5,HYD14510,,,,,,,,0,0,,Africa,,,,,,,,20612,,,
,20613,hydro5,HYD14510,,,,,,,,0,0,,Africa,,,,,,,,20613,,,
,20614,hydro5,HYD14520,,,,,,,,0,0,,Africa,,,,,,,,20614,,,
,20615,hydro5,HYD14520,,,,,,,,0,0,,Africa,,,,,,,,20615,,,
,20616,hydro5,HYD14530,,,,,,,,0,0,,Africa,,,,,,,,20616,,,
,20617,hydro5,HYD14540,,,,,,,,0,0,,Africa,,,,,,,,20617,,,
,20618,hydro5,HYD14540,,,,,,,,0,0,,Africa,,,,,,,,20618,,,
,20619,hydro5,HYD14550,,,,,,,,0,0,,Africa,,,,,,,,20619,,,
,20620,hydro5,HYD14560,,,,,,,,0,0,,Africa,,,,,,,,20620,,,
,20621,hydro5,HYD14560,,,,,,,,0,0,,Africa,,,,,,,,20621,,,
,20622,hydro5,HYD14571,,,,,,,,0,0,,Africa,,,,,,,,20622,,,
,20623,hydro5,HYD14572,,,,,,,,0,0,,Africa,,,,,,,,20623,,,
,20624,hydro5,HYD14573,,,,,,,,0,0,,Africa,,,,,,,,20624,,,
,20625,hydro5,HYD14574,,,,,,,,0,0,,Africa,,,,,,,,20625,,,
,20626,hydro5,HYD14575,,,,,,,,0,0,,Africa,,,,,,,,20626,,,
,20627,hydro5,HYD14576,,,,,,,,0,0,,Africa,,,,,,,,20627,,,
,20628,hydro5,HYD14577,,,,,,,,0,0,,Africa,,,,,,,,20628,,,
,20629,hydro5,HYD14578,,,,,,,,0,0,,Africa,,,,,,,,20629,,,
,20630,hydro5,HYD14579,,,,,,,,0,0,,Africa,,,,,,,,20630,,,
,20631,hydro5,HYD14580,,,,,,,,0,0,,Africa,,,,,,,,20631,,,
,20632,hydro5,HYD14590,,,,,,,,0,0,,Africa,,,,,,,,20632,,,
,20633,hydro5,HYD14610,,,,,,,,0,0,,Africa,,,,,,,,20633,,,
,20634,hydro5,HYD14610,,,,,,,,0,0,,Africa,,,,,,,,20634,,,
,20635,hydro5,HYD14620,,,,,,,,0,0,,Africa,,,,,,,,20635,,,
,20636,hydro5,HYD14630,,,,,,,,0,0,,Africa,,,,,,,,20636,,,
,20637,hydro5,HYD14631,,,,,,,,0,0,,Africa,,,,,,,,20637,,,
,20638,hydro5,HYD14632,,,,,,,,0,0,,Africa,,,,,,,,20638,,,
,20639,hydro5,HYD14633,,,,,,,,0,0,,Africa,,,,,,,,20639,,,
,20640,hydro5,HYD14634,,,,,,,,0,0,,Africa,,,,,,,,20640,,,
,20641,hydro5,HYD14635,,,,,,,,0,0,,Africa,,,,,,,,20641,,,
,20642,hydro5,HYD14636,,,,,,,,0,0,,Africa,,,,,,,,20642,,,
,20643,hydro5,HYD14637,,,,,,,,0,0,,Africa,,,,,,,,20643,,,
,20644,hydro5,HYD14638,,,,,,,,0,0,,Africa,,,,,,,,20644,,,
,20645,hydro5,HYD14639,,,,,,,,0,0,,Africa,,,,,,,,20645,,,
,20646,hydro5,HYD14640,,,,,,,,0,0,,Africa,,,,,,,,20646,,,
,20647,hydro5,HYD14650,,,,,,,,0,0,,Africa,,,,,,,,20647,,,
,20648,hydro5,HYD14661,,,,,,,,0,0,,Africa,,,,,,,,20648,,,
,20649,hydro5,HYD14662,,,,,,,,0,0,,Africa,,,,,,,,20649,,,
,20650,hydro5,HYD14663,,,,,,,,0,0,,Africa,,,,,,,,20650,,,
,20651,hydro5,HYD14664,,,,,,,,0,0,,Africa,,,,,,,,20651,,,
,20652,hydro5,HYD14665,,,,,,,,0,0,,Africa,,,,,,,,20652,,,
,20653,hydro5,HYD14666,,,,,,,,0,0,,Africa,,,,,,,,20653,,,
,20654,hydro5,HYD14667,,,,,,,,0,0,,Africa,,,,,,,,20654,,,
,20655,hydro5,HYD14668,,,,,,,,0,0,,Africa,,,,,,,,20655,,,
,20656,hydro5,HYD14669,,,,,,,,0,0,,Africa,,,,,,,,20656,,,
,20657,hydro5,HYD14670,,,,,,,,0,0,,Africa,,,,,,,,20657,,,
,20658,hydro5,HYD14680,,,,,,,,0,0,,Africa,,,,,,,,20658,,,
,20659,hydro5,HYD14680,,,,,,,,0,0,,Africa,,,,,,,,20659,,,
,20660,hydro5,HYD14691,,,,,,,,0,0,,Africa,,,,,,,,20660,,,
,20661,hydro5,HYD14692,,,,,,,,0,0,,Africa,,,,,,,,20661,,,
,20662,hydro5,HYD14693,,,,,,,,0,0,,Africa,,,,,,,,20662,,,
,20663,hydro5,HYD14694,,,,,,,,0,0,,Africa,,,,,,,,20663,,,
,20664,hydro5,HYD14695,,,,,,,,0,0,,Africa,,,,,,,,20664,,,
,20665,hydro5,HYD14696,,,,,,,,0,0,,Africa,,,,,,,,20665,,,
,20666,hydro5,HYD14697,,,,,,,,0,0,,Africa,,,,,,,,20666,,,
,20667,hydro5,HYD14698,,,,,,,,0,0,,Africa,,,,,,,,20667,,,
,20668,hydro5,HYD14699,,,,,,,,0,0,,Africa,,,,,,,,20668,,,
,20669,hydro5,HYD14700,,,,,,,,0,0,,Africa,,,,,,,,20669,,,
,20670,hydro5,HYD15110,,,,,,,,0,0,,Africa,,,,,,,,20670,,,
,20671,hydro5,HYD15111,,,,,,,,0,0,,Africa,,,,,,,,20671,,,
,20672,hydro5,HYD15112,,,,,,,,0,0,,Africa,,,,,,,,20672,,,
,20673,hydro5,HYD15112,,,,,,,,0,0,,Africa,,,,,,,,20673,,,
,20674,hydro5,HYD15113,,,,,,,,0,0,,Africa,,,,,,,,20674,,,
,20675,hydro5,HYD15114,,,,,,,,0,0,,Africa,,,,,,,,20675,,,
,20676,hydro5,HYD15115,,,,,,,,0,0,,Africa,,,,,,,,20676,,,
,20677,hydro5,HYD15116,,,,,,,,0,0,,Africa,,,,,,,,20677,,,
,20678,hydro5,HYD15117,,,,,,,,0,0,,Africa,,,,,,,,20678,,,
,20679,hydro5,HYD15118,,,,,,,,0,0,,Africa,,,,,,,,20679,,,
,20680,hydro5,HYD15119,,,,,,,,0,0,,Africa,,,,,,,,20680,,,
,20681,hydro5,HYD15120,,,,,,,,0,0,,Africa,,,,,,,,20681,,,
,20682,hydro5,HYD15121,,,,,,,,0,0,,Africa,,,,,,,,20682,,,
,20683,hydro5,HYD15122,,,,,,,,0,0,,Africa,,,,,,,,20683,,,
,20684,hydro5,HYD15123,,,,,,,,0,0,,Africa,,,,,,,,20684,,,
,20685,hydro5,HYD15124,,,,,,,,0,0,,Africa,,,,,,,,20685,,,
,20686,hydro5,HYD15125,,,,,,,,0,0,,Africa,,,,,,,,20686,,,
,20687,hydro5,HYD15126,,,,,,,,0,0,,Africa,,,,,,,,20687,,,
,20688,hydro5,HYD15127,,,,,,,,0,0,,Africa,,,,,,,,20688,,,
,20689,hydro5,HYD15128,,,,,,,,0,0,,Africa,,,,,,,,20689,,,
,20690,hydro5,HYD15129,,,,,,,,0,0,,Africa,,,,,,,,20690,,,
,20691,hydro5,HYD15130,,,,,,,,0,0,,Africa,,,,,,,,20691,,,
,20692,hydro5,HYD15140,,,,,,,,0,0,,Africa,,,,,,,,20692,,,
,20693,hydro5,HYD15150,,,,,,,,0,0,,Africa,,,,,,,,20693,,,
,20694,hydro5,HYD15160,,,,,,,,0,0,,Africa,,,,,,,,20694,,,
,20695,hydro5,HYD15170,,,,,,,,0,0,,Africa,,,,,,,,20695,,,
,20696,hydro5,HYD15180,,,,,,,,0,0,,Africa,,,,,,,,20696,,,
,20697,hydro5,HYD15190,,,,,,,,0,0,,Africa,,,,,,,,20697,,,
,20698,hydro5,HYD15200,,,,,,,,0,0,,Africa,,,,,,,,20698,,,
,20699,hydro5,HYD15301,,,,,,,,0,0,,Africa,,,,,,,,20699,,,
,20700,hydro5,HYD15302,,,,,,,,0,0,,Africa,,,,,,,,20700,,,
,20701,hydro5,HYD15303,,,,,,,,0,0,,Africa,,,,,,,,20701,,,
,20702,hydro5,HYD15304,,,,,,,,0,0,,Africa,,,,,,,,20702,,,
,20703,hydro5,HYD15305,,,,,,,,0,0,,Africa,,,,,,,,20703,,,
,20704,hydro5,HYD15306,,,,,,,,0,0,,Africa,,,,,,,,20704,,,
,20705,hydro5,HYD15307,,,,,,,,0,0,,Africa,,,,,,,,20705,,,
,20706,hydro5,HYD15308,,,,,,,,0,0,,Africa,,,,,,,,20706,,,
,20707,hydro5,HYD15309,,,,,,,,0,0,,Africa,,,,,,,,20707,,,
,20708,hydro5,HYD15410,,,,,,,,0,0,,Africa,,,,,,,,20708,,,
,20709,hydro5,HYD15421,,,,,,,,0,0,,Africa,,,,,,,,20709,,,
,20710,hydro5,HYD15422,,,,,,,,0,0,,Africa,,,,,,,,20710,,,
,20711,hydro5,HYD15423,,,,,,,,0,0,,Africa,,,,,,,,20711,,,
,20712,hydro5,HYD15424,,,,,,,,0,0,,Africa,,,,,,,,20712,,,
,20713,hydro5,HYD15425,,,,,,,,0,0,,Africa,,,,,,,,20713,,,
,20714,hydro5,HYD15426,,,,,,,,0,0,,Africa,,,,,,,,20714,,,
,20715,hydro5,HYD15430,,,,,,,,0,0,,Africa,,,,,,,,20715,,,
,20716,hydro5,HYD15440,,,,,,,,0,0,,Africa,,,,,,,,20716,,,
,20717,hydro5,HYD15451,,,,,,,,0,0,,Africa,,,,,,,,20717,,,
,20718,hydro5,HYD15452,,,,,,,,0,0,,Africa,,,,,,,,20718,,,
,20719,hydro5,HYD15453,,,,,,,,0,0,,Africa,,,,,,,,20719,,,
,20720,hydro5,HYD15460,,,,,,,,0,0,,Africa,,,,,,,,20720,,,
,20721,hydro5,HYD15471,,,,,,,,0,0,,Africa,,,,,,,,20721,,,
,20722,hydro5,HYD15472,,,,,,,,0,0,,Africa,,,,,,,,20722,,,
,20723,hydro5,HYD15473,,,,,,,,0,0,,Africa,,,,,,,,20723,,,
,20724,hydro5,HYD15474,,,,,,,,0,0,,Africa,,,,,,,,20724,,,
,20725,hydro5,HYD15475,,,,,,,,0,0,,Africa,,,,,,,,20725,,,
,20726,hydro5,HYD15476,,,,,,,,0,0,,Africa,,,,,,,,20726,,,
,20727,hydro5,HYD15477,,,,,,,,0,0,,Africa,,,,,,,,20727,,,
,20728,hydro5,HYD15478,,,,,,,,0,0,,Africa,,,,,,,,20728,,,
,20729,hydro5,HYD15479,,,,,,,,0,0,,Africa,,,,,,,,20729,,,
,20730,hydro5,HYD15481,,,,,,,,0,0,,Africa,,,,,,,,20730,,,
,20731,hydro5,HYD15482,,,,,,,,0,0,,Africa,,,,,,,,20731,,,
,20732,hydro5,HYD15483,,,,,,,,0,0,,Africa,,,,,,,,20732,,,
,20733,hydro5,HYD15484,,,,,,,,0,0,,Africa,,,,,,,,20733,,,
,20734,hydro5,HYD15485,,,,,,,,0,0,,Africa,,,,,,,,20734,,,
,20735,hydro5,HYD15490,,,,,,,,0,0,,Africa,,,,,,,,20735,,,
,20736,hydro5,HYD15511,,,,,,,,0,0,,Africa,,,,,,,,20736,,,
,20737,hydro5,HYD15512,,,,,,,,0,0,,Africa,,,,,,,,20737,,,
,20738,hydro5,HYD15513,,,,,,,,0,0,,Africa,,,,,,,,20738,,,
,20739,hydro5,HYD15514,,,,,,,,0,0,,Africa,,,,,,,,20739,,,
,20740,hydro5,HYD15515,,,,,,,,0,0,,Africa,,,,,,,,20740,,,
,20741,hydro5,HYD15516,,,,,,,,0,0,,Africa,,,,,,,,20741,,,
,20742,hydro5,HYD15517,,,,,,,,0,0,,Africa,,,,,,,,20742,,,
,20743,hydro5,HYD15521,,,,,,,,0,0,,Africa,,,,,,,,20743,,,
,20744,hydro5,HYD15522,,,,,,,,0,0,,Africa,,,,,,,,20744,,,
,20745,hydro5,HYD15523,,,,,,,,0,0,,Africa,,,,,,,,20745,,,
,20746,hydro5,HYD15524,,,,,,,,0,0,,Africa,,,,,,,,20746,,,
,20747,hydro5,HYD15525,,,,,,,,0,0,,Africa,,,,,,,,20747,,,
,20748,hydro5,HYD15526,,,,,,,,0,0,,Africa,,,,,,,,20748,,,
,20749,hydro5,HYD15527,,,,,,,,0,0,,Africa,,,,,,,,20749,,,
,20750,hydro5,HYD15528,,,,,,,,0,0,,Africa,,,,,,,,20750,,,
,20751,hydro5,HYD15529,,,,,,,,0,0,,Africa,,,,,,,,20751,,,
,20752,hydro5,HYD15531,,,,,,,,0,0,,Africa,,,,,,,,20752,,,
,20753,hydro5,HYD15532,,,,,,,,0,0,,Africa,,,,,,,,20753,,,
,20754,hydro5,HYD15533,,,,,,,,0,0,,Africa,,,,,,,,20754,,,
,20755,hydro5,HYD15534,,,,,,,,0,0,,Africa,,,,,,,,20755,,,
,20756,hydro5,HYD15535,,,,,,,,0,0,,Africa,,,,,,,,20756,,,
,20757,hydro5,HYD15536,,,,,,,,0,0,,Africa,,,,,,,,20757,,,
,20758,hydro5,HYD15537,,,,,,,,0,0,,Africa,,,,,,,,20758,,,
,20759,hydro5,HYD15538,,,,,,,,0,0,,Africa,,,,,,,,20759,,,
,20760,hydro5,HYD15539,,,,,,,,0,0,,Africa,,,,,,,,20760,,,
,20761,hydro5,HYD15541,,,,,,,,0,0,,Africa,,,,,,,,20761,,,
,20762,hydro5,HYD15542,,,,,,,,0,0,,Africa,,,,,,,,20762,,,
,20763,hydro5,HYD15543,,,,,,,,0,0,,Africa,,,,,,,,20763,,,
,20764,hydro5,HYD15544,,,,,,,,0,0,,Africa,,,,,,,,20764,,,
,20765,hydro5,HYD15545,,,,,,,,0,0,,Africa,,,,,,,,20765,,,
,20766,hydro5,HYD15546,,,,,,,,0,0,,Africa,,,,,,,,20766,,,
,20767,hydro5,HYD15547,,,,,,,,0,0,,Africa,,,,,,,,20767,,,
,20768,hydro5,HYD15548,,,,,,,,0,0,,Africa,,,,,,,,20768,,,
,20769,hydro5,HYD15551,,,,,,,,0,0,,Africa,,,,,,,,20769,,,
,20770,hydro5,HYD15552,,,,,,,,0,0,,Africa,,,,,,,,20770,,,
,20771,hydro5,HYD15553,,,,,,,,0,0,,Africa,,,,,,,,20771,,,
,20772,hydro5,HYD15554,,,,,,,,0,0,,Africa,,,,,,,,20772,,,
,20773,hydro5,HYD15555,,,,,,,,0,0,,Africa,,,,,,,,20773,,,
,20774,hydro5,HYD15556,,,,,,,,0,0,,Africa,,,,,,,,20774,,,
,20775,hydro5,HYD15557,,,,,,,,0,0,,Africa,,,,,,,,20775,,,
,20776,hydro5,HYD15558,,,,,,,,0,0,,Africa,,,,,,,,20776,,,
,20777,hydro5,HYD15561,,,,,,,,0,0,,Africa,,,,,,,,20777,,,
,20778,hydro5,HYD15562,,,,,,,,0,0,,Africa,,,,,,,,20778,,,
,20779,hydro5,HYD15563,,,,,,,,0,0,,Africa,,,,,,,,20779,,,
,20780,hydro5,HYD15564,,,,,,,,0,0,,Africa,,,,,,,,20780,,,
,20781,hydro5,HYD15565,,,,,,,,0,0,,Africa,,,,,,,,20781,,,
,20782,hydro5,HYD15566,,,,,,,,0,0,,Africa,,,,,,,,20782,,,
,20783,hydro5,HYD15567,,,,,,,,0,0,,Africa,,,,,,,,20783,,,
,20784,hydro5,HYD15568,,,,,,,,0,0,,Africa,,,,,,,,20784,,,
,20785,hydro5,HYD15569,,,,,,,,0,0,,Africa,,,,,,,,20785,,,
,20786,hydro5,HYD15571,,,,,,,,0,0,,Africa,,,,,,,,20786,,,
,20787,hydro5,HYD15572,,,,,,,,0,0,,Africa,,,,,,,,20787,,,
,20788,hydro5,HYD15573,,,,,,,,0,0,,Africa,,,,,,,,20788,,,
,20789,hydro5,HYD15574,,,,,,,,0,0,,Africa,,,,,,,,20789,,,
,20790,hydro5,HYD15575,,,,,,,,0,0,,Africa,,,,,,,,20790,,,
,20791,hydro5,HYD15576,,,,,,,,0,0,,Africa,,,,,,,,20791,,,
,20792,hydro5,HYD15577,,,,,,,,0,0,,Africa,,,,,,,,20792,,,
,20793,hydro5,HYD15578,,,,,,,,0,0,,Africa,,,,,,,,20793,,,
,20794,hydro5,HYD15579,,,,,,,,0,0,,Africa,,,,,,,,20794,,,
,20795,hydro5,HYD15581,,,,,,,,0,0,,Africa,,,,,,,,20795,,,
,20796,hydro5,HYD15582,,,,,,,,0,0,,Africa,,,,,,,,20796,,,
,20797,hydro5,HYD15583,,,,,,,,0,0,,Africa,,,,,,,,20797,,,
,20798,hydro5,HYD15584,,,,,,,,0,0,,Africa,,,,,,,,20798,,,
,20799,hydro5,HYD15585,,,,,,,,0,0,,Africa,,,,,,,,20799,,,
,20800,hydro5,HYD15586,,,,,,,,0,0,,Africa,,,,,,,,20800,,,
,20801,hydro5,HYD15587,,,,,,,,0,0,,Africa,,,,,,,,20801,,,
,20802,hydro5,HYD15588,,,,,,,,0,0,,Africa,,,,,,,,20802,,,
,20803,hydro5,HYD15591,,,,,,,,0,0,,Africa,,,,,,,,20803,,,
,20804,hydro5,HYD15592,,,,,,,,0,0,,Africa,,,,,,,,20804,,,
,20805,hydro5,HYD15593,,,,,,,,0,0,,Africa,,,,,,,,20805,,,
,20806,hydro5,HYD15594,,,,,,,,0,0,,Africa,,,,,,,,20806,,,
,20807,hydro5,HYD15595,,,,,,,,0,0,,Africa,,,,,,,,20807,,,
,20808,hydro5,HYD15596,,,,,,,,0,0,,Africa,,,,,,,,20808,,,
,20809,hydro5,HYD15597,,,,,,,,0,0,,Africa,,,,,,,,20809,,,
,20810,hydro5,HYD15598,,,,,,,,0,0,,Africa,,,,,,,,20810,,,
,20811,hydro5,HYD15600,,,,,,,,0,0,,Africa,,,,,,,,20811,,,
,20812,hydro5,HYD15601,,,,,,,,0,0,,Africa,,,,,,,,20812,,,
,20813,hydro5,HYD15602,,,,,,,,0,0,,Africa,,,,,,,,20813,,,
,20814,hydro5,HYD15603,,,,,,,,0,0,,Africa,,,,,,,,20814,,,
,20815,hydro5,HYD15604,,,,,,,,0,0,,Africa,,,,,,,,20815,,,
,20816,hydro5,HYD15605,,,,,,,,0,0,,Africa,,,,,,,,20816,,,
,20817,hydro5,HYD15606,,,,,,,,0,0,,Africa,,,,,,,,20817,,,
,20818,hydro5,HYD15607,,,,,,,,0,0,,Africa,,,,,,,,20818,,,
,20819,hydro5,HYD15608,,,,,,,,0,0,,Africa,,,,,,,,20819,,,
,20820,hydro5,HYD15609,,,,,,,,0,0,,Africa,,,,,,,,20820,,,
,20821,hydro5,HYD15710,,,,,,,,0,0,,Africa,,,,,,,,20821,,,
,20822,hydro5,HYD15721,,,,,,,,0,0,,Africa,,,,,,,,20822,,,
,20823,hydro5,HYD15722,,,,,,,,0,0,,Africa,,,,,,,,20823,,,
,20824,hydro5,HYD15723,,,,,,,,0,0,,Africa,,,,,,,,20824,,,
,20825,hydro5,HYD15724,,,,,,,,0,0,,Africa,,,,,,,,20825,,,
,20826,hydro5,HYD15725,,,,,,,,0,0,,Africa,,,,,,,,20826,,,
,20827,hydro5,HYD15726,,,,,,,,0,0,,Africa,,,,,,,,20827,,,
,20828,hydro5,HYD15731,,,,,,,,0,0,,Africa,,,,,,,,20828,,,
,20829,hydro5,HYD15732,,,,,,,,0,0,,Africa,,,,,,,,20829,,,
,20830,hydro5,HYD15733,,,,,,,,0,0,,Africa,,,,,,,,20830,,,
,20831,hydro5,HYD15734,,,,,,,,0,0,,Africa,,,,,,,,20831,,,
,20832,hydro5,HYD15735,,,,,,,,0,0,,Africa,,,,,,,,20832,,,
,20833,hydro5,HYD15736,,,,,,,,0,0,,Africa,,,,,,,,20833,,,
,20834,hydro5,HYD15737,,,,,,,,0,0,,Africa,,,,,,,,20834,,,
,20835,hydro5,HYD15738,,,,,,,,0,0,,Africa,,,,,,,,20835,,,
,20836,hydro5,HYD15739,,,,,,,,0,0,,Africa,,,,,,,,20836,,,
,20837,hydro5,HYD15740,,,,,,,,0,0,,Africa,,,,,,,,20837,,,
,20838,hydro5,HYD15751,,,,,,,,0,0,,Africa,,,,,,,,20838,,,
,20839,hydro5,HYD15752,,,,,,,,0,0,,Africa,,,,,,,,20839,,,
,20840,hydro5,HYD15753,,,,,,,,0,0,,Africa,,,,,,,,20840,,,
,20841,hydro5,HYD15754,,,,,,,,0,0,,Africa,,,,,,,,20841,,,
,20842,hydro5,HYD15755,,,,,,,,0,0,,Africa,,,,,,,,20842,,,
,20843,hydro5,HYD15756,,,,,,,,0,0,,Africa,,,,,,,,20843,,,
,20844,hydro5,HYD15757,,,,,,,,0,0,,Africa,,,,,,,,20844,,,
,20845,hydro5,HYD15758,,,,,,,,0,0,,Africa,,,,,,,,20845,,,
,20846,hydro5,HYD15759,,,,,,,,0,0,,Africa,,,,,,,,20846,,,
,20847,hydro5,HYD15761,,,,,,,,0,0,,Africa,,,,,,,,20847,,,
,20848,hydro5,HYD15762,,,,,,,,0,0,,Africa,,,,,,,,20848,,,
,20849,hydro5,HYD15763,,,,,,,,0,0,,Africa,,,,,,,,20849,,,
,20850,hydro5,HYD15764,,,,,,,,0,0,,Africa,,,,,,,,20850,,,
,20851,hydro5,HYD15765,,,,,,,,0,0,,Africa,,,,,,,,20851,,,
,20852,hydro5,HYD15766,,,,,,,,0,0,,Africa,,,,,,,,20852,,,
,20853,hydro5,HYD15767,,,,,,,,0,0,,Africa,,,,,,,,20853,,,
,20854,hydro5,HYD15768,,,,,,,,0,0,,Africa,,,,,,,,20854,,,
,20855,hydro5,HYD15769,,,,,,,,0,0,,Africa,,,,,,,,20855,,,
,20856,hydro5,HYD15771,,,,,,,,0,0,,Africa,,,,,,,,20856,,,
,20857,hydro5,HYD15772,,,,,,,,0,0,,Africa,,,,,,,,20857,,,
,20858,hydro5,HYD15773,,,,,,,,0,0,,Africa,,,,,,,,20858,,,
,20859,hydro5,HYD15774,,,,,,,,0,0,,Africa,,,,,,,,20859,,,
,20860,hydro5,HYD15775,,,,,,,,0,0,,Africa,,,,,,,,20860,,,
,20861,hydro5,HYD15776,,,,,,,,0,0,,Africa,,,,,,,,20861,,,
,20862,hydro5,HYD15777,,,,,,,,0,0,,Africa,,,,,,,,20862,,,
,20863,hydro5,HYD15778,,,,,,,,0,0,,Africa,,,,,,,,20863,,,
,20864,hydro5,HYD15779,,,,,,,,0,0,,Africa,,,,,,,,20864,,,
,20865,hydro5,HYD15780,,,,,,,,0,0,,Africa,,,,,,,,20865,,,
,20866,hydro5,HYD15811,,,,,,,,0,0,,Africa,,,,,,,,20866,,,
,20867,hydro5,HYD15812,,,,,,,,0,0,,Africa,,,,,,,,20867,,,
,20868,hydro5,HYD15813,,,,,,,,0,0,,Africa,,,,,,,,20868,,,
,20869,hydro5,HYD15814,,,,,,,,0,0,,Africa,,,,,,,,20869,,,
,20870,hydro5,HYD15815,,,,,,,,0,0,,Africa,,,,,,,,20870,,,
,20871,hydro5,HYD15821,,,,,,,,0,0,,Africa,,,,,,,,20871,,,
,20872,hydro5,HYD15822,,,,,,,,0,0,,Africa,,,,,,,,20872,,,
,20873,hydro5,HYD15823,,,,,,,,0,0,,Africa,,,,,,,,20873,,,
,20874,hydro5,HYD15824,,,,,,,,0,0,,Africa,,,,,,,,20874,,,
,20875,hydro5,HYD15825,,,,,,,,0,0,,Africa,,,,,,,,20875,,,
,20876,hydro5,HYD15830,,,,,,,,0,0,,Africa,,,,,,,,20876,,,
,20877,hydro5,HYD15840,,,,,,,,0,0,,Africa,,,,,,,,20877,,,
,20878,hydro5,HYD15851,,,,,,,,0,0,,Africa,,,,,,,,20878,,,
,20879,hydro5,HYD15852,,,,,,,,0,0,,Africa,,,,,,,,20879,,,
,20880,hydro5,HYD15853,,,,,,,,0,0,,Africa,,,,,,,,20880,,,
,20881,hydro5,HYD15854,,,,,,,,0,0,,Africa,,,,,,,,20881,,,
,20882,hydro5,HYD15855,,,,,,,,0,0,,Africa,,,,,,,,20882,,,
,20883,hydro5,HYD15856,,,,,,,,0,0,,Africa,,,,,,,,20883,,,
,20884,hydro5,HYD15857,,,,,,,,0,0,,Africa,,,,,,,,20884,,,
,20885,hydro5,HYD15858,,,,,,,,0,0,,Africa,,,,,,,,20885,,,
,20886,hydro5,HYD15859,,,,,,,,0,0,,Africa,,,,,,,,20886,,,
,20887,hydro5,HYD15861,,,,,,,,0,0,,Africa,,,,,,,,20887,,,
,20888,hydro5,HYD15862,,,,,,,,0,0,,Africa,,,,,,,,20888,,,
,20889,hydro5,HYD15863,,,,,,,,0,0,,Africa,,,,,,,,20889,,,
,20890,hydro5,HYD15864,,,,,,,,0,0,,Africa,,,,,,,,20890,,,
,20891,hydro5,HYD15865,,,,,,,,0,0,,Africa,,,,,,,,20891,,,
,20892,hydro5,HYD15866,,,,,,,,0,0,,Africa,,,,,,,,20892,,,
,20893,hydro5,HYD15867,,,,,,,,0,0,,Africa,,,,,,,,20893,,,
,20894,hydro5,HYD15868,,,,,,,,0,0,,Africa,,,,,,,,20894,,,
,20895,hydro5,HYD15869,,,,,,,,0,0,,Africa,,,,,,,,20895,,,
,20896,hydro5,HYD15870,,,,,,,,0,0,,Africa,,,,,,,,20896,,,
,20897,hydro5,HYD15880,,,,,,,,0,0,,Africa,,,,,,,,20897,,,
,20898,hydro5,HYD15890,,,,,,,,0,0,,Africa,,,,,,,,20898,,,
,20899,hydro5,HYD15901,,,,,,,,0,0,,Africa,,,,,,,,20899,,,
,20900,hydro5,HYD15902,,,,,,,,0,0,,Africa,,,,,,,,20900,,,
,20901,hydro5,HYD15903,,,,,,,,0,0,,Africa,,,,,,,,20901,,,
,20902,hydro5,HYD15904,,,,,,,,0,0,,Africa,,,,,,,,20902,,,
,20903,hydro5,HYD15905,,,,,,,,0,0,,Africa,,,,,,,,20903,,,
,20904,hydro5,HYD16110,,,,,,,,0,0,,Africa,,,,,,,,20904,,,
,20905,hydro5,HYD16111,,,,,,,,0,0,,Africa,,,,,,,,20905,,,
,20906,hydro5,HYD16112,,,,,,,,0,0,,Africa,,,,,,,,20906,,,
,20907,hydro5,HYD16113,,,,,,,,0,0,,Africa,,,,,,,,20907,,,
,20908,hydro5,HYD16114,,,,,,,,0,0,,Africa,,,,,,,,20908,,,
,20909,hydro5,HYD16115,,,,,,,,0,0,,Africa,,,,,,,,20909,,,
,20910,hydro5,HYD16116,,,,,,,,0,0,,Africa,,,,,,,,20910,,,
,20911,hydro5,HYD16117,,,,,,,,0,0,,Africa,,,,,,,,20911,,,
,20912,hydro5,HYD16118,,,,,,,,0,0,,Africa,,,,,,,,20912,,,
,20913,hydro5,HYD16119,,,,,,,,0,0,,Africa,,,,,,,,20913,,,
,20914,hydro5,HYD16121,,,,,,,,0,0,,Africa,,,,,,,,20914,,,
,20915,hydro5,HYD16122,,,,,,,,0,0,,Africa,,,,,,,,20915,,,
,20916,hydro5,HYD16123,,,,,,,,0,0,,Africa,,,,,,,,20916,,,
,20917,hydro5,HYD16124,,,,,,,,0,0,,Africa,,,,,,,,20917,,,
,20918,hydro5,HYD16125,,,,,,,,0,0,,Africa,,,,,,,,20918,,,
,20919,hydro5,HYD16126,,,,,,,,0,0,,Africa,,,,,,,,20919,,,
,20920,hydro5,HYD16127,,,,,,,,0,0,,Africa,,,,,,,,20920,,,
,20921,hydro5,HYD16131,,,,,,,,0,0,,Africa,,,,,,,,20921,,,
,20922,hydro5,HYD16132,,,,,,,,0,0,,Africa,,,,,,,,20922,,,
,20923,hydro5,HYD16133,,,,,,,,0,0,,Africa,,,,,,,,20923,,,
,20924,hydro5,HYD16134,,,,,,,,0,0,,Africa,,,,,,,,20924,,,
,20925,hydro5,HYD16135,,,,,,,,0,0,,Africa,,,,,,,,20925,,,
,20926,hydro5,HYD16136,,,,,,,,0,0,,Africa,,,,,,,,20926,,,
,20927,hydro5,HYD16137,,,,,,,,0,0,,Africa,,,,,,,,20927,,,
,20928,hydro5,HYD16138,,,,,,,,0,0,,Africa,,,,,,,,20928,,,
,20929,hydro5,HYD16139,,,,,,,,0,0,,Africa,,,,,,,,20929,,,
,20930,hydro5,HYD16140,,,,,,,,0,0,,Africa,,,,,,,,20930,,,
,20931,hydro5,HYD16151,,,,,,,,0,0,,Africa,,,,,,,,20931,,,
,20932,hydro5,HYD16152,,,,,,,,0,0,,Africa,,,,,,,,20932,,,
,20933,hydro5,HYD16153,,,,,,,,0,0,,Africa,,,,,,,,20933,,,
,20934,hydro5,HYD16154,,,,,,,,0,0,,Africa,,,,,,,,20934,,,
,20935,hydro5,HYD16155,,,,,,,,0,0,,Africa,,,,,,,,20935,,,
,20936,hydro5,HYD16156,,,,,,,,0,0,,Africa,,,,,,,,20936,,,
,20937,hydro5,HYD16157,,,,,,,,0,0,,Africa,,,,,,,,20937,,,
,20938,hydro5,HYD16158,,,,,,,,0,0,,Africa,,,,,,,,20938,,,
,20939,hydro5,HYD16159,,,,,,,,0,0,,Africa,,,,,,,,20939,,,
,20940,hydro5,HYD16161,,,,,,,,0,0,,Africa,,,,,,,,20940,,,
,20941,hydro5,HYD16162,,,,,,,,0,0,,Africa,,,,,,,,20941,,,
,20942,hydro5,HYD16163,,,,,,,,0,0,,Africa,,,,,,,,20942,,,
,20943,hydro5,HYD16164,,,,,,,,0,0,,Africa,,,,,,,,20943,,,
,20944,hydro5,HYD16165,,,,,,,,0,0,,Africa,,,,,,,,20944,,,
,20945,hydro5,HYD16166,,,,,,,,0,0,,Africa,,,,,,,,20945,,,
,20946,hydro5,HYD16167,,,,,,,,0,0,,Africa,,,,,,,,20946,,,
,20947,hydro5,HYD16168,,,,,,,,0,0,,Africa,,,,,,,,20947,,,
,20948,hydro5,HYD16171,,,,,,,,0,0,,Africa,,,,,,,,20948,,,
,20949,hydro5,HYD16172,,,,,,,,0,0,,Africa,,,,,,,,20949,,,
,20950,hydro5,HYD16173,,,,,,,,0,0,,Africa,,,,,,,,20950,,,
,20951,hydro5,HYD16174,,,,,,,,0,0,,Africa,,,,,,,,20951,,,
,20952,hydro5,HYD16175,,,,,,,,0,0,,Africa,,,,,,,,20952,,,
,20953,hydro5,HYD16176,,,,,,,,0,0,,Africa,,,,,,,,20953,,,
,20954,hydro5,HYD16177,,,,,,,,0,0,,Africa,,,,,,,,20954,,,
,20955,hydro5,HYD16178,,,,,,,,0,0,,Africa,,,,,,,,20955,,,
,20956,hydro5,HYD16201,,,,,,,,0,0,,Africa,,,,,,,,20956,,,
,20957,hydro5,HYD16202,,,,,,,,0,0,,Africa,,,,,,,,20957,,,
,20958,hydro5,HYD16203,,,,,,,,0,0,,Africa,,,,,,,,20958,,,
,20959,hydro5,HYD16210,,,,,,,,0,0,,Africa,,,,,,,,20959,,,
,20960,hydro5,HYD16210,,,,,,,,0,0,,Africa,,,,,,,,20960,,,
,20961,hydro5,HYD16220,,,,,,,,0,0,,Africa,,,,,,,,20961,,,
,20962,hydro5,HYD16230,,,,,,,,0,0,,Africa,,,,,,,,20962,,,
,20963,hydro5,HYD16241,,,,,,,,0,0,,Africa,,,,,,,,20963,,,
,20964,hydro5,HYD16242,,,,,,,,0,0,,Africa,,,,,,,,20964,,,
,20965,hydro5,HYD16243,,,,,,,,0,0,,Africa,,,,,,,,20965,,,
,20966,hydro5,HYD16244,,,,,,,,0,0,,Africa,,,,,,,,20966,,,
,20967,hydro5,HYD16245,,,,,,,,0,0,,Africa,,,,,,,,20967,,,
,20968,hydro5,HYD16246,,,,,,,,0,0,,Africa,,,,,,,,20968,,,
,20969,hydro5,HYD16247,,,,,,,,0,0,,Africa,,,,,,,,20969,,,
,20970,hydro5,HYD16248,,,,,,,,0,0,,Africa,,,,,,,,20970,,,
,20971,hydro5,HYD16249,,,,,,,,0,0,,Africa,,,,,,,,20971,,,
,20972,hydro5,HYD16250,,,,,,,,0,0,,Africa,,,,,,,,20972,,,
,20973,hydro5,HYD16260,,,,,,,,0,0,,Africa,,,,,,,,20973,,,
,20974,hydro5,HYD16270,,,,,,,,0,0,,Africa,,,,,,,,20974,,,
,20975,hydro5,HYD16281,,,,,,,,0,0,,Africa,,,,,,,,20975,,,
,20976,hydro5,HYD16282,,,,,,,,0,0,,Africa,,,,,,,,20976,,,
,20977,hydro5,HYD16283,,,,,,,,0,0,,Africa,,,,,,,,20977,,,
,20978,hydro5,HYD16284,,,,,,,,0,0,,Africa,,,,,,,,20978,,,
,20979,hydro5,HYD16285,,,,,,,,0,0,,Africa,,,,,,,,20979,,,
,20980,hydro5,HYD16286,,,,,,,,0,0,,Africa,,,,,,,,20980,,,
,20981,hydro5,HYD16287,,,,,,,,0,0,,Africa,,,,,,,,20981,,,
,20982,hydro5,HYD16288,,,,,,,,0,0,,Africa,,,,,,,,20982,,,
,20983,hydro5,HYD16289,,,,,,,,0,0,,Africa,,,,,,,,20983,,,
,20984,hydro5,HYD16291,,,,,,,,0,0,,Africa,,,,,,,,20984,,,
,20985,hydro5,HYD16292,,,,,,,,0,0,,Africa,,,,,,,,20985,,,
,20986,hydro5,HYD16293,,,,,,,,0,0,,Africa,,,,,,,,20986,,,
,20987,hydro5,HYD16294,,,,,,,,0,0,,Africa,,,,,,,,20987,,,
,20988,hydro5,HYD16295,,,,,,,,0,0,,Africa,,,,,,,,20988,,,
,20989,hydro5,HYD16296,,,,,,,,0,0,,Africa,,,,,,,,20989,,,
,20990,hydro5,HYD16297,,,,,,,,0,0,,Africa,,,,,,,,20990,,,
,20991,hydro5,HYD16298,,,,,,,,0,0,,Africa,,,,,,,,20991,,,
,20992,hydro5,HYD16299,,,,,,,,0,0,,Africa,,,,,,,,20992,,,
,20993,hydro5,HYD17100,,,,,,,,0,0,,Africa,,,,,,,,20993,,,
,20994,hydro5,HYD17211,,,,,,,,0,0,,Africa,,,,,,,,20994,,,
,20995,hydro5,HYD17211,,,,,,,,0,0,,Africa,,,,,,,,20995,,,
,20996,hydro5,HYD17212,,,,,,,,0,0,,Africa,,,,,,,,20996,,,
,20997,hydro5,HYD17213,,,,,,,,0,0,,Africa,,,,,,,,20997,,,
,20998,hydro5,HYD17214,,,,,,,,0,0,,Africa,,,,,,,,20998,,,
,20999,hydro5,HYD17215,,,,,,,,0,0,,Africa,,,,,,,,20999,,,
,21000,hydro5,HYD17216,,,,,,,,0,0,,Africa,,,,,,,,21000,,,
,21001,hydro5,HYD17217,,,,,,,,0,0,,Africa,,,,,,,,21001,,,
,21002,hydro5,HYD17218,,,,,,,,0,0,,Africa,,,,,,,,21002,,,
,21003,hydro5,HYD17219,,,,,,,,0,0,,Africa,,,,,,,,21003,,,
,21004,hydro5,HYD17221,,,,,,,,0,0,,Africa,,,,,,,,21004,,,
,21005,hydro5,HYD17222,,,,,,,,0,0,,Africa,,,,,,,,21005,,,
,21006,hydro5,HYD17223,,,,,,,,0,0,,Africa,,,,,,,,21006,,,
,21007,hydro5,HYD17224,,,,,,,,0,0,,Africa,,,,,,,,21007,,,
,21008,hydro5,HYD17225,,,,,,,,0,0,,Africa,,,,,,,,21008,,,
,21009,hydro5,HYD17226,,,,,,,,0,0,,Africa,,,,,,,,21009,,,
,21010,hydro5,HYD17227,,,,,,,,0,0,,Africa,,,,,,,,21010,,,
,21011,hydro5,HYD17228,,,,,,,,0,0,,Africa,,,,,,,,21011,,,
,21012,hydro5,HYD17229,,,,,,,,0,0,,Africa,,,,,,,,21012,,,
,21013,hydro5,HYD17230,,,,,,,,0,0,,Africa,,,,,,,,21013,,,
,21014,hydro5,HYD17241,,,,,,,,0,0,,Africa,,,,,,,,21014,,,
,21015,hydro5,HYD17242,,,,,,,,0,0,,Africa,,,,,,,,21015,,,
,21016,hydro5,HYD17243,,,,,,,,0,0,,Africa,,,,,,,,21016,,,
,21017,hydro5,HYD17244,,,,,,,,0,0,,Africa,,,,,,,,21017,,,
,21018,hydro5,HYD17245,,,,,,,,0,0,,Africa,,,,,,,,21018,,,
,21019,hydro5,HYD17246,,,,,,,,0,0,,Africa,,,,,,,,21019,,,
,21020,hydro5,HYD17247,,,,,,,,0,0,,Africa,,,,,,,,21020,,,
,21021,hydro5,HYD17248,,,,,,,,0,0,,Africa,,,,,,,,21021,,,
,21022,hydro5,HYD17249,,,,,,,,0,0,,Africa,,,,,,,,21022,,,
,21023,hydro5,HYD17249,,,,,,,,0,0,,Africa,,,,,,,,21023,,,
,21024,hydro5,HYD17251,,,,,,,,0,0,,Africa,,,,,,,,21024,,,
,21025,hydro5,HYD17251,,,,,,,,0,0,,Africa,,,,,,,,21025,,,
,21026,hydro5,HYD17252,,,,,,,,0,0,,Africa,,,,,,,,21026,,,
,21027,hydro5,HYD17253,,,,,,,,0,0,,Africa,,,,,,,,21027,,,
,21028,hydro5,HYD17254,,,,,,,,0,0,,Africa,,,,,,,,21028,,,
,21029,hydro5,HYD17255,,,,,,,,0,0,,Africa,,,,,,,,21029,,,
,21030,hydro5,HYD17256,,,,,,,,0,0,,Africa,,,,,,,,21030,,,
,21031,hydro5,HYD17257,,,,,,,,0,0,,Africa,,,,,,,,21031,,,
,21032,hydro5,HYD17258,,,,,,,,0,0,,Africa,,,,,,,,21032,,,
,21033,hydro5,HYD17259,,,,,,,,0,0,,Africa,,,,,,,,21033,,,
,21034,hydro5,HYD17261,,,,,,,,0,0,,Africa,,,,,,,,21034,,,
,21035,hydro5,HYD17262,,,,,,,,0,0,,Africa,,,,,,,,21035,,,
,21036,hydro5,HYD17263,,,,,,,,0,0,,Africa,,,,,,,,21036,,,
,21037,hydro5,HYD17264,,,,,,,,0,0,,Africa,,,,,,,,21037,,,
,21038,hydro5,HYD17265,,,,,,,,0,0,,Africa,,,,,,,,21038,,,
,21039,hydro5,HYD17266,,,,,,,,0,0,,Africa,,,,,,,,21039,,,
,21040,hydro5,HYD17267,,,,,,,,0,0,,Africa,,,,,,,,21040,,,
,21041,hydro5,HYD17268,,,,,,,,0,0,,Africa,,,,,,,,21041,,,
,21042,hydro5,HYD17269,,,,,,,,0,0,,Africa,,,,,,,,21042,,,
,21043,hydro5,HYD17270,,,,,,,,0,0,,Africa,,,,,,,,21043,,,
,21044,hydro5,HYD17281,,,,,,,,0,0,,Africa,,,,,,,,21044,,,
,21045,hydro5,HYD17282,,,,,,,,0,0,,Africa,,,,,,,,21045,,,
,21046,hydro5,HYD17283,,,,,,,,0,0,,Africa,,,,,,,,21046,,,
,21047,hydro5,HYD17284,,,,,,,,0,0,,Africa,,,,,,,,21047,,,
,21048,hydro5,HYD17285,,,,,,,,0,0,,Africa,,,,,,,,21048,,,
,21049,hydro5,HYD17286,,,,,,,,0,0,,Africa,,,,,,,,21049,,,
,21050,hydro5,HYD17287,,,,,,,,0,0,,Africa,,,,,,,,21050,,,
,21051,hydro5,HYD17288,,,,,,,,0,0,,Africa,,,,,,,,21051,,,
,21052,hydro5,HYD17289,,,,,,,,0,0,,Africa,,,,,,,,21052,,,
,21053,hydro5,HYD17291,,,,,,,,0,0,,Africa,,,,,,,,21053,,,
,21054,hydro5,HYD17292,,,,,,,,0,0,,Africa,,,,,,,,21054,,,
,21055,hydro5,HYD17293,,,,,,,,0,0,,Africa,,,,,,,,21055,,,
,21056,hydro5,HYD17293,,,,,,,,0,0,,Africa,,,,,,,,21056,,,
,21057,hydro5,HYD17294,,,,,,,,0,0,,Africa,,,,,,,,21057,,,
,21058,hydro5,HYD17294,,,,,,,,0,0,,Africa,,,,,,,,21058,,,
,21059,hydro5,HYD17294,,,,,,,,0,0,,Africa,,,,,,,,21059,,,
,21060,hydro5,HYD17295,,,,,,,,0,0,,Africa,,,,,,,,21060,,,
,21061,hydro5,HYD17295,,,,,,,,0,0,,Africa,,,,,,,,21061,,,
,21062,hydro5,HYD17295,,,,,,,,0,0,,Africa,,,,,,,,21062,,,
,21063,hydro5,HYD17296,,,,,,,,0,0,,Africa,,,,,,,,21063,,,
,21064,hydro5,HYD17297,,,,,,,,0,0,,Africa,,,,,,,,21064,,,
,21065,hydro5,HYD17297,,,,,,,,0,0,,Africa,,,,,,,,21065,,,
,21066,hydro5,HYD17298,,,,,,,,0,0,,Africa,,,,,,,,21066,,,
,21067,hydro5,HYD17299,,,,,,,,0,0,,Africa,,,,,,,,21067,,,
,21068,hydro5,HYD17300,,,,,,,,0,0,,Africa,,,,,,,,21068,,,
,21069,hydro5,HYD18110,,,,,,,,0,0,,Africa,,,,,,,,21069,,,
,21070,hydro5,HYD18120,,,,,,,,0,0,,Africa,,,,,,,,21070,,,
,21071,hydro5,HYD18130,,,,,,,,0,0,,Africa,,,,,,,,21071,,,
,21072,hydro5,HYD18140,,,,,,,,0,0,,Africa,,,,,,,,21072,,,
,21073,hydro5,HYD18150,,,,,,,,0,0,,Africa,,,,,,,,21073,,,
,21074,hydro5,HYD18160,,,,,,,,0,0,,Africa,,,,,,,,21074,,,
,21075,hydro5,HYD18170,,,,,,,,0,0,,Africa,,,,,,,,21075,,,
,21076,hydro5,HYD18180,,,,,,,,0,0,,Africa,,,,,,,,21076,,,
,21077,hydro5,HYD18191,,,,,,,,0,0,,Africa,,,,,,,,21077,,,
,21078,hydro5,HYD18192,,,,,,,,0,0,,Africa,,,,,,,,21078,,,
,21079,hydro5,HYD18193,,,,,,,,0,0,,Africa,,,,,,,,21079,,,
,21080,hydro5,HYD18194,,,,,,,,0,0,,Africa,,,,,,,,21080,,,
,21081,hydro5,HYD18195,,,,,,,,0,0,,Africa,,,,,,,,21081,,,
,21082,hydro5,HYD18196,,,,,,,,0,0,,Africa,,,,,,,,21082,,,
,21083,hydro5,HYD18197,,,,,,,,0,0,,Africa,,,,,,,,21083,,,
,21084,hydro5,HYD18198,,,,,,,,0,0,,Africa,,,,,,,,21084,,,
,21085,hydro5,HYD18199,,,,,,,,0,0,,Africa,,,,,,,,21085,,,
,21086,hydro5,HYD18200,,,,,,,,0,0,,Africa,,,,,,,,21086,,,
,21087,hydro5,HYD18300,,,,,,,,0,0,,Africa,,,,,,,,21087,,,
,21088,hydro5,HYD18400,,,,,,,,0,0,,Africa,,,,,,,,21088,,,
,21089,hydro5,HYD18500,,,,,,,,0,0,,Africa,,,,,,,,21089,,,
,21090,hydro5,HYD18600,,,,,,,,0,0,,Africa,,,,,,,,21090,,,
,21091,hydro5,HYD18700,,,,,,,,0,0,,Africa,,,,,,,,21091,,,
,21092,hydro5,HYD18800,,,,,,,,0,0,,Africa,,,,,,,,21092,,,
,21093,hydro5,HYD21101,,,,,,,,0,0,,Europe,,,,,,,,21093,,,
,21094,hydro5,HYD21102,,,,,,,,0,0,,Europe,,,,,,,,21094,,,
,21095,hydro5,HYD21103,,,,,,,,0,0,,Europe,,,,,,,,21095,,,
,21096,hydro5,HYD21104,,,,,,,,0,0,,Europe,,,,,,,,21096,,,
,21097,hydro5,HYD21105,,,,,,,,0,0,,Europe,,,,,,,,21097,,,
,21098,hydro5,HYD21105,,,,,,,,0,0,,Europe,,,,,,,,21098,,,
,21099,hydro5,HYD21105,,,,,,,,0,0,,Europe,,,,,,,,21099,,,
,21100,hydro5,HYD21200,,,,,,,,0,0,,Europe,,,,,,,,21100,,,
,21101,hydro5,HYD21301,,,,,,,,0,0,,Europe,,,,,,,,21101,,,
,21102,hydro5,HYD21302,,,,,,,,0,0,,Europe,,,,,,,,21102,,,
,21103,hydro5,HYD21303,,,,,,,,0,0,,Europe,,,,,,,,21103,,,
,21104,hydro5,HYD21304,,,,,,,,0,0,,Europe,,,,,,,,21104,,,
,21105,hydro5,HYD21305,,,,,,,,0,0,,Europe,,,,,,,,21105,,,
,21106,hydro5,HYD21306,,,,,,,,0,0,,Europe,,,,,,,,21106,,,
,21107,hydro5,HYD21307,,,,,,,,0,0,,Europe,,,,,,,,21107,,,
,21108,hydro5,HYD21307,,,,,,,,0,0,,Europe,,,,,,,,21108,,,
,21109,hydro5,HYD21308,,,,,,,,0,0,,Europe,,,,,,,,21109,,,
,21110,hydro5,HYD21308,,,,,,,,0,0,,Europe,,,,,,,,21110,,,
,21111,hydro5,HYD21308,,,,,,,,0,0,,Europe,,,,,,,,21111,,,
,21112,hydro5,HYD21309,,,,,,,,0,0,,Europe,,,,,,,,21112,,,
,21113,hydro5,HYD21401,,,,,,,,0,0,,Europe,,,,,,,,21113,,,
,21114,hydro5,HYD21402,,,,,,,,0,0,,Europe,,,,,,,,21114,,,
,21115,hydro5,HYD21403,,,,,,,,0,0,,Europe,,,,,,,,21115,,,
,21116,hydro5,HYD21404,,,,,,,,0,0,,Europe,,,,,,,,21116,,,
,21117,hydro5,HYD21405,,,,,,,,0,0,,Europe,,,,,,,,21117,,,
,21118,hydro5,HYD21406,,,,,,,,0,0,,Europe,,,,,,,,21118,,,
,21119,hydro5,HYD21406,,,,,,,,0,0,,Europe,,,,,,,,21119,,,
,21120,hydro5,HYD21407,,,,,,,,0,0,,Europe,,,,,,,,21120,,,
,21121,hydro5,HYD21408,,,,,,,,0,0,,Europe,,,,,,,,21121,,,
,21122,hydro5,HYD21409,,,,,,,,0,0,,Europe,,,,,,,,21122,,,
,21123,hydro5,HYD21500,,,,,,,,0,0,,Europe,,,,,,,,21123,,,
,21124,hydro5,HYD21601,,,,,,,,0,0,,Europe,,,,,,,,21124,,,
,21125,hydro5,HYD21602,,,,,,,,0,0,,Europe,,,,,,,,21125,,,
,21126,hydro5,HYD21602,,,,,,,,0,0,,Europe,,,,,,,,21126,,,
,21127,hydro5,HYD21603,,,,,,,,0,0,,Europe,,,,,,,,21127,,,
,21128,hydro5,HYD21604,,,,,,,,0,0,,Europe,,,,,,,,21128,,,
,21129,hydro5,HYD21605,,,,,,,,0,0,,Europe,,,,,,,,21129,,,
,21130,hydro5,HYD21606,,,,,,,,0,0,,Europe,,,,,,,,21130,,,
,21131,hydro5,HYD21607,,,,,,,,0,0,,Europe,,,,,,,,21131,,,
,21132,hydro5,HYD21608,,,,,,,,0,0,,Europe,,,,,,,,21132,,,
,21133,hydro5,HYD21609,,,,,,,,0,0,,Europe,,,,,,,,21133,,,
,21134,hydro5,HYD21700,,,,,,,,0,0,,Europe,,,,,,,,21134,,,
,21135,hydro5,HYD21800,,,,,,,,0,0,,Europe,,,,,,,,21135,,,
,21136,hydro5,HYD21900,,,,,,,,0,0,,Europe,,,,,,,,21136,,,
,21137,hydro5,HYD22100,,,,,,,,0,0,,Europe,,,,,,,,21137,,,
,21138,hydro5,HYD22100,,,,,,,,0,0,,Europe,,,,,,,,21138,,,
,21139,hydro5,HYD22100,,,,,,,,0,0,,Europe,,,,,,,,21139,,,
,21140,hydro5,HYD22100,,,,,,,,0,0,,Europe,,,,,,,,21140,,,
,21141,hydro5,HYD22110,,,,,,,,0,0,,Europe,,,,,,,,21141,,,
,21142,hydro5,HYD22120,,,,,,,,0,0,,Europe,,,,,,,,21142,,,
,21143,hydro5,HYD22130,,,,,,,,0,0,,Europe,,,,,,,,21143,,,
,21144,hydro5,HYD22140,,,,,,,,0,0,,Europe,,,,,,,,21144,,,
,21145,hydro5,HYD22150,,,,,,,,0,0,,Europe,,,,,,,,21145,,,
,21146,hydro5,HYD22160,,,,,,,,0,0,,Europe,,,,,,,,21146,,,
,21147,hydro5,HYD22170,,,,,,,,0,0,,Europe,,,,,,,,21147,,,
,21148,hydro5,HYD22180,,,,,,,,0,0,,Europe,,,,,,,,21148,,,
,21149,hydro5,HYD22190,,,,,,,,0,0,,Europe,,,,,,,,21149,,,
,21150,hydro5,HYD22201,,,,,,,,0,0,,Europe,,,,,,,,21150,,,
,21151,hydro5,HYD22202,,,,,,,,0,0,,Europe,,,,,,,,21151,,,
,21152,hydro5,HYD22202,,,,,,,,0,0,,Europe,,,,,,,,21152,,,
,21153,hydro5,HYD22203,,,,,,,,0,0,,Europe,,,,,,,,21153,,,
,21154,hydro5,HYD22203,,,,,,,,0,0,,Europe,,,,,,,,21154,,,
,21155,hydro5,HYD22204,,,,,,,,0,0,,Europe,,,,,,,,21155,,,
,21156,hydro5,HYD22205,,,,,,,,0,0,,Europe,,,,,,,,21156,,,
,21157,hydro5,HYD22206,,,,,,,,0,0,,Europe,,,,,,,,21157,,,
,21158,hydro5,HYD22207,,,,,,,,0,0,,Europe,,,,,,,,21158,,,
,21159,hydro5,HYD22208,,,,,,,,0,0,,Europe,,,,,,,,21159,,,
,21160,hydro5,HYD22209,,,,,,,,0,0,,Europe,,,,,,,,21160,,,
,21161,hydro5,HYD22310,,,,,,,,0,0,,Europe,,,,,,,,21161,,,
,21162,hydro5,HYD22320,,,,,,,,0,0,,Europe,,,,,,,,21162,,,
,21163,hydro5,HYD22320,,,,,,,,0,0,,Europe,,,,,,,,21163,,,
,21164,hydro5,HYD22330,,,,,,,,0,0,,Europe,,,,,,,,21164,,,
,21165,hydro5,HYD22340,,,,,,,,0,0,,Europe,,,,,,,,21165,,,
,21166,hydro5,HYD22350,,,,,,,,0,0,,Europe,,,,,,,,21166,,,
,21167,hydro5,HYD22350,,,,,,,,0,0,,Europe,,,,,,,,21167,,,
,21168,hydro5,HYD22360,,,,,,,,0,0,,Europe,,,,,,,,21168,,,
,21169,hydro5,HYD22370,,,,,,,,0,0,,Europe,,,,,,,,21169,,,
,21170,hydro5,HYD22380,,,,,,,,0,0,,Europe,,,,,,,,21170,,,
,21171,hydro5,HYD22391,,,,,,,,0,0,,Europe,,,,,,,,21171,,,
,21172,hydro5,HYD22392,,,,,,,,0,0,,Europe,,,,,,,,21172,,,
,21173,hydro5,HYD22393,,,,,,,,0,0,,Europe,,,,,,,,21173,,,
,21174,hydro5,HYD22394,,,,,,,,0,0,,Europe,,,,,,,,21174,,,
,21175,hydro5,HYD22395,,,,,,,,0,0,,Europe,,,,,,,,21175,,,
,21176,hydro5,HYD22396,,,,,,,,0,0,,Europe,,,,,,,,21176,,,
,21177,hydro5,HYD22397,,,,,,,,0,0,,Europe,,,,,,,,21177,,,
,21178,hydro5,HYD22398,,,,,,,,0,0,,Europe,,,,,,,,21178,,,
,21179,hydro5,HYD22399,,,,,,,,0,0,,Europe,,,,,,,,21179,,,
,21180,hydro5,HYD22400,,,,,,,,0,0,,Europe,,,,,,,,21180,,,
,21181,hydro5,HYD22400,,,,,,,,0,0,,Europe,,,,,,,,21181,,,
,21182,hydro5,HYD22400,,,,,,,,0,0,,Europe,,,,,,,,21182,,,
,21183,hydro5,HYD22511,,,,,,,,0,0,,Europe,,,,,,,,21183,,,
,21184,hydro5,HYD22511,,,,,,,,0,0,,Europe,,,,,,,,21184,,,
,21185,hydro5,HYD22512,,,,,,,,0,0,,Europe,,,,,,,,21185,,,
,21186,hydro5,HYD22513,,,,,,,,0,0,,Europe,,,,,,,,21186,,,
,21187,hydro5,HYD22513,,,,,,,,0,0,,Europe,,,,,,,,21187,,,
,21188,hydro5,HYD22514,,,,,,,,0,0,,Europe,,,,,,,,21188,,,
,21189,hydro5,HYD22515,,,,,,,,0,0,,Europe,,,,,,,,21189,,,
,21190,hydro5,HYD22516,,,,,,,,0,0,,Europe,,,,,,,,21190,,,
,21191,hydro5,HYD22517,,,,,,,,0,0,,Europe,,,,,,,,21191,,,
,21192,hydro5,HYD22517,,,,,,,,0,0,,Europe,,,,,,,,21192,,,
,21193,hydro5,HYD22518,,,,,,,,0,0,,Europe,,,,,,,,21193,,,
,21194,hydro5,HYD22519,,,,,,,,0,0,,Europe,,,,,,,,21194,,,
,21195,hydro5,HYD22519,,,,,,,,0,0,,Europe,,,,,,,,21195,,,
,21196,hydro5,HYD22520,,,,,,,,0,0,,Europe,,,,,,,,21196,,,
,21197,hydro5,HYD22530,,,,,,,,0,0,,Europe,,,,,,,,21197,,,
,21198,hydro5,HYD22530,,,,,,,,0,0,,Europe,,,,,,,,21198,,,
,21199,hydro5,HYD22541,,,,,,,,0,0,,Europe,,,,,,,,21199,,,
,21200,hydro5,HYD22542,,,,,,,,0,0,,Europe,,,,,,,,21200,,,
,21201,hydro5,HYD22543,,,,,,,,0,0,,Europe,,,,,,,,21201,,,
,21202,hydro5,HYD22544,,,,,,,,0,0,,Europe,,,,,,,,21202,,,
,21203,hydro5,HYD22545,,,,,,,,0,0,,Europe,,,,,,,,21203,,,
,21204,hydro5,HYD22546,,,,,,,,0,0,,Europe,,,,,,,,21204,,,
,21205,hydro5,HYD22547,,,,,,,,0,0,,Europe,,,,,,,,21205,,,
,21206,hydro5,HYD22548,,,,,,,,0,0,,Europe,,,,,,,,21206,,,
,21207,hydro5,HYD22549,,,,,,,,0,0,,Europe,,,,,,,,21207,,,
,21208,hydro5,HYD22550,,,,,,,,0,0,,Europe,,,,,,,,21208,,,
,21209,hydro5,HYD22560,,,,,,,,0,0,,Europe,,,,,,,,21209,,,
,21210,hydro5,HYD22570,,,,,,,,0,0,,Europe,,,,,,,,21210,,,
,21211,hydro5,HYD22580,,,,,,,,0,0,,Europe,,,,,,,,21211,,,
,21212,hydro5,HYD22590,,,,,,,,0,0,,Europe,,,,,,,,21212,,,
,21213,hydro5,HYD22601,,,,,,,,0,0,,Europe,,,,,,,,21213,,,
,21214,hydro5,HYD22602,,,,,,,,0,0,,Europe,,,,,,,,21214,,,
,21215,hydro5,HYD22603,,,,,,,,0,0,,Europe,,,,,,,,21215,,,
,21216,hydro5,HYD22604,,,,,,,,0,0,,Europe,,,,,,,,21216,,,
,21217,hydro5,HYD22605,,,,,,,,0,0,,Europe,,,,,,,,21217,,,
,21218,hydro5,HYD22605,,,,,,,,0,0,,Europe,,,,,,,,21218,,,
,21219,hydro5,HYD22606,,,,,,,,0,0,,Europe,,,,,,,,21219,,,
,21220,hydro5,HYD22607,,,,,,,,0,0,,Europe,,,,,,,,21220,,,
,21221,hydro5,HYD22608,,,,,,,,0,0,,Europe,,,,,,,,21221,,,
,21222,hydro5,HYD22609,,,,,,,,0,0,,Europe,,,,,,,,21222,,,
,21223,hydro5,HYD22710,,,,,,,,0,0,,Europe,,,,,,,,21223,,,
,21224,hydro5,HYD22720,,,,,,,,0,0,,Europe,,,,,,,,21224,,,
,21225,hydro5,HYD22731,,,,,,,,0,0,,Europe,,,,,,,,21225,,,
,21226,hydro5,HYD22732,,,,,,,,0,0,,Europe,,,,,,,,21226,,,
,21227,hydro5,HYD22733,,,,,,,,0,0,,Europe,,,,,,,,21227,,,
,21228,hydro5,HYD22734,,,,,,,,0,0,,Europe,,,,,,,,21228,,,
,21229,hydro5,HYD22735,,,,,,,,0,0,,Europe,,,,,,,,21229,,,
,21230,hydro5,HYD22736,,,,,,,,0,0,,Europe,,,,,,,,21230,,,
,21231,hydro5,HYD22737,,,,,,,,0,0,,Europe,,,,,,,,21231,,,
,21232,hydro5,HYD22738,,,,,,,,0,0,,Europe,,,,,,,,21232,,,
,21233,hydro5,HYD22739,,,,,,,,0,0,,Europe,,,,,,,,21233,,,
,21234,hydro5,HYD22740,,,,,,,,0,0,,Europe,,,,,,,,21234,,,
,21235,hydro5,HYD22750,,,,,,,,0,0,,Europe,,,,,,,,21235,,,
,21236,hydro5,HYD22761,,,,,,,,0,0,,Europe,,,,,,,,21236,,,
,21237,hydro5,HYD22762,,,,,,,,0,0,,Europe,,,,,,,,21237,,,
,21238,hydro5,HYD22763,,,,,,,,0,0,,Europe,,,,,,,,21238,,,
,21239,hydro5,HYD22764,,,,,,,,0,0,,Europe,,,,,,,,21239,,,
,21240,hydro5,HYD22765,,,,,,,,0,0,,Europe,,,,,,,,21240,,,
,21241,hydro5,HYD22766,,,,,,,,0,0,,Europe,,,,,,,,21241,,,
,21242,hydro5,HYD22767,,,,,,,,0,0,,Europe,,,,,,,,21242,,,
,21243,hydro5,HYD22768,,,,,,,,0,0,,Europe,,,,,,,,21243,,,
,21244,hydro5,HYD22769,,,,,,,,0,0,,Europe,,,,,,,,21244,,,
,21245,hydro5,HYD22770,,,,,,,,0,0,,Europe,,,,,,,,21245,,,
,21246,hydro5,HYD22780,,,,,,,,0,0,,Europe,,,,,,,,21246,,,
,21247,hydro5,HYD22791,,,,,,,,0,0,,Europe,,,,,,,,21247,,,
,21248,hydro5,HYD22791,,,,,,,,0,0,,Europe,,,,,,,,21248,,,
,21249,hydro5,HYD22792,,,,,,,,0,0,,Europe,,,,,,,,21249,,,
,21250,hydro5,HYD22793,,,,,,,,0,0,,Europe,,,,,,,,21250,,,
,21251,hydro5,HYD22794,,,,,,,,0,0,,Europe,,,,,,,,21251,,,
,21252,hydro5,HYD22795,,,,,,,,0,0,,Europe,,,,,,,,21252,,,
,21253,hydro5,HYD22796,,,,,,,,0,0,,Europe,,,,,,,,21253,,,
,21254,hydro5,HYD22797,,,,,,,,0,0,,Europe,,,,,,,,21254,,,
,21255,hydro5,HYD22798,,,,,,,,0,0,,Europe,,,,,,,,21255,,,
,21256,hydro5,HYD22799,,,,,,,,0,0,,Europe,,,,,,,,21256,,,
,21257,hydro5,HYD22800,,,,,,,,0,0,,Europe,,,,,,,,21257,,,
,21258,hydro5,HYD22800,,,,,,,,0,0,,Europe,,,,,,,,21258,,,
,21259,hydro5,HYD23110,,,,,,,,0,0,,Europe,,,,,,,,21259,,,
,21260,hydro5,HYD23120,,,,,,,,0,0,,Europe,,,,,,,,21260,,,
,21261,hydro5,HYD23130,,,,,,,,0,0,,Europe,,,,,,,,21261,,,
,21262,hydro5,HYD23140,,,,,,,,0,0,,Europe,,,,,,,,21262,,,
,21263,hydro5,HYD23150,,,,,,,,0,0,,Europe,,,,,,,,21263,,,
,21264,hydro5,HYD23160,,,,,,,,0,0,,Europe,,,,,,,,21264,,,
,21265,hydro5,HYD23170,,,,,,,,0,0,,Europe,,,,,,,,21265,,,
,21266,hydro5,HYD23180,,,,,,,,0,0,,Europe,,,,,,,,21266,,,
,21267,hydro5,HYD23190,,,,,,,,0,0,,Europe,,,,,,,,21267,,,
,21268,hydro5,HYD23211,,,,,,,,0,0,,Europe,,,,,,,,21268,,,
,21269,hydro5,HYD23212,,,,,,,,0,0,,Europe,,,,,,,,21269,,,
,21270,hydro5,HYD23213,,,,,,,,0,0,,Europe,,,,,,,,21270,,,
,21271,hydro5,HYD23214,,,,,,,,0,0,,Europe,,,,,,,,21271,,,
,21272,hydro5,HYD23215,,,,,,,,0,0,,Europe,,,,,,,,21272,,,
,21273,hydro5,HYD23216,,,,,,,,0,0,,Europe,,,,,,,,21273,,,
,21274,hydro5,HYD23217,,,,,,,,0,0,,Europe,,,,,,,,21274,,,
,21275,hydro5,HYD23218,,,,,,,,0,0,,Europe,,,,,,,,21275,,,
,21276,hydro5,HYD23219,,,,,,,,0,0,,Europe,,,,,,,,21276,,,
,21277,hydro5,HYD23221,,,,,,,,0,0,,Europe,,,,,,,,21277,,,
,21278,hydro5,HYD23222,,,,,,,,0,0,,Europe,,,,,,,,21278,,,
,21279,hydro5,HYD23223,,,,,,,,0,0,,Europe,,,,,,,,21279,,,
,21280,hydro5,HYD23224,,,,,,,,0,0,,Europe,,,,,,,,21280,,,
,21281,hydro5,HYD23225,,,,,,,,0,0,,Europe,,,,,,,,21281,,,
,21282,hydro5,HYD23226,,,,,,,,0,0,,Europe,,,,,,,,21282,,,
,21283,hydro5,HYD23227,,,,,,,,0,0,,Europe,,,,,,,,21283,,,
,21284,hydro5,HYD23228,,,,,,,,0,0,,Europe,,,,,,,,21284,,,
,21285,hydro5,HYD23229,,,,,,,,0,0,,Europe,,,,,,,,21285,,,
,21286,hydro5,HYD23230,,,,,,,,0,0,,Europe,,,,,,,,21286,,,
,21287,hydro5,HYD23240,,,,,,,,0,0,,Europe,,,,,,,,21287,,,
,21288,hydro5,HYD23250,,,,,,,,0,0,,Europe,,,,,,,,21288,,,
,21289,hydro5,HYD23250,,,,,,,,0,0,,Europe,,,,,,,,21289,,,
,21290,hydro5,HYD23261,,,,,,,,0,0,,Europe,,,,,,,,21290,,,
,21291,hydro5,HYD23262,,,,,,,,0,0,,Europe,,,,,,,,21291,,,
,21292,hydro5,HYD23263,,,,,,,,0,0,,Europe,,,,,,,,21292,,,
,21293,hydro5,HYD23264,,,,,,,,0,0,,Europe,,,,,,,,21293,,,
,21294,hydro5,HYD23265,,,,,,,,0,0,,Europe,,,,,,,,21294,,,
,21295,hydro5,HYD23266,,,,,,,,0,0,,Europe,,,,,,,,21295,,,
,21296,hydro5,HYD23267,,,,,,,,0,0,,Europe,,,,,,,,21296,,,
,21297,hydro5,HYD23268,,,,,,,,0,0,,Europe,,,,,,,,21297,,,
,21298,hydro5,HYD23269,,,,,,,,0,0,,Europe,,,,,,,,21298,,,
,21299,hydro5,HYD23269,,,,,,,,0,0,,Europe,,,,,,,,21299,,,
,21300,hydro5,HYD23270,,,,,,,,0,0,,Europe,,,,,,,,21300,,,
,21301,hydro5,HYD23270,,,,,,,,0,0,,Europe,,,,,,,,21301,,,
,21302,hydro5,HYD23281,,,,,,,,0,0,,Europe,,,,,,,,21302,,,
,21303,hydro5,HYD23282,,,,,,,,0,0,,Europe,,,,,,,,21303,,,
,21304,hydro5,HYD23283,,,,,,,,0,0,,Europe,,,,,,,,21304,,,
,21305,hydro5,HYD23284,,,,,,,,0,0,,Europe,,,,,,,,21305,,,
,21306,hydro5,HYD23285,,,,,,,,0,0,,Europe,,,,,,,,21306,,,
,21307,hydro5,HYD23286,,,,,,,,0,0,,Europe,,,,,,,,21307,,,
,21308,hydro5,HYD23287,,,,,,,,0,0,,Europe,,,,,,,,21308,,,
,21309,hydro5,HYD23288,,,,,,,,0,0,,Europe,,,,,,,,21309,,,
,21310,hydro5,HYD23289,,,,,,,,0,0,,Europe,,,,,,,,21310,,,
,21311,hydro5,HYD23290,,,,,,,,0,0,,Europe,,,,,,,,21311,,,
,21312,hydro5,HYD23301,,,,,,,,0,0,,Europe,,,,,,,,21312,,,
,21313,hydro5,HYD23302,,,,,,,,0,0,,Europe,,,,,,,,21313,,,
,21314,hydro5,HYD23303,,,,,,,,0,0,,Europe,,,,,,,,21314,,,
,21315,hydro5,HYD23304,,,,,,,,0,0,,Europe,,,,,,,,21315,,,
,21316,hydro5,HYD23305,,,,,,,,0,0,,Europe,,,,,,,,21316,,,
,21317,hydro5,HYD23306,,,,,,,,0,0,,Europe,,,,,,,,21317,,,
,21318,hydro5,HYD23307,,,,,,,,0,0,,Europe,,,,,,,,21318,,,
,21319,hydro5,HYD23400,,,,,,,,0,0,,Europe,,,,,,,,21319,,,
,21320,hydro5,HYD23400,,,,,,,,0,0,,Europe,,,,,,,,21320,,,
,21321,hydro5,HYD23500,,,,,,,,0,0,,Europe,,,,,,,,21321,,,
,21322,hydro5,HYD23600,,,,,,,,0,0,,Europe,,,,,,,,21322,,,
,21323,hydro5,HYD23700,,,,,,,,0,0,,Europe,,,,,,,,21323,,,
,21324,hydro5,HYD24100,,,,,,,,0,0,,Europe,,,,,,,,21324,,,
,21325,hydro5,HYD24100,,,,,,,,0,0,,Europe,,,,,,,,21325,,,
,21326,hydro5,HYD24210,,,,,,,,0,0,,Europe,,,,,,,,21326,,,
,21327,hydro5,HYD24221,,,,,,,,0,0,,Europe,,,,,,,,21327,,,
,21328,hydro5,HYD24222,,,,,,,,0,0,,Europe,,,,,,,,21328,,,
,21329,hydro5,HYD24223,,,,,,,,0,0,,Europe,,,,,,,,21329,,,
,21330,hydro5,HYD24224,,,,,,,,0,0,,Europe,,,,,,,,21330,,,
,21331,hydro5,HYD24225,,,,,,,,0,0,,Europe,,,,,,,,21331,,,
,21332,hydro5,HYD24226,,,,,,,,0,0,,Europe,,,,,,,,21332,,,
,21333,hydro5,HYD24227,,,,,,,,0,0,,Europe,,,,,,,,21333,,,
,21334,hydro5,HYD24228,,,,,,,,0,0,,Europe,,,,,,,,21334,,,
,21335,hydro5,HYD24229,,,,,,,,0,0,,Europe,,,,,,,,21335,,,
,21336,hydro5,HYD24230,,,,,,,,0,0,,Europe,,,,,,,,21336,,,
,21337,hydro5,HYD24241,,,,,,,,0,0,,Europe,,,,,,,,21337,,,
,21338,hydro5,HYD24242,,,,,,,,0,0,,Europe,,,,,,,,21338,,,
,21339,hydro5,HYD24243,,,,,,,,0,0,,Europe,,,,,,,,21339,,,
,21340,hydro5,HYD24244,,,,,,,,0,0,,Europe,,,,,,,,21340,,,
,21341,hydro5,HYD24245,,,,,,,,0,0,,Europe,,,,,,,,21341,,,
,21342,hydro5,HYD24246,,,,,,,,0,0,,Europe,,,,,,,,21342,,,
,21343,hydro5,HYD24247,,,,,,,,0,0,,Europe,,,,,,,,21343,,,
,21344,hydro5,HYD24248,,,,,,,,0,0,,Europe,,,,,,,,21344,,,
,21345,hydro5,HYD24249,,,,,,,,0,0,,Europe,,,,,,,,21345,,,
,21346,hydro5,HYD24250,,,,,,,,0,0,,Europe,,,,,,,,21346,,,
,21347,hydro5,HYD24260,,,,,,,,0,0,,Europe,,,,,,,,21347,,,
,21348,hydro5,HYD24270,,,,,,,,0,0,,Europe,,,,,,,,21348,,,
,21349,hydro5,HYD24280,,,,,,,,0,0,,Europe,,,,,,,,21349,,,
,21350,hydro5,HYD24290,,,,,,,,0,0,,Europe,,,,,,,,21350,,,
,21351,hydro5,HYD24291,,,,,,,,0,0,,Europe,,,,,,,,21351,,,
,21352,hydro5,HYD24292,,,,,,,,0,0,,Europe,,,,,,,,21352,,,
,21353,hydro5,HYD24293,,,,,,,,0,0,,Europe,,,,,,,,21353,,,
,21354,hydro5,HYD24294,,,,,,,,0,0,,Europe,,,,,,,,21354,,,
,21355,hydro5,HYD24295,,,,,,,,0,0,,Europe,,,,,,,,21355,,,
,21356,hydro5,HYD24296,,,,,,,,0,0,,Europe,,,,,,,,21356,,,
,21357,hydro5,HYD24296,,,,,,,,0,0,,Europe,,,,,,,,21357,,,
,21358,hydro5,HYD24296,,,,,,,,0,0,,Europe,,,,,,,,21358,,,
,21359,hydro5,HYD24297,,,,,,,,0,0,,Europe,,,,,,,,21359,,,
,21360,hydro5,HYD24298,,,,,,,,0,0,,Europe,,,,,,,,21360,,,
,21361,hydro5,HYD24299,,,,,,,,0,0,,Europe,,,,,,,,21361,,,
,21362,hydro5,HYD24310,,,,,,,,0,0,,Europe,,,,,,,,21362,,,
,21363,hydro5,HYD24321,,,,,,,,0,0,,Europe,,,,,,,,21363,,,
,21364,hydro5,HYD24321,,,,,,,,0,0,,Europe,,,,,,,,21364,,,
,21365,hydro5,HYD24322,,,,,,,,0,0,,Europe,,,,,,,,21365,,,
,21366,hydro5,HYD24322,,,,,,,,0,0,,Europe,,,,,,,,21366,,,
,21367,hydro5,HYD24322,,,,,,,,0,0,,Europe,,,,,,,,21367,,,
,21368,hydro5,HYD24322,,,,,,,,0,0,,Europe,,,,,,,,21368,,,
,21369,hydro5,HYD24322,,,,,,,,0,0,,Europe,,,,,,,,21369,,,
,21370,hydro5,HYD24322,,,,,,,,0,0,,Europe,,,,,,,,21370,,,
,21371,hydro5,HYD24322,,,,,,,,0,0,,Europe,,,,,,,,21371,,,
,21372,hydro5,HYD24322,,,,,,,,0,0,,Europe,,,,,,,,21372,,,
,21373,hydro5,HYD24323,,,,,,,,0,0,,Europe,,,,,,,,21373,,,
,21374,hydro5,HYD24324,,,,,,,,0,0,,Europe,,,,,,,,21374,,,
,21375,hydro5,HYD24324,,,,,,,,0,0,,Europe,,,,,,,,21375,,,
,21376,hydro5,HYD24324,,,,,,,,0,0,,Europe,,,,,,,,21376,,,
,21377,hydro5,HYD24324,,,,,,,,0,0,,Europe,,,,,,,,21377,,,
,21378,hydro5,HYD24325,,,,,,,,0,0,,Europe,,,,,,,,21378,,,
,21379,hydro5,HYD24325,,,,,,,,0,0,,Europe,,,,,,,,21379,,,
,21380,hydro5,HYD24326,,,,,,,,0,0,,Europe,,,,,,,,21380,,,
,21381,hydro5,HYD24328,,,,,,,,0,0,,Europe,,,,,,,,21381,,,
,21382,hydro5,HYD24329,,,,,,,,0,0,,Europe,,,,,,,,21382,,,
,21383,hydro5,HYD24330,,,,,,,,0,0,,Europe,,,,,,,,21383,,,
,21384,hydro5,HYD24340,,,,,,,,0,0,,Europe,,,,,,,,21384,,,
,21385,hydro5,HYD24340,,,,,,,,0,0,,Europe,,,,,,,,21385,,,
,21386,hydro5,HYD24340,,,,,,,,0,0,,Europe,,,,,,,,21386,,,
,21387,hydro5,HYD24350,,,,,,,,0,0,,Europe,,,,,,,,21387,,,
,21388,hydro5,HYD24351,,,,,,,,0,0,,Europe,,,,,,,,21388,,,
,21389,hydro5,HYD24352,,,,,,,,0,0,,Europe,,,,,,,,21389,,,
,21390,hydro5,HYD24352,,,,,,,,0,0,,Europe,,,,,,,,21390,,,
,21391,hydro5,HYD24353,,,,,,,,0,0,,Europe,,,,,,,,21391,,,
,21392,hydro5,HYD24354,,,,,,,,0,0,,Europe,,,,,,,,21392,,,
,21393,hydro5,HYD24355,,,,,,,,0,0,,Europe,,,,,,,,21393,,,
,21394,hydro5,HYD24356,,,,,,,,0,0,,Europe,,,,,,,,21394,,,
,21395,hydro5,HYD24357,,,,,,,,0,0,,Europe,,,,,,,,21395,,,
,21396,hydro5,HYD24358,,,,,,,,0,0,,Europe,,,,,,,,21396,,,
,21397,hydro5,HYD24359,,,,,,,,0,0,,Europe,,,,,,,,21397,,,
,21398,hydro5,HYD24360,,,,,,,,0,0,,Europe,,,,,,,,21398,,,
,21399,hydro5,HYD24360,,,,,,,,0,0,,Europe,,,,,,,,21399,,,
,21400,hydro5,HYD24370,,,,,,,,0,0,,Europe,,,,,,,,21400,,,
,21401,hydro5,HYD24380,,,,,,,,0,0,,Europe,,,,,,,,21401,,,
,21402,hydro5,HYD24380,,,,,,,,0,0,,Europe,,,,,,,,21402,,,
,21403,hydro5,HYD24390,,,,,,,,0,0,,Europe,,,,,,,,21403,,,
,21404,hydro5,HYD24410,,,,,,,,0,0,,Europe,,,,,,,,21404,,,
,21405,hydro5,HYD24420,,,,,,,,0,0,,Europe,,,,,,,,21405,,,
,21406,hydro5,HYD24420,,,,,,,,0,0,,Europe,,,,,,,,21406,,,
,21407,hydro5,HYD24431,,,,,,,,0,0,,Europe,,,,,,,,21407,,,
,21408,hydro5,HYD24432,,,,,,,,0,0,,Europe,,,,,,,,21408,,,
,21409,hydro5,HYD24433,,,,,,,,0,0,,Europe,,,,,,,,21409,,,
,21410,hydro5,HYD24434,,,,,,,,0,0,,Europe,,,,,,,,21410,,,
,21411,hydro5,HYD24434,,,,,,,,0,0,,Europe,,,,,,,,21411,,,
,21412,hydro5,HYD24435,,,,,,,,0,0,,Europe,,,,,,,,21412,,,
,21413,hydro5,HYD24436,,,,,,,,0,0,,Europe,,,,,,,,21413,,,
,21414,hydro5,HYD24436,,,,,,,,0,0,,Europe,,,,,,,,21414,,,
,21415,hydro5,HYD24436,,,,,,,,0,0,,Europe,,,,,,,,21415,,,
,21416,hydro5,HYD24437,,,,,,,,0,0,,Europe,,,,,,,,21416,,,
,21417,hydro5,HYD24438,,,,,,,,0,0,,Europe,,,,,,,,21417,,,
,21418,hydro5,HYD24439,,,,,,,,0,0,,Europe,,,,,,,,21418,,,
,21419,hydro5,HYD24440,,,,,,,,0,0,,Europe,,,,,,,,21419,,,
,21420,hydro5,HYD24450,,,,,,,,0,0,,Europe,,,,,,,,21420,,,
,21421,hydro5,HYD24450,,,,,,,,0,0,,Europe,,,,,,,,21421,,,
,21422,hydro5,HYD24460,,,,,,,,0,0,,Europe,,,,,,,,21422,,,
,21423,hydro5,HYD24460,,,,,,,,0,0,,Europe,,,,,,,,21423,,,
,21424,hydro5,HYD24460,,,,,,,,0,0,,Europe,,,,,,,,21424,,,
,21425,hydro5,HYD24470,,,,,,,,0,0,,Europe,,,,,,,,21425,,,
,21426,hydro5,HYD24471,,,,,,,,0,0,,Europe,,,,,,,,21426,,,
,21427,hydro5,HYD24471,,,,,,,,0,0,,Europe,,,,,,,,21427,,,
,21428,hydro5,HYD24472,,,,,,,,0,0,,Europe,,,,,,,,21428,,,
,21429,hydro5,HYD24472,,,,,,,,0,0,,Europe,,,,,,,,21429,,,
,21430,hydro5,HYD24473,,,,,,,,0,0,,Europe,,,,,,,,21430,,,
,21431,hydro5,HYD24474,,,,,,,,0,0,,Europe,,,,,,,,21431,,,
,21432,hydro5,HYD24474,,,,,,,,0,0,,Europe,,,,,,,,21432,,,
,21433,hydro5,HYD24475,,,,,,,,0,0,,Europe,,,,,,,,21433,,,
,21434,hydro5,HYD24476,,,,,,,,0,0,,Europe,,,,,,,,21434,,,
,21435,hydro5,HYD24477,,,,,,,,0,0,,Europe,,,,,,,,21435,,,
,21436,hydro5,HYD24478,,,,,,,,0,0,,Europe,,,,,,,,21436,,,
,21437,hydro5,HYD24479,,,,,,,,0,0,,Europe,,,,,,,,21437,,,
,21438,hydro5,HYD24480,,,,,,,,0,0,,Europe,,,,,,,,21438,,,
,21439,hydro5,HYD24480,,,,,,,,0,0,,Europe,,,,,,,,21439,,,
,21440,hydro5,HYD24490,,,,,,,,0,0,,Europe,,,,,,,,21440,,,
,21441,hydro5,HYD24500,,,,,,,,0,0,,Europe,,,,,,,,21441,,,
,21442,hydro5,HYD25101,,,,,,,,0,0,,Europe,,,,,,,,21442,,,
,21443,hydro5,HYD25102,,,,,,,,0,0,,Europe,,,,,,,,21443,,,
,21444,hydro5,HYD25102,,,,,,,,0,0,,Europe,,,,,,,,21444,,,
,21445,hydro5,HYD25103,,,,,,,,0,0,,Europe,,,,,,,,21445,,,
,21446,hydro5,HYD25104,,,,,,,,0,0,,Europe,,,,,,,,21446,,,
,21447,hydro5,HYD25105,,,,,,,,0,0,,Europe,,,,,,,,21447,,,
,21448,hydro5,HYD25106,,,,,,,,0,0,,Europe,,,,,,,,21448,,,
,21449,hydro5,HYD25107,,,,,,,,0,0,,Europe,,,,,,,,21449,,,
,21450,hydro5,HYD25108,,,,,,,,0,0,,Europe,,,,,,,,21450,,,
,21451,hydro5,HYD25109,,,,,,,,0,0,,Europe,,,,,,,,21451,,,
,21452,hydro5,HYD25210,,,,,,,,0,0,,Europe,,,,,,,,21452,,,
,21453,hydro5,HYD25220,,,,,,,,0,0,,Europe,,,,,,,,21453,,,
,21454,hydro5,HYD25220,,,,,,,,0,0,,Europe,,,,,,,,21454,,,
,21455,hydro5,HYD25230,,,,,,,,0,0,,Europe,,,,,,,,21455,,,
,21456,hydro5,HYD25240,,,,,,,,0,0,,Europe,,,,,,,,21456,,,
,21457,hydro5,HYD25240,,,,,,,,0,0,,Europe,,,,,,,,21457,,,
,21458,hydro5,HYD25251,,,,,,,,0,0,,Europe,,,,,,,,21458,,,
,21459,hydro5,HYD25252,,,,,,,,0,0,,Europe,,,,,,,,21459,,,
,21460,hydro5,HYD25253,,,,,,,,0,0,,Europe,,,,,,,,21460,,,
,21461,hydro5,HYD25254,,,,,,,,0,0,,Europe,,,,,,,,21461,,,
,21462,hydro5,HYD25255,,,,,,,,0,0,,Europe,,,,,,,,21462,,,
,21463,hydro5,HYD25255,,,,,,,,0,0,,Europe,,,,,,,,21463,,,
,21464,hydro5,HYD25256,,,,,,,,0,0,,Europe,,,,,,,,21464,,,
,21465,hydro5,HYD25256,,,,,,,,0,0,,Europe,,,,,,,,21465,,,
,21466,hydro5,HYD25257,,,,,,,,0,0,,Europe,,,,,,,,21466,,,
,21467,hydro5,HYD25258,,,,,,,,0,0,,Europe,,,,,,,,21467,,,
,21468,hydro5,HYD25258,,,,,,,,0,0,,Europe,,,,,,,,21468,,,
,21469,hydro5,HYD25258,,,,,,,,0,0,,Europe,,,,,,,,21469,,,
,21470,hydro5,HYD25259,,,,,,,,0,0,,Europe,,,,,,,,21470,,,
,21471,hydro5,HYD25259,,,,,,,,0,0,,Europe,,,,,,,,21471,,,
,21472,hydro5,HYD25260,,,,,,,,0,0,,Europe,,,,,,,,21472,,,
,21473,hydro5,HYD25260,,,,,,,,0,0,,Europe,,,,,,,,21473,,,
,21474,hydro5,HYD25260,,,,,,,,0,0,,Europe,,,,,,,,21474,,,
,21475,hydro5,HYD25260,,,,,,,,0,0,,Europe,,,,,,,,21475,,,
,21476,hydro5,HYD25260,,,,,,,,0,0,,Europe,,,,,,,,21476,,,
,21477,hydro5,HYD25270,,,,,,,,0,0,,Europe,,,,,,,,21477,,,
,21478,hydro5,HYD25280,,,,,,,,0,0,,Europe,,,,,,,,21478,,,
,21479,hydro5,HYD25280,,,,,,,,0,0,,Europe,,,,,,,,21479,,,
,21480,hydro5,HYD25280,,,,,,,,0,0,,Europe,,,,,,,,21480,,,
,21481,hydro5,HYD25290,,,,,,,,0,0,,Europe,,,,,,,,21481,,,
,21482,hydro5,HYD25300,,,,,,,,0,0,,Europe,,,,,,,,21482,,,
,21483,hydro5,HYD26110,,,,,,,,0,0,,Europe,,,,,,,,21483,,,
,21484,hydro5,HYD26120,,,,,,,,0,0,,Europe,,,,,,,,21484,,,
,21485,hydro5,HYD26120,,,,,,,,0,0,,Europe,,,,,,,,21485,,,
,21486,hydro5,HYD26120,,,,,,,,0,0,,Europe,,,,,,,,21486,,,
,21487,hydro5,HYD26130,,,,,,,,0,0,,Europe,,,,,,,,21487,,,
,21488,hydro5,HYD26141,,,,,,,,0,0,,Europe,,,,,,,,21488,,,
,21489,hydro5,HYD26142,,,,,,,,0,0,,Europe,,,,,,,,21489,,,
,21490,hydro5,HYD26143,,,,,,,,0,0,,Europe,,,,,,,,21490,,,
,21491,hydro5,HYD26144,,,,,,,,0,0,,Europe,,,,,,,,21491,,,
,21492,hydro5,HYD26145,,,,,,,,0,0,,Europe,,,,,,,,21492,,,
,21493,hydro5,HYD26146,,,,,,,,0,0,,Europe,,,,,,,,21493,,,
,21494,hydro5,HYD26146,,,,,,,,0,0,,Europe,,,,,,,,21494,,,
,21495,hydro5,HYD26147,,,,,,,,0,0,,Europe,,,,,,,,21495,,,
,21496,hydro5,HYD26148,,,,,,,,0,0,,Europe,,,,,,,,21496,,,
,21497,hydro5,HYD26149,,,,,,,,0,0,,Europe,,,,,,,,21497,,,
,21498,hydro5,HYD26150,,,,,,,,0,0,,Europe,,,,,,,,21498,,,
,21499,hydro5,HYD26160,,,,,,,,0,0,,Europe,,,,,,,,21499,,,
,21500,hydro5,HYD26170,,,,,,,,0,0,,Europe,,,,,,,,21500,,,
,21501,hydro5,HYD26181,,,,,,,,0,0,,Europe,,,,,,,,21501,,,
,21502,hydro5,HYD26182,,,,,,,,0,0,,Europe,,,,,,,,21502,,,
,21503,hydro5,HYD26183,,,,,,,,0,0,,Europe,,,,,,,,21503,,,
,21504,hydro5,HYD26184,,,,,,,,0,0,,Europe,,,,,,,,21504,,,
,21505,hydro5,HYD26185,,,,,,,,0,0,,Europe,,,,,,,,21505,,,
,21506,hydro5,HYD26186,,,,,,,,0,0,,Europe,,,,,,,,21506,,,
,21507,hydro5,HYD26187,,,,,,,,0,0,,Europe,,,,,,,,21507,,,
,21508,hydro5,HYD26188,,,,,,,,0,0,,Europe,,,,,,,,21508,,,
,21509,hydro5,HYD26189,,,,,,,,0,0,,Europe,,,,,,,,21509,,,
,21510,hydro5,HYD26190,,,,,,,,0,0,,Europe,,,,,,,,21510,,,
,21511,hydro5,HYD26200,,,,,,,,0,0,,Europe,,,,,,,,21511,,,
,21512,hydro5,HYD26300,,,,,,,,0,0,,Europe,,,,,,,,21512,,,
,21513,hydro5,HYD27101,,,,,,,,0,0,,Europe,,,,,,,,21513,,,
,21514,hydro5,HYD27102,,,,,,,,0,0,,Europe,,,,,,,,21514,,,
,21515,hydro5,HYD27103,,,,,,,,0,0,,Europe,,,,,,,,21515,,,
,21516,hydro5,HYD27104,,,,,,,,0,0,,Europe,,,,,,,,21516,,,
,21517,hydro5,HYD27105,,,,,,,,0,0,,Europe,,,,,,,,21517,,,
,21518,hydro5,HYD27106,,,,,,,,0,0,,Europe,,,,,,,,21518,,,
,21519,hydro5,HYD27107,,,,,,,,0,0,,Europe,,,,,,,,21519,,,
,21520,hydro5,HYD27108,,,,,,,,0,0,,Europe,,,,,,,,21520,,,
,21521,hydro5,HYD27109,,,,,,,,0,0,,Europe,,,,,,,,21521,,,
,21522,hydro5,HYD27200,,,,,,,,0,0,,Europe,,,,,,,,21522,,,
,21523,hydro5,HYD28100,,,ASHimalaya,2,,,,1,0,,Europe,,,,,,,,21523,,,
,21524,hydro5,HYD28100,,,ASHimalaya,2,,,,1,0,,Europe,,,,,,,,21524,,,
,21525,hydro5,HYD28101,,,ASHimalaya,2,,,,1,0,,Europe,,,,,,,,21525,,,
,21526,hydro5,HYD28102,,,ASHimalaya,2,,,,1,0,,Europe,,,,,,,,21526,,,
,21527,hydro5,HYD28103,,,ASHimalaya,2,,,,1,0,,Europe,,,,,,,,21527,,,
,21528,hydro5,HYD28104,,,ASHimalaya,2,,,,1,0,,Europe,,,,,,,,21528,,,
,21529,hydro5,HYD28105,,,ASHimalaya,2,,,,1,0,,Europe,,,,,,,,21529,,,
,21530,hydro5,HYD28106,,,ASHimalaya,2,,,,1,0,,Europe,,,,,,,,21530,,,
,21531,hydro5,HYD28107,,,ASHimalaya,2,,,,1,0,,Europe,,,,,,,,21531,,,
,21532,hydro5,HYD28108,,,ASHimalaya,2,,,,1,0,,Europe,,,,,,,,21532,,,
,21533,hydro5,HYD28109,,,ASHimalaya,2,,,,1,0,,Europe,,,,,,,,21533,,,
,21534,hydro5,HYD28110,,,ASHimalaya,2,,,,1,0,,Europe,,,,,,,,21534,,,
,21535,hydro5,HYD28120,,,ASHimalaya,2,,,,1,0,,Europe,,,,,,,,21535,,,
,21536,hydro5,HYD28130,,,ASHimalaya,2,,,,1,0,,Europe,,,,,,,,21536,,,
,21537,hydro5,HYD28140,,,ASHimalaya,2,,,,1,0,,Europe,,,,,,,,21537,,,
,21538,hydro5,HYD28150,,,ASHimalaya,2,,,,1,0,,Europe,,,,,,,,21538,,,
,21539,hydro5,HYD28160,,,ASHimalaya,2,,,,1,0,,Europe,,,,,,,,21539,,,
,21540,hydro5,HYD28170,,,,,,,,0,0,,Europe,,,,,,,,21540,,,
,21541,hydro5,HYD28180,,,ASHimalaya,2,,,,1,0,,Europe,,,,,,,,21541,,,
,21542,hydro5,HYD28180,,,,,,,,0,0,,Europe,,,,,,,,21542,,,
,21543,hydro5,HYD28190,,,,,,,,0,0,,Europe,,,,,,,,21543,,,
,21544,hydro5,HYD28201,,,,,,,,0,0,,Europe,,,,,,,,21544,,,
,21545,hydro5,HYD28202,,,,,,,,0,0,,Europe,,,,,,,,21545,,,
,21546,hydro5,HYD28203,,,,,,,,0,0,,Europe,,,,,,,,21546,,,
,21547,hydro5,HYD28204,,,ASHimalaya,2,,,,1,0,,Europe,,,,,,,,21547,,,
,21548,hydro5,HYD28205,,,ASHimalaya,2,,,,1,0,,Europe,,,,,,,,21548,,,
,21549,hydro5,HYD28206,,,ASHimalaya,2,,,,1,0,,Europe,,,,,,,,21549,,,
,21550,hydro5,HYD28207,,,,,,,,0,0,,Europe,,,,,,,,21550,,,
,21551,hydro5,HYD28208,,,ASHimalaya,2,,,,1,0,,Europe,,,,,,,,21551,,,
,21552,hydro5,HYD28209,,,,,,,,0,0,,Europe,,,,,,,,21552,,,
,21553,hydro5,HYD28210,,,,,,,,0,0,,Europe,,,,,,,,21553,,,
,21554,hydro5,HYD28220,,,,,,,,0,0,,Europe,,,,,,,,21554,,,
,21555,hydro5,HYD28230,,,,,,,,0,0,,Europe,,,,,,,,21555,,,
,21556,hydro5,HYD28240,,,,,,,,0,0,,Europe,,,,,,,,21556,,,
,21557,hydro5,HYD28250,,,,,,,,0,0,,Europe,,,,,,,,21557,,,
,21558,hydro5,HYD28260,,,,,,,,0,0,,Europe,,,,,,,,21558,,,
,21559,hydro5,HYD28270,,,,,,,,0,0,,Europe,,,,,,,,21559,,,
,21560,hydro5,HYD28281,,,,,,,,0,0,,Europe,,,,,,,,21560,,,
,21561,hydro5,HYD28282,,,,,,,,0,0,,Europe,,,,,,,,21561,,,
,21562,hydro5,HYD28283,,,,,,,,0,0,,Europe,,,,,,,,21562,,,
,21563,hydro5,HYD28284,,,,,,,,0,0,,Europe,,,,,,,,21563,,,
,21564,hydro5,HYD28285,,,,,,,,0,0,,Europe,,,,,,,,21564,,,
,21565,hydro5,HYD28286,,,,,,,,0,0,,Europe,,,,,,,,21565,,,
,21566,hydro5,HYD28287,,,,,,,,0,0,,Europe,,,,,,,,21566,,,
,21567,hydro5,HYD28288,,,,,,,,0,0,,Europe,,,,,,,,21567,,,
,21568,hydro5,HYD28289,,,,,,,,0,0,,Europe,,,,,,,,21568,,,
,21569,hydro5,HYD28290,,,,,,,,0,0,,Europe,,,,,,,,21569,,,
,21570,hydro5,HYD28291,,,,,,,,0,0,,Europe,,,,,,,,21570,,,
,21571,hydro5,HYD28292,,,,,,,,0,0,,Europe,,,,,,,,21571,,,
,21572,hydro5,HYD28293,,,,,,,,0,0,,Europe,,,,,,,,21572,,,
,21573,hydro5,HYD28294,,,,,,,,0,0,,Europe,,,,,,,,21573,,,
,21574,hydro5,HYD28295,,,,,,,,0,0,,Europe,,,,,,,,21574,,,
,21575,hydro5,HYD28296,,,,,,,,0,0,,Europe,,,,,,,,21575,,,
,21576,hydro5,HYD28297,,,,,,,,0,0,,Europe,,,,,,,,21576,,,
,21577,hydro5,HYD28298,,,,,,,,0,0,,Europe,,,,,,,,21577,,,
,21578,hydro5,HYD28299,,,,,,,,0,0,,Europe,,,,,,,,21578,,,
,21579,hydro5,HYD28311,,,,,,,,0,0,,Europe,,,,,,,,21579,,,
,21580,hydro5,HYD28311,,,,,,,,0,0,,Europe,,,,,,,,21580,,,
,21581,hydro5,HYD28312,,,,,,,,0,0,,Europe,,,,,,,,21581,,,
,21582,hydro5,HYD28313,,,,,,,,0,0,,Europe,,,,,,,,21582,,,
,21583,hydro5,HYD28314,,,,,,,,0,0,,Europe,,,,,,,,21583,,,
,21584,hydro5,HYD28315,,,,,,,,0,0,,Europe,,,,,,,,21584,,,
,21585,hydro5,HYD28315,,,,,,,,0,0,,Europe,,,,,,,,21585,,,
,21586,hydro5,HYD28316,,,,,,,,0,0,,Europe,,,,,,,,21586,,,
,21587,hydro5,HYD28317,,,,,,,,0,0,,Europe,,,,,,,,21587,,,
,21588,hydro5,HYD28317,,,,,,,,0,0,,Europe,,,,,,,,21588,,,
,21589,hydro5,HYD28318,,,,,,,,0,0,,Europe,,,,,,,,21589,,,
,21590,hydro5,HYD28319,,,,,,,,0,0,,Europe,,,,,,,,21590,,,
,21591,hydro5,HYD28321,,,,,,,,0,0,,Europe,,,,,,,,21591,,,
,21592,hydro5,HYD28322,,,,,,,,0,0,,Europe,,,,,,,,21592,,,
,21593,hydro5,HYD28323,,,,,,,,0,0,,Europe,,,,,,,,21593,,,
,21594,hydro5,HYD28323,,,,,,,,0,0,,Europe,,,,,,,,21594,,,
,21595,hydro5,HYD28324,,,,,,,,0,0,,Europe,,,,,,,,21595,,,
,21596,hydro5,HYD28325,,,,,,,,0,0,,Europe,,,,,,,,21596,,,
,21597,hydro5,HYD28325,,,,,,,,0,0,,Europe,,,,,,,,21597,,,
,21598,hydro5,HYD28325,,,,,,,,0,0,,Europe,,,,,,,,21598,,,
,21599,hydro5,HYD28326,,,,,,,,0,0,,Europe,,,,,,,,21599,,,
,21600,hydro5,HYD28327,,,,,,,,0,0,,Europe,,,,,,,,21600,,,
,21601,hydro5,HYD28328,,,,,,,,0,0,,Europe,,,,,,,,21601,,,
,21602,hydro5,HYD28329,,,,,,,,0,0,,Europe,,,,,,,,21602,,,
,21603,hydro5,HYD28330,,,,,,,,0,0,,Europe,,,,,,,,21603,,,
,21604,hydro5,HYD28330,,,,,,,,0,0,,Europe,,,,,,,,21604,,,
,21605,hydro5,HYD28340,,,,,,,,0,0,,Europe,,,,,,,,21605,,,
,21606,hydro5,HYD28350,,,,,,,,0,0,,Europe,,,,,,,,21606,,,
,21607,hydro5,HYD28361,,,,,,,,0,0,,Europe,,,,,,,,21607,,,
,21608,hydro5,HYD28361,,,,,,,,0,0,,Europe,,,,,,,,21608,,,
,21609,hydro5,HYD28362,,,,,,,,0,0,,Europe,,,,,,,,21609,,,
,21610,hydro5,HYD28363,,,,,,,,0,0,,Europe,,,,,,,,21610,,,
,21611,hydro5,HYD28364,,,,,,,,0,0,,Europe,,,,,,,,21611,,,
,21612,hydro5,HYD28365,,,,,,,,0,0,,Europe,,,,,,,,21612,,,
,21613,hydro5,HYD28365,,,,,,,,0,0,,Europe,,,,,,,,21613,,,
,21614,hydro5,HYD28366,,,,,,,,0,0,,Europe,,,,,,,,21614,,,
,21615,hydro5,HYD28366,,,,,,,,0,0,,Europe,,,,,,,,21615,,,
,21616,hydro5,HYD28366,,,,,,,,0,0,,Europe,,,,,,,,21616,,,
,21617,hydro5,HYD28367,,,,,,,,0,0,,Europe,,,,,,,,21617,,,
,21618,hydro5,HYD28368,,,,,,,,0,0,,Europe,,,,,,,,21618,,,
,21619,hydro5,HYD28369,,,,,,,,0,0,,Europe,,,,,,,,21619,,,
,21620,hydro5,HYD28370,,,,,,,,0,0,,Europe,,,,,,,,21620,,,
,21621,hydro5,HYD28380,,,,,,,,0,0,,Europe,,,,,,,,21621,,,
,21622,hydro5,HYD28391,,,,,,,,0,0,,Europe,,,,,,,,21622,,,
,21623,hydro5,HYD28392,,,,,,,,0,0,,Europe,,,,,,,,21623,,,
,21624,hydro5,HYD28393,,,,,,,,0,0,,Europe,,,,,,,,21624,,,
,21625,hydro5,HYD28394,,,,,,,,0,0,,Europe,,,,,,,,21625,,,
,21626,hydro5,HYD28395,,,,,,,,0,0,,Europe,,,,,,,,21626,,,
,21627,hydro5,HYD28396,,,,,,,,0,0,,Europe,,,,,,,,21627,,,
,21628,hydro5,HYD28397,,,,,,,,0,0,,Europe,,,,,,,,21628,,,
,21629,hydro5,HYD28398,,,,,,,,0,0,,Europe,,,,,,,,21629,,,
,21630,hydro5,HYD28399,,,,,,,,0,0,,Europe,,,,,,,,21630,,,
,21631,hydro5,HYD28400,,,,,,,,0,0,,Europe,,,,,,,,21631,,,
,21632,hydro5,HYD28400,,,,,,,,0,0,,Europe,,,,,,,,21632,,,
,21633,hydro5,HYD28410,,,,,,,,0,0,,Europe,,,,,,,,21633,,,
,21634,hydro5,HYD28420,,,,,,,,0,0,,Europe,,,,,,,,21634,,,
,21635,hydro5,HYD28430,,,,,,,,0,0,,Europe,,,,,,,,21635,,,
,21636,hydro5,HYD28440,,,,,,,,0,0,,Europe,,,,,,,,21636,,,
,21637,hydro5,HYD28450,,,,,,,,0,0,,Europe,,,,,,,,21637,,,
,21638,hydro5,HYD28461,,,,,,,,0,0,,Europe,,,,,,,,21638,,,
,21639,hydro5,HYD28462,,,,,,,,0,0,,Europe,,,,,,,,21639,,,
,21640,hydro5,HYD28463,,,,,,,,0,0,,Europe,,,,,,,,21640,,,
,21641,hydro5,HYD28464,,,,,,,,0,0,,Europe,,,,,,,,21641,,,
,21642,hydro5,HYD28464,,,,,,,,0,0,,Europe,,,,,,,,21642,,,
,21643,hydro5,HYD28465,,,,,,,,0,0,,Europe,,,,,,,,21643,,,
,21644,hydro5,HYD28465,,,,,,,,0,0,,Europe,,,,,,,,21644,,,
,21645,hydro5,HYD28466,,,,,,,,0,0,,Europe,,,,,,,,21645,,,
,21646,hydro5,HYD28467,,,,,,,,0,0,,Europe,,,,,,,,21646,,,
,21647,hydro5,HYD28468,,,,,,,,0,0,,Europe,,,,,,,,21647,,,
,21648,hydro5,HYD28469,,,,,,,,0,0,,Europe,,,,,,,,21648,,,
,21649,hydro5,HYD28470,,,,,,,,0,0,,Europe,,,,,,,,21649,,,
,21650,hydro5,HYD28480,,,,,,,,0,0,,Europe,,,,,,,,21650,,,
,21651,hydro5,HYD28490,,,ASHimalaya,2,,,,1,0,,Europe,,,,,,,,21651,,,
,21652,hydro5,HYD28500,,,,,,,,0,0,,Europe,,,,,,,,21652,,,
,21653,hydro5,HYD29110,,,,,,,,0,0,,Europe,,,,,,,,21653,,,
,21654,hydro5,HYD29111,,,,,,,,0,0,,Europe,,,,,,,,21654,,,
,21655,hydro5,HYD29112,,,,,,,,0,0,,Europe,,,,,,,,21655,,,
,21656,hydro5,HYD29113,,,,,,,,0,0,,Europe,,,,,,,,21656,,,
,21657,hydro5,HYD29114,,,,,,,,0,0,,Europe,,,,,,,,21657,,,
,21658,hydro5,HYD29115,,,,,,,,0,0,,Europe,,,,,,,,21658,,,
,21659,hydro5,HYD29116,,,,,,,,0,0,,Europe,,,,,,,,21659,,,
,21660,hydro5,HYD29117,,,,,,,,0,0,,Europe,,,,,,,,21660,,,
,21661,hydro5,HYD29118,,,,,,,,0,0,,Europe,,,,,,,,21661,,,
,21662,hydro5,HYD29119,,,,,,,,0,0,,Europe,,,,,,,,21662,,,
,21663,hydro5,HYD29120,,,ASHimalaya,2,,,,1,0,,Europe,,,,,,,,21663,,,
,21664,hydro5,HYD29130,,,ASHimalaya,2,,,,1,0,,Europe,,,,,,,,21664,,,
,21665,hydro5,HYD29140,,,ASHimalaya,2,,,,1,0,,Europe,,,,,,,,21665,,,
,21666,hydro5,HYD29141,,,ASHimalaya,2,,,,1,0,,Europe,,,,,,,,21666,,,
,21667,hydro5,HYD29142,,,ASHimalaya,2,,,,1,0,,Europe,,,,,,,,21667,,,
,21668,hydro5,HYD29143,,,ASHimalaya,2,,,,1,0,,Europe,,,,,,,,21668,,,
,21669,hydro5,HYD29144,,,ASHimalaya,2,,,,1,0,,Europe,,,,,,,,21669,,,
,21670,hydro5,HYD29145,,,ASHimalaya,2,,,,1,0,,Europe,,,,,,,,21670,,,
,21671,hydro5,HYD29146,,,ASHimalaya,2,,,,1,0,,Europe,,,,,,,,21671,,,
,21672,hydro5,HYD29147,,,ASHimalaya,2,,,,1,0,,Europe,,,,,,,,21672,,,
,21673,hydro5,HYD29148,,,ASHimalaya,2,,,,1,0,,Europe,,,,,,,,21673,,,
,21674,hydro5,HYD29149,,,ASHimalaya,2,,,,1,0,,Europe,,,,,,,,21674,,,
,21675,hydro5,HYD29150,,,ASHimalaya,2,,,,1,0,,Europe,,,,,,,,21675,,,
,21676,hydro5,HYD29160,,,ASHimalaya,2,,,,1,0,,Europe,,,,,,,,21676,,,
,21677,hydro5,HYD29170,,,ASHimalaya,2,,,,1,0,,Europe,,,,,,,,21677,,,
,21678,hydro5,HYD29170,,,ASHimalaya,2,,,,1,0,,Europe,,,,,,,,21678,,,
,21679,hydro5,HYD29180,,,ASHimalaya,2,,,,1,0,,Europe,,,,,,,,21679,,,
,21680,hydro5,HYD29190,,,ASHimalaya,2,,,,1,0,,Europe,,,,,,,,21680,,,
,21681,hydro5,HYD29210,,,,,,,,0,0,,Europe,,,,,,,,21681,,,
,21682,hydro5,HYD29221,,,ASHimalaya,2,,,,1,0,,Europe,,,,,,,,21682,,,
,21683,hydro5,HYD29222,,,ASHimalaya,2,,,,1,0,,Europe,,,,,,,,21683,,,
,21684,hydro5,HYD29223,,,ASHimalaya,2,,,,1,0,,Europe,,,,,,,,21684,,,
,21685,hydro5,HYD29224,,,ASHimalaya,2,,,,1,0,,Europe,,,,,,,,21685,,,
,21686,hydro5,HYD29225,,,ASHimalaya,2,,,,1,0,,Europe,,,,,,,,21686,,,
,21687,hydro5,HYD29226,,,ASHimalaya,2,,,,1,0,,Europe,,,,,,,,21687,,,
,21688,hydro5,HYD29227,,,ASHimalaya,2,,,,1,0,,Europe,,,,,,,,21688,,,
,21689,hydro5,HYD29230,,,ASHimalaya,2,,,,1,0,,Europe,,,,,,,,21689,,,
,21690,hydro5,HYD29240,,,ASHimalaya,2,,,,1,0,,Europe,,,,,,,,21690,,,
,21691,hydro5,HYD29251,,,ASHimalaya,2,,,,1,0,,Europe,,,,,,,,21691,,,
,21692,hydro5,HYD29252,,,ASHimalaya,2,,,,1,0,,Europe,,,,,,,,21692,,,
,21693,hydro5,HYD29253,,,ASHimalaya,2,,,,1,0,,Europe,,,,,,,,21693,,,
,21694,hydro5,HYD29254,,,ASHimalaya,2,,,,1,0,,Europe,,,,,,,,21694,,,
,21695,hydro5,HYD29255,,,ASHimalaya,2,,,,1,0,,Europe,,,,,,,,21695,,,
,21696,hydro5,HYD29256,,,ASHimalaya,2,,,,1,0,,Europe,,,,,,,,21696,,,
,21697,hydro5,HYD29257,,,ASHimalaya,2,,,,1,0,,Europe,,,,,,,,21697,,,
,21698,hydro5,HYD29260,,,ASHimalaya,2,,,,1,0,,Europe,,,,,,,,21698,,,
,21699,hydro5,HYD29270,,,ASHimalaya,2,,,,1,0,,Europe,,,,,,,,21699,,,
,21700,hydro5,HYD29280,,,ASHimalaya,2,,,,1,0,,Europe,,,,,,,,21700,,,
,21701,hydro5,HYD29290,,,,,,,,0,0,,Europe,,,,,,,,21701,,,
,21702,hydro5,HYD29310,,,,,,,,0,0,,Europe,,,,,,,,21702,,,
,21703,hydro5,HYD29320,,,,,,,,0,0,,Europe,,,,,,,,21703,,,
,21704,hydro5,HYD29330,,,,,,,,0,0,,Europe,,,,,,,,21704,,,
,21705,hydro5,HYD29340,,,,,,,,0,0,,Europe,,,,,,,,21705,,,
,21706,hydro5,HYD29350,,,,,,,,0,0,,Europe,,,,,,,,21706,,,
,21707,hydro5,HYD29360,,,,,,,,0,0,,Europe,,,,,,,,21707,,,
,21708,hydro5,HYD29370,,,,,,,,0,0,,Europe,,,,,,,,21708,,,
,21709,hydro5,HYD29380,,,,,,,,0,0,,Europe,,,,,,,,21709,,,
,21710,hydro5,HYD29390,,,,,,,,0,0,,Europe,,,,,,,,21710,,,
,21711,hydro5,HYD29400,,,,,,,,0,0,,Europe,,,,,,,,21711,,,
,21712,hydro5,HYD29400,,,,,,,,0,0,,Europe,,,,,,,,21712,,,
,21713,hydro5,HYD29410,,,,,,,,0,0,,Europe,,,,,,,,21713,,,
,21714,hydro5,HYD29420,,,ASHimalaya,2,,,,1,0,,Europe,,,,,,,,21714,,,
,21715,hydro5,HYD29430,,,,,,,,0,0,,Europe,,,,,,,,21715,,,
,21716,hydro5,HYD29430,,,,,,,,0,0,,Europe,,,,,,,,21716,,,
,21717,hydro5,HYD29440,,,,,,,,0,0,,Europe,,,,,,,,21717,,,
,21718,hydro5,HYD29450,,,,,,,,0,0,,Europe,,,,,,,,21718,,,
,21719,hydro5,HYD29461,,,,,,,,0,0,,Europe,,,,,,,,21719,,,
,21720,hydro5,HYD29462,,,,,,,,0,0,,Europe,,,,,,,,21720,,,
,21721,hydro5,HYD29463,,,,,,,,0,0,,Europe,,,,,,,,21721,,,
,21722,hydro5,HYD29464,,,,,,,,0,0,,Europe,,,,,,,,21722,,,
,21723,hydro5,HYD29465,,,,,,,,0,0,,Europe,,,,,,,,21723,,,
,21724,hydro5,HYD29466,,,,,,,,0,0,,Europe,,,,,,,,21724,,,
,21725,hydro5,HYD29467,,,,,,,,0,0,,Europe,,,,,,,,21725,,,
,21726,hydro5,HYD29468,,,,,,,,0,0,,Europe,,,,,,,,21726,,,
,21727,hydro5,HYD29469,,,,,,,,0,0,,Europe,,,,,,,,21727,,,
,21728,hydro5,HYD29469,,,,,,,,0,0,,Europe,,,,,,,,21728,,,
,21729,hydro5,HYD29469,,,,,,,,0,0,,Europe,,,,,,,,21729,,,
,21730,hydro5,HYD29470,,,,,,,,0,0,,Europe,,,,,,,,21730,,,
,21731,hydro5,HYD29471,,,,,,,,0,0,,Europe,,,,,,,,21731,,,
,21732,hydro5,HYD29472,,,,,,,,0,0,,Europe,,,,,,,,21732,,,
,21733,hydro5,HYD29473,,,,,,,,0,0,,Europe,,,,,,,,21733,,,
,21734,hydro5,HYD29474,,,,,,,,0,0,,Europe,,,,,,,,21734,,,
,21735,hydro5,HYD29475,,,,,,,,0,0,,Europe,,,,,,,,21735,,,
,21736,hydro5,HYD29476,,,,,,,,0,0,,Europe,,,,,,,,21736,,,
,21737,hydro5,HYD29477,,,,,,,,0,0,,Europe,,,,,,,,21737,,,
,21738,hydro5,HYD29478,,,,,,,,0,0,,Europe,,,,,,,,21738,,,
,21739,hydro5,HYD29479,,,,,,,,0,0,,Europe,,,,,,,,21739,,,
,21740,hydro5,HYD29480,,,,,,,,0,0,,Europe,,,,,,,,21740,,,
,21741,hydro5,HYD29480,,,,,,,,0,0,,Europe,,,,,,,,21741,,,
,21742,hydro5,HYD29480,,,,,,,,0,0,,Europe,,,,,,,,21742,,,
,21743,hydro5,HYD29490,,,,,,,,0,0,,Europe,,,,,,,,21743,,,
,21744,hydro5,HYD29491,,,,,,,,0,0,,Europe,,,,,,,,21744,,,
,21745,hydro5,HYD29492,,,,,,,,0,0,,Europe,,,,,,,,21745,,,
,21746,hydro5,HYD29492,,,,,,,,0,0,,Europe,,,,,,,,21746,,,
,21747,hydro5,HYD29493,,,,,,,,0,0,,Europe,,,,,,,,21747,,,
,21748,hydro5,HYD29494,,,,,,,,0,0,,Europe,,,,,,,,21748,,,
,21749,hydro5,HYD29495,,,,,,,,0,0,,Europe,,,,,,,,21749,,,
,21750,hydro5,HYD29495,,,,,,,,0,0,,Europe,,,,,,,,21750,,,
,21751,hydro5,HYD29496,,,,,,,,0,0,,Europe,,,,,,,,21751,,,
,21752,hydro5,HYD29497,,,,,,,,0,0,,Europe,,,,,,,,21752,,,
,21753,hydro5,HYD29497,,,,,,,,0,0,,Europe,,,,,,,,21753,,,
,21754,hydro5,HYD29497,,,,,,,,0,0,,Europe,,,,,,,,21754,,,
,21755,hydro5,HYD29497,,,,,,,,0,0,,Europe,,,,,,,,21755,,,
,21756,hydro5,HYD29498,,,,,,,,0,0,,Europe,,,,,,,,21756,,,
,21757,hydro5,HYD29499,,,,,,,,0,0,,Europe,,,,,,,,21757,,,
,21758,hydro5,HYD29510,,,,,,,,0,0,,Europe,,,,,,,,21758,,,
,21759,hydro5,HYD29520,,,,,,,,0,0,,Europe,,,,,,,,21759,,,
,21760,hydro5,HYD29530,,,,,,,,0,0,,Europe,,,,,,,,21760,,,
,21761,hydro5,HYD29540,,,,,,,,0,0,,Europe,,,,,,,,21761,,,
,21762,hydro5,HYD29550,,,,,,,,0,0,,Europe,,,,,,,,21762,,,
,21763,hydro5,HYD29560,,,,,,,,0,0,,Europe,,,,,,,,21763,,,
,21764,hydro5,HYD29570,,,,,,,,0,0,,Europe,,,,,,,,21764,,,
,21765,hydro5,HYD29580,,,,,,,,0,0,,Europe,,,,,,,,21765,,,
,21766,hydro5,HYD29590,,,,,,,,0,0,,Europe,,,,,,,,21766,,,
,21767,hydro5,HYD29600,,,,,,,,0,0,,Europe,,,,,,,,21767,,,
,21768,hydro5,HYD29610,,,,,,,,0,0,,Europe,,,,,,,,21768,,,
,21769,hydro5,HYD29620,,,,,,,,0,0,,Europe,,,,,,,,21769,,,
,21770,hydro5,HYD29630,,,,,,,,0,0,,Europe,,,,,,,,21770,,,
,21771,hydro5,HYD29640,,,,,,,,0,0,,Europe,,,,,,,,21771,,,
,21772,hydro5,HYD29650,,,,,,,,0,0,,Europe,,,,,,,,21772,,,
,21773,hydro5,HYD29660,,,,,,,,0,0,,Europe,,,,,,,,21773,,,
,21774,hydro5,HYD29671,,,,,,,,0,0,,Europe,,,,,,,,21774,,,
,21775,hydro5,HYD29672,,,,,,,,0,0,,Europe,,,,,,,,21775,,,
,21776,hydro5,HYD29673,,,,,,,,0,0,,Europe,,,,,,,,21776,,,
,21777,hydro5,HYD29674,,,,,,,,0,0,,Europe,,,,,,,,21777,,,
,21778,hydro5,HYD29675,,,,,,,,0,0,,Europe,,,,,,,,21778,,,
,21779,hydro5,HYD29676,,,,,,,,0,0,,Europe,,,,,,,,21779,,,
,21780,hydro5,HYD29677,,,,,,,,0,0,,Europe,,,,,,,,21780,,,
,21781,hydro5,HYD29678,,,,,,,,0,0,,Europe,,,,,,,,21781,,,
,21782,hydro5,HYD29679,,,,,,,,0,0,,Europe,,,,,,,,21782,,,
,21783,hydro5,HYD29681,,,,,,,,0,0,,Europe,,,,,,,,21783,,,
,21784,hydro5,HYD29682,,,,,,,,0,0,,Europe,,,,,,,,21784,,,
,21785,hydro5,HYD29683,,,,,,,,0,0,,Europe,,,,,,,,21785,,,
,21786,hydro5,HYD29684,,,,,,,,0,0,,Europe,,,,,,,,21786,,,
,21787,hydro5,HYD29685,,,,,,,,0,0,,Europe,,,,,,,,21787,,,
,21788,hydro5,HYD29686,,,,,,,,0,0,,Europe,,,,,,,,21788,,,
,21789,hydro5,HYD29687,,,,,,,,0,0,,Europe,,,,,,,,21789,,,
,21790,hydro5,HYD29688,,,,,,,,0,0,,Europe,,,,,,,,21790,,,
,21791,hydro5,HYD29689,,,,,,,,0,0,,Europe,,,,,,,,21791,,,
,21792,hydro5,HYD29690,,,,,,,,0,0,,Europe,,,,,,,,21792,,,
,21793,hydro5,HYD29711,,,,,,,,0,0,,Europe,,,,,,,,21793,,,
,21794,hydro5,HYD29712,,,,,,,,0,0,,Europe,,,,,,,,21794,,,
,21795,hydro5,HYD29713,,,,,,,,0,0,,Europe,,,,,,,,21795,,,
,21796,hydro5,HYD29714,,,,,,,,0,0,,Europe,,,,,,,,21796,,,
,21797,hydro5,HYD29715,,,,,,,,0,0,,Europe,,,,,,,,21797,,,
,21798,hydro5,HYD29720,,,,,,,,0,0,,Europe,,,,,,,,21798,,,
,21799,hydro5,HYD29731,,,,,,,,0,0,,Europe,,,,,,,,21799,,,
,21800,hydro5,HYD29732,,,,,,,,0,0,,Europe,,,,,,,,21800,,,
,21801,hydro5,HYD29733,,,,,,,,0,0,,Europe,,,,,,,,21801,,,
,21802,hydro5,HYD29734,,,,,,,,0,0,,Europe,,,,,,,,21802,,,
,21803,hydro5,HYD29735,,,,,,,,0,0,,Europe,,,,,,,,21803,,,
,21804,hydro5,HYD29736,,,,,,,,0,0,,Europe,,,,,,,,21804,,,
,21805,hydro5,HYD29737,,,,,,,,0,0,,Europe,,,,,,,,21805,,,
,21806,hydro5,HYD29738,,,,,,,,0,0,,Europe,,,,,,,,21806,,,
,21807,hydro5,HYD29739,,,,,,,,0,0,,Europe,,,,,,,,21807,,,
,21808,hydro5,HYD29740,,,,,,,,0,0,,Europe,,,,,,,,21808,,,
,21809,hydro5,HYD29741,,,,,,,,0,0,,Europe,,,,,,,,21809,,,
,21810,hydro5,HYD29742,,,,,,,,0,0,,Europe,,,,,,,,21810,,,
,21811,hydro5,HYD29743,,,,,,,,0,0,,Europe,,,,,,,,21811,,,
,21812,hydro5,HYD29744,,,,,,,,0,0,,Europe,,,,,,,,21812,,,
,21813,hydro5,HYD29745,,,,,,,,0,0,,Europe,,,,,,,,21813,,,
,21814,hydro5,HYD29746,,,,,,,,0,0,,Europe,,,,,,,,21814,,,
,21815,hydro5,HYD29747,,,,,,,,0,0,,Europe,,,,,,,,21815,,,
,21816,hydro5,HYD29748,,,,,,,,0,0,,Europe,,,,,,,,21816,,,
,21817,hydro5,HYD29749,,,,,,,,0,0,,Europe,,,,,,,,21817,,,
,21818,hydro5,HYD29750,,,,,,,,0,0,,Europe,,,,,,,,21818,,,
,21819,hydro5,HYD29751,,,,,,,,0,0,,Europe,,,,,,,,21819,,,
,21820,hydro5,HYD29752,,,,,,,,0,0,,Europe,,,,,,,,21820,,,
,21821,hydro5,HYD29753,,,,,,,,0,0,,Europe,,,,,,,,21821,,,
,21822,hydro5,HYD29754,,,,,,,,0,0,,Europe,,,,,,,,21822,,,
,21823,hydro5,HYD29755,,,,,,,,0,0,,Europe,,,,,,,,21823,,,
,21824,hydro5,HYD29756,,,,,,,,0,0,,Europe,,,,,,,,21824,,,
,21825,hydro5,HYD29757,,,,,,,,0,0,,Europe,,,,,,,,21825,,,
,21826,hydro5,HYD29758,,,,,,,,0,0,,Europe,,,,,,,,21826,,,
,21827,hydro5,HYD29759,,,,,,,,0,0,,Europe,,,,,,,,21827,,,
,21828,hydro5,HYD29761,,,,,,,,0,0,,Europe,,,,,,,,21828,,,
,21829,hydro5,HYD29762,,,,,,,,0,0,,Europe,,,,,,,,21829,,,
,21830,hydro5,HYD29763,,,,,,,,0,0,,Europe,,,,,,,,21830,,,
,21831,hydro5,HYD29764,,,,,,,,0,0,,Europe,,,,,,,,21831,,,
,21832,hydro5,HYD29771,,,,,,,,0,0,,Europe,,,,,,,,21832,,,
,21833,hydro5,HYD29772,,,,,,,,0,0,,Europe,,,,,,,,21833,,,
,21834,hydro5,HYD29773,,,,,,,,0,0,,Europe,,,,,,,,21834,,,
,21835,hydro5,HYD29774,,,,,,,,0,0,,Europe,,,,,,,,21835,,,
,21836,hydro5,HYD29775,,,,,,,,0,0,,Europe,,,,,,,,21836,,,
,21837,hydro5,HYD29776,,,,,,,,0,0,,Europe,,,,,,,,21837,,,
,21838,hydro5,HYD29777,,,,,,,,0,0,,Europe,,,,,,,,21838,,,
,21839,hydro5,HYD29778,,,,,,,,0,0,,Europe,,,,,,,,21839,,,
,21840,hydro5,HYD29779,,,,,,,,0,0,,Europe,,,,,,,,21840,,,
,21841,hydro5,HYD29781,,,,,,,,0,0,,Europe,,,,,,,,21841,,,
,21842,hydro5,HYD29782,,,,,,,,0,0,,Europe,,,,,,,,21842,,,
,21843,hydro5,HYD29783,,,,,,,,0,0,,Europe,,,,,,,,21843,,,
,21844,hydro5,HYD29784,,,,,,,,0,0,,Europe,,,,,,,,21844,,,
,21845,hydro5,HYD29785,,,,,,,,0,0,,Europe,,,,,,,,21845,,,
,21846,hydro5,HYD29786,,,,,,,,0,0,,Europe,,,,,,,,21846,,,
,21847,hydro5,HYD29787,,,,,,,,0,0,,Europe,,,,,,,,21847,,,
,21848,hydro5,HYD29788,,,,,,,,0,0,,Europe,,,,,,,,21848,,,
,21849,hydro5,HYD29789,,,,,,,,0,0,,Europe,,,,,,,,21849,,,
,21850,hydro5,HYD29790,,,,,,,,0,0,,Europe,,,,,,,,21850,,,
,21851,hydro5,HYD29810,,,,,,,,0,0,,Europe,,,,,,,,21851,,,
,21852,hydro5,HYD29820,,,,,,,,0,0,,Europe,,,,,,,,21852,,,
,21853,hydro5,HYD29830,,,,,,,,0,0,,Europe,,,,,,,,21853,,,
,21854,hydro5,HYD29841,,,,,,,,0,0,,Europe,,,,,,,,21854,,,
,21855,hydro5,HYD29842,,,,,,,,0,0,,Europe,,,,,,,,21855,,,
,21856,hydro5,HYD29843,,,,,,,,0,0,,Europe,,,,,,,,21856,,,
,21857,hydro5,HYD29844,,,,,,,,0,0,,Europe,,,,,,,,21857,,,
,21858,hydro5,HYD29845,,,,,,,,0,0,,Europe,,,,,,,,21858,,,
,21859,hydro5,HYD29846,,,,,,,,0,0,,Europe,,,,,,,,21859,,,
,21860,hydro5,HYD29850,,,,,,,,0,0,,Europe,,,,,,,,21860,,,
,21861,hydro5,HYD29860,,,,,,,,0,0,,Europe,,,,,,,,21861,,,
,21862,hydro5,HYD29870,,,,,,,,0,0,,Europe,,,,,,,,21862,,,
,21863,hydro5,HYD29880,,,,,,,,0,0,,Europe,,,,,,,,21863,,,
,21864,hydro5,HYD29890,,,,,,,,0,0,,Europe,,,,,,,,21864,,,
,21865,hydro5,HYD29901,,,,,,,,0,0,,Europe,,,,,,,,21865,,,
,21866,hydro5,HYD29902,,,,,,,,0,0,,Europe,,,,,,,,21866,,,
,21867,hydro5,HYD29903,,,,,,,,0,0,,Europe,,,,,,,,21867,,,
,21868,hydro5,HYD29904,,,,,,,,0,0,,Europe,,,,,,,,21868,,,
,21869,hydro5,HYD29905,,,,,,,,0,0,,Europe,,,,,,,,21869,,,
,21870,hydro5,HYD29906,,,,,,,,0,0,,Europe,,,,,,,,21870,,,
,21871,hydro5,HYD29906,,,,,,,,0,0,,Europe,,,,,,,,21871,,,
,21872,hydro5,HYD31101,,,,,,,,0,0,,Siberia,,,,,,,,21872,,,
,21873,hydro5,HYD31102,,,,,,,,0,0,,Siberia,,,,,,,,21873,,,
,21874,hydro5,HYD31103,,,,,,,,0,0,,Siberia,,,,,,,,21874,,,
,21875,hydro5,HYD31104,,,,,,,,0,0,,Siberia,,,,,,,,21875,,,
,21876,hydro5,HYD31105,,,,,,,,0,0,,Siberia,,,,,,,,21876,,,
,21877,hydro5,HYD31106,,,,,,,,0,0,,Siberia,,,,,,,,21877,,,
,21878,hydro5,HYD31107,,,,,,,,0,0,,Siberia,,,,,,,,21878,,,
,21879,hydro5,HYD31108,,,,,,,,0,0,,Siberia,,,,,,,,21879,,,
,21880,hydro5,HYD31109,,,,,,,,0,0,,Siberia,,,,,,,,21880,,,
,21881,hydro5,HYD31201,,,,,,,,0,0,,Siberia,,,,,,,,21881,,,
,21882,hydro5,HYD31201,,,,,,,,0,0,,Siberia,,,,,,,,21882,,,
,21883,hydro5,HYD31202,,,,,,,,0,0,,Siberia,,,,,,,,21883,,,
,21884,hydro5,HYD31203,,,,,,,,0,0,,Siberia,,,,,,,,21884,,,
,21885,hydro5,HYD31204,,,,,,,,0,0,,Siberia,,,,,,,,21885,,,
,21886,hydro5,HYD31204,,,,,,,,0,0,,Siberia,,,,,,,,21886,,,
,21887,hydro5,HYD31205,,,,,,,,0,0,,Siberia,,,,,,,,21887,,,
,21888,hydro5,HYD31210,,,,,,,,0,0,,Siberia,,,,,,,,21888,,,
,21889,hydro5,HYD31221,,,,,,,,0,0,,Siberia,,,,,,,,21889,,,
,21890,hydro5,HYD31222,,,,,,,,0,0,,Siberia,,,,,,,,21890,,,
,21891,hydro5,HYD31223,,,,,,,,0,0,,Siberia,,,,,,,,21891,,,
,21892,hydro5,HYD31224,,,,,,,,0,0,,Siberia,,,,,,,,21892,,,
,21893,hydro5,HYD31225,,,,,,,,0,0,,Siberia,,,,,,,,21893,,,
,21894,hydro5,HYD31226,,,,,,,,0,0,,Siberia,,,,,,,,21894,,,
,21895,hydro5,HYD31227,,,,,,,,0,0,,Siberia,,,,,,,,21895,,,
,21896,hydro5,HYD31228,,,,,,,,0,0,,Siberia,,,,,,,,21896,,,
,21897,hydro5,HYD31229,,,,,,,,0,0,,Siberia,,,,,,,,21897,,,
,21898,hydro5,HYD31231,,,,,,,,0,0,,Siberia,,,,,,,,21898,,,
,21899,hydro5,HYD31232,,,,,,,,0,0,,Siberia,,,,,,,,21899,,,
,21900,hydro5,HYD31233,,,,,,,,0,0,,Siberia,,,,,,,,21900,,,
,21901,hydro5,HYD31234,,,,,,,,0,0,,Siberia,,,,,,,,21901,,,
,21902,hydro5,HYD31235,,,,,,,,0,0,,Siberia,,,,,,,,21902,,,
,21903,hydro5,HYD31236,,,,,,,,0,0,,Siberia,,,,,,,,21903,,,
,21904,hydro5,HYD31237,,,,,,,,0,0,,Siberia,,,,,,,,21904,,,
,21905,hydro5,HYD31238,,,,,,,,0,0,,Siberia,,,,,,,,21905,,,
,21906,hydro5,HYD31239,,,,,,,,0,0,,Siberia,,,,,,,,21906,,,
,21907,hydro5,HYD31241,,,,,,,,0,0,,Siberia,,,,,,,,21907,,,
,21908,hydro5,HYD31242,,,,,,,,0,0,,Siberia,,,,,,,,21908,,,
,21909,hydro5,HYD31243,,,,,,,,0,0,,Siberia,,,,,,,,21909,,,
,21910,hydro5,HYD31244,,,,,,,,0,0,,Siberia,,,,,,,,21910,,,
,21911,hydro5,HYD31245,,,,,,,,0,0,,Siberia,,,,,,,,21911,,,
,21912,hydro5,HYD31246,,,,,,,,0,0,,Siberia,,,,,,,,21912,,,
,21913,hydro5,HYD31247,,,,,,,,0,0,,Siberia,,,,,,,,21913,,,
,21914,hydro5,HYD31248,,,,,,,,0,0,,Siberia,,,,,,,,21914,,,
,21915,hydro5,HYD31248,,,,,,,,0,0,,Siberia,,,,,,,,21915,,,
,21916,hydro5,HYD31249,,,,,,,,0,0,,Siberia,,,,,,,,21916,,,
,21917,hydro5,HYD31251,,,,,,,,0,0,,Siberia,,,,,,,,21917,,,
,21918,hydro5,HYD31252,,,,,,,,0,0,,Siberia,,,,,,,,21918,,,
,21919,hydro5,HYD31253,,,,,,,,0,0,,Siberia,,,,,,,,21919,,,
,21920,hydro5,HYD31254,,,,,,,,0,0,,Siberia,,,,,,,,21920,,,
,21921,hydro5,HYD31255,,,,,,,,0,0,,Siberia,,,,,,,,21921,,,
,21922,hydro5,HYD31256,,,,,,,,0,0,,Siberia,,,,,,,,21922,,,
,21923,hydro5,HYD31257,,,,,,,,0,0,,Siberia,,,,,,,,21923,,,
,21924,hydro5,HYD31258,,,,,,,,0,0,,Siberia,,,,,,,,21924,,,
,21925,hydro5,HYD31259,,,,,,,,0,0,,Siberia,,,,,,,,21925,,,
,21926,hydro5,HYD31260,,,,,,,,0,0,,Siberia,,,,,,,,21926,,,
,21927,hydro5,HYD31261,,,,,,,,0,0,,Siberia,,,,,,,,21927,,,
,21928,hydro5,HYD31262,,,,,,,,0,0,,Siberia,,,,,,,,21928,,,
,21929,hydro5,HYD31263,,,,,,,,0,0,,Siberia,,,,,,,,21929,,,
,21930,hydro5,HYD31264,,,,,,,,0,0,,Siberia,,,,,,,,21930,,,
,21931,hydro5,HYD31265,,,,,,,,0,0,,Siberia,,,,,,,,21931,,,
,21932,hydro5,HYD31266,,,,,,,,0,0,,Siberia,,,,,,,,21932,,,
,21933,hydro5,HYD31267,,,,,,,,0,0,,Siberia,,,,,,,,21933,,,
,21934,hydro5,HYD31268,,,,,,,,0,0,,Siberia,,,,,,,,21934,,,
,21935,hydro5,HYD31268,,,,,,,,0,0,,Siberia,,,,,,,,21935,,,
,21936,hydro5,HYD31269,,,,,,,,0,0,,Siberia,,,,,,,,21936,,,
,21937,hydro5,HYD31270,,,,,,,,0,0,,Siberia,,,,,,,,21937,,,
,21938,hydro5,HYD31280,,,,,,,,0,0,,Siberia,,,,,,,,21938,,,
,21939,hydro5,HYD31280,,,,,,,,0,0,,Siberia,,,,,,,,21939,,,
,21940,hydro5,HYD31281,,,,,,,,0,0,,Siberia,,,,,,,,21940,,,
,21941,hydro5,HYD31282,,,,,,,,0,0,,Siberia,,,,,,,,21941,,,
,21942,hydro5,HYD31283,,,,,,,,0,0,,Siberia,,,,,,,,21942,,,
,21943,hydro5,HYD31284,,,,,,,,0,0,,Siberia,,,,,,,,21943,,,
,21944,hydro5,HYD31285,,,,,,,,0,0,,Siberia,,,,,,,,21944,,,
,21945,hydro5,HYD31286,,,,,,,,0,0,,Siberia,,,,,,,,21945,,,
,21946,hydro5,HYD31287,,,,,,,,0,0,,Siberia,,,,,,,,21946,,,
,21947,hydro5,HYD31288,,,,,,,,0,0,,Siberia,,,,,,,,21947,,,
,21948,hydro5,HYD31289,,,,,,,,0,0,,Siberia,,,,,,,,21948,,,
,21949,hydro5,HYD31290,,,,,,,,0,0,,Siberia,,,,,,,,21949,,,
,21950,hydro5,HYD31290,,,,,,,,0,0,,Siberia,,,,,,,,21950,,,
,21951,hydro5,HYD31290,,,,,,,,0,0,,Siberia,,,,,,,,21951,,,
,21952,hydro5,HYD31291,,,,,,,,0,0,,Siberia,,,,,,,,21952,,,
,21953,hydro5,HYD31292,,,,,,,,0,0,,Siberia,,,,,,,,21953,,,
,21954,hydro5,HYD31293,,,,,,,,0,0,,Siberia,,,,,,,,21954,,,
,21955,hydro5,HYD31294,,,,,,,,0,0,,Siberia,,,,,,,,21955,,,
,21956,hydro5,HYD31294,,,,,,,,0,0,,Siberia,,,,,,,,21956,,,
,21957,hydro5,HYD31295,,,,,,,,0,0,,Siberia,,,,,,,,21957,,,
,21958,hydro5,HYD31296,,,ASHimalaya,2,,,,1,0,,Siberia,,,,,,,,21958,,,
,21959,hydro5,HYD31297,,,ASHimalaya,2,,,,1,0,,Siberia,,,,,,,,21959,,,
,21960,hydro5,HYD31297,,,ASHimalaya,2,,,,1,0,,Siberia,,,,,,,,21960,,,
,21961,hydro5,HYD31298,,,ASHimalaya,2,,,,1,0,,Siberia,,,,,,,,21961,,,
,21962,hydro5,HYD31299,,,ASHimalaya,2,,,,1,0,,Siberia,,,,,,,,21962,,,
,21963,hydro5,HYD31299,,,ASHimalaya,2,,,,1,0,,Siberia,,,,,,,,21963,,,
,21964,hydro5,HYD31299,,,ASHimalaya,2,,,,1,0,,Siberia,,,,,,,,21964,,,
,21965,hydro5,HYD31310,,,,,,,,0,0,,Siberia,,,,,,,,21965,,,
,21966,hydro5,HYD31320,,,,,,,,0,0,,Siberia,,,,,,,,21966,,,
,21967,hydro5,HYD31330,,,,,,,,0,0,,Siberia,,,,,,,,21967,,,
,21968,hydro5,HYD31341,,,,,,,,0,0,,Siberia,,,,,,,,21968,,,
,21969,hydro5,HYD31342,,,,,,,,0,0,,Siberia,,,,,,,,21969,,,
,21970,hydro5,HYD31343,,,,,,,,0,0,,Siberia,,,,,,,,21970,,,
,21971,hydro5,HYD31344,,,,,,,,0,0,,Siberia,,,,,,,,21971,,,
,21972,hydro5,HYD31345,,,,,,,,0,0,,Siberia,,,,,,,,21972,,,
,21973,hydro5,HYD31346,,,,,,,,0,0,,Siberia,,,,,,,,21973,,,
,21974,hydro5,HYD31347,,,,,,,,0,0,,Siberia,,,,,,,,21974,,,
,21975,hydro5,HYD31348,,,,,,,,0,0,,Siberia,,,,,,,,21975,,,
,21976,hydro5,HYD31349,,,,,,,,0,0,,Siberia,,,,,,,,21976,,,
,21977,hydro5,HYD31350,,,,,,,,0,0,,Siberia,,,,,,,,21977,,,
,21978,hydro5,HYD31361,,,,,,,,0,0,,Siberia,,,,,,,,21978,,,
,21979,hydro5,HYD31362,,,,,,,,0,0,,Siberia,,,,,,,,21979,,,
,21980,hydro5,HYD31363,,,,,,,,0,0,,Siberia,,,,,,,,21980,,,
,21981,hydro5,HYD31364,,,,,,,,0,0,,Siberia,,,,,,,,21981,,,
,21982,hydro5,HYD31365,,,,,,,,0,0,,Siberia,,,,,,,,21982,,,
,21983,hydro5,HYD31366,,,,,,,,0,0,,Siberia,,,,,,,,21983,,,
,21984,hydro5,HYD31367,,,,,,,,0,0,,Siberia,,,,,,,,21984,,,
,21985,hydro5,HYD31368,,,,,,,,0,0,,Siberia,,,,,,,,21985,,,
,21986,hydro5,HYD31369,,,,,,,,0,0,,Siberia,,,,,,,,21986,,,
,21987,hydro5,HYD31370,,,,,,,,0,0,,Siberia,,,,,,,,21987,,,
,21988,hydro5,HYD31380,,,,,,,,0,0,,Siberia,,,,,,,,21988,,,
,21989,hydro5,HYD31390,,,,,,,,0,0,,Siberia,,,,,,,,21989,,,
,21990,hydro5,HYD32100,,,,,,,,0,0,,Siberia,,,,,,,,21990,,,
,21991,hydro5,HYD32211,,,,,,,,0,0,,Siberia,,,,,,,,21991,,,
,21992,hydro5,HYD32212,,,,,,,,0,0,,Siberia,,,,,,,,21992,,,
,21993,hydro5,HYD32213,,,,,,,,0,0,,Siberia,,,,,,,,21993,,,
,21994,hydro5,HYD32214,,,,,,,,0,0,,Siberia,,,,,,,,21994,,,
,21995,hydro5,HYD32214,,,,,,,,0,0,,Siberia,,,,,,,,21995,,,
,21996,hydro5,HYD32214,,,,,,,,0,0,,Siberia,,,,,,,,21996,,,
,21997,hydro5,HYD32215,,,,,,,,0,0,,Siberia,,,,,,,,21997,,,
,21998,hydro5,HYD32216,,,,,,,,0,0,,Siberia,,,,,,,,21998,,,
,21999,hydro5,HYD32216,,,,,,,,0,0,,Siberia,,,,,,,,21999,,,
,22000,hydro5,HYD32217,,,,,,,,0,0,,Siberia,,,,,,,,22000,,,
,22001,hydro5,HYD32218,,,,,,,,0,0,,Siberia,,,,,,,,22001,,,
,22002,hydro5,HYD32219,,,,,,,,0,0,,Siberia,,,,,,,,22002,,,
,22003,hydro5,HYD32221,,,,,,,,0,0,,Siberia,,,,,,,,22003,,,
,22004,hydro5,HYD32222,,,,,,,,0,0,,Siberia,,,,,,,,22004,,,
,22005,hydro5,HYD32223,,,,,,,,0,0,,Siberia,,,,,,,,22005,,,
,22006,hydro5,HYD32224,,,,,,,,0,0,,Siberia,,,,,,,,22006,,,
,22007,hydro5,HYD32225,,,,,,,,0,0,,Siberia,,,,,,,,22007,,,
,22008,hydro5,HYD32226,,,,,,,,0,0,,Siberia,,,,,,,,22008,,,
,22009,hydro5,HYD32227,,,,,,,,0,0,,Siberia,,,,,,,,22009,,,
,22010,hydro5,HYD32228,,,,,,,,0,0,,Siberia,,,,,,,,22010,,,
,22011,hydro5,HYD32229,,,,,,,,0,0,,Siberia,,,,,,,,22011,,,
,22012,hydro5,HYD32231,,,,,,,,0,0,,Siberia,,,,,,,,22012,,,
,22013,hydro5,HYD32232,,,,,,,,0,0,,Siberia,,,,,,,,22013,,,
,22014,hydro5,HYD32233,,,,,,,,0,0,,Siberia,,,,,,,,22014,,,
,22015,hydro5,HYD32234,,,,,,,,0,0,,Siberia,,,,,,,,22015,,,
,22016,hydro5,HYD32235,,,,,,,,0,0,,Siberia,,,,,,,,22016,,,
,22017,hydro5,HYD32236,,,,,,,,0,0,,Siberia,,,,,,,,22017,,,
,22018,hydro5,HYD32237,,,,,,,,0,0,,Siberia,,,,,,,,22018,,,
,22019,hydro5,HYD32238,,,,,,,,0,0,,Siberia,,,,,,,,22019,,,
,22020,hydro5,HYD32239,,,,,,,,0,0,,Siberia,,,,,,,,22020,,,
,22021,hydro5,HYD32241,,,,,,,,0,0,,Siberia,,,,,,,,22021,,,
,22022,hydro5,HYD32242,,,,,,,,0,0,,Siberia,,,,,,,,22022,,,
,22023,hydro5,HYD32243,,,,,,,,0,0,,Siberia,,,,,,,,22023,,,
,22024,hydro5,HYD32244,,,,,,,,0,0,,Siberia,,,,,,,,22024,,,
,22025,hydro5,HYD32245,,,,,,,,0,0,,Siberia,,,,,,,,22025,,,
,22026,hydro5,HYD32246,,,,,,,,0,0,,Siberia,,,,,,,,22026,,,
,22027,hydro5,HYD32247,,,,,,,,0,0,,Siberia,,,,,,,,22027,,,
,22028,hydro5,HYD32248,,,,,,,,0,0,,Siberia,,,,,,,,22028,,,
,22029,hydro5,HYD32249,,,,,,,,0,0,,Siberia,,,,,,,,22029,,,
,22030,hydro5,HYD32251,,,,,,,,0,0,,Siberia,,,,,,,,22030,,,
,22031,hydro5,HYD32252,,,,,,,,0,0,,Siberia,,,,,,,,22031,,,
,22032,hydro5,HYD32253,,,,,,,,0,0,,Siberia,,,,,,,,22032,,,
,22033,hydro5,HYD32254,,,,,,,,0,0,,Siberia,,,,,,,,22033,,,
,22034,hydro5,HYD32255,,,,,,,,0,0,,Siberia,,,,,,,,22034,,,
,22035,hydro5,HYD32256,,,,,,,,0,0,,Siberia,,,,,,,,22035,,,
,22036,hydro5,HYD32257,,,,,,,,0,0,,Siberia,,,,,,,,22036,,,
,22037,hydro5,HYD32258,,,,,,,,0,0,,Siberia,,,,,,,,22037,,,
,22038,hydro5,HYD32259,,,,,,,,0,0,,Siberia,,,,,,,,22038,,,
,22039,hydro5,HYD32261,,,,,,,,0,0,,Siberia,,,,,,,,22039,,,
,22040,hydro5,HYD32262,,,,,,,,0,0,,Siberia,,,,,,,,22040,,,
,22041,hydro5,HYD32263,,,,,,,,0,0,,Siberia,,,,,,,,22041,,,
,22042,hydro5,HYD32263,,,,,,,,0,0,,Siberia,,,,,,,,22042,,,
,22043,hydro5,HYD32264,,,,,,,,0,0,,Siberia,,,,,,,,22043,,,
,22044,hydro5,HYD32265,,,,,,,,0,0,,Siberia,,,,,,,,22044,,,
,22045,hydro5,HYD32266,,,,,,,,0,0,,Siberia,,,,,,,,22045,,,
,22046,hydro5,HYD32267,,,,,,,,0,0,,Siberia,,,,,,,,22046,,,
,22047,hydro5,HYD32267,,,,,,,,0,0,,Siberia,,,,,,,,22047,,,
,22048,hydro5,HYD32268,,,,,,,,0,0,,Siberia,,,,,,,,22048,,,
,22049,hydro5,HYD32269,,,,,,,,0,0,,Siberia,,,,,,,,22049,,,
,22050,hydro5,HYD32271,,,,,,,,0,0,,Siberia,,,,,,,,22050,,,
,22051,hydro5,HYD32272,,,,,,,,0,0,,Siberia,,,,,,,,22051,,,
,22052,hydro5,HYD32273,,,,,,,,0,0,,Siberia,,,,,,,,22052,,,
,22053,hydro5,HYD32273,,,,,,,,0,0,,Siberia,,,,,,,,22053,,,
,22054,hydro5,HYD32273,,,,,,,,0,0,,Siberia,,,,,,,,22054,,,
,22055,hydro5,HYD32274,,,,,,,,0,0,,Siberia,,,,,,,,22055,,,
,22056,hydro5,HYD32275,,,,,,,,0,0,,Siberia,,,,,,,,22056,,,
,22057,hydro5,HYD32275,,,,,,,,0,0,,Siberia,,,,,,,,22057,,,
,22058,hydro5,HYD32276,,,,,,,,0,0,,Siberia,,,,,,,,22058,,,
,22059,hydro5,HYD32277,,,,,,,,0,0,,Siberia,,,,,,,,22059,,,
,22060,hydro5,HYD32278,,,,,,,,0,0,,Siberia,,,,,,,,22060,,,
,22061,hydro5,HYD32279,,,,,,,,0,0,,Siberia,,,,,,,,22061,,,
,22062,hydro5,HYD32280,,,,,,,,0,0,,Siberia,,,,,,,,22062,,,
,22063,hydro5,HYD32281,,,,,,,,0,0,,Siberia,,,,,,,,22063,,,
,22064,hydro5,HYD32282,,,,,,,,0,0,,Siberia,,,,,,,,22064,,,
,22065,hydro5,HYD32283,,,,,,,,0,0,,Siberia,,,,,,,,22065,,,
,22066,hydro5,HYD32284,,,ASHimalaya,2,,,,1,0,,Siberia,,,,,,,,22066,,,
,22067,hydro5,HYD32285,,,ASHimalaya,2,,,,1,0,,Siberia,,,,,,,,22067,,,
,22068,hydro5,HYD32286,,,ASHimalaya,2,,,,1,0,,Siberia,,,,,,,,22068,,,
,22069,hydro5,HYD32287,,,ASHimalaya,2,,,,1,0,,Siberia,,,,,,,,22069,,,
,22070,hydro5,HYD32288,,,ASHimalaya,2,,,,1,0,,Siberia,,,,,,,,22070,,,
,22071,hydro5,HYD32289,,,,,,,,0,0,,Siberia,,,,,,,,22071,,,
,22072,hydro5,HYD32290,,,,,,,,0,0,,Siberia,,,,,,,,22072,,,
,22073,hydro5,HYD32291,,,ASHimalaya,2,,,,1,0,,Siberia,,,,,,,,22073,,,
,22074,hydro5,HYD32292,,,,,,,,0,0,,Siberia,,,,,,,,22074,,,
,22075,hydro5,HYD32292,,,,,,,,0,0,,Siberia,,,,,,,,22075,,,
,22076,hydro5,HYD32293,,,ASHimalaya,2,,,,1,0,,Siberia,,,,,,,,22076,,,
,22077,hydro5,HYD32294,,,ASHimalaya,2,,,,1,0,,Siberia,,,,,,,,22077,,,
,22078,hydro5,HYD32295,,,ASHimalaya,2,,,,1,0,,Siberia,,,,,,,,22078,,,
,22079,hydro5,HYD32296,,,ASHimalaya,2,,,,1,0,,Siberia,,,,,,,,22079,,,
,22080,hydro5,HYD32297,,,ASHimalaya,2,,,,1,0,,Siberia,,,,,,,,22080,,,
,22081,hydro5,HYD32298,,,ASHimalaya,2,,,,1,0,,Siberia,,,,,,,,22081,,,
,22082,hydro5,HYD32299,,,ASHimalaya,2,,,,1,0,,Siberia,,,,,,,,22082,,,
,22083,hydro5,HYD32300,,,,,,,,0,0,,Siberia,,,,,,,,22083,,,
,22084,hydro5,HYD33100,,,,,,,,0,0,,Siberia,,,,,,,,22084,,,
,22085,hydro5,HYD33110,,,,,,,,0,0,,Siberia,,,,,,,,22085,,,
,22086,hydro5,HYD33121,,,,,,,,0,0,,Siberia,,,,,,,,22086,,,
,22087,hydro5,HYD33122,,,,,,,,0,0,,Siberia,,,,,,,,22087,,,
,22088,hydro5,HYD33123,,,,,,,,0,0,,Siberia,,,,,,,,22088,,,
,22089,hydro5,HYD33124,,,,,,,,0,0,,Siberia,,,,,,,,22089,,,
,22090,hydro5,HYD33125,,,,,,,,0,0,,Siberia,,,,,,,,22090,,,
,22091,hydro5,HYD33126,,,,,,,,0,0,,Siberia,,,,,,,,22091,,,
,22092,hydro5,HYD33127,,,,,,,,0,0,,Siberia,,,,,,,,22092,,,
,22093,hydro5,HYD33128,,,,,,,,0,0,,Siberia,,,,,,,,22093,,,
,22094,hydro5,HYD33129,,,,,,,,0,0,,Siberia,,,,,,,,22094,,,
,22095,hydro5,HYD33129,,,,,,,,0,0,,Siberia,,,,,,,,22095,,,
,22096,hydro5,HYD33129,,,,,,,,0,0,,Siberia,,,,,,,,22096,,,
,22097,hydro5,HYD33129,,,,,,,,0,0,,Siberia,,,,,,,,22097,,,
,22098,hydro5,HYD33130,,,,,,,,0,0,,Siberia,,,,,,,,22098,,,
,22099,hydro5,HYD33141,,,,,,,,0,0,,Siberia,,,,,,,,22099,,,
,22100,hydro5,HYD33142,,,,,,,,0,0,,Siberia,,,,,,,,22100,,,
,22101,hydro5,HYD33143,,,,,,,,0,0,,Siberia,,,,,,,,22101,,,
,22102,hydro5,HYD33144,,,,,,,,0,0,,Siberia,,,,,,,,22102,,,
,22103,hydro5,HYD33145,,,,,,,,0,0,,Siberia,,,,,,,,22103,,,
,22104,hydro5,HYD33145,,,,,,,,0,0,,Siberia,,,,,,,,22104,,,
,22105,hydro5,HYD33146,,,,,,,,0,0,,Siberia,,,,,,,,22105,,,
,22106,hydro5,HYD33146,,,,,,,,0,0,,Siberia,,,,,,,,22106,,,
,22107,hydro5,HYD33147,,,,,,,,0,0,,Siberia,,,,,,,,22107,,,
,22108,hydro5,HYD33148,,,,,,,,0,0,,Siberia,,,,,,,,22108,,,
,22109,hydro5,HYD33149,,,,,,,,0,0,,Siberia,,,,,,,,22109,,,
,22110,hydro5,HYD33150,,,,,,,,0,0,,Siberia,,,,,,,,22110,,,
,22111,hydro5,HYD33150,,,,,,,,0,0,,Siberia,,,,,,,,22111,,,
,22112,hydro5,HYD33161,,,,,,,,0,0,,Siberia,,,,,,,,22112,,,
,22113,hydro5,HYD33162,,,,,,,,0,0,,Siberia,,,,,,,,22113,,,
,22114,hydro5,HYD33162,,,,,,,,0,0,,Siberia,,,,,,,,22114,,,
,22115,hydro5,HYD33163,,,,,,,,0,0,,Siberia,,,,,,,,22115,,,
,22116,hydro5,HYD33164,,,,,,,,0,0,,Siberia,,,,,,,,22116,,,
,22117,hydro5,HYD33165,,,,,,,,0,0,,Siberia,,,,,,,,22117,,,
,22118,hydro5,HYD33166,,,,,,,,0,0,,Siberia,,,,,,,,22118,,,
,22119,hydro5,HYD33167,,,,,,,,0,0,,Siberia,,,,,,,,22119,,,
,22120,hydro5,HYD33168,,,,,,,,0,0,,Siberia,,,,,,,,22120,,,
,22121,hydro5,HYD33169,,,,,,,,0,0,,Siberia,,,,,,,,22121,,,
,22122,hydro5,HYD33170,,,,,,,,0,0,,Siberia,,,,,,,,22122,,,
,22123,hydro5,HYD33171,,,,,,,,0,0,,Siberia,,,,,,,,22123,,,
,22124,hydro5,HYD33172,,,,,,,,0,0,,Siberia,,,,,,,,22124,,,
,22125,hydro5,HYD33173,,,,,,,,0,0,,Siberia,,,,,,,,22125,,,
,22126,hydro5,HYD33174,,,,,,,,0,0,,Siberia,,,,,,,,22126,,,
,22127,hydro5,HYD33175,,,,,,,,0,0,,Siberia,,,,,,,,22127,,,
,22128,hydro5,HYD33176,,,,,,,,0,0,,Siberia,,,,,,,,22128,,,
,22129,hydro5,HYD33177,,,,,,,,0,0,,Siberia,,,,,,,,22129,,,
,22130,hydro5,HYD33178,,,,,,,,0,0,,Siberia,,,,,,,,22130,,,
,22131,hydro5,HYD33179,,,,,,,,0,0,,Siberia,,,,,,,,22131,,,
,22132,hydro5,HYD33181,,,,,,,,0,0,,Siberia,,,,,,,,22132,,,
,22133,hydro5,HYD33182,,,,,,,,0,0,,Siberia,,,,,,,,22133,,,
,22134,hydro5,HYD33183,,,,,,,,0,0,,Siberia,,,,,,,,22134,,,
,22135,hydro5,HYD33184,,,,,,,,0,0,,Siberia,,,,,,,,22135,,,
,22136,hydro5,HYD33185,,,,,,,,0,0,,Siberia,,,,,,,,22136,,,
,22137,hydro5,HYD33186,,,,,,,,0,0,,Siberia,,,,,,,,22137,,,
,22138,hydro5,HYD33187,,,,,,,,0,0,,Siberia,,,,,,,,22138,,,
,22139,hydro5,HYD33188,,,,,,,,0,0,,Siberia,,,,,,,,22139,,,
,22140,hydro5,HYD33189,,,,,,,,0,0,,Siberia,,,,,,,,22140,,,
,22141,hydro5,HYD33190,,,,,,,,0,0,,Siberia,,,,,,,,22141,,,
,22142,hydro5,HYD33200,,,,,,,,0,0,,Siberia,,,,,,,,22142,,,
,22143,hydro5,HYD34100,,,,,,,,0,0,,Siberia,,,,,,,,22143,,,
,22144,hydro5,HYD34211,,,,,,,,0,0,,Siberia,,,,,,,,22144,,,
,22145,hydro5,HYD34212,,,,,,,,0,0,,Siberia,,,,,,,,22145,,,
,22146,hydro5,HYD34213,,,,,,,,0,0,,Siberia,,,,,,,,22146,,,
,22147,hydro5,HYD34214,,,,,,,,0,0,,Siberia,,,,,,,,22147,,,
,22148,hydro5,HYD34215,,,,,,,,0,0,,Siberia,,,,,,,,22148,,,
,22149,hydro5,HYD34216,,,,,,,,0,0,,Siberia,,,,,,,,22149,,,
,22150,hydro5,HYD34217,,,,,,,,0,0,,Siberia,,,,,,,,22150,,,
,22151,hydro5,HYD34218,,,,,,,,0,0,,Siberia,,,,,,,,22151,,,
,22152,hydro5,HYD34219,,,,,,,,0,0,,Siberia,,,,,,,,22152,,,
,22153,hydro5,HYD34221,,,,,,,,0,0,,Siberia,,,,,,,,22153,,,
,22154,hydro5,HYD34222,,,,,,,,0,0,,Siberia,,,,,,,,22154,,,
,22155,hydro5,HYD34223,,,,,,,,0,0,,Siberia,,,,,,,,22155,,,
,22156,hydro5,HYD34224,,,,,,,,0,0,,Siberia,,,,,,,,22156,,,
,22157,hydro5,HYD34225,,,,,,,,0,0,,Siberia,,,,,,,,22157,,,
,22158,hydro5,HYD34226,,,,,,,,0,0,,Siberia,,,,,,,,22158,,,
,22159,hydro5,HYD34227,,,,,,,,0,0,,Siberia,,,,,,,,22159,,,
,22160,hydro5,HYD34227,,,,,,,,0,0,,Siberia,,,,,,,,22160,,,
,22161,hydro5,HYD34228,,,,,,,,0,0,,Siberia,,,,,,,,22161,,,
,22162,hydro5,HYD34229,,,,,,,,0,0,,Siberia,,,,,,,,22162,,,
,22163,hydro5,HYD34230,,,,,,,,0,0,,Siberia,,,,,,,,22163,,,
,22164,hydro5,HYD34241,,,,,,,,0,0,,Siberia,,,,,,,,22164,,,
,22165,hydro5,HYD34242,,,,,,,,0,0,,Siberia,,,,,,,,22165,,,
,22166,hydro5,HYD34243,,,,,,,,0,0,,Siberia,,,,,,,,22166,,,
,22167,hydro5,HYD34244,,,,,,,,0,0,,Siberia,,,,,,,,22167,,,
,22168,hydro5,HYD34245,,,,,,,,0,0,,Siberia,,,,,,,,22168,,,
,22169,hydro5,HYD34246,,,,,,,,0,0,,Siberia,,,,,,,,22169,,,
,22170,hydro5,HYD34247,,,,,,,,0,0,,Siberia,,,,,,,,22170,,,
,22171,hydro5,HYD34248,,,,,,,,0,0,,Siberia,,,,,,,,22171,,,
,22172,hydro5,HYD34249,,,,,,,,0,0,,Siberia,,,,,,,,22172,,,
,22173,hydro5,HYD34251,,,,,,,,0,0,,Siberia,,,,,,,,22173,,,
,22174,hydro5,HYD34252,,,,,,,,0,0,,Siberia,,,,,,,,22174,,,
,22175,hydro5,HYD34253,,,,,,,,0,0,,Siberia,,,,,,,,22175,,,
,22176,hydro5,HYD34254,,,,,,,,0,0,,Siberia,,,,,,,,22176,,,
,22177,hydro5,HYD34255,,,,,,,,0,0,,Siberia,,,,,,,,22177,,,
,22178,hydro5,HYD34256,,,,,,,,0,0,,Siberia,,,,,,,,22178,,,
,22179,hydro5,HYD34257,,,,,,,,0,0,,Siberia,,,,,,,,22179,,,
,22180,hydro5,HYD34258,,,,,,,,0,0,,Siberia,,,,,,,,22180,,,
,22181,hydro5,HYD34259,,,,,,,,0,0,,Siberia,,,,,,,,22181,,,
,22182,hydro5,HYD34261,,,,,,,,0,0,,Siberia,,,,,,,,22182,,,
,22183,hydro5,HYD34262,,,,,,,,0,0,,Siberia,,,,,,,,22183,,,
,22184,hydro5,HYD34263,,,,,,,,0,0,,Siberia,,,,,,,,22184,,,
,22185,hydro5,HYD34264,,,,,,,,0,0,,Siberia,,,,,,,,22185,,,
,22186,hydro5,HYD34265,,,,,,,,0,0,,Siberia,,,,,,,,22186,,,
,22187,hydro5,HYD34266,,,,,,,,0,0,,Siberia,,,,,,,,22187,,,
,22188,hydro5,HYD34267,,,,,,,,0,0,,Siberia,,,,,,,,22188,,,
,22189,hydro5,HYD34268,,,,,,,,0,0,,Siberia,,,,,,,,22189,,,
,22190,hydro5,HYD34269,,,,,,,,0,0,,Siberia,,,,,,,,22190,,,
,22191,hydro5,HYD34271,,,,,,,,0,0,,Siberia,,,,,,,,22191,,,
,22192,hydro5,HYD34272,,,,,,,,0,0,,Siberia,,,,,,,,22192,,,
,22193,hydro5,HYD34273,,,,,,,,0,0,,Siberia,,,,,,,,22193,,,
,22194,hydro5,HYD34274,,,,,,,,0,0,,Siberia,,,,,,,,22194,,,
,22195,hydro5,HYD34275,,,,,,,,0,0,,Siberia,,,,,,,,22195,,,
,22196,hydro5,HYD34276,,,,,,,,0,0,,Siberia,,,,,,,,22196,,,
,22197,hydro5,HYD34277,,,,,,,,0,0,,Siberia,,,,,,,,22197,,,
,22198,hydro5,HYD34278,,,,,,,,0,0,,Siberia,,,,,,,,22198,,,
,22199,hydro5,HYD34279,,,,,,,,0,0,,Siberia,,,,,,,,22199,,,
,22200,hydro5,HYD34281,,,,,,,,0,0,,Siberia,,,,,,,,22200,,,
,22201,hydro5,HYD34282,,,,,,,,0,0,,Siberia,,,,,,,,22201,,,
,22202,hydro5,HYD34283,,,,,,,,0,0,,Siberia,,,,,,,,22202,,,
,22203,hydro5,HYD34284,,,,,,,,0,0,,Siberia,,,,,,,,22203,,,
,22204,hydro5,HYD34285,,,,,,,,0,0,,Siberia,,,,,,,,22204,,,
,22205,hydro5,HYD34286,,,,,,,,0,0,,Siberia,,,,,,,,22205,,,
,22206,hydro5,HYD34287,,,,,,,,0,0,,Siberia,,,,,,,,22206,,,
,22207,hydro5,HYD34288,,,,,,,,0,0,,Siberia,,,,,,,,22207,,,
,22208,hydro5,HYD34289,,,,,,,,0,0,,Siberia,,,,,,,,22208,,,
,22209,hydro5,HYD34291,,,,,,,,0,0,,Siberia,,,,,,,,22209,,,
,22210,hydro5,HYD34292,,,,,,,,0,0,,Siberia,,,,,,,,22210,,,
,22211,hydro5,HYD34293,,,,,,,,0,0,,Siberia,,,,,,,,22211,,,
,22212,hydro5,HYD34294,,,,,,,,0,0,,Siberia,,,,,,,,22212,,,
,22213,hydro5,HYD34295,,,,,,,,0,0,,Siberia,,,,,,,,22213,,,
,22214,hydro5,HYD34296,,,,,,,,0,0,,Siberia,,,,,,,,22214,,,
,22215,hydro5,HYD34297,,,,,,,,0,0,,Siberia,,,,,,,,22215,,,
,22216,hydro5,HYD34298,,,,,,,,0,0,,Siberia,,,,,,,,22216,,,
,22217,hydro5,HYD34299,,,,,,,,0,0,,Siberia,,,,,,,,22217,,,
,22218,hydro5,HYD34300,,,,,,,,0,0,,Siberia,,,,,,,,22218,,,
,22219,hydro5,HYD35110,,,,,,,,0,0,,Siberia,,,,,,,,22219,,,
,22220,hydro5,HYD35121,,,,,,,,0,0,,Siberia,,,,,,,,22220,,,
,22221,hydro5,HYD35122,,,,,,,,0,0,,Siberia,,,,,,,,22221,,,
,22222,hydro5,HYD35123,,,,,,,,0,0,,Siberia,,,,,,,,22222,,,
,22223,hydro5,HYD35124,,,,,,,,0,0,,Siberia,,,,,,,,22223,,,
,22224,hydro5,HYD35125,,,,,,,,0,0,,Siberia,,,,,,,,22224,,,
,22225,hydro5,HYD35126,,,,,,,,0,0,,Siberia,,,,,,,,22225,,,
,22226,hydro5,HYD35127,,,,,,,,0,0,,Siberia,,,,,,,,22226,,,
,22227,hydro5,HYD35128,,,,,,,,0,0,,Siberia,,,,,,,,22227,,,
,22228,hydro5,HYD35129,,,,,,,,0,0,,Siberia,,,,,,,,22228,,,
,22229,hydro5,HYD35131,,,,,,,,0,0,,Siberia,,,,,,,,22229,,,
,22230,hydro5,HYD35132,,,,,,,,0,0,,Siberia,,,,,,,,22230,,,
,22231,hydro5,HYD35133,,,,,,,,0,0,,Siberia,,,,,,,,22231,,,
,22232,hydro5,HYD35133,,,,,,,,0,0,,Siberia,,,,,,,,22232,,,
,22233,hydro5,HYD35133,,,,,,,,0,0,,Siberia,,,,,,,,22233,,,
,22234,hydro5,HYD35134,,,,,,,,0,0,,Siberia,,,,,,,,22234,,,
,22235,hydro5,HYD35134,,,,,,,,0,0,,Siberia,,,,,,,,22235,,,
,22236,hydro5,HYD35135,,,,,,,,0,0,,Siberia,,,,,,,,22236,,,
,22237,hydro5,HYD35136,,,,,,,,0,0,,Siberia,,,,,,,,22237,,,
,22238,hydro5,HYD35137,,,,,,,,0,0,,Siberia,,,,,,,,22238,,,
,22239,hydro5,HYD35137,,,,,,,,0,0,,Siberia,,,,,,,,22239,,,
,22240,hydro5,HYD35138,,,,,,,,0,0,,Siberia,,,,,,,,22240,,,
,22241,hydro5,HYD35139,,,,,,,,0,0,,Siberia,,,,,,,,22241,,,
,22242,hydro5,HYD35141,,,,,,,,0,0,,Siberia,,,,,,,,22242,,,
,22243,hydro5,HYD35142,,,,,,,,0,0,,Siberia,,,,,,,,22243,,,
,22244,hydro5,HYD35143,,,,,,,,0,0,,Siberia,,,,,,,,22244,,,
,22245,hydro5,HYD35144,,,,,,,,0,0,,Siberia,,,,,,,,22245,,,
,22246,hydro5,HYD35145,,,,,,,,0,0,,Siberia,,,,,,,,22246,,,
,22247,hydro5,HYD35146,,,,,,,,0,0,,Siberia,,,,,,,,22247,,,
,22248,hydro5,HYD35147,,,,,,,,0,0,,Siberia,,,,,,,,22248,,,
,22249,hydro5,HYD35148,,,,,,,,0,0,,Siberia,,,,,,,,22249,,,
,22250,hydro5,HYD35149,,,,,,,,0,0,,Siberia,,,,,,,,22250,,,
,22251,hydro5,HYD35150,,,,,,,,0,0,,Siberia,,,,,,,,22251,,,
,22252,hydro5,HYD35160,,,,,,,,0,0,,Siberia,,,,,,,,22252,,,
,22253,hydro5,HYD35160,,,,,,,,0,0,,Siberia,,,,,,,,22253,,,
,22254,hydro5,HYD35170,,,,,,,,0,0,,Siberia,,,,,,,,22254,,,
,22255,hydro5,HYD35181,,,,,,,,0,0,,Siberia,,,,,,,,22255,,,
,22256,hydro5,HYD35182,,,,,,,,0,0,,Siberia,,,,,,,,22256,,,
,22257,hydro5,HYD35183,,,,,,,,0,0,,Siberia,,,,,,,,22257,,,
,22258,hydro5,HYD35184,,,,,,,,0,0,,Siberia,,,,,,,,22258,,,
,22259,hydro5,HYD35185,,,,,,,,0,0,,Siberia,,,,,,,,22259,,,
,22260,hydro5,HYD35186,,,,,,,,0,0,,Siberia,,,,,,,,22260,,,
,22261,hydro5,HYD35187,,,,,,,,0,0,,Siberia,,,,,,,,22261,,,
,22262,hydro5,HYD35188,,,,,,,,0,0,,Siberia,,,,,,,,22262,,,
,22263,hydro5,HYD35189,,,,,,,,0,0,,Siberia,,,,,,,,22263,,,
,22264,hydro5,HYD35190,,,,,,,,0,0,,Siberia,,,,,,,,22264,,,
,22265,hydro5,HYD35191,,,,,,,,0,0,,Siberia,,,,,,,,22265,,,
,22266,hydro5,HYD35192,,,,,,,,0,0,,Siberia,,,,,,,,22266,,,
,22267,hydro5,HYD35193,,,,,,,,0,0,,Siberia,,,,,,,,22267,,,
,22268,hydro5,HYD35194,,,,,,,,0,0,,Siberia,,,,,,,,22268,,,
,22269,hydro5,HYD35195,,,,,,,,0,0,,Siberia,,,,,,,,22269,,,
,22270,hydro5,HYD35196,,,,,,,,0,0,,Siberia,,,,,,,,22270,,,
,22271,hydro5,HYD35197,,,,,,,,0,0,,Siberia,,,,,,,,22271,,,
,22272,hydro5,HYD35198,,,,,,,,0,0,,Siberia,,,,,,,,22272,,,
,22273,hydro5,HYD35199,,,,,,,,0,0,,Siberia,,,,,,,,22273,,,
,22274,hydro5,HYD35200,,,,,,,,0,0,,Siberia,,,,,,,,22274,,,
,22275,hydro5,HYD35200,,,,,,,,0,0,,Siberia,,,,,,,,22275,,,
,22276,hydro5,HYD35301,,,,,,,,0,0,,Siberia,,,,,,,,22276,,,
,22277,hydro5,HYD35301,,,,,,,,0,0,,Arctic,,,,,,,,22277,,,
,22278,hydro5,HYD35301,,,,,,,,0,0,,Arctic,,,,,,,,22278,,,
,22279,hydro5,HYD35301,,,,,,,,0,0,,Arctic,,,,,,,,22279,,,
,22280,hydro5,HYD35301,,,,,,,,0,0,,Arctic,,,,,,,,22280,,,
,22281,hydro5,HYD35302,,,,,,,,0,0,,Siberia,,,,,,,,22281,,,
,22282,hydro5,HYD35302,,,,,,,,0,0,,Arctic,,,,,,,,22282,,,
,22283,hydro5,HYD35411,,,,,,,,0,0,,Siberia,,,,,,,,22283,,,
,22284,hydro5,HYD35412,,,,,,,,0,0,,Siberia,,,,,,,,22284,,,
,22285,hydro5,HYD35413,,,,,,,,0,0,,Siberia,,,,,,,,22285,,,
,22286,hydro5,HYD35414,,,,,,,,0,0,,Siberia,,,,,,,,22286,,,
,22287,hydro5,HYD35414,,,,,,,,0,0,,Siberia,,,,,,,,22287,,,
,22288,hydro5,HYD35415,,,,,,,,0,0,,Siberia,,,,,,,,22288,,,
,22289,hydro5,HYD35416,,,,,,,,0,0,,Siberia,,,,,,,,22289,,,
,22290,hydro5,HYD35417,,,,,,,,0,0,,Siberia,,,,,,,,22290,,,
,22291,hydro5,HYD35417,,,,,,,,0,0,,Siberia,,,,,,,,22291,,,
,22292,hydro5,HYD35417,,,,,,,,0,0,,Siberia,,,,,,,,22292,,,
,22293,hydro5,HYD35418,,,,,,,,0,0,,Siberia,,,,,,,,22293,,,
,22294,hydro5,HYD35419,,,,,,,,0,0,,Siberia,,,,,,,,22294,,,
,22295,hydro5,HYD35421,,,,,,,,0,0,,Siberia,,,,,,,,22295,,,
,22296,hydro5,HYD35422,,,,,,,,0,0,,Siberia,,,,,,,,22296,,,
,22297,hydro5,HYD35423,,,,,,,,0,0,,Siberia,,,,,,,,22297,,,
,22298,hydro5,HYD35423,,,,,,,,0,0,,Siberia,,,,,,,,22298,,,
,22299,hydro5,HYD35424,,,,,,,,0,0,,Siberia,,,,,,,,22299,,,
,22300,hydro5,HYD35425,,,,,,,,0,0,,Siberia,,,,,,,,22300,,,
,22301,hydro5,HYD35425,,,,,,,,0,0,,Siberia,,,,,,,,22301,,,
,22302,hydro5,HYD35426,,,,,,,,0,0,,Siberia,,,,,,,,22302,,,
,22303,hydro5,HYD35427,,,,,,,,0,0,,Siberia,,,,,,,,22303,,,
,22304,hydro5,HYD35428,,,,,,,,0,0,,Siberia,,,,,,,,22304,,,
,22305,hydro5,HYD35429,,,,,,,,0,0,,Siberia,,,,,,,,22305,,,
,22306,hydro5,HYD35430,,,,,,,,0,0,,Siberia,,,,,,,,22306,,,
,22307,hydro5,HYD35441,,,,,,,,0,0,,Siberia,,,,,,,,22307,,,
,22308,hydro5,HYD35442,,,,,,,,0,0,,Siberia,,,,,,,,22308,,,
,22309,hydro5,HYD35443,,,,,,,,0,0,,Siberia,,,,,,,,22309,,,
,22310,hydro5,HYD35444,,,,,,,,0,0,,Siberia,,,,,,,,22310,,,
,22311,hydro5,HYD35445,,,,,,,,0,0,,Siberia,,,,,,,,22311,,,
,22312,hydro5,HYD35446,,,,,,,,0,0,,Siberia,,,,,,,,22312,,,
,22313,hydro5,HYD35447,,,,,,,,0,0,,Siberia,,,,,,,,22313,,,
,22314,hydro5,HYD35448,,,,,,,,0,0,,Siberia,,,,,,,,22314,,,
,22315,hydro5,HYD35449,,,,,,,,0,0,,Siberia,,,,,,,,22315,,,
,22316,hydro5,HYD35450,,,,,,,,0,0,,Siberia,,,,,,,,22316,,,
,22317,hydro5,HYD35500,,,,,,,,0,0,,Siberia,,,,,,,,22317,,,
,22318,hydro5,HYD35601,,,,,,,,0,0,,Siberia,,,,,,,,22318,,,
,22319,hydro5,HYD35602,,,,,,,,0,0,,Siberia,,,,,,,,22319,,,
,22320,hydro5,HYD35603,,,,,,,,0,0,,Siberia,,,,,,,,22320,,,
,22321,hydro5,HYD36101,,,,,,,,0,0,,Siberia,,,,,,,,22321,,,
,22322,hydro5,HYD36101,,,,,,,,0,0,,Siberia,,,,,,,,22322,,,
,22323,hydro5,HYD36102,,,,,,,,0,0,,Siberia,,,,,,,,22323,,,
,22324,hydro5,HYD36102,,,ASHimalaya,2,,,,1,0,,Siberia,,,,,,,,22324,,,
,22325,hydro5,HYD36102,,,ASHimalaya,2,,,,1,0,,Siberia,,,,,,,,22325,,,
,22326,hydro5,HYD36102,,,ASHimalaya,2,,,,1,0,,Siberia,,,,,,,,22326,,,
,22327,hydro5,HYD36102,,,ASHimalaya,2,,,,1,0,,Siberia,,,,,,,,22327,,,
,22328,hydro5,HYD36102,,,ASHimalaya,2,,,,1,0,,Siberia,,,,,,,,22328,,,
,22329,hydro5,HYD36102,,,,,,,,0,0,,Siberia,,,,,,,,22329,,,
,22330,hydro5,HYD36103,,,ASHimalaya,2,,,,1,0,,Siberia,,,,,,,,22330,,,
,22331,hydro5,HYD41100,,,,,,,,0,0,,Asia,,,,,,,,22331,,,
,22332,hydro5,HYD41200,,,,,,,,0,0,,Asia,,,,,,,,22332,,,
,22333,hydro5,HYD41301,,,,,,,,0,0,,Asia,,,,,,,,22333,,,
,22334,hydro5,HYD41301,,,,,,,,0,0,,Asia,,,,,,,,22334,,,
,22335,hydro5,HYD41302,,,,,,,,0,0,,Asia,,,,,,,,22335,,,
,22336,hydro5,HYD41303,,,,,,,,0,0,,Asia,,,,,,,,22336,,,
,22337,hydro5,HYD41304,,,,,,,,0,0,,Asia,,,,,,,,22337,,,
,22338,hydro5,HYD41305,,,,,,,,0,0,,Asia,,,,,,,,22338,,,
,22339,hydro5,HYD41306,,,,,,,,0,0,,Asia,,,,,,,,22339,,,
,22340,hydro5,HYD41307,,,,,,,,0,0,,Asia,,,,,,,,22340,,,
,22341,hydro5,HYD41308,,,,,,,,0,0,,Asia,,,,,,,,22341,,,
,22342,hydro5,HYD41309,,,,,,,,0,0,,Asia,,,,,,,,22342,,,
,22343,hydro5,HYD41400,,,,,,,,0,0,,Asia,,,,,,,,22343,,,
,22344,hydro5,HYD41500,,,,,,,,0,0,,Asia,,,,,,,,22344,,,
,22345,hydro5,HYD42100,,,,,,,,0,0,,Asia,,,,,,,,22345,,,
,22346,hydro5,HYD42101,,,,,,,,0,0,,Asia,,,,,,,,22346,,,
,22347,hydro5,HYD42102,,,,,,,,0,0,,Asia,,,,,,,,22347,,,
,22348,hydro5,HYD42103,,,,,,,,0,0,,Asia,,,,,,,,22348,,,
,22349,hydro5,HYD42104,,,,,,,,0,0,,Asia,,,,,,,,22349,,,
,22350,hydro5,HYD42105,,,,,,,,0,0,,Asia,,,,,,,,22350,,,
,22351,hydro5,HYD42106,,,,,,,,0,0,,Asia,,,,,,,,22351,,,
,22352,hydro5,HYD42107,,,,,,,,0,0,,Asia,,,,,,,,22352,,,
,22353,hydro5,HYD42108,,,,,,,,0,0,,Asia,,,,,,,,22353,,,
,22354,hydro5,HYD42109,,,,,,,,0,0,,Asia,,,,,,,,22354,,,
,22355,hydro5,HYD42200,,,,,,,,0,0,,Asia,,,,,,,,22355,,,
,22356,hydro5,HYD42201,,,,,,,,0,0,,Asia,,,,,,,,22356,,,
,22357,hydro5,HYD42202,,,,,,,,0,0,,Asia,,,,,,,,22357,,,
,22358,hydro5,HYD42203,,,,,,,,0,0,,Asia,,,,,,,,22358,,,
,22359,hydro5,HYD42204,,,,,,,,0,0,,Asia,,,,,,,,22359,,,
,22360,hydro5,HYD42205,,,,,,,,0,0,,Asia,,,,,,,,22360,,,
,22361,hydro5,HYD42206,,,,,,,,0,0,,Asia,,,,,,,,22361,,,
,22362,hydro5,HYD42207,,,,,,,,0,0,,Asia,,,,,,,,22362,,,
,22363,hydro5,HYD42208,,,,,,,,0,0,,Asia,,,,,,,,22363,,,
,22364,hydro5,HYD42209,,,,,,,,0,0,,Asia,,,,,,,,22364,,,
,22365,hydro5,HYD42211,,,,,,,,0,0,,Asia,,,,,,,,22365,,,
,22366,hydro5,HYD42211,,,,,,,,0,0,,Asia,,,,,,,,22366,,,
,22367,hydro5,HYD42212,,,,,,,,0,0,,Asia,,,,,,,,22367,,,
,22368,hydro5,HYD42212,,,,,,,,0,0,,Asia,,,,,,,,22368,,,
,22369,hydro5,HYD42213,,,,,,,,0,0,,Asia,,,,,,,,22369,,,
,22370,hydro5,HYD42213,,,,,,,,0,0,,Asia,,,,,,,,22370,,,
,22371,hydro5,HYD42213,,,,,,,,0,0,,Asia,,,,,,,,22371,,,
,22372,hydro5,HYD42214,,,,,,,,0,0,,Asia,,,,,,,,22372,,,
,22373,hydro5,HYD42215,,,,,,,,0,0,,Asia,,,,,,,,22373,,,
,22374,hydro5,HYD42215,,,,,,,,0,0,,Asia,,,,,,,,22374,,,
,22375,hydro5,HYD42216,,,,,,,,0,0,,Asia,,,,,,,,22375,,,
,22376,hydro5,HYD42217,,,,,,,,0,0,,Asia,,,,,,,,22376,,,
,22377,hydro5,HYD42218,,,,,,,,0,0,,Asia,,,,,,,,22377,,,
,22378,hydro5,HYD42219,,,,,,,,0,0,,Asia,,,,,,,,22378,,,
,22379,hydro5,HYD42221,,,,,,,,0,0,,Asia,,,,,,,,22379,,,
,22380,hydro5,HYD42222,,,,,,,,0,0,,Asia,,,,,,,,22380,,,
,22381,hydro5,HYD42223,,,,,,,,0,0,,Asia,,,,,,,,22381,,,
,22382,hydro5,HYD42224,,,,,,,,0,0,,Asia,,,,,,,,22382,,,
,22383,hydro5,HYD42225,,,,,,,,0,0,,Asia,,,,,,,,22383,,,
,22384,hydro5,HYD42226,,,,,,,,0,0,,Asia,,,,,,,,22384,,,
,22385,hydro5,HYD42227,,,,,,,,0,0,,Asia,,,,,,,,22385,,,
,22386,hydro5,HYD42228,,,,,,,,0,0,,Asia,,,,,,,,22386,,,
,22387,hydro5,HYD42228,,,,,,,,0,0,,Asia,,,,,,,,22387,,,
,22388,hydro5,HYD42229,,,,,,,,0,0,,Asia,,,,,,,,22388,,,
,22389,hydro5,HYD42230,,,,,,,,0,0,,Asia,,,,,,,,22389,,,
,22390,hydro5,HYD42241,,,,,,,,0,0,,Asia,,,,,,,,22390,,,
,22391,hydro5,HYD42242,,,,,,,,0,0,,Asia,,,,,,,,22391,,,
,22392,hydro5,HYD42243,,,,,,,,0,0,,Asia,,,,,,,,22392,,,
,22393,hydro5,HYD42244,,,,,,,,0,0,,Asia,,,,,,,,22393,,,
,22394,hydro5,HYD42245,,,,,,,,0,0,,Asia,,,,,,,,22394,,,
,22395,hydro5,HYD42246,,,,,,,,0,0,,Asia,,,,,,,,22395,,,
,22396,hydro5,HYD42247,,,,,,,,0,0,,Asia,,,,,,,,22396,,,
,22397,hydro5,HYD42248,,,,,,,,0,0,,Asia,,,,,,,,22397,,,
,22398,hydro5,HYD42249,,,,,,,,0,0,,Asia,,,,,,,,22398,,,
,22399,hydro5,HYD42251,,,,,,,,0,0,,Asia,,,,,,,,22399,,,
,22400,hydro5,HYD42252,,,,,,,,0,0,,Asia,,,,,,,,22400,,,
,22401,hydro5,HYD42253,,,,,,,,0,0,,Asia,,,,,,,,22401,,,
,22402,hydro5,HYD42254,,,,,,,,0,0,,Asia,,,,,,,,22402,,,
,22403,hydro5,HYD42255,,,,,,,,0,0,,Asia,,,,,,,,22403,,,
,22404,hydro5,HYD42256,,,,,,,,0,0,,Asia,,,,,,,,22404,,,
,22405,hydro5,HYD42257,,,,,,,,0,0,,Asia,,,,,,,,22405,,,
,22406,hydro5,HYD42258,,,,,,,,0,0,,Asia,,,,,,,,22406,,,
,22407,hydro5,HYD42259,,,,,,,,0,0,,Asia,,,,,,,,22407,,,
,22408,hydro5,HYD42261,,,,,,,,0,0,,Asia,,,,,,,,22408,,,
,22409,hydro5,HYD42262,,,,,,,,0,0,,Asia,,,,,,,,22409,,,
,22410,hydro5,HYD42263,,,,,,,,0,0,,Asia,,,,,,,,22410,,,
,22411,hydro5,HYD42264,,,,,,,,0,0,,Asia,,,,,,,,22411,,,
,22412,hydro5,HYD42265,,,,,,,,0,0,,Asia,,,,,,,,22412,,,
,22413,hydro5,HYD42266,,,,,,,,0,0,,Asia,,,,,,,,22413,,,
,22414,hydro5,HYD42267,,,,,,,,0,0,,Asia,,,,,,,,22414,,,
,22415,hydro5,HYD42267,,,,,,,,0,0,,Asia,,,,,,,,22415,,,
,22416,hydro5,HYD42268,,,,,,,,0,0,,Asia,,,,,,,,22416,,,
,22417,hydro5,HYD42269,,,,,,,,0,0,,Asia,,,,,,,,22417,,,
,22418,hydro5,HYD42271,,,,,,,,0,0,,Asia,,,,,,,,22418,,,
,22419,hydro5,HYD42272,,,,,,,,0,0,,Asia,,,,,,,,22419,,,
,22420,hydro5,HYD42273,,,,,,,,0,0,,Asia,,,,,,,,22420,,,
,22421,hydro5,HYD42274,,,,,,,,0,0,,Asia,,,,,,,,22421,,,
,22422,hydro5,HYD42275,,,,,,,,0,0,,Asia,,,,,,,,22422,,,
,22423,hydro5,HYD42276,,,,,,,,0,0,,Asia,,,,,,,,22423,,,
,22424,hydro5,HYD42277,,,,,,,,0,0,,Asia,,,,,,,,22424,,,
,22425,hydro5,HYD42278,,,,,,,,0,0,,Asia,,,,,,,,22425,,,
,22426,hydro5,HYD42279,,,,,,,,0,0,,Asia,,,,,,,,22426,,,
,22427,hydro5,HYD42280,,,,,,,,0,0,,Asia,,,,,,,,22427,,,
,22428,hydro5,HYD42280,,,,,,,,0,0,,Asia,,,,,,,,22428,,,
,22429,hydro5,HYD42281,,,,,,,,0,0,,Asia,,,,,,,,22429,,,
,22430,hydro5,HYD42282,,,,,,,,0,0,,Asia,,,,,,,,22430,,,
,22431,hydro5,HYD42283,,,,,,,,0,0,,Asia,,,,,,,,22431,,,
,22432,hydro5,HYD42284,,,,,,,,0,0,,Asia,,,,,,,,22432,,,
,22433,hydro5,HYD42285,,,,,,,,0,0,,Asia,,,,,,,,22433,,,
,22434,hydro5,HYD42286,,,,,,,,0,0,,Asia,,,,,,,,22434,,,
,22435,hydro5,HYD42287,,,,,,,,0,0,,Asia,,,,,,,,22435,,,
,22436,hydro5,HYD42288,,,,,,,,0,0,,Asia,,,,,,,,22436,,,
,22437,hydro5,HYD42289,,,,,,,,0,0,,Asia,,,,,,,,22437,,,
,22438,hydro5,HYD42290,,,,,,,,0,0,,Asia,,,,,,,,22438,,,
,22439,hydro5,HYD42291,,,,,,,,0,0,,Asia,,,,,,,,22439,,,
,22440,hydro5,HYD42292,,,,,,,,0,0,,Asia,,,,,,,,22440,,,
,22441,hydro5,HYD42293,,,,,,,,0,0,,Asia,,,,,,,,22441,,,
,22442,hydro5,HYD42294,,,,,,,,0,0,,Asia,,,,,,,,22442,,,
,22443,hydro5,HYD42295,,,,,,,,0,0,,Asia,,,,,,,,22443,,,
,22444,hydro5,HYD42296,,,,,,,,0,0,,Asia,,,,,,,,22444,,,
,22445,hydro5,HYD42297,,,,,,,,0,0,,Asia,,,,,,,,22445,,,
,22446,hydro5,HYD42297,,,,,,,,0,0,,Asia,,,,,,,,22446,,,
,22447,hydro5,HYD42298,,,,,,,,0,0,,Asia,,,,,,,,22447,,,
,22448,hydro5,HYD42298,,,,,,,,0,0,,Asia,,,,,,,,22448,,,
,22449,hydro5,HYD42299,,,,,,,,0,0,,Asia,,,,,,,,22449,,,
,22450,hydro5,HYD42301,,,,,,,,0,0,,Asia,,,,,,,,22450,,,
,22451,hydro5,HYD42302,,,,,,,,0,0,,Asia,,,,,,,,22451,,,
,22452,hydro5,HYD42303,,,,,,,,0,0,,Asia,,,,,,,,22452,,,
,22453,hydro5,HYD42304,,,,,,,,0,0,,Asia,,,,,,,,22453,,,
,22454,hydro5,HYD42305,,,,,,,,0,0,,Asia,,,,,,,,22454,,,
,22455,hydro5,HYD42306,,,,,,,,0,0,,Asia,,,,,,,,22455,,,
,22456,hydro5,HYD42307,,,,,,,,0,0,,Asia,,,,,,,,22456,,,
,22457,hydro5,HYD42308,,,,,,,,0,0,,Asia,,,,,,,,22457,,,
,22458,hydro5,HYD42309,,,,,,,,0,0,,Asia,,,,,,,,22458,,,
,22459,hydro5,HYD42400,,,,,,,,0,0,,Asia,,,,,,,,22459,,,
,22460,hydro5,HYD42410,,,,,,,,0,0,,Asia,,,,,,,,22460,,,
,22461,hydro5,HYD42420,,,,,,,,0,0,,Asia,,,,,,,,22461,,,
,22462,hydro5,HYD42430,,,,,,,,0,0,,Asia,,,,,,,,22462,,,
,22463,hydro5,HYD42440,,,,,,,,0,0,,Asia,,,,,,,,22463,,,
,22464,hydro5,HYD42440,,,,,,,,0,0,,Asia,,,,,,,,22464,,,
,22465,hydro5,HYD42450,,,,,,,,0,0,,Asia,,,,,,,,22465,,,
,22466,hydro5,HYD42460,,,,,,,,0,0,,Asia,,,,,,,,22466,,,
,22467,hydro5,HYD42470,,,,,,,,0,0,,Asia,,,,,,,,22467,,,
,22468,hydro5,HYD42481,,,,,,,,0,0,,Asia,,,,,,,,22468,,,
,22469,hydro5,HYD42482,,,,,,,,0,0,,Asia,,,,,,,,22469,,,
,22470,hydro5,HYD42483,,,,,,,,0,0,,Asia,,,,,,,,22470,,,
,22471,hydro5,HYD42484,,,,,,,,0,0,,Asia,,,,,,,,22471,,,
,22472,hydro5,HYD42485,,,,,,,,0,0,,Asia,,,,,,,,22472,,,
,22473,hydro5,HYD42486,,,,,,,,0,0,,Asia,,,,,,,,22473,,,
,22474,hydro5,HYD42487,,,,,,,,0,0,,Asia,,,,,,,,22474,,,
,22475,hydro5,HYD42488,,,,,,,,0,0,,Asia,,,,,,,,22475,,,
,22476,hydro5,HYD42489,,,,,,,,0,0,,Asia,,,,,,,,22476,,,
,22477,hydro5,HYD42490,,,,,,,,0,0,,Asia,,,,,,,,22477,,,
,22478,hydro5,HYD43100,,,,,,,,0,0,,Asia,,,,,,,,22478,,,
,22479,hydro5,HYD43110,,,,,,,,0,0,,Asia,,,,,,,,22479,,,
,22480,hydro5,HYD43120,,,,,,,,0,0,,Asia,,,,,,,,22480,,,
,22481,hydro5,HYD43130,,,,,,,,0,0,,Asia,,,,,,,,22481,,,
,22482,hydro5,HYD43140,,,,,,,,0,0,,Asia,,,,,,,,22482,,,
,22483,hydro5,HYD43150,,,,,,,,0,0,,Asia,,,,,,,,22483,,,
,22484,hydro5,HYD43160,,,,,,,,0,0,,Asia,,,,,,,,22484,,,
,22485,hydro5,HYD43161,,,,,,,,0,0,,Asia,,,,,,,,22485,,,
,22486,hydro5,HYD43162,,,,,,,,0,0,,Asia,,,,,,,,22486,,,
,22487,hydro5,HYD43163,,,,,,,,0,0,,Asia,,,,,,,,22487,,,
,22488,hydro5,HYD43164,,,,,,,,0,0,,Asia,,,,,,,,22488,,,
,22489,hydro5,HYD43165,,,,,,,,0,0,,Asia,,,,,,,,22489,,,
,22490,hydro5,HYD43166,,,,,,,,0,0,,Asia,,,,,,,,22490,,,
,22491,hydro5,HYD43167,,,,,,,,0,0,,Asia,,,,,,,,22491,,,
,22492,hydro5,HYD43168,,,,,,,,0,0,,Asia,,,,,,,,22492,,,
,22493,hydro5,HYD43169,,,,,,,,0,0,,Asia,,,,,,,,22493,,,
,22494,hydro5,HYD43170,,,,,,,,0,0,,Asia,,,,,,,,22494,,,
,22495,hydro5,HYD43180,,,,,,,,0,0,,Asia,,,,,,,,22495,,,
,22496,hydro5,HYD43190,,,,,,,,0,0,,Asia,,,,,,,,22496,,,
,22497,hydro5,HYD43201,,,ASHimalaya,2,,,,1,0,,Asia,,,,,,,,22497,,,
,22498,hydro5,HYD43202,,,ASHimalaya,2,,,,1,0,,Asia,,,,,,,,22498,,,
,22499,hydro5,HYD43203,,,ASHimalaya,2,,,,1,0,,Asia,,,,,,,,22499,,,
,22500,hydro5,HYD43204,,,ASHimalaya,2,,,,1,0,,Asia,,,,,,,,22500,,,
,22501,hydro5,HYD43205,,,,,,,,0,0,,Asia,,,,,,,,22501,,,
,22502,hydro5,HYD43206,,,,,,,,0,0,,Asia,,,,,,,,22502,,,
,22503,hydro5,HYD43207,,,ASHimalaya,2,,,,1,0,,Asia,,,,,,,,22503,,,
,22504,hydro5,HYD43208,,,ASHimalaya,2,,,,1,0,,Asia,,,,,,,,22504,,,
,22505,hydro5,HYD43209,,,,,,,,0,0,,Asia,,,,,,,,22505,,,
,22506,hydro5,HYD43210,,,,,,,,0,0,,Asia,,,,,,,,22506,,,
,22507,hydro5,HYD43210,,,,,,,,0,0,,Asia,,,,,,,,22507,,,
,22508,hydro5,HYD43221,,,,,,,,0,0,,Asia,,,,,,,,22508,,,
,22509,hydro5,HYD43222,,,ASHimalaya,2,,,,1,0,,Asia,,,,,,,,22509,,,
,22510,hydro5,HYD43223,,,,,,,,0,0,,Asia,,,,,,,,22510,,,
,22511,hydro5,HYD43224,,,,,,,,0,0,,Asia,,,,,,,,22511,,,
,22512,hydro5,HYD43225,,,,,,,,0,0,,Asia,,,,,,,,22512,,,
,22513,hydro5,HYD43226,,,ASHimalaya,2,,,,1,0,,Asia,,,,,,,,22513,,,
,22514,hydro5,HYD43227,,,ASHimalaya,2,,,,1,0,,Asia,,,,,,,,22514,,,
,22515,hydro5,HYD43228,,,ASHimalaya,2,,,,1,0,,Asia,,,,,,,,22515,,,
,22516,hydro5,HYD43229,,,ASHimalaya,2,,,,1,0,,Asia,,,,,,,,22516,,,
,22517,hydro5,HYD43230,,,,,,,,0,0,,Asia,,,,,,,,22517,,,
,22518,hydro5,HYD43240,,,ASHimalaya,2,,,,1,0,,Asia,,,,,,,,22518,,,
,22519,hydro5,HYD43250,,,ASHimalaya,2,,,,1,0,,Asia,,,,,,,,22519,,,
,22520,hydro5,HYD43260,,,ASHimalaya,2,,,,1,0,,Asia,,,,,,,,22520,,,
,22521,hydro5,HYD43270,,,,,,,,0,0,,Asia,,,,,,,,22521,,,
,22522,hydro5,HYD43271,,,ASHimalaya,2,,,,1,0,,Asia,,,,,,,,22522,,,
,22523,hydro5,HYD43272,,,,,,,,0,0,,Asia,,,,,,,,22523,,,
,22524,hydro5,HYD43273,,,,,,,,0,0,,Asia,,,,,,,,22524,,,
,22525,hydro5,HYD43274,,,,,,,,0,0,,Asia,,,,,,,,22525,,,
,22526,hydro5,HYD43275,,,ASHimalaya,2,,,,1,0,,Asia,,,,,,,,22526,,,
,22527,hydro5,HYD43276,,,ASHimalaya,2,,,,1,0,,Asia,,,,,,,,22527,,,
,22528,hydro5,HYD43277,,,ASHimalaya,2,,,,1,0,,Asia,,,,,,,,22528,,,
,22529,hydro5,HYD43278,,,ASHimalaya,2,,,,1,0,,Asia,,,,,,,,22529,,,
,22530,hydro5,HYD43279,,,ASHimalaya,2,,,,1,0,,Asia,,,,,,,,22530,,,
,22531,hydro5,HYD43280,,,ASHimalaya,2,,,,1,0,,Asia,,,,,,,,22531,,,
,22532,hydro5,HYD43280,,,ASHimalaya,2,,,,1,0,,Asia,,,,,,,,22532,,,
,22533,hydro5,HYD43290,,,ASHimalaya,2,,,,1,0,,Asia,,,,,,,,22533,,,
,22534,hydro5,HYD43291,,,ASHimalaya,2,,,,1,0,,Asia,,,,,,,,22534,,,
,22535,hydro5,HYD43292,,,ASHimalaya,2,,,,1,0,,Asia,,,,,,,,22535,,,
,22536,hydro5,HYD43293,,,ASHimalaya,2,,,,1,0,,Asia,,,,,,,,22536,,,
,22537,hydro5,HYD43294,,,ASHimalaya,2,,,,1,0,,Asia,,,,,,,,22537,,,
,22538,hydro5,HYD43295,,,ASHimalaya,2,,,,1,0,,Asia,,,,,,,,22538,,,
,22539,hydro5,HYD43295,,,ASHimalaya,2,,,,1,0,,Asia,,,,,,,,22539,,,
,22540,hydro5,HYD43296,,,ASHimalaya,2,,,,1,0,,Asia,,,,,,,,22540,,,
,22541,hydro5,HYD43297,,,ASHimalaya,2,,,,1,0,,Asia,,,,,,,,22541,,,
,22542,hydro5,HYD43298,,,ASHimalaya,2,,,,1,0,,Asia,,,,,,,,22542,,,
,22543,hydro5,HYD43299,,,ASHimalaya,2,,,,1,0,,Asia,,,,,,,,22543,,,
,22544,hydro5,HYD43299,,,ASHimalaya,2,,,,1,0,,Asia,,,,,,,,22544,,,
,22545,hydro5,HYD43299,,,ASHimalaya,2,,,,1,0,,Asia,,,,,,,,22545,,,
,22546,hydro5,HYD43301,,,,,,,,0,0,,Asia,,,,,,,,22546,,,
,22547,hydro5,HYD43302,,,,,,,,0,0,,Asia,,,,,,,,22547,,,
,22548,hydro5,HYD43303,,,,,,,,0,0,,Asia,,,,,,,,22548,,,
,22549,hydro5,HYD43304,,,,,,,,0,0,,Asia,,,,,,,,22549,,,
,22550,hydro5,HYD43305,,,,,,,,0,0,,Asia,,,,,,,,22550,,,
,22551,hydro5,HYD43306,,,,,,,,0,0,,Asia,,,,,,,,22551,,,
,22552,hydro5,HYD43307,,,,,,,,0,0,,Asia,,,,,,,,22552,,,
,22553,hydro5,HYD43308,,,,,,,,0,0,,Asia,,,,,,,,22553,,,
,22554,hydro5,HYD43309,,,,,,,,0,0,,Asia,,,,,,,,22554,,,
,22555,hydro5,HYD43410,,,,,,,,0,0,,Asia,,,,,,,,22555,,,
,22556,hydro5,HYD43421,,,,,,,,0,0,,Asia,,,,,,,,22556,,,
,22557,hydro5,HYD43421,,,,,,,,0,0,,Asia,,,,,,,,22557,,,
,22558,hydro5,HYD43421,,,,,,,,0,0,,Asia,,,,,,,,22558,,,
,22559,hydro5,HYD43422,,,,,,,,0,0,,Asia,,,,,,,,22559,,,
,22560,hydro5,HYD43423,,,,,,,,0,0,,Asia,,,,,,,,22560,,,
,22561,hydro5,HYD43424,,,,,,,,0,0,,Asia,,,,,,,,22561,,,
,22562,hydro5,HYD43425,,,,,,,,0,0,,Asia,,,,,,,,22562,,,
,22563,hydro5,HYD43426,,,,,,,,0,0,,Asia,,,,,,,,22563,,,
,22564,hydro5,HYD43427,,,,,,,,0,0,,Asia,,,,,,,,22564,,,
,22565,hydro5,HYD43428,,,,,,,,0,0,,Asia,,,,,,,,22565,,,
,22566,hydro5,HYD43429,,,,,,,,0,0,,Asia,,,,,,,,22566,,,
,22567,hydro5,HYD43430,,,,,,,,0,0,,Asia,,,,,,,,22567,,,
,22568,hydro5,HYD43430,,,,,,,,0,0,,Asia,,,,,,,,22568,,,
,22569,hydro5,HYD43430,,,,,,,,0,0,,Asia,,,,,,,,22569,,,
,22570,hydro5,HYD43430,,,,,,,,0,0,,Asia,,,,,,,,22570,,,
,22571,hydro5,HYD43441,,,,,,,,0,0,,Asia,,,,,,,,22571,,,
,22572,hydro5,HYD43441,,,,,,,,0,0,,Asia,,,,,,,,22572,,,
,22573,hydro5,HYD43442,,,,,,,,0,0,,Asia,,,,,,,,22573,,,
,22574,hydro5,HYD43443,,,,,,,,0,0,,Asia,,,,,,,,22574,,,
,22575,hydro5,HYD43444,,,,,,,,0,0,,Asia,,,,,,,,22575,,,
,22576,hydro5,HYD43445,,,,,,,,0,0,,Asia,,,,,,,,22576,,,
,22577,hydro5,HYD43446,,,,,,,,0,0,,Asia,,,,,,,,22577,,,
,22578,hydro5,HYD43447,,,,,,,,0,0,,Asia,,,,,,,,22578,,,
,22579,hydro5,HYD43448,,,,,,,,0,0,,Asia,,,,,,,,22579,,,
,22580,hydro5,HYD43449,,,,,,,,0,0,,Asia,,,,,,,,22580,,,
,22581,hydro5,HYD43450,,,,,,,,0,0,,Asia,,,,,,,,22581,,,
,22582,hydro5,HYD43450,,,,,,,,0,0,,Asia,,,,,,,,22582,,,
,22583,hydro5,HYD43461,,,,,,,,0,0,,Asia,,,,,,,,22583,,,
,22584,hydro5,HYD43462,,,,,,,,0,0,,Asia,,,,,,,,22584,,,
,22585,hydro5,HYD43463,,,,,,,,0,0,,Asia,,,,,,,,22585,,,
,22586,hydro5,HYD43464,,,,,,,,0,0,,Asia,,,,,,,,22586,,,
,22587,hydro5,HYD43465,,,,,,,,0,0,,Asia,,,,,,,,22587,,,
,22588,hydro5,HYD43465,,,,,,,,0,0,,Asia,,,,,,,,22588,,,
,22589,hydro5,HYD43466,,,,,,,,0,0,,Asia,,,,,,,,22589,,,
,22590,hydro5,HYD43467,,,,,,,,0,0,,Asia,,,,,,,,22590,,,
,22591,hydro5,HYD43468,,,,,,,,0,0,,Asia,,,,,,,,22591,,,
,22592,hydro5,HYD43469,,,,,,,,0,0,,Asia,,,,,,,,22592,,,
,22593,hydro5,HYD43470,,,,,,,,0,0,,Asia,,,,,,,,22593,,,
,22594,hydro5,HYD43470,,,,,,,,0,0,,Asia,,,,,,,,22594,,,
,22595,hydro5,HYD43481,,,,,,,,0,0,,Asia,,,,,,,,22595,,,
,22596,hydro5,HYD43481,,,,,,,,0,0,,Asia,,,,,,,,22596,,,
,22597,hydro5,HYD43482,,,,,,,,0,0,,Asia,,,,,,,,22597,,,
,22598,hydro5,HYD43483,,,,,,,,0,0,,Asia,,,,,,,,22598,,,
,22599,hydro5,HYD43483,,,,,,,,0,0,,Asia,,,,,,,,22599,,,
,22600,hydro5,HYD43484,,,,,,,,0,0,,Asia,,,,,,,,22600,,,
,22601,hydro5,HYD43485,,,,,,,,0,0,,Asia,,,,,,,,22601,,,
,22602,hydro5,HYD43486,,,,,,,,0,0,,Asia,,,,,,,,22602,,,
,22603,hydro5,HYD43487,,,,,,,,0,0,,Asia,,,,,,,,22603,,,
,22604,hydro5,HYD43488,,,,,,,,0,0,,Asia,,,,,,,,22604,,,
,22605,hydro5,HYD43489,,,,,,,,0,0,,Asia,,,,,,,,22605,,,
,22606,hydro5,HYD43491,,,,,,,,0,0,,Asia,,,,,,,,22606,,,
,22607,hydro5,HYD43491,,,,,,,,0,0,,Asia,,,,,,,,22607,,,
,22608,hydro5,HYD43492,,,,,,,,0,0,,Asia,,,,,,,,22608,,,
,22609,hydro5,HYD43493,,,,,,,,0,0,,Asia,,,,,,,,22609,,,
,22610,hydro5,HYD43494,,,,,,,,0,0,,Asia,,,,,,,,22610,,,
,22611,hydro5,HYD43495,,,,,,,,0,0,,Asia,,,,,,,,22611,,,
,22612,hydro5,HYD43496,,,ASHimalaya,2,,,,1,0,,Asia,,,,,,,,22612,,,
,22613,hydro5,HYD43497,,,,,,,,0,0,,Asia,,,,,,,,22613,,,
,22614,hydro5,HYD43497,,,,,,,,0,0,,Asia,,,,,,,,22614,,,
,22615,hydro5,HYD43498,,,ASHimalaya,2,,,,1,0,,Asia,,,,,,,,22615,,,
,22616,hydro5,HYD43499,,,ASHimalaya,2,,,,1,0,,Asia,,,,,,,,22616,,,
,22617,hydro5,HYD43499,,,ASHimalaya,2,,,,1,0,,Asia,,,,,,,,22617,,,
,22618,hydro5,HYD43499,,,ASHimalaya,2,,,,1,0,,Asia,,,,,,,,22618,,,
,22619,hydro5,HYD43501,,,,,,,,0,0,,Asia,,,,,,,,22619,,,
,22620,hydro5,HYD43502,,,,,,,,0,0,,Asia,,,,,,,,22620,,,
,22621,hydro5,HYD43502,,,,,,,,0,0,,Asia,,,,,,,,22621,,,
,22622,hydro5,HYD43503,,,,,,,,0,0,,Asia,,,,,,,,22622,,,
,22623,hydro5,HYD43504,,,,,,,,0,0,,Asia,,,,,,,,22623,,,
,22624,hydro5,HYD43504,,,,,,,,0,0,,Asia,,,,,,,,22624,,,
,22625,hydro5,HYD43505,,,,,,,,0,0,,Asia,,,,,,,,22625,,,
,22626,hydro5,HYD43506,,,,,,,,0,0,,Asia,,,,,,,,22626,,,
,22627,hydro5,HYD43507,,,,,,,,0,0,,Asia,,,,,,,,22627,,,
,22628,hydro5,HYD43508,,,,,,,,0,0,,Asia,,,,,,,,22628,,,
,22629,hydro5,HYD43509,,,,,,,,0,0,,Asia,,,,,,,,22629,,,
,22630,hydro5,HYD43610,,,,,,,,0,0,,Asia,,,,,,,,22630,,,
,22631,hydro5,HYD43620,,,,,,,,0,0,,Asia,,,,,,,,22631,,,
,22632,hydro5,HYD43630,,,,,,,,0,0,,Asia,,,,,,,,22632,,,
,22633,hydro5,HYD43640,,,,,,,,0,0,,Asia,,,,,,,,22633,,,
,22634,hydro5,HYD43640,,,,,,,,0,0,,Asia,,,,,,,,22634,,,
,22635,hydro5,HYD43650,,,,,,,,0,0,,Asia,,,,,,,,22635,,,
,22636,hydro5,HYD43661,,,,,,,,0,0,,Asia,,,,,,,,22636,,,
,22637,hydro5,HYD43662,,,,,,,,0,0,,Asia,,,,,,,,22637,,,
,22638,hydro5,HYD43663,,,,,,,,0,0,,Asia,,,,,,,,22638,,,
,22639,hydro5,HYD43664,,,,,,,,0,0,,Asia,,,,,,,,22639,,,
,22640,hydro5,HYD43665,,,,,,,,0,0,,Asia,,,,,,,,22640,,,
,22641,hydro5,HYD43666,,,,,,,,0,0,,Asia,,,,,,,,22641,,,
,22642,hydro5,HYD43667,,,,,,,,0,0,,Asia,,,,,,,,22642,,,
,22643,hydro5,HYD43668,,,,,,,,0,0,,Asia,,,,,,,,22643,,,
,22644,hydro5,HYD43669,,,,,,,,0,0,,Asia,,,,,,,,22644,,,
,22645,hydro5,HYD43670,,,,,,,,0,0,,Asia,,,,,,,,22645,,,
,22646,hydro5,HYD43681,,,,,,,,0,0,,Asia,,,,,,,,22646,,,
,22647,hydro5,HYD43682,,,,,,,,0,0,,Asia,,,,,,,,22647,,,
,22648,hydro5,HYD43683,,,,,,,,0,0,,Asia,,,,,,,,22648,,,
,22649,hydro5,HYD43684,,,,,,,,0,0,,Asia,,,,,,,,22649,,,
,22650,hydro5,HYD43685,,,,,,,,0,0,,Asia,,,,,,,,22650,,,
,22651,hydro5,HYD43686,,,,,,,,0,0,,Asia,,,,,,,,22651,,,
,22652,hydro5,HYD43687,,,,,,,,0,0,,Asia,,,,,,,,22652,,,
,22653,hydro5,HYD43688,,,,,,,,0,0,,Asia,,,,,,,,22653,,,
,22654,hydro5,HYD43689,,,,,,,,0,0,,Asia,,,,,,,,22654,,,
,22655,hydro5,HYD43690,,,,,,,,0,0,,Asia,,,,,,,,22655,,,
,22656,hydro5,HYD43700,,,,,,,,0,0,,Asia,,,,,,,,22656,,,
,22657,hydro5,HYD43800,,,,,,,,0,0,,Asia,,,,,,,,22657,,,
,22658,hydro5,HYD43900,,,,,,,,0,0,,Asia,,,,,,,,22658,,,
,22659,hydro5,HYD44101,,,,,,,,0,0,,Asia,,,,,,,,22659,,,
,22660,hydro5,HYD44102,,,,,,,,0,0,,Asia,,,,,,,,22660,,,
,22661,hydro5,HYD44103,,,,,,,,0,0,,Asia,,,,,,,,22661,,,
,22662,hydro5,HYD44104,,,,,,,,0,0,,Asia,,,,,,,,22662,,,
,22663,hydro5,HYD44105,,,,,,,,0,0,,Asia,,,,,,,,22663,,,
,22664,hydro5,HYD44106,,,,,,,,0,0,,Asia,,,,,,,,22664,,,
,22665,hydro5,HYD44106,,,,,,,,0,0,,Asia,,,,,,,,22665,,,
,22666,hydro5,HYD44107,,,,,,,,0,0,,Asia,,,,,,,,22666,,,
,22667,hydro5,HYD44108,,,,,,,,0,0,,Asia,,,,,,,,22667,,,
,22668,hydro5,HYD44109,,,,,,,,0,0,,Asia,,,,,,,,22668,,,
,22669,hydro5,HYD44210,,,,,,,,0,0,,Asia,,,,,,,,22669,,,
,22670,hydro5,HYD44220,,,,,,,,0,0,,Asia,,,,,,,,22670,,,
,22671,hydro5,HYD44220,,,,,,,,0,0,,Asia,,,,,,,,22671,,,
,22672,hydro5,HYD44230,,,,,,,,0,0,,Asia,,,,,,,,22672,,,
,22673,hydro5,HYD44240,,,,,,,,0,0,,Asia,,,,,,,,22673,,,
,22674,hydro5,HYD44250,,,,,,,,0,0,,Asia,,,,,,,,22674,,,
,22675,hydro5,HYD44261,,,,,,,,0,0,,Asia,,,,,,,,22675,,,
,22676,hydro5,HYD44262,,,,,,,,0,0,,Asia,,,,,,,,22676,,,
,22677,hydro5,HYD44263,,,,,,,,0,0,,Asia,,,,,,,,22677,,,
,22678,hydro5,HYD44264,,,,,,,,0,0,,Asia,,,,,,,,22678,,,
,22679,hydro5,HYD44265,,,,,,,,0,0,,Asia,,,,,,,,22679,,,
,22680,hydro5,HYD44266,,,,,,,,0,0,,Asia,,,,,,,,22680,,,
,22681,hydro5,HYD44267,,,,,,,,0,0,,Asia,,,,,,,,22681,,,
,22682,hydro5,HYD44268,,,,,,,,0,0,,Asia,,,,,,,,22682,,,
,22683,hydro5,HYD44268,,,,,,,,0,0,,Asia,,,,,,,,22683,,,
,22684,hydro5,HYD44269,,,,,,,,0,0,,Asia,,,,,,,,22684,,,
,22685,hydro5,HYD44270,,,,,,,,0,0,,Asia,,,,,,,,22685,,,
,22686,hydro5,HYD44271,,,,,,,,0,0,,Asia,,,,,,,,22686,,,
,22687,hydro5,HYD44272,,,,,,,,0,0,,Asia,,,,,,,,22687,,,
,22688,hydro5,HYD44273,,,,,,,,0,0,,Asia,,,,,,,,22688,,,
,22689,hydro5,HYD44274,,,,,,,,0,0,,Asia,,,,,,,,22689,,,
,22690,hydro5,HYD44275,,,,,,,,0,0,,Asia,,,,,,,,22690,,,
,22691,hydro5,HYD44276,,,,,,,,0,0,,Asia,,,,,,,,22691,,,
,22692,hydro5,HYD44277,,,,,,,,0,0,,Asia,,,,,,,,22692,,,
,22693,hydro5,HYD44278,,,,,,,,0,0,,Asia,,,,,,,,22693,,,
,22694,hydro5,HYD44278,,,,,,,,0,0,,Asia,,,,,,,,22694,,,
,22695,hydro5,HYD44279,,,,,,,,0,0,,Asia,,,,,,,,22695,,,
,22696,hydro5,HYD44280,,,,,,,,0,0,,Asia,,,,,,,,22696,,,
,22697,hydro5,HYD44291,,,,,,,,0,0,,Asia,,,,,,,,22697,,,
,22698,hydro5,HYD44292,,,,,,,,0,0,,Asia,,,,,,,,22698,,,
,22699,hydro5,HYD44293,,,,,,,,0,0,,Asia,,,,,,,,22699,,,
,22700,hydro5,HYD44294,,,ASHimalaya,2,,,,1,0,,Asia,,,,,,,,22700,,,
,22701,hydro5,HYD44294,,,,,,,,0,0,,Asia,,,,,,,,22701,,,
,22702,hydro5,HYD44295,,,ASHimalaya,2,,,,1,0,,Asia,,,,,,,,22702,,,
,22703,hydro5,HYD44296,,,ASHimalaya,2,,,,1,0,,Asia,,,,,,,,22703,,,
,22704,hydro5,HYD44297,,,ASHimalaya,2,,,,1,0,,Asia,,,,,,,,22704,,,
,22705,hydro5,HYD44298,,,ASHimalaya,2,,,,1,0,,Asia,,,,,,,,22705,,,
,22706,hydro5,HYD44299,,,ASHimalaya,2,,,,1,0,,Asia,,,,,,,,22706,,,
,22707,hydro5,HYD44301,,,,,,,,0,0,,Asia,,,,,,,,22707,,,
,22708,hydro5,HYD44302,,,,,,,,0,0,,Asia,,,,,,,,22708,,,
,22709,hydro5,HYD44303,,,,,,,,0,0,,Asia,,,,,,,,22709,,,
,22710,hydro5,HYD44304,,,,,,,,0,0,,Asia,,,,,,,,22710,,,
,22711,hydro5,HYD44305,,,,,,,,0,0,,Asia,,,,,,,,22711,,,
,22712,hydro5,HYD44306,,,,,,,,0,0,,Asia,,,,,,,,22712,,,
,22713,hydro5,HYD44307,,,,,,,,0,0,,Asia,,,,,,,,22713,,,
,22714,hydro5,HYD44308,,,,,,,,0,0,,Asia,,,,,,,,22714,,,
,22715,hydro5,HYD44309,,,,,,,,0,0,,Asia,,,,,,,,22715,,,
,22716,hydro5,HYD44400,,,,,,,,0,0,,Asia,,,,,,,,22716,,,
,22717,hydro5,HYD44401,,,,,,,,0,0,,Asia,,,,,,,,22717,,,
,22718,hydro5,HYD44402,,,,,,,,0,0,,Asia,,,,,,,,22718,,,
,22719,hydro5,HYD44402,,,,,,,,0,0,,Asia,,,,,,,,22719,,,
,22720,hydro5,HYD44402,,,,,,,,0,0,,Asia,,,,,,,,22720,,,
,22721,hydro5,HYD44403,,,,,,,,0,0,,Asia,,,,,,,,22721,,,
,22722,hydro5,HYD44403,,,,,,,,0,0,,Asia,,,,,,,,22722,,,
,22723,hydro5,HYD44403,,,,,,,,0,0,,Asia,,,,,,,,22723,,,
,22724,hydro5,HYD44404,,,,,,,,0,0,,Asia,,,,,,,,22724,,,
,22725,hydro5,HYD44405,,,,,,,,0,0,,Asia,,,,,,,,22725,,,
,22726,hydro5,HYD44406,,,,,,,,0,0,,Asia,,,,,,,,22726,,,
,22727,hydro5,HYD44407,,,,,,,,0,0,,Asia,,,,,,,,22727,,,
,22728,hydro5,HYD44408,,,,,,,,0,0,,Asia,,,,,,,,22728,,,
,22729,hydro5,HYD44409,,,,,,,,0,0,,Asia,,,,,,,,22729,,,
,22730,hydro5,HYD44510,,,,,,,,0,0,,Asia,,,,,,,,22730,,,
,22731,hydro5,HYD44520,,,,,,,,0,0,,Asia,,,,,,,,22731,,,
,22732,hydro5,HYD44530,,,,,,,,0,0,,Asia,,,,,,,,22732,,,
,22733,hydro5,HYD44541,,,,,,,,0,0,,Asia,,,,,,,,22733,,,
,22734,hydro5,HYD44542,,,,,,,,0,0,,Asia,,,,,,,,22734,,,
,22735,hydro5,HYD44543,,,,,,,,0,0,,Asia,,,,,,,,22735,,,
,22736,hydro5,HYD44544,,,,,,,,0,0,,Asia,,,,,,,,22736,,,
,22737,hydro5,HYD44545,,,,,,,,0,0,,Asia,,,,,,,,22737,,,
,22738,hydro5,HYD44546,,,,,,,,0,0,,Asia,,,,,,,,22738,,,
,22739,hydro5,HYD44547,,,ASHimalaya,2,,,,1,0,,Asia,,,,,,,,22739,,,
,22740,hydro5,HYD44548,,,ASHimalaya,2,,,,1,0,,Asia,,,,,,,,22740,,,
,22741,hydro5,HYD44549,,,ASHimalaya,2,,,,1,0,,Asia,,,,,,,,22741,,,
,22742,hydro5,HYD44550,,,,,,,,0,0,,Asia,,,,,,,,22742,,,
,22743,hydro5,HYD44560,,,,,,,,0,0,,Asia,,,,,,,,22743,,,
,22744,hydro5,HYD44570,,,,,,,,0,0,,Asia,,,,,,,,22744,,,
,22745,hydro5,HYD44581,,,,,,,,0,0,,Asia,,,,,,,,22745,,,
,22746,hydro5,HYD44582,,,ASHimalaya,2,,,,1,0,,Asia,,,,,,,,22746,,,
,22747,hydro5,HYD44582,,,,,,,,0,0,,Asia,,,,,,,,22747,,,
,22748,hydro5,HYD44583,,,,,,,,0,0,,Asia,,,,,,,,22748,,,
,22749,hydro5,HYD44583,,,,,,,,0,0,,Asia,,,,,,,,22749,,,
,22750,hydro5,HYD44584,,,,,,,,0,0,,Asia,,,,,,,,22750,,,
,22751,hydro5,HYD44585,,,,,,,,0,0,,Asia,,,,,,,,22751,,,
,22752,hydro5,HYD44586,,,ASHimalaya,2,,,,1,0,,Asia,,,,,,,,22752,,,
,22753,hydro5,HYD44587,,,ASHimalaya,2,,,,1,0,,Asia,,,,,,,,22753,,,
,22754,hydro5,HYD44588,,,ASHimalaya,2,,,,1,0,,Asia,,,,,,,,22754,,,
,22755,hydro5,HYD44589,,,ASHimalaya,2,,,,1,0,,Asia,,,,,,,,22755,,,
,22756,hydro5,HYD44590,,,,,,,,0,0,,Asia,,,,,,,,22756,,,
,22757,hydro5,HYD44600,,,,,,,,0,0,,Asia,,,,,,,,22757,,,
,22758,hydro5,HYD45100,,,,,,,,0,0,,Asia,,,,,,,,22758,,,
,22759,hydro5,HYD45100,,,,,,,,0,0,,Asia,,,,,,,,22759,,,
,22760,hydro5,HYD45210,,,,,,,,0,0,,Asia,,,,,,,,22760,,,
,22761,hydro5,HYD45220,,,,,,,,0,0,,Asia,,,,,,,,22761,,,
,22762,hydro5,HYD45230,,,,,,,,0,0,,Asia,,,,,,,,22762,,,
,22763,hydro5,HYD45240,,,ASHimalaya,2,,,,1,0,,Asia,,,,,,,,22763,,,
,22764,hydro5,HYD45240,,,ASHimalaya,2,,,,1,0,,Asia,,,,,,,,22764,,,
,22765,hydro5,HYD45241,,,ASHimalaya,2,,,,1,0,,Asia,,,,,,,,22765,,,
,22766,hydro5,HYD45242,,,ASHimalaya,2,,,,1,0,,Asia,,,,,,,,22766,,,
,22767,hydro5,HYD45243,,,ASHimalaya,2,,,,1,0,,Asia,,,,,,,,22767,,,
,22768,hydro5,HYD45243,,,,,,,,0,0,,Asia,,,,,,,,22768,,,
,22769,hydro5,HYD45243,,,,,,,,0,0,,Asia,,,,,,,,22769,,,
,22770,hydro5,HYD45244,,,ASHimalaya,2,,,,1,0,,Asia,,,,,,,,22770,,,
,22771,hydro5,HYD45245,,,,,,,,0,0,,Asia,,,,,,,,22771,,,
,22772,hydro5,HYD45246,,,ASHimalaya,2,,,,1,0,,Asia,,,,,,,,22772,,,
,22773,hydro5,HYD45247,,,,,,,,0,0,,Asia,,,,,,,,22773,,,
,22774,hydro5,HYD45248,,,,,,,,0,0,,Asia,,,,,,,,22774,,,
,22775,hydro5,HYD45248,,,,,,,,0,0,,Asia,,,,,,,,22775,,,
,22776,hydro5,HYD45249,,,ASHimalaya,2,,,,1,0,,Asia,,,,,,,,22776,,,
,22777,hydro5,HYD45251,,,,,,,,0,0,,Asia,,,,,,,,22777,,,
,22778,hydro5,HYD45252,,,ASHimalaya,2,,,,1,0,,Asia,,,,,,,,22778,,,
,22779,hydro5,HYD45253,,,ASHimalaya,2,,,,1,0,,Asia,,,,,,,,22779,,,
,22780,hydro5,HYD45254,,,ASHimalaya,2,,,,1,0,,Asia,,,,,,,,22780,,,
,22781,hydro5,HYD45255,,,ASHimalaya,2,,,,1,0,,Asia,,,,,,,,22781,,,
,22782,hydro5,HYD45256,,,ASHimalaya,2,,,,1,0,,Asia,,,,,,,,22782,,,
,22783,hydro5,HYD45257,,,ASHimalaya,2,,,,1,0,,Asia,,,,,,,,22783,,,
,22784,hydro5,HYD45258,,,,,,,,0,0,,Asia,,,,,,,,22784,,,
,22785,hydro5,HYD45259,,,ASHimalaya,2,,,,1,0,,Asia,,,,,,,,22785,,,
,22786,hydro5,HYD45260,,,ASHimalaya,2,,,,1,0,,Asia,,,,,,,,22786,,,
,22787,hydro5,HYD45270,,,ASHimalaya,2,,,,1,0,,Asia,,,,,,,,22787,,,
,22788,hydro5,HYD45280,,,ASHimalaya,2,,,,1,0,,Asia,,,,,,,,22788,,,
,22789,hydro5,HYD45291,,,ASHimalaya,2,,,,1,0,,Asia,,,,,,,,22789,,,
,22790,hydro5,HYD45292,,,ASHimalaya,2,,,,1,0,,Asia,,,,,,,,22790,,,
,22791,hydro5,HYD45293,,,ASHimalaya,2,,,,1,0,,Asia,,,,,,,,22791,,,
,22792,hydro5,HYD45294,,,ASHimalaya,2,,,,1,0,,Asia,,,,,,,,22792,,,
,22793,hydro5,HYD45295,,,ASHimalaya,2,,,,1,0,,Asia,,,,,,,,22793,,,
,22794,hydro5,HYD45296,,,ASHimalaya,2,,,,1,0,,Asia,,,,,,,,22794,,,
,22795,hydro5,HYD45297,,,ASHimalaya,2,,,,1,0,,Asia,,,,,,,,22795,,,
,22796,hydro5,HYD45297,,,ASHimalaya,2,,,,1,0,,Asia,,,,,,,,22796,,,
,22797,hydro5,HYD45297,,,ASHimalaya,2,,,,1,0,,Asia,,,,,,,,22797,,,
,22798,hydro5,HYD45298,,,ASHimalaya,2,,,,1,0,,Asia,,,,,,,,22798,,,
,22799,hydro5,HYD45299,,,ASHimalaya,2,,,,1,0,,Asia,,,,,,,,22799,,,
,22800,hydro5,HYD45311,,,,,,,,0,0,,Asia,,,,,,,,22800,,,
,22801,hydro5,HYD45312,,,,,,,,0,0,,Asia,,,,,,,,22801,,,
,22802,hydro5,HYD45313,,,,,,,,0,0,,Asia,,,,,,,,22802,,,
,22803,hydro5,HYD45314,,,,,,,,0,0,,Asia,,,,,,,,22803,,,
,22804,hydro5,HYD45315,,,,,,,,0,0,,Asia,,,,,,,,22804,,,
,22805,hydro5,HYD45316,,,,,,,,0,0,,Asia,,,,,,,,22805,,,
,22806,hydro5,HYD45317,,,,,,,,0,0,,Asia,,,,,,,,22806,,,
,22807,hydro5,HYD45318,,,,,,,,0,0,,Asia,,,,,,,,22807,,,
,22808,hydro5,HYD45319,,,,,,,,0,0,,Asia,,,,,,,,22808,,,
,22809,hydro5,HYD45321,,,,,,,,0,0,,Asia,,,,,,,,22809,,,
,22810,hydro5,HYD45322,,,,,,,,0,0,,Asia,,,,,,,,22810,,,
,22811,hydro5,HYD45323,,,,,,,,0,0,,Asia,,,,,,,,22811,,,
,22812,hydro5,HYD45323,,,,,,,,0,0,,Asia,,,,,,,,22812,,,
,22813,hydro5,HYD45324,,,,,,,,0,0,,Asia,,,,,,,,22813,,,
,22814,hydro5,HYD45325,,,,,,,,0,0,,Asia,,,,,,,,22814,,,
,22815,hydro5,HYD45326,,,,,,,,0,0,,Asia,,,,,,,,22815,,,
,22816,hydro5,HYD45327,,,,,,,,0,0,,Asia,,,,,,,,22816,,,
,22817,hydro5,HYD45328,,,,,,,,0,0,,Asia,,,,,,,,22817,,,
,22818,hydro5,HYD45329,,,,,,,,0,0,,Asia,,,,,,,,22818,,,
,22819,hydro5,HYD45330,,,,,,,,0,0,,Asia,,,,,,,,22819,,,
,22820,hydro5,HYD45330,,,,,,,,0,0,,Asia,,,,,,,,22820,,,
,22821,hydro5,HYD45341,,,,,,,,0,0,,Asia,,,,,,,,22821,,,
,22822,hydro5,HYD45342,,,,,,,,0,0,,Asia,,,,,,,,22822,,,
,22823,hydro5,HYD45343,,,,,,,,0,0,,Asia,,,,,,,,22823,,,
,22824,hydro5,HYD45344,,,,,,,,0,0,,Asia,,,,,,,,22824,,,
,22825,hydro5,HYD45345,,,,,,,,0,0,,Asia,,,,,,,,22825,,,
,22826,hydro5,HYD45346,,,,,,,,0,0,,Asia,,,,,,,,22826,,,
,22827,hydro5,HYD45347,,,,,,,,0,0,,Asia,,,,,,,,22827,,,
,22828,hydro5,HYD45347,,,,,,,,0,0,,Asia,,,,,,,,22828,,,
,22829,hydro5,HYD45348,,,,,,,,0,0,,Asia,,,,,,,,22829,,,
,22830,hydro5,HYD45349,,,,,,,,0,0,,Asia,,,,,,,,22830,,,
,22831,hydro5,HYD45349,,,,,,,,0,0,,Asia,,,,,,,,22831,,,
,22832,hydro5,HYD45350,,,,,,,,0,0,,Asia,,,,,,,,22832,,,
,22833,hydro5,HYD45361,,,,,,,,0,0,,Asia,,,,,,,,22833,,,
,22834,hydro5,HYD45362,,,,,,,,0,0,,Asia,,,,,,,,22834,,,
,22835,hydro5,HYD45363,,,,,,,,0,0,,Asia,,,,,,,,22835,,,
,22836,hydro5,HYD45363,,,,,,,,0,0,,Asia,,,,,,,,22836,,,
,22837,hydro5,HYD45364,,,,,,,,0,0,,Asia,,,,,,,,22837,,,
,22838,hydro5,HYD45364,,,,,,,,0,0,,Asia,,,,,,,,22838,,,
,22839,hydro5,HYD45365,,,,,,,,0,0,,Asia,,,,,,,,22839,,,
,22840,hydro5,HYD45366,,,,,,,,0,0,,Asia,,,,,,,,22840,,,
,22841,hydro5,HYD45367,,,,,,,,0,0,,Asia,,,,,,,,22841,,,
,22842,hydro5,HYD45368,,,,,,,,0,0,,Asia,,,,,,,,22842,,,
,22843,hydro5,HYD45369,,,,,,,,0,0,,Asia,,,,,,,,22843,,,
,22844,hydro5,HYD45371,,,,,,,,0,0,,Asia,,,,,,,,22844,,,
,22845,hydro5,HYD45372,,,,,,,,0,0,,Asia,,,,,,,,22845,,,
,22846,hydro5,HYD45373,,,,,,,,0,0,,Asia,,,,,,,,22846,,,
,22847,hydro5,HYD45374,,,,,,,,0,0,,Asia,,,,,,,,22847,,,
,22848,hydro5,HYD45375,,,,,,,,0,0,,Asia,,,,,,,,22848,,,
,22849,hydro5,HYD45375,,,,,,,,0,0,,Asia,,,,,,,,22849,,,
,22850,hydro5,HYD45376,,,,,,,,0,0,,Asia,,,,,,,,22850,,,
,22851,hydro5,HYD45377,,,,,,,,0,0,,Asia,,,,,,,,22851,,,
,22852,hydro5,HYD45378,,,,,,,,0,0,,Asia,,,,,,,,22852,,,
,22853,hydro5,HYD45379,,,,,,,,0,0,,Asia,,,,,,,,22853,,,
,22854,hydro5,HYD45380,,,,,,,,0,0,,Asia,,,,,,,,22854,,,
,22855,hydro5,HYD45390,,,,,,,,0,0,,Asia,,,,,,,,22855,,,
,22856,hydro5,HYD45401,,,,,,,,0,0,,Asia,,,,,,,,22856,,,
,22857,hydro5,HYD45401,,,,,,,,0,0,,Asia,,,,,,,,22857,,,
,22858,hydro5,HYD45402,,,,,,,,0,0,,Asia,,,,,,,,22858,,,
,22859,hydro5,HYD45403,,,,,,,,0,0,,Asia,,,,,,,,22859,,,
,22860,hydro5,HYD45404,,,,,,,,0,0,,Asia,,,,,,,,22860,,,
,22861,hydro5,HYD45404,,,,,,,,0,0,,Asia,,,,,,,,22861,,,
,22862,hydro5,HYD45405,,,,,,,,0,0,,Asia,,,,,,,,22862,,,
,22863,hydro5,HYD45406,,,,,,,,0,0,,Asia,,,,,,,,22863,,,
,22864,hydro5,HYD45407,,,,,,,,0,0,,Asia,,,,,,,,22864,,,
,22865,hydro5,HYD45408,,,,,,,,0,0,,Asia,,,,,,,,22865,,,
,22866,hydro5,HYD45409,,,,,,,,0,0,,Asia,,,,,,,,22866,,,
,22867,hydro5,HYD45510,,,,,,,,0,0,,Asia,,,,,,,,22867,,,
,22868,hydro5,HYD45520,,,,,,,,0,0,,Asia,,,,,,,,22868,,,
,22869,hydro5,HYD45530,,,,,,,,0,0,,Asia,,,,,,,,22869,,,
,22870,hydro5,HYD45540,,,,,,,,0,0,,Asia,,,,,,,,22870,,,
,22871,hydro5,HYD45550,,,,,,,,0,0,,Asia,,,,,,,,22871,,,
,22872,hydro5,HYD45560,,,,,,,,0,0,,Asia,,,,,,,,22872,,,
,22873,hydro5,HYD45570,,,,,,,,0,0,,Asia,,,,,,,,22873,,,
,22874,hydro5,HYD45580,,,,,,,,0,0,,Asia,,,,,,,,22874,,,
,22875,hydro5,HYD45581,,,,,,,,0,0,,Asia,,,,,,,,22875,,,
,22876,hydro5,HYD45582,,,,,,,,0,0,,Asia,,,,,,,,22876,,,
,22877,hydro5,HYD45583,,,,,,,,0,0,,Asia,,,,,,,,22877,,,
,22878,hydro5,HYD45584,,,,,,,,0,0,,Asia,,,,,,,,22878,,,
,22879,hydro5,HYD45585,,,,,,,,0,0,,Asia,,,,,,,,22879,,,
,22880,hydro5,HYD45586,,,ASHimalaya,2,,,,1,0,,Asia,,,,,,,,22880,,,
,22881,hydro5,HYD45587,,,,,,,,0,0,,Asia,,,,,,,,22881,,,
,22882,hydro5,HYD45588,,,,,,,,0,0,,Asia,,,,,,,,22882,,,
,22883,hydro5,HYD45589,,,ASHimalaya,2,,,,1,0,,Asia,,,,,,,,22883,,,
,22884,hydro5,HYD45590,,,,,,,,0,0,,Asia,,,,,,,,22884,,,
,22885,hydro5,HYD45610,,,,,,,,0,0,,Asia,,,,,,,,22885,,,
,22886,hydro5,HYD45620,,,,,,,,0,0,,Asia,,,,,,,,22886,,,
,22887,hydro5,HYD45630,,,,,,,,0,0,,Asia,,,,,,,,22887,,,
,22888,hydro5,HYD45640,,,ASHimalaya,2,,,,1,0,,Asia,,,,,,,,22888,,,
,22889,hydro5,HYD45641,,,,,,,,0,0,,Asia,,,,,,,,22889,,,
,22890,hydro5,HYD45642,,,ASHimalaya,2,,,,1,0,,Asia,,,,,,,,22890,,,
,22891,hydro5,HYD45643,,,,,,,,0,0,,Asia,,,,,,,,22891,,,
,22892,hydro5,HYD45644,,,ASHimalaya,2,,,,1,0,,Asia,,,,,,,,22892,,,
,22893,hydro5,HYD45645,,,ASHimalaya,2,,,,1,0,,Asia,,,,,,,,22893,,,
,22894,hydro5,HYD45646,,,ASHimalaya,2,,,,1,0,,Asia,,,,,,,,22894,,,
,22895,hydro5,HYD45647,,,ASHimalaya,2,,,,1,0,,Asia,,,,,,,,22895,,,
,22896,hydro5,HYD45648,,,ASHimalaya,2,,,,1,0,,Asia,,,,,,,,22896,,,
,22897,hydro5,HYD45649,,,ASHimalaya,2,,,,1,0,,Asia,,,,,,,,22897,,,
,22898,hydro5,HYD45649,,,ASHimalaya,2,,,,1,0,,Asia,,,,,,,,22898,,,
,22899,hydro5,HYD45649,,,ASHimalaya,2,,,,1,0,,Asia,,,,,,,,22899,,,
,22900,hydro5,HYD45651,,,,,,,,0,0,,Asia,,,,,,,,22900,,,
,22901,hydro5,HYD45652,,,,,,,,0,0,,Asia,,,,,,,,22901,,,
,22902,hydro5,HYD45653,,,,,,,,0,0,,Asia,,,,,,,,22902,,,
,22903,hydro5,HYD45654,,,ASHimalaya,2,,,,1,0,,Asia,,,,,,,,22903,,,
,22904,hydro5,HYD45655,,,ASHimalaya,2,,,,1,0,,Asia,,,,,,,,22904,,,
,22905,hydro5,HYD45656,,,ASHimalaya,2,,,,1,0,,Asia,,,,,,,,22905,,,
,22906,hydro5,HYD45657,,,ASHimalaya,2,,,,1,0,,Asia,,,,,,,,22906,,,
,22907,hydro5,HYD45658,,,ASHimalaya,2,,,,1,0,,Asia,,,,,,,,22907,,,
,22908,hydro5,HYD45659,,,ASHimalaya,2,,,,1,0,,Asia,,,,,,,,22908,,,
,22909,hydro5,HYD45660,,,ASHimalaya,2,,,,1,0,,Asia,,,,,,,,22909,,,
,22910,hydro5,HYD45670,,,ASHimalaya,2,,,,1,0,,Asia,,,,,,,,22910,,,
,22911,hydro5,HYD45680,,,ASHimalaya,2,,,,1,0,,Asia,,,,,,,,22911,,,
,22912,hydro5,HYD45680,,,ASHimalaya,2,,,,1,0,,Asia,,,,,,,,22912,,,
,22913,hydro5,HYD45680,,,ASHimalaya,2,,,,1,0,,Asia,,,,,,,,22913,,,
,22914,hydro5,HYD45690,,,ASHimalaya,2,,,,1,0,,Asia,,,,,,,,22914,,,
,22915,hydro5,HYD45700,,,,,,,,0,0,,Asia,,,,,,,,22915,,,
,22916,hydro5,HYD45800,,,,,,,,0,0,,Asia,,,,,,,,22916,,,
,22917,hydro5,HYD45800,,,,,,,,0,0,,Asia,,,,,,,,22917,,,
,22918,hydro5,HYD46101,,,ASHimalaya,2,,,,1,0,,Asia,,,,,,,,22918,,,
,22919,hydro5,HYD46102,,,ASHimalaya,2,,,,1,0,,Asia,,,,,,,,22919,,,
,22920,hydro5,HYD46103,,,ASHimalaya,2,,,,1,0,,Asia,,,,,,,,22920,,,
,22921,hydro5,HYD46104,,,ASHimalaya,2,,,,1,0,,Asia,,,,,,,,22921,,,
,22922,hydro5,HYD46105,,,ASHimalaya,2,,,,1,0,,Asia,,,,,,,,22922,,,
,22923,hydro5,HYD46106,,,ASHimalaya,2,,,,1,0,,Asia,,,,,,,,22923,,,
,22924,hydro5,HYD46107,,,ASHimalaya,2,,,,1,0,,Asia,,,,,,,,22924,,,
,22925,hydro5,HYD46108,,,ASHimalaya,2,,,,1,0,,Asia,,,,,,,,22925,,,
,22926,hydro5,HYD46110,,,ASHimalaya,2,,,,1,0,,Asia,,,,,,,,22926,,,
,22927,hydro5,HYD46110,,,ASHimalaya,2,,,,1,0,,Asia,,,,,,,,22927,,,
,22928,hydro5,HYD46120,,,ASHimalaya,2,,,,1,0,,Asia,,,,,,,,22928,,,
,22929,hydro5,HYD46120,,,ASHimalaya,2,,,,1,0,,Asia,,,,,,,,22929,,,
,22930,hydro5,HYD46130,,,ASHimalaya,2,,,,1,0,,Asia,,,,,,,,22930,,,
,22931,hydro5,HYD46140,,,ASHimalaya,2,,,,1,0,,Asia,,,,,,,,22931,,,
,22932,hydro5,HYD46150,,,ASHimalaya,2,,,,1,0,,Asia,,,,,,,,22932,,,
,22933,hydro5,HYD46160,,,ASHimalaya,2,,,,1,0,,Asia,,,,,,,,22933,,,
,22934,hydro5,HYD46171,,,ASHimalaya,2,,,,1,0,,Asia,,,,,,,,22934,,,
,22935,hydro5,HYD46172,,,ASHimalaya,2,,,,1,0,,Asia,,,,,,,,22935,,,
,22936,hydro5,HYD46173,,,ASHimalaya,2,,,,1,0,,Asia,,,,,,,,22936,,,
,22937,hydro5,HYD46174,,,ASHimalaya,2,,,,1,0,,Asia,,,,,,,,22937,,,
,22938,hydro5,HYD46175,,,ASHimalaya,2,,,,1,0,,Asia,,,,,,,,22938,,,
,22939,hydro5,HYD46176,,,ASHimalaya,2,,,,1,0,,Asia,,,,,,,,22939,,,
,22940,hydro5,HYD46177,,,ASHimalaya,2,,,,1,0,,Asia,,,,,,,,22940,,,
,22941,hydro5,HYD46178,,,ASHimalaya,2,,,,1,0,,Asia,,,,,,,,22941,,,
,22942,hydro5,HYD46179,,,ASHimalaya,2,,,,1,0,,Asia,,,,,,,,22942,,,
,22943,hydro5,HYD46180,,,ASHimalaya,2,,,,1,0,,Asia,,,,,,,,22943,,,
,22944,hydro5,HYD46190,,,ASHimalaya,2,,,,1,0,,Asia,,,,,,,,22944,,,
,22945,hydro5,HYD46190,,,ASHimalaya,2,,,,1,0,,Asia,,,,,,,,22945,,,
,22946,hydro5,HYD46191,,,ASHimalaya,2,,,,1,0,,Asia,,,,,,,,22946,,,
,22947,hydro5,HYD46192,,,ASHimalaya,2,,,,1,0,,Asia,,,,,,,,22947,,,
,22948,hydro5,HYD46193,,,ASHimalaya,2,,,,1,0,,Asia,,,,,,,,22948,,,
,22949,hydro5,HYD46194,,,ASHimalaya,2,,,,1,0,,Asia,,,,,,,,22949,,,
,22950,hydro5,HYD46195,,,ASHimalaya,2,,,,1,0,,Asia,,,,,,,,22950,,,
,22951,hydro5,HYD46196,,,ASHimalaya,2,,,,1,0,,Asia,,,,,,,,22951,,,
,22952,hydro5,HYD46197,,,ASHimalaya,2,,,,1,0,,Asia,,,,,,,,22952,,,
,22953,hydro5,HYD46198,,,ASHimalaya,2,,,,1,0,,Asia,,,,,,,,22953,,,
,22954,hydro5,HYD46199,,,ASHimalaya,2,,,,1,0,,Asia,,,,,,,,22954,,,
,22955,hydro5,HYD46211,,,ASHimalaya,2,,,,1,0,,Asia,,,,,,,,22955,,,
,22956,hydro5,HYD46212,,,ASHimalaya,2,,,,1,0,,Asia,,,,,,,,22956,,,
,22957,hydro5,HYD46213,,,ASHimalaya,2,,,,1,0,,Asia,,,,,,,,22957,,,
,22958,hydro5,HYD46214,,,ASHimalaya,2,,,,1,0,,Asia,,,,,,,,22958,,,
,22959,hydro5,HYD46215,,,ASHimalaya,2,,,,1,0,,Asia,,,,,,,,22959,,,
,22960,hydro5,HYD46215,,,ASHimalaya,2,,,,1,0,,Asia,,,,,,,,22960,,,
,22961,hydro5,HYD46216,,,ASHimalaya,2,,,,1,0,,Asia,,,,,,,,22961,,,
,22962,hydro5,HYD46217,,,ASHimalaya,2,,,,1,0,,Asia,,,,,,,,22962,,,
,22963,hydro5,HYD46217,,,ASHimalaya,2,,,,1,0,,Asia,,,,,,,,22963,,,
,22964,hydro5,HYD46218,,,ASHimalaya,2,,,,1,0,,Asia,,,,,,,,22964,,,
,22965,hydro5,HYD46219,,,ASHimalaya,2,,,,1,0,,Asia,,,,,,,,22965,,,
,22966,hydro5,HYD46219,,,ASHimalaya,2,,,,1,0,,Asia,,,,,,,,22966,,,
,22967,hydro5,HYD46220,,,ASHimalaya,2,,,,1,0,,Asia,,,,,,,,22967,,,
,22968,hydro5,HYD46230,,,,,,,,0,0,,Asia,,,,,,,,22968,,,
,22969,hydro5,HYD46241,,,ASHimalaya,2,,,,1,0,,Asia,,,,,,,,22969,,,
,22970,hydro5,HYD46242,,,,,,,,0,0,,Asia,,,,,,,,22970,,,
,22971,hydro5,HYD46243,,,,,,,,0,0,,Asia,,,,,,,,22971,,,
,22972,hydro5,HYD46244,,,,,,,,0,0,,Asia,,,,,,,,22972,,,
,22973,hydro5,HYD46245,,,ASHimalaya,2,,,,1,0,,Asia,,,,,,,,22973,,,
,22974,hydro5,HYD46246,,,,,,,,0,0,,Asia,,,,,,,,22974,,,
,22975,hydro5,HYD46247,,,ASHimalaya,2,,,,1,0,,Asia,,,,,,,,22975,,,
,22976,hydro5,HYD46251,,,ASHimalaya,2,,,,1,0,,Asia,,,,,,,,22976,,,
,22977,hydro5,HYD46252,,,ASHimalaya,2,,,,1,0,,Asia,,,,,,,,22977,,,
,22978,hydro5,HYD46253,,,ASHimalaya,2,,,,1,0,,Asia,,,,,,,,22978,,,
,22979,hydro5,HYD46254,,,ASHimalaya,2,,,,1,0,,Asia,,,,,,,,22979,,,
,22980,hydro5,HYD46255,,,ASHimalaya,2,,,,1,0,,Asia,,,,,,,,22980,,,
,22981,hydro5,HYD46256,,,ASHimalaya,2,,,,1,0,,Asia,,,,,,,,22981,,,
,22982,hydro5,HYD46261,,,ASHimalaya,2,,,,1,0,,Asia,,,,,,,,22982,,,
,22983,hydro5,HYD46262,,,ASHimalaya,2,,,,1,0,,Asia,,,,,,,,22983,,,
,22984,hydro5,HYD46262,,,ASHimalaya,2,,,,1,0,,Asia,,,,,,,,22984,,,
,22985,hydro5,HYD46263,,,ASHimalaya,2,,,,1,0,,Asia,,,,,,,,22985,,,
,22986,hydro5,HYD46264,,,ASHimalaya,2,,,,1,0,,Asia,,,,,,,,22986,,,
,22987,hydro5,HYD46265,,,ASHimalaya,2,,,,1,0,,Asia,,,,,,,,22987,,,
,22988,hydro5,HYD46266,,,ASHimalaya,2,,,,1,0,,Asia,,,,,,,,22988,,,
,22989,hydro5,HYD46267,,,ASHimalaya,2,,,,1,0,,Asia,,,,,,,,22989,,,
,22990,hydro5,HYD46268,,,ASHimalaya,2,,,,1,0,,Asia,,,,,,,,22990,,,
,22991,hydro5,HYD46300,,,ASHimalaya,2,,,,1,0,,Asia,,,,,,,,22991,,,
,22992,hydro5,HYD46300,,,ASHimalaya,2,,,,1,0,,Asia,,,,,,,,22992,,,
,22993,hydro5,HYD46300,,,ASHimalaya,2,,,,1,0,,Asia,,,,,,,,22993,,,
,22994,hydro5,HYD46310,,,ASHimalaya,2,,,,1,0,,Asia,,,,,,,,22994,,,
,22995,hydro5,HYD46310,,,ASHimalaya,2,,,,1,0,,Asia,,,,,,,,22995,,,
,22996,hydro5,HYD46320,,,ASHimalaya,2,,,,1,0,,Asia,,,,,,,,22996,,,
,22997,hydro5,HYD46321,,,ASHimalaya,2,,,,1,0,,Asia,,,,,,,,22997,,,
,22998,hydro5,HYD46322,,,ASHimalaya,2,,,,1,0,,Asia,,,,,,,,22998,,,
,22999,hydro5,HYD46323,,,ASHimalaya,2,,,,1,0,,Asia,,,,,,,,22999,,,
,23000,hydro5,HYD46324,,,ASHimalaya,2,,,,1,0,,Asia,,,,,,,,23000,,,
,23001,hydro5,HYD46325,,,ASHimalaya,2,,,,1,0,,Asia,,,,,,,,23001,,,
,23002,hydro5,HYD46326,,,ASHimalaya,2,,,,1,0,,Asia,,,,,,,,23002,,,
,23003,hydro5,HYD46327,,,ASHimalaya,2,,,,1,0,,Asia,,,,,,,,23003,,,
,23004,hydro5,HYD46328,,,ASHimalaya,2,,,,1,0,,Asia,,,,,,,,23004,,,
,23005,hydro5,HYD46329,,,ASHimalaya,2,,,,1,0,,Asia,,,,,,,,23005,,,
,23006,hydro5,HYD46330,,,ASHimalaya,2,,,,1,0,,Asia,,,,,,,,23006,,,
,23007,hydro5,HYD46340,,,ASHimalaya,2,,,,1,0,,Asia,,,,,,,,23007,,,
,23008,hydro5,HYD46350,,,ASHimalaya,2,,,,1,0,,Asia,,,,,,,,23008,,,
,23009,hydro5,HYD46360,,,ASHimalaya,2,,,,1,0,,Asia,,,,,,,,23009,,,
,23010,hydro5,HYD46370,,,ASHimalaya,2,,,,1,0,,Asia,,,,,,,,23010,,,
,23011,hydro5,HYD46380,,,ASHimalaya,2,,,,1,0,,Asia,,,,,,,,23011,,,
,23012,hydro5,HYD46391,,,ASHimalaya,2,,,,1,0,,Asia,,,,,,,,23012,,,
,23013,hydro5,HYD46391,,,ASHimalaya,2,,,,1,0,,Asia,,,,,,,,23013,,,
,23014,hydro5,HYD46392,,,ASHimalaya,2,,,,1,0,,Asia,,,,,,,,23014,,,
,23015,hydro5,HYD46393,,,ASHimalaya,2,,,,1,0,,Asia,,,,,,,,23015,,,
,23016,hydro5,HYD46394,,,ASHimalaya,2,,,,1,0,,Asia,,,,,,,,23016,,,
,23017,hydro5,HYD46395,,,ASHimalaya,2,,,,1,0,,Asia,,,,,,,,23017,,,
,23018,hydro5,HYD46396,,,ASHimalaya,2,,,,1,0,,Asia,,,,,,,,23018,,,
,23019,hydro5,HYD46397,,,ASHimalaya,2,,,,1,0,,Asia,,,,,,,,23019,,,
,23020,hydro5,HYD46398,,,ASHimalaya,2,,,,1,0,,Asia,,,,,,,,23020,,,
,23021,hydro5,HYD46399,,,ASHimalaya,2,,,,1,0,,Asia,,,,,,,,23021,,,
,23022,hydro5,HYD47110,,,ASHimalaya,2,,,,1,0,,Asia,,,,,,,,23022,,,
,23023,hydro5,HYD47110,,,ASHimalaya,2,,,,1,0,,Asia,,,,,,,,23023,,,
,23024,hydro5,HYD47110,,,ASHimalaya,2,,,,1,0,,Asia,,,,,,,,23024,,,
,23025,hydro5,HYD47120,,,ASHimalaya,2,,,,1,0,,Asia,,,,,,,,23025,,,
,23026,hydro5,HYD47120,,,ASHimalaya,2,,,,1,0,,Asia,,,,,,,,23026,,,
,23027,hydro5,HYD47130,,,ASHimalaya,2,,,,1,0,,Asia,,,,,,,,23027,,,
,23028,hydro5,HYD47140,,,ASHimalaya,2,,,,1,0,,Asia,,,,,,,,23028,,,
,23029,hydro5,HYD47150,,,ASHimalaya,2,,,,1,0,,Asia,,,,,,,,23029,,,
,23030,hydro5,HYD47160,,,ASHimalaya,2,,,,1,0,,Asia,,,,,,,,23030,,,
,23031,hydro5,HYD47201,,,,,,,,0,0,,Asia,,,,,,,,23031,,,
,23032,hydro5,HYD47201,,,ASHimalaya,2,,,,1,0,,Asia,,,,,,,,23032,,,
,23033,hydro5,HYD47202,,,,,,,,0,0,,Asia,,,,,,,,23033,,,
,23034,hydro5,HYD47203,,,ASHimalaya,2,,,,1,0,,Asia,,,,,,,,23034,,,
,23035,hydro5,HYD47204,,,,,,,,0,0,,Asia,,,,,,,,23035,,,
,23036,hydro5,HYD47205,,,,,,,,0,0,,Asia,,,,,,,,23036,,,
,23037,hydro5,HYD47206,,,,,,,,0,0,,Asia,,,,,,,,23037,,,
,23038,hydro5,HYD47310,,,,,,,,0,0,,Asia,,,,,,,,23038,,,
,23039,hydro5,HYD47320,,,,,,,,0,0,,Asia,,,,,,,,23039,,,
,23040,hydro5,HYD47330,,,,,,,,0,0,,Asia,,,,,,,,23040,,,
,23041,hydro5,HYD47340,,,ASHimalaya,2,,,,1,0,,Asia,,,,,,,,23041,,,
,23042,hydro5,HYD47350,,,,,,,,0,0,,Asia,,,,,,,,23042,,,
,23043,hydro5,HYD47360,,,,,,,,0,0,,Asia,,,,,,,,23043,,,
,23044,hydro5,HYD47370,,,,,,,,0,0,,Asia,,,,,,,,23044,,,
,23045,hydro5,HYD47401,,,,,,,,0,0,,Asia,,,,,,,,23045,,,
,23046,hydro5,HYD47402,,,,,,,,0,0,,Asia,,,,,,,,23046,,,
,23047,hydro5,HYD47403,,,,,,,,0,0,,Asia,,,,,,,,23047,,,
,23048,hydro5,HYD47404,,,,,,,,0,0,,Asia,,,,,,,,23048,,,
,23049,hydro5,HYD47405,,,,,,,,0,0,,Asia,,,,,,,,23049,,,
,23050,hydro5,HYD47510,,,,,,,,0,0,,Asia,,,,,,,,23050,,,
,23051,hydro5,HYD47520,,,,,,,,0,0,,Asia,,,,,,,,23051,,,
,23052,hydro5,HYD47530,,,,,,,,0,0,,Asia,,,,,,,,23052,,,
,23053,hydro5,HYD47540,,,,,,,,0,0,,Asia,,,,,,,,23053,,,
,23054,hydro5,HYD47550,,,,,,,,0,0,,Asia,,,,,,,,23054,,,
,23055,hydro5,HYD47560,,,,,,,,0,0,,Asia,,,,,,,,23055,,,
,23056,hydro5,HYD48101,,,ASHimalaya,2,,,,1,0,,Asia,,,,,,,,23056,,,
,23057,hydro5,HYD48102,,,ASHimalaya,2,,,,1,0,,Asia,,,,,,,,23057,,,
,23058,hydro5,HYD48201,,,,,,,,0,0,,Asia,,,,,,,,23058,,,
,23059,hydro5,HYD48202,,,,,,,,0,0,,Asia,,,,,,,,23059,,,
,23060,hydro5,HYD48202,,,ASHimalaya,2,,,,1,0,,Asia,,,,,,,,23060,,,
,23061,hydro5,HYD48203,,,,,,,,0,0,,Asia,,,,,,,,23061,,,
,23062,hydro5,HYD48204,,,,,,,,0,0,,Asia,,,,,,,,23062,,,
,23063,hydro5,HYD48210,,,ASHimalaya,2,,,,1,0,,Asia,,,,,,,,23063,,,
,23064,hydro5,HYD48210,,,ASHimalaya,2,,,,1,0,,Asia,,,,,,,,23064,,,
,23065,hydro5,HYD48220,,,ASHimalaya,2,,,,1,0,,Asia,,,,,,,,23065,,,
,23066,hydro5,HYD48220,,,ASHimalaya,2,,,,1,0,,Asia,,,,,,,,23066,,,
,23067,hydro5,HYD48231,,,ASHimalaya,2,,,,1,0,,Asia,,,,,,,,23067,,,
,23068,hydro5,HYD48232,,,ASHimalaya,2,,,,1,0,,Asia,,,,,,,,23068,,,
,23069,hydro5,HYD48233,,,ASHimalaya,2,,,,1,0,,Asia,,,,,,,,23069,,,
,23070,hydro5,HYD48234,,,ASHimalaya,2,,,,1,0,,Asia,,,,,,,,23070,,,
,23071,hydro5,HYD48235,,,ASHimalaya,2,,,,1,0,,Asia,,,,,,,,23071,,,
,23072,hydro5,HYD48236,,,ASHimalaya,2,,,,1,0,,Asia,,,,,,,,23072,,,
,23073,hydro5,HYD48237,,,ASHimalaya,2,,,,1,0,,Asia,,,,,,,,23073,,,
,23074,hydro5,HYD48238,,,ASHimalaya,2,,,,1,0,,Asia,,,,,,,,23074,,,
,23075,hydro5,HYD48239,,,ASHimalaya,2,,,,1,0,,Asia,,,,,,,,23075,,,
,23076,hydro5,HYD48240,,,ASHimalaya,2,,,,1,0,,Asia,,,,,,,,23076,,,
,23077,hydro5,HYD48241,,,ASHimalaya,2,,,,1,0,,Asia,,,,,,,,23077,,,
,23078,hydro5,HYD48242,,,ASHimalaya,2,,,,1,0,,Asia,,,,,,,,23078,,,
,23079,hydro5,HYD48243,,,ASHimalaya,2,,,,1,0,,Asia,,,,,,,,23079,,,
,23080,hydro5,HYD48244,,,ASHimalaya,2,,,,1,0,,Asia,,,,,,,,23080,,,
,23081,hydro5,HYD48245,,,ASHimalaya,2,,,,1,0,,Asia,,,,,,,,23081,,,
,23082,hydro5,HYD48246,,,ASHimalaya,2,,,,1,0,,Asia,,,,,,,,23082,,,
,23083,hydro5,HYD48247,,,ASHimalaya,2,,,,1,0,,Asia,,,,,,,,23083,,,
,23084,hydro5,HYD48248,,,ASHimalaya,2,,,,1,0,,Asia,,,,,,,,23084,,,
,23085,hydro5,HYD48249,,,ASHimalaya,2,,,,1,0,,Asia,,,,,,,,23085,,,
,23086,hydro5,HYD48250,,,ASHimalaya,2,,,,1,0,,Asia,,,,,,,,23086,,,
,23087,hydro5,HYD48260,,,ASHimalaya,2,,,,1,0,,Asia,,,,,,,,23087,,,
,23088,hydro5,HYD48260,,,ASHimalaya,2,,,,1,0,,Asia,,,,,,,,23088,,,
,23089,hydro5,HYD48261,,,ASHimalaya,2,,,,1,0,,Asia,,,,,,,,23089,,,
,23090,hydro5,HYD48262,,,ASHimalaya,2,,,,1,0,,Asia,,,,,,,,23090,,,
,23091,hydro5,HYD48263,,,ASHimalaya,2,,,,1,0,,Asia,,,,,,,,23091,,,
,23092,hydro5,HYD48264,,,ASHimalaya,2,,,,1,0,,Asia,,,,,,,,23092,,,
,23093,hydro5,HYD48265,,,ASHimalaya,2,,,,1,0,,Asia,,,,,,,,23093,,,
,23094,hydro5,HYD48266,,,ASHimalaya,2,,,,1,0,,Asia,,,,,,,,23094,,,
,23095,hydro5,HYD48267,,,ASHimalaya,2,,,,1,0,,Asia,,,,,,,,23095,,,
,23096,hydro5,HYD48268,,,ASHimalaya,2,,,,1,0,,Asia,,,,,,,,23096,,,
,23097,hydro5,HYD48269,,,ASHimalaya,2,,,,1,0,,Asia,,,,,,,,23097,,,
,23098,hydro5,HYD48270,,,ASHimalaya,2,,,,1,0,,Asia,,,,,,,,23098,,,
,23099,hydro5,HYD48280,,,ASHimalaya,2,,,,1,0,,Asia,,,,,,,,23099,,,
,23100,hydro5,HYD48291,,,ASHimalaya,2,,,,1,0,,Asia,,,,,,,,23100,,,
,23101,hydro5,HYD48292,,,ASHimalaya,2,,,,1,0,,Asia,,,,,,,,23101,,,
,23102,hydro5,HYD48293,,,ASHimalaya,2,,,,1,0,,Asia,,,,,,,,23102,,,
,23103,hydro5,HYD48294,,,ASHimalaya,2,,,,1,0,,Asia,,,,,,,,23103,,,
,23104,hydro5,HYD48295,,,ASHimalaya,2,,,,1,0,,Asia,,,,,,,,23104,,,
,23105,hydro5,HYD48296,,,ASHimalaya,2,,,,1,0,,Asia,,,,,,,,23105,,,
,23106,hydro5,HYD48297,,,ASHimalaya,2,,,,1,0,,Asia,,,,,,,,23106,,,
,23107,hydro5,HYD48298,,,ASHimalaya,2,,,,1,0,,Asia,,,,,,,,23107,,,
,23108,hydro5,HYD48299,,,ASHimalaya,2,,,,1,0,,Asia,,,,,,,,23108,,,
,23109,hydro5,HYD48301,,,ASHimalaya,2,,,,1,0,,Asia,,,,,,,,23109,,,
,23110,hydro5,HYD48301,,,ASHimalaya,2,,,,1,0,,Asia,,,,,,,,23110,,,
,23111,hydro5,HYD48301,,,ASHimalaya,2,,,,1,0,,Asia,,,,,,,,23111,,,
,23112,hydro5,HYD48302,,,ASHimalaya,2,,,,1,0,,Asia,,,,,,,,23112,,,
,23113,hydro5,HYD48303,,,ASHimalaya,2,,,,1,0,,Asia,,,,,,,,23113,,,
,23114,hydro5,HYD48304,,,ASHimalaya,2,,,,1,0,,Asia,,,,,,,,23114,,,
,23115,hydro5,HYD48305,,,ASHimalaya,2,,,,1,0,,Asia,,,,,,,,23115,,,
,23116,hydro5,HYD48305,,,ASHimalaya,2,,,,1,0,,Asia,,,,,,,,23116,,,
,23117,hydro5,HYD49110,,,ASHimalaya,2,,,,1,0,,Asia,,,,,,,,23117,,,
,23118,hydro5,HYD49110,,,ASHimalaya,2,,,,1,0,,Asia,,,,,,,,23118,,,
,23119,hydro5,HYD49110,,,ASHimalaya,2,,,,1,0,,Asia,,,,,,,,23119,,,
,23120,hydro5,HYD49120,,,ASHimalaya,2,,,,1,0,,Asia,,,,,,,,23120,,,
,23121,hydro5,HYD49130,,,ASHimalaya,2,,,,1,0,,Asia,,,,,,,,23121,,,
,23122,hydro5,HYD49130,,,ASHimalaya,2,,,,1,0,,Asia,,,,,,,,23122,,,
,23123,hydro5,HYD49140,,,ASHimalaya,2,,,,1,0,,Asia,,,,,,,,23123,,,
,23124,hydro5,HYD49140,,,ASHimalaya,2,,,,1,0,,Asia,,,,,,,,23124,,,
,23125,hydro5,HYD49140,,,ASHimalaya,2,,,,1,0,,Asia,,,,,,,,23125,,,
,23126,hydro5,HYD49140,,,ASHimalaya,2,,,,1,0,,Asia,,,,,,,,23126,,,
,23127,hydro5,HYD49140,,,ASHimalaya,2,,,,1,0,,Asia,,,,,,,,23127,,,
,23128,hydro5,HYD49150,,,ASHimalaya,2,,,,1,0,,Asia,,,,,,,,23128,,,
,23129,hydro5,HYD49150,,,ASHimalaya,2,,,,1,0,,Asia,,,,,,,,23129,,,
,23130,hydro5,HYD49150,,,ASHimalaya,2,,,,1,0,,Asia,,,,,,,,23130,,,
,23131,hydro5,HYD49150,,,ASHimalaya,2,,,,1,0,,Asia,,,,,,,,23131,,,
,23132,hydro5,HYD49150,,,ASHimalaya,2,,,,1,0,,Asia,,,,,,,,23132,,,
,23133,hydro5,HYD49150,,,ASHimalaya,2,,,,1,0,,Asia,,,,,,,,23133,,,
,23134,hydro5,HYD49160,,,ASHimalaya,2,,,,1,0,,Asia,,,,,,,,23134,,,
,23135,hydro5,HYD49160,,,ASHimalaya,2,,,,1,0,,Asia,,,,,,,,23135,,,
,23136,hydro5,HYD49170,,,ASHimalaya,2,,,,1,0,,Asia,,,,,,,,23136,,,
,23137,hydro5,HYD49170,,,ASHimalaya,2,,,,1,0,,Asia,,,,,,,,23137,,,
,23138,hydro5,HYD49170,,,ASHimalaya,2,,,,1,0,,Asia,,,,,,,,23138,,,
,23139,hydro5,HYD49201,,,ASHimalaya,2,,,,1,0,,Asia,,,,,,,,23139,,,
,23140,hydro5,HYD49202,,,ASHimalaya,2,,,,1,0,,Asia,,,,,,,,23140,,,
,23141,hydro5,HYD49203,,,ASHimalaya,2,,,,1,0,,Asia,,,,,,,,23141,,,
,23142,hydro5,HYD49204,,,ASHimalaya,2,,,,1,0,,Asia,,,,,,,,23142,,,
,23143,hydro5,HYD49205,,,ASHimalaya,2,,,,1,0,,Asia,,,,,,,,23143,,,
,23144,hydro5,HYD49206,,,ASHimalaya,2,,,,1,0,,Asia,,,,,,,,23144,,,
,23145,hydro5,HYD49206,,,ASHimalaya,2,,,,1,0,,Asia,,,,,,,,23145,,,
,23146,hydro5,HYD49207,,,ASHimalaya,2,,,,1,0,,Asia,,,,,,,,23146,,,
,23147,hydro5,HYD49207,,,ASHimalaya,2,,,,1,0,,Asia,,,,,,,,23147,,,
,23148,hydro5,HYD49207,,,ASHimalaya,2,,,,1,0,,Asia,,,,,,,,23148,,,
,23149,hydro5,HYD49207,,,ASHimalaya,2,,,,1,0,,Asia,,,,,,,,23149,,,
,23150,hydro5,HYD51111,,,,,,,,0,0,,Australasia,,,,,,,,23150,,,
,23151,hydro5,HYD51112,,,,,,,,0,0,,Australasia,,,,,,,,23151,,,
,23152,hydro5,HYD51113,,,,,,,,0,0,,Australasia,,,,,,,,23152,,,
,23153,hydro5,HYD51114,,,,,,,,0,0,,Australasia,,,,,,,,23153,,,
,23154,hydro5,HYD51115,,,,,,,,0,0,,Australasia,,,,,,,,23154,,,
,23155,hydro5,HYD51116,,,,,,,,0,0,,Australasia,,,,,,,,23155,,,
,23156,hydro5,HYD51116,,,,,,,,0,0,,Australasia,,,,,,,,23156,,,
,23157,hydro5,HYD51117,,,,,,,,0,0,,Australasia,,,,,,,,23157,,,
,23158,hydro5,HYD51118,,,,,,,,0,0,,Australasia,,,,,,,,23158,,,
,23159,hydro5,HYD51119,,,,,,,,0,0,,Australasia,,,,,,,,23159,,,
,23160,hydro5,HYD51120,,,,,,,,0,0,,Australasia,,,,,,,,23160,,,
,23161,hydro5,HYD51130,,,,,,,,0,0,,Australasia,,,,,,,,23161,,,
,23162,hydro5,HYD51140,,,,,,,,0,0,,Australasia,,,,,,,,23162,,,
,23163,hydro5,HYD51150,,,,,,,,0,0,,Australasia,,,,,,,,23163,,,
,23164,hydro5,HYD51160,,,,,,,,0,0,,Australasia,,,,,,,,23164,,,
,23165,hydro5,HYD51170,,,,,,,,0,0,,Australasia,,,,,,,,23165,,,
,23166,hydro5,HYD51180,,,,,,,,0,0,,Australasia,,,,,,,,23166,,,
,23167,hydro5,HYD51190,,,,,,,,0,0,,Australasia,,,,,,,,23167,,,
,23168,hydro5,HYD51200,,,,,,,,0,0,,Australasia,,,,,,,,23168,,,
,23169,hydro5,HYD51300,,,,,,,,0,0,,Australasia,,,,,,,,23169,,,
,23170,hydro5,HYD51400,,,,,,,,0,0,,Australasia,,,,,,,,23170,,,
,23171,hydro5,HYD51501,,,,,,,,0,0,,Australasia,,,,,,,,23171,,,
,23172,hydro5,HYD51502,,,,,,,,0,0,,Australasia,,,,,,,,23172,,,
,23173,hydro5,HYD51503,,,,,,,,0,0,,Australasia,,,,,,,,23173,,,
,23174,hydro5,HYD51504,,,,,,,,0,0,,Australasia,,,,,,,,23174,,,
,23175,hydro5,HYD51505,,,,,,,,0,0,,Australasia,,,,,,,,23175,,,
,23176,hydro5,HYD51506,,,,,,,,0,0,,Australasia,,,,,,,,23176,,,
,23177,hydro5,HYD51507,,,,,,,,0,0,,Australasia,,,,,,,,23177,,,
,23178,hydro5,HYD51508,,,,,,,,0,0,,Australasia,,,,,,,,23178,,,
,23179,hydro5,HYD51600,,,,,,,,0,0,,Australasia,,,,,,,,23179,,,
,23180,hydro5,HYD51700,,,,,,,,0,0,,Australasia,,,,,,,,23180,,,
,23181,hydro5,HYD52110,,,,,,,,0,0,,Australasia,,,,,,,,23181,,,
,23182,hydro5,HYD52120,,,,,,,,0,0,,Australasia,,,,,,,,23182,,,
,23183,hydro5,HYD52131,,,,,,,,0,0,,Australasia,,,,,,,,23183,,,
,23184,hydro5,HYD52132,,,,,,,,0,0,,Australasia,,,,,,,,23184,,,
,23185,hydro5,HYD52133,,,,,,,,0,0,,Australasia,,,,,,,,23185,,,
,23186,hydro5,HYD52134,,,,,,,,0,0,,Australasia,,,,,,,,23186,,,
,23187,hydro5,HYD52135,,,,,,,,0,0,,Australasia,,,,,,,,23187,,,
,23188,hydro5,HYD52136,,,,,,,,0,0,,Australasia,,,,,,,,23188,,,
,23189,hydro5,HYD52137,,,,,,,,0,0,,Australasia,,,,,,,,23189,,,
,23190,hydro5,HYD52138,,,,,,,,0,0,,Australasia,,,,,,,,23190,,,
,23191,hydro5,HYD52139,,,,,,,,0,0,,Australasia,,,,,,,,23191,,,
,23192,hydro5,HYD52140,,,,,,,,0,0,,Australasia,,,,,,,,23192,,,
,23193,hydro5,HYD52150,,,,,,,,0,0,,Australasia,,,,,,,,23193,,,
,23194,hydro5,HYD52160,,,,,,,,0,0,,Australasia,,,,,,,,23194,,,
,23195,hydro5,HYD52171,,,,,,,,0,0,,Australasia,,,,,,,,23195,,,
,23196,hydro5,HYD52172,,,,,,,,0,0,,Australasia,,,,,,,,23196,,,
,23197,hydro5,HYD52173,,,,,,,,0,0,,Australasia,,,,,,,,23197,,,
,23198,hydro5,HYD52174,,,,,,,,0,0,,Australasia,,,,,,,,23198,,,
,23199,hydro5,HYD52175,,,,,,,,0,0,,Australasia,,,,,,,,23199,,,
,23200,hydro5,HYD52176,,,,,,,,0,0,,Australasia,,,,,,,,23200,,,
,23201,hydro5,HYD52177,,,,,,,,0,0,,Australasia,,,,,,,,23201,,,
,23202,hydro5,HYD52178,,,,,,,,0,0,,Australasia,,,,,,,,23202,,,
,23203,hydro5,HYD52179,,,,,,,,0,0,,Australasia,,,,,,,,23203,,,
,23204,hydro5,HYD52180,,,,,,,,0,0,,Australasia,,,,,,,,23204,,,
,23205,hydro5,HYD52190,,,,,,,,0,0,,Australasia,,,,,,,,23205,,,
,23206,hydro5,HYD52200,,,,,,,,0,0,,Australasia,,,,,,,,23206,,,
,23207,hydro5,HYD52300,,,,,,,,0,0,,Australasia,,,,,,,,23207,,,
,23208,hydro5,HYD52400,,,,,,,,0,0,,Australasia,,,,,,,,23208,,,
,23209,hydro5,HYD52401,,,,,,,,0,0,,Australasia,,,,,,,,23209,,,
,23210,hydro5,HYD52402,,,,,,,,0,0,,Australasia,,,,,,,,23210,,,
,23211,hydro5,HYD52402,,,,,,,,0,0,,Australasia,,,,,,,,23211,,,
,23212,hydro5,HYD52403,,,,,,,,0,0,,Australasia,,,,,,,,23212,,,
,23213,hydro5,HYD52404,,,,,,,,0,0,,Australasia,,,,,,,,23213,,,
,23214,hydro5,HYD52405,,,,,,,,0,0,,Australasia,,,,,,,,23214,,,
,23215,hydro5,HYD52406,,,,,,,,0,0,,Australasia,,,,,,,,23215,,,
,23216,hydro5,HYD52407,,,,,,,,0,0,,Australasia,,,,,,,,23216,,,
,23217,hydro5,HYD52408,,,,,,,,0,0,,Australasia,,,,,,,,23217,,,
,23218,hydro5,HYD52409,,,,,,,,0,0,,Australasia,,,,,,,,23218,,,
,23219,hydro5,HYD52409,,,,,,,,0,0,,Australasia,,,,,,,,23219,,,
,23220,hydro5,HYD52409,,,,,,,,0,0,,Australasia,,,,,,,,23220,,,
,23221,hydro5,HYD52501,,,,,,,,0,0,,Australasia,,,,,,,,23221,,,
,23222,hydro5,HYD52501,,,,,,,,0,0,,Australasia,,,,,,,,23222,,,
,23223,hydro5,HYD52501,,,,,,,,0,0,,Australasia,,,,,,,,23223,,,
,23224,hydro5,HYD52502,,,,,,,,0,0,,Australasia,,,,,,,,23224,,,
,23225,hydro5,HYD52503,,,,,,,,0,0,,Australasia,,,,,,,,23225,,,
,23226,hydro5,HYD52504,,,,,,,,0,0,,Australasia,,,,,,,,23226,,,
,23227,hydro5,HYD52505,,,,,,,,0,0,,Australasia,,,,,,,,23227,,,
,23228,hydro5,HYD52506,,,,,,,,0,0,,Australasia,,,,,,,,23228,,,
,23229,hydro5,HYD52507,,,,,,,,0,0,,Australasia,,,,,,,,23229,,,
,23230,hydro5,HYD52508,,,,,,,,0,0,,Australasia,,,,,,,,23230,,,
,23231,hydro5,HYD52509,,,,,,,,0,0,,Australasia,,,,,,,,23231,,,
,23232,hydro5,HYD52600,,,,,,,,0,0,,Australasia,,,,,,,,23232,,,
,23233,hydro5,HYD53110,,,,,,,,0,0,,Australasia,,,,,,,,23233,,,
,23234,hydro5,HYD53120,,,,,,,,0,0,,Australasia,,,,,,,,23234,,,
,23235,hydro5,HYD53130,,,,,,,,0,0,,Australasia,,,,,,,,23235,,,
,23236,hydro5,HYD53140,,,,,,,,0,0,,Australasia,,,,,,,,23236,,,
,23237,hydro5,HYD53140,,,,,,,,0,0,,Australasia,,,,,,,,23237,,,
,23238,hydro5,HYD53150,,,,,,,,0,0,,Australasia,,,,,,,,23238,,,
,23239,hydro5,HYD53151,,,,,,,,0,0,,Australasia,,,,,,,,23239,,,
,23240,hydro5,HYD53152,,,,,,,,0,0,,Australasia,,,,,,,,23240,,,
,23241,hydro5,HYD53153,,,,,,,,0,0,,Australasia,,,,,,,,23241,,,
,23242,hydro5,HYD53154,,,,,,,,0,0,,Australasia,,,,,,,,23242,,,
,23243,hydro5,HYD53155,,,,,,,,0,0,,Australasia,,,,,,,,23243,,,
,23244,hydro5,HYD53156,,,,,,,,0,0,,Australasia,,,,,,,,23244,,,
,23245,hydro5,HYD53157,,,,,,,,0,0,,Australasia,,,,,,,,23245,,,
,23246,hydro5,HYD53158,,,,,,,,0,0,,Australasia,,,,,,,,23246,,,
,23247,hydro5,HYD53159,,,,,,,,0,0,,Australasia,,,,,,,,23247,,,
,23248,hydro5,HYD53160,,,,,,,,0,0,,Australasia,,,,,,,,23248,,,
,23249,hydro5,HYD53170,,,,,,,,0,0,,Australasia,,,,,,,,23249,,,
,23250,hydro5,HYD53180,,,,,,,,0,0,,Australasia,,,,,,,,23250,,,
,23251,hydro5,HYD53190,,,,,,,,0,0,,Australasia,,,,,,,,23251,,,
,23252,hydro5,HYD53200,,,,,,,,0,0,,Australasia,,,,,,,,23252,,,
,23253,hydro5,HYD53300,,,,,,,,0,0,,Australasia,,,,,,,,23253,,,
,23254,hydro5,HYD53400,,,,,,,,0,0,,Australasia,,,,,,,,23254,,,
,23255,hydro5,HYD53500,,,,,,,,0,0,,Australasia,,,,,,,,23255,,,
,23256,hydro5,HYD53600,,,,,,,,0,0,,Australasia,,,,,,,,23256,,,
,23257,hydro5,HYD53700,,,,,,,,0,0,,Australasia,,,,,,,,23257,,,
,23258,hydro5,HYD53800,,,,,,,,0,0,,Australasia,,,,,,,,23258,,,
,23259,hydro5,HYD54100,,,,,,,,0,0,,Australasia,,,,,,,,23259,,,
,23260,hydro5,HYD54200,,,,,,,,0,0,,Australasia,,,,,,,,23260,,,
,23261,hydro5,HYD54300,,,,,,,,0,0,,Australasia,,,,,,,,23261,,,
,23262,hydro5,HYD54400,,,,,,,,0,0,,Australasia,,,,,,,,23262,,,
,23263,hydro5,HYD54500,,,,,,,,0,0,,Australasia,,,,,,,,23263,,,
,23264,hydro5,HYD55100,,,,,,,,0,0,,Australasia,,,,,,,,23264,,,
,23265,hydro5,HYD55200,,,,,,,,0,0,,Australasia,,,,,,,,23265,,,
,23266,hydro5,HYD55300,,,,,,,,0,0,,Australasia,,,,,,,,23266,,,
,23267,hydro5,HYD55400,,,,,,,,0,0,,Australasia,,,,,,,,23267,,,
,23268,hydro5,HYD55500,,,,,,,,0,0,,Australasia,,,,,,,,23268,,,
,23269,hydro5,HYD55600,,,,,,,,0,0,,Australasia,,,,,,,,23269,,,
,23270,hydro5,HYD55700,,,,,,,,0,0,,Australasia,,,,,,,,23270,,,
,23271,hydro5,HYD56100,,,,,,,,0,0,,Australasia,,,,,,,,23271,,,
,23272,hydro5,HYD56110,,,,,,,,0,0,,Australasia,,,,,,,,23272,,,
,23273,hydro5,HYD56120,,,,,,,,0,0,,Australasia,,,,,,,,23273,,,
,23274,hydro5,HYD56121,,,,,,,,0,0,,Australasia,,,,,,,,23274,,,
,23275,hydro5,HYD56122,,,,,,,,0,0,,Australasia,,,,,,,,23275,,,
,23276,hydro5,HYD56123,,,,,,,,0,0,,Australasia,,,,,,,,23276,,,
,23277,hydro5,HYD56124,,,,,,,,0,0,,Australasia,,,,,,,,23277,,,
,23278,hydro5,HYD56125,,,,,,,,0,0,,Australasia,,,,,,,,23278,,,
,23279,hydro5,HYD56126,,,,,,,,0,0,,Australasia,,,,,,,,23279,,,
,23280,hydro5,HYD56127,,,,,,,,0,0,,Australasia,,,,,,,,23280,,,
,23281,hydro5,HYD56128,,,,,,,,0,0,,Australasia,,,,,,,,23281,,,
,23282,hydro5,HYD56129,,,,,,,,0,0,,Australasia,,,,,,,,23282,,,
,23283,hydro5,HYD56130,,,,,,,,0,0,,Australasia,,,,,,,,23283,,,
,23284,hydro5,HYD56140,,,,,,,,0,0,,Australasia,,,,,,,,23284,,,
,23285,hydro5,HYD56141,,,,,,,,0,0,,Australasia,,,,,,,,23285,,,
,23286,hydro5,HYD56142,,,,,,,,0,0,,Australasia,,,,,,,,23286,,,
,23287,hydro5,HYD56143,,,,,,,,0,0,,Australasia,,,,,,,,23287,,,
,23288,hydro5,HYD56144,,,,,,,,0,0,,Australasia,,,,,,,,23288,,,
,23289,hydro5,HYD56145,,,,,,,,0,0,,Australasia,,,,,,,,23289,,,
,23290,hydro5,HYD56146,,,,,,,,0,0,,Australasia,,,,,,,,23290,,,
,23291,hydro5,HYD56147,,,,,,,,0,0,,Australasia,,,,,,,,23291,,,
,23292,hydro5,HYD56148,,,,,,,,0,0,,Australasia,,,,,,,,23292,,,
,23293,hydro5,HYD56149,,,,,,,,0,0,,Australasia,,,,,,,,23293,,,
,23294,hydro5,HYD56150,,,,,,,,0,0,,Australasia,,,,,,,,23294,,,
,23295,hydro5,HYD56160,,,,,,,,0,0,,Australasia,,,,,,,,23295,,,
,23296,hydro5,HYD56170,,,,,,,,0,0,,Australasia,,,,,,,,23296,,,
,23297,hydro5,HYD56180,,,,,,,,0,0,,Australasia,,,,,,,,23297,,,
,23298,hydro5,HYD56190,,,,,,,,0,0,,Australasia,,,,,,,,23298,,,
,23299,hydro5,HYD56191,,,,,,,,0,0,,Australasia,,,,,,,,23299,,,
,23300,hydro5,HYD56192,,,,,,,,0,0,,Australasia,,,,,,,,23300,,,
,23301,hydro5,HYD56193,,,,,,,,0,0,,Australasia,,,,,,,,23301,,,
,23302,hydro5,HYD56194,,,,,,,,0,0,,Australasia,,,,,,,,23302,,,
,23303,hydro5,HYD56195,,,,,,,,0,0,,Australasia,,,,,,,,23303,,,
,23304,hydro5,HYD56196,,,,,,,,0,0,,Australasia,,,,,,,,23304,,,
,23305,hydro5,HYD56197,,,,,,,,0,0,,Australasia,,,,,,,,23305,,,
,23306,hydro5,HYD56198,,,,,,,,0,0,,Australasia,,,,,,,,23306,,,
,23307,hydro5,HYD56199,,,,,,,,0,0,,Australasia,,,,,,,,23307,,,
,23308,hydro5,HYD56200,,,,,,,,0,0,,Australasia,,,,,,,,23308,,,
,23309,hydro5,HYD56210,,,,,,,,0,0,,Australasia,,,,,,,,23309,,,
,23310,hydro5,HYD56220,,,,,,,,0,0,,Australasia,,,,,,,,23310,,,
,23311,hydro5,HYD56231,,,,,,,,0,0,,Australasia,,,,,,,,23311,,,
,23312,hydro5,HYD56232,,,,,,,,0,0,,Australasia,,,,,,,,23312,,,
,23313,hydro5,HYD56233,,,,,,,,0,0,,Australasia,,,,,,,,23313,,,
,23314,hydro5,HYD56234,,,,,,,,0,0,,Australasia,,,,,,,,23314,,,
,23315,hydro5,HYD56235,,,,,,,,0,0,,Australasia,,,,,,,,23315,,,
,23316,hydro5,HYD56236,,,,,,,,0,0,,Australasia,,,,,,,,23316,,,
,23317,hydro5,HYD56237,,,,,,,,0,0,,Australasia,,,,,,,,23317,,,
,23318,hydro5,HYD56238,,,,,,,,0,0,,Australasia,,,,,,,,23318,,,
,23319,hydro5,HYD56238,,,,,,,,0,0,,Australasia,,,,,,,,23319,,,
,23320,hydro5,HYD56239,,,,,,,,0,0,,Australasia,,,,,,,,23320,,,
,23321,hydro5,HYD56241,,,,,,,,0,0,,Australasia,,,,,,,,23321,,,
,23322,hydro5,HYD56242,,,,,,,,0,0,,Australasia,,,,,,,,23322,,,
,23323,hydro5,HYD56243,,,,,,,,0,0,,Australasia,,,,,,,,23323,,,
,23324,hydro5,HYD56244,,,,,,,,0,0,,Australasia,,,,,,,,23324,,,
,23325,hydro5,HYD56245,,,,,,,,0,0,,Australasia,,,,,,,,23325,,,
,23326,hydro5,HYD56246,,,,,,,,0,0,,Australasia,,,,,,,,23326,,,
,23327,hydro5,HYD56247,,,,,,,,0,0,,Australasia,,,,,,,,23327,,,
,23328,hydro5,HYD56248,,,,,,,,0,0,,Australasia,,,,,,,,23328,,,
,23329,hydro5,HYD56249,,,,,,,,0,0,,Australasia,,,,,,,,23329,,,
,23330,hydro5,HYD56250,,,,,,,,0,0,,Australasia,,,,,,,,23330,,,
,23331,hydro5,HYD56251,,,,,,,,0,0,,Australasia,,,,,,,,23331,,,
,23332,hydro5,HYD56252,,,,,,,,0,0,,Australasia,,,,,,,,23332,,,
,23333,hydro5,HYD56253,,,,,,,,0,0,,Australasia,,,,,,,,23333,,,
,23334,hydro5,HYD56254,,,,,,,,0,0,,Australasia,,,,,,,,23334,,,
,23335,hydro5,HYD56255,,,,,,,,0,0,,Australasia,,,,,,,,23335,,,
,23336,hydro5,HYD56256,,,,,,,,0,0,,Australasia,,,,,,,,23336,,,
,23337,hydro5,HYD56257,,,,,,,,0,0,,Australasia,,,,,,,,23337,,,
,23338,hydro5,HYD56258,,,,,,,,0,0,,Australasia,,,,,,,,23338,,,
,23339,hydro5,HYD56259,,,,,,,,0,0,,Australasia,,,,,,,,23339,,,
,23340,hydro5,HYD56260,,,,,,,,0,0,,Australasia,,,,,,,,23340,,,
,23341,hydro5,HYD56271,,,,,,,,0,0,,Australasia,,,,,,,,23341,,,
,23342,hydro5,HYD56272,,,,,,,,0,0,,Australasia,,,,,,,,23342,,,
,23343,hydro5,HYD56273,,,,,,,,0,0,,Australasia,,,,,,,,23343,,,
,23344,hydro5,HYD56274,,,,,,,,0,0,,Australasia,,,,,,,,23344,,,
,23345,hydro5,HYD56275,,,,,,,,0,0,,Australasia,,,,,,,,23345,,,
,23346,hydro5,HYD56276,,,,,,,,0,0,,Australasia,,,,,,,,23346,,,
,23347,hydro5,HYD56277,,,,,,,,0,0,,Australasia,,,,,,,,23347,,,
,23348,hydro5,HYD56278,,,,,,,,0,0,,Australasia,,,,,,,,23348,,,
,23349,hydro5,HYD56279,,,,,,,,0,0,,Australasia,,,,,,,,23349,,,
,23350,hydro5,HYD56281,,,,,,,,0,0,,Australasia,,,,,,,,23350,,,
,23351,hydro5,HYD56282,,,,,,,,0,0,,Australasia,,,,,,,,23351,,,
,23352,hydro5,HYD56283,,,,,,,,0,0,,Australasia,,,,,,,,23352,,,
,23353,hydro5,HYD56284,,,,,,,,0,0,,Australasia,,,,,,,,23353,,,
,23354,hydro5,HYD56285,,,,,,,,0,0,,Australasia,,,,,,,,23354,,,
,23355,hydro5,HYD56286,,,,,,,,0,0,,Australasia,,,,,,,,23355,,,
,23356,hydro5,HYD56287,,,,,,,,0,0,,Australasia,,,,,,,,23356,,,
,23357,hydro5,HYD56288,,,,,,,,0,0,,Australasia,,,,,,,,23357,,,
,23358,hydro5,HYD56289,,,,,,,,0,0,,Australasia,,,,,,,,23358,,,
,23359,hydro5,HYD56291,,,,,,,,0,0,,Australasia,,,,,,,,23359,,,
,23360,hydro5,HYD56292,,,,,,,,0,0,,Australasia,,,,,,,,23360,,,
,23361,hydro5,HYD56293,,,,,,,,0,0,,Australasia,,,,,,,,23361,,,
,23362,hydro5,HYD56294,,,,,,,,0,0,,Australasia,,,,,,,,23362,,,
,23363,hydro5,HYD56295,,,,,,,,0,0,,Australasia,,,,,,,,23363,,,
,23364,hydro5,HYD56296,,,,,,,,0,0,,Australasia,,,,,,,,23364,,,
,23365,hydro5,HYD56297,,,,,,,,0,0,,Australasia,,,,,,,,23365,,,
,23366,hydro5,HYD56298,,,,,,,,0,0,,Australasia,,,,,,,,23366,,,
,23367,hydro5,HYD56299,,,,,,,,0,0,,Australasia,,,,,,,,23367,,,
,23368,hydro5,HYD56300,,,,,,,,0,0,,Australasia,,,,,,,,23368,,,
,23369,hydro5,HYD56310,,,,,,,,0,0,,Australasia,,,,,,,,23369,,,
,23370,hydro5,HYD56321,,,,,,,,0,0,,Australasia,,,,,,,,23370,,,
,23371,hydro5,HYD56322,,,,,,,,0,0,,Australasia,,,,,,,,23371,,,
,23372,hydro5,HYD56323,,,,,,,,0,0,,Australasia,,,,,,,,23372,,,
,23373,hydro5,HYD56324,,,,,,,,0,0,,Australasia,,,,,,,,23373,,,
,23374,hydro5,HYD56325,,,,,,,,0,0,,Australasia,,,,,,,,23374,,,
,23375,hydro5,HYD56326,,,,,,,,0,0,,Australasia,,,,,,,,23375,,,
,23376,hydro5,HYD56327,,,,,,,,0,0,,Australasia,,,,,,,,23376,,,
,23377,hydro5,HYD56328,,,,,,,,0,0,,Australasia,,,,,,,,23377,,,
,23378,hydro5,HYD56329,,,,,,,,0,0,,Australasia,,,,,,,,23378,,,
,23379,hydro5,HYD56330,,,,,,,,0,0,,Australasia,,,,,,,,23379,,,
,23380,hydro5,HYD56341,,,,,,,,0,0,,Australasia,,,,,,,,23380,,,
,23381,hydro5,HYD56342,,,,,,,,0,0,,Australasia,,,,,,,,23381,,,
,23382,hydro5,HYD56343,,,,,,,,0,0,,Australasia,,,,,,,,23382,,,
,23383,hydro5,HYD56344,,,,,,,,0,0,,Australasia,,,,,,,,23383,,,
,23384,hydro5,HYD56345,,,,,,,,0,0,,Australasia,,,,,,,,23384,,,
,23385,hydro5,HYD56346,,,,,,,,0,0,,Australasia,,,,,,,,23385,,,
,23386,hydro5,HYD56347,,,,,,,,0,0,,Australasia,,,,,,,,23386,,,
,23387,hydro5,HYD56348,,,,,,,,0,0,,Australasia,,,,,,,,23387,,,
,23388,hydro5,HYD56349,,,,,,,,0,0,,Australasia,,,,,,,,23388,,,
,23389,hydro5,HYD56350,,,,,,,,0,0,,Australasia,,,,,,,,23389,,,
,23390,hydro5,HYD56360,,,,,,,,0,0,,Australasia,,,,,,,,23390,,,
,23391,hydro5,HYD56370,,,,,,,,0,0,,Australasia,,,,,,,,23391,,,
,23392,hydro5,HYD56380,,,,,,,,0,0,,Australasia,,,,,,,,23392,,,
,23393,hydro5,HYD56390,,,,,,,,0,0,,Australasia,,,,,,,,23393,,,
,23394,hydro5,HYD56391,,,,,,,,0,0,,Australasia,,,,,,,,23394,,,
,23395,hydro5,HYD56392,,,,,,,,0,0,,Australasia,,,,,,,,23395,,,
,23396,hydro5,HYD56393,,,,,,,,0,0,,Australasia,,,,,,,,23396,,,
,23397,hydro5,HYD56394,,,,,,,,0,0,,Australasia,,,,,,,,23397,,,
,23398,hydro5,HYD56395,,,,,,,,0,0,,Australasia,,,,,,,,23398,,,
,23399,hydro5,HYD56396,,,,,,,,0,0,,Australasia,,,,,,,,23399,,,
,23400,hydro5,HYD56397,,,,,,,,0,0,,Australasia,,,,,,,,23400,,,
,23401,hydro5,HYD56398,,,,,,,,0,0,,Australasia,,,,,,,,23401,,,
,23402,hydro5,HYD56399,,,,,,,,0,0,,Australasia,,,,,,,,23402,,,
,23403,hydro5,HYD56399,,,,,,,,0,0,,Australasia,,,,,,,,23403,,,
,23404,hydro5,HYD56400,,,,,,,,0,0,,Australasia,,,,,,,,23404,,,
,23405,hydro5,HYD56410,,,,,,,,0,0,,Australasia,,,,,,,,23405,,,
,23406,hydro5,HYD56420,,,,,,,,0,0,,Australasia,,,,,,,,23406,,,
,23407,hydro5,HYD56421,,,,,,,,0,0,,Australasia,,,,,,,,23407,,,
,23408,hydro5,HYD56422,,,,,,,,0,0,,Australasia,,,,,,,,23408,,,
,23409,hydro5,HYD56423,,,,,,,,0,0,,Australasia,,,,,,,,23409,,,
,23410,hydro5,HYD56424,,,,,,,,0,0,,Australasia,,,,,,,,23410,,,
,23411,hydro5,HYD56425,,,,,,,,0,0,,Australasia,,,,,,,,23411,,,
,23412,hydro5,HYD56426,,,,,,,,0,0,,Australasia,,,,,,,,23412,,,
,23413,hydro5,HYD56427,,,,,,,,0,0,,Australasia,,,,,,,,23413,,,
,23414,hydro5,HYD56428,,,,,,,,0,0,,Australasia,,,,,,,,23414,,,
,23415,hydro5,HYD56429,,,,,,,,0,0,,Australasia,,,,,,,,23415,,,
,23416,hydro5,HYD56430,,,,,,,,0,0,,Australasia,,,,,,,,23416,,,
,23417,hydro5,HYD56430,,,,,,,,0,0,,Australasia,,,,,,,,23417,,,
,23418,hydro5,HYD56440,,,,,,,,0,0,,Australasia,,,,,,,,23418,,,
,23419,hydro5,HYD56450,,,,,,,,0,0,,Australasia,,,,,,,,23419,,,
,23420,hydro5,HYD56461,,,,,,,,0,0,,Australasia,,,,,,,,23420,,,
,23421,hydro5,HYD56462,,,,,,,,0,0,,Australasia,,,,,,,,23421,,,
,23422,hydro5,HYD56463,,,,,,,,0,0,,Australasia,,,,,,,,23422,,,
,23423,hydro5,HYD56464,,,,,,,,0,0,,Australasia,,,,,,,,23423,,,
,23424,hydro5,HYD56465,,,,,,,,0,0,,Australasia,,,,,,,,23424,,,
,23425,hydro5,HYD56466,,,,,,,,0,0,,Australasia,,,,,,,,23425,,,
,23426,hydro5,HYD56467,,,,,,,,0,0,,Australasia,,,,,,,,23426,,,
,23427,hydro5,HYD56468,,,,,,,,0,0,,Australasia,,,,,,,,23427,,,
,23428,hydro5,HYD56469,,,,,,,,0,0,,Australasia,,,,,,,,23428,,,
,23429,hydro5,HYD56470,,,,,,,,0,0,,Australasia,,,,,,,,23429,,,
,23430,hydro5,HYD56480,,,,,,,,0,0,,Australasia,,,,,,,,23430,,,
,23431,hydro5,HYD56490,,,,,,,,0,0,,Australasia,,,,,,,,23431,,,
,23432,hydro5,HYD56501,,,,,,,,0,0,,Australasia,,,,,,,,23432,,,
,23433,hydro5,HYD56502,,,,,,,,0,0,,Australasia,,,,,,,,23433,,,
,23434,hydro5,HYD56503,,,,,,,,0,0,,Australasia,,,,,,,,23434,,,
,23435,hydro5,HYD56510,,,,,,,,0,0,,Australasia,,,,,,,,23435,,,
,23436,hydro5,HYD56520,,,,,,,,0,0,,Australasia,,,,,,,,23436,,,
,23437,hydro5,HYD56530,,,,,,,,0,0,,Australasia,,,,,,,,23437,,,
,23438,hydro5,HYD56531,,,,,,,,0,0,,Australasia,,,,,,,,23438,,,
,23439,hydro5,HYD56532,,,,,,,,0,0,,Australasia,,,,,,,,23439,,,
,23440,hydro5,HYD56533,,,,,,,,0,0,,Australasia,,,,,,,,23440,,,
,23441,hydro5,HYD56534,,,,,,,,0,0,,Australasia,,,,,,,,23441,,,
,23442,hydro5,HYD56535,,,,,,,,0,0,,Australasia,,,,,,,,23442,,,
,23443,hydro5,HYD56536,,,,,,,,0,0,,Australasia,,,,,,,,23443,,,
,23444,hydro5,HYD56537,,,,,,,,0,0,,Australasia,,,,,,,,23444,,,
,23445,hydro5,HYD56538,,,,,,,,0,0,,Australasia,,,,,,,,23445,,,
,23446,hydro5,HYD56539,,,,,,,,0,0,,Australasia,,,,,,,,23446,,,
,23447,hydro5,HYD56540,,,,,,,,0,0,,Australasia,,,,,,,,23447,,,
,23448,hydro5,HYD56550,,,,,,,,0,0,,Australasia,,,,,,,,23448,,,
,23449,hydro5,HYD56551,,,,,,,,0,0,,Australasia,,,,,,,,23449,,,
,23450,hydro5,HYD56552,,,,,,,,0,0,,Australasia,,,,,,,,23450,,,
,23451,hydro5,HYD56553,,,,,,,,0,0,,Australasia,,,,,,,,23451,,,
,23452,hydro5,HYD56554,,,,,,,,0,0,,Australasia,,,,,,,,23452,,,
,23453,hydro5,HYD56555,,,,,,,,0,0,,Australasia,,,,,,,,23453,,,
,23454,hydro5,HYD56556,,,,,,,,0,0,,Australasia,,,,,,,,23454,,,
,23455,hydro5,HYD56557,,,,,,,,0,0,,Australasia,,,,,,,,23455,,,
,23456,hydro5,HYD56558,,,,,,,,0,0,,Australasia,,,,,,,,23456,,,
,23457,hydro5,HYD56559,,,,,,,,0,0,,Australasia,,,,,,,,23457,,,
,23458,hydro5,HYD56560,,,,,,,,0,0,,Australasia,,,,,,,,23458,,,
,23459,hydro5,HYD56570,,,,,,,,0,0,,Australasia,,,,,,,,23459,,,
,23460,hydro5,HYD56580,,,,,,,,0,0,,Australasia,,,,,,,,23460,,,
,23461,hydro5,HYD56590,,,,,,,,0,0,,Australasia,,,,,,,,23461,,,
,23462,hydro5,HYD56600,,,,,,,,0,0,,Australasia,,,,,,,,23462,,,
,23463,hydro5,HYD56610,,,,,,,,0,0,,Australasia,,,,,,,,23463,,,
,23464,hydro5,HYD56621,,,,,,,,0,0,,Australasia,,,,,,,,23464,,,
,23465,hydro5,HYD56622,,,,,,,,0,0,,Australasia,,,,,,,,23465,,,
,23466,hydro5,HYD56623,,,,,,,,0,0,,Australasia,,,,,,,,23466,,,
,23467,hydro5,HYD56624,,,,,,,,0,0,,Australasia,,,,,,,,23467,,,
,23468,hydro5,HYD56625,,,,,,,,0,0,,Australasia,,,,,,,,23468,,,
,23469,hydro5,HYD56626,,,,,,,,0,0,,Australasia,,,,,,,,23469,,,
,23470,hydro5,HYD56627,,,,,,,,0,0,,Australasia,,,,,,,,23470,,,
,23471,hydro5,HYD56628,,,,,,,,0,0,,Australasia,,,,,,,,23471,,,
,23472,hydro5,HYD56629,,,,,,,,0,0,,Australasia,,,,,,,,23472,,,
,23473,hydro5,HYD56630,,,,,,,,0,0,,Australasia,,,,,,,,23473,,,
,23474,hydro5,HYD56640,,,,,,,,0,0,,Australasia,,,,,,,,23474,,,
,23475,hydro5,HYD56650,,,,,,,,0,0,,Australasia,,,,,,,,23475,,,
,23476,hydro5,HYD56660,,,,,,,,0,0,,Australasia,,,,,,,,23476,,,
,23477,hydro5,HYD56671,,,,,,,,0,0,,Australasia,,,,,,,,23477,,,
,23478,hydro5,HYD56672,,,,,,,,0,0,,Australasia,,,,,,,,23478,,,
,23479,hydro5,HYD56673,,,,,,,,0,0,,Australasia,,,,,,,,23479,,,
,23480,hydro5,HYD56674,,,,,,,,0,0,,Australasia,,,,,,,,23480,,,
,23481,hydro5,HYD56675,,,,,,,,0,0,,Australasia,,,,,,,,23481,,,
,23482,hydro5,HYD56676,,,,,,,,0,0,,Australasia,,,,,,,,23482,,,
,23483,hydro5,HYD56677,,,,,,,,0,0,,Australasia,,,,,,,,23483,,,
,23484,hydro5,HYD56681,,,,,,,,0,0,,Australasia,,,,,,,,23484,,,
,23485,hydro5,HYD56682,,,,,,,,0,0,,Australasia,,,,,,,,23485,,,
,23486,hydro5,HYD56683,,,,,,,,0,0,,Australasia,,,,,,,,23486,,,
,23487,hydro5,HYD56684,,,,,,,,0,0,,Australasia,,,,,,,,23487,,,
,23488,hydro5,HYD56685,,,,,,,,0,0,,Australasia,,,,,,,,23488,,,
,23489,hydro5,HYD56686,,,,,,,,0,0,,Australasia,,,,,,,,23489,,,
,23490,hydro5,HYD56687,,,,,,,,0,0,,Australasia,,,,,,,,23490,,,
,23491,hydro5,HYD56688,,,,,,,,0,0,,Australasia,,,,,,,,23491,,,
,23492,hydro5,HYD56689,,,,,,,,0,0,,Australasia,,,,,,,,23492,,,
,23493,hydro5,HYD56690,,,,,,,,0,0,,Australasia,,,,,,,,23493,,,
,23494,hydro5,HYD56691,,,,,,,,0,0,,Australasia,,,,,,,,23494,,,
,23495,hydro5,HYD56692,,,,,,,,0,0,,Australasia,,,,,,,,23495,,,
,23496,hydro5,HYD56693,,,,,,,,0,0,,Australasia,,,,,,,,23496,,,
,23497,hydro5,HYD56694,,,,,,,,0,0,,Australasia,,,,,,,,23497,,,
,23498,hydro5,HYD56695,,,,,,,,0,0,,Australasia,,,,,,,,23498,,,
,23499,hydro5,HYD56696,,,,,,,,0,0,,Australasia,,,,,,,,23499,,,
,23500,hydro5,HYD56697,,,,,,,,0,0,,Australasia,,,,,,,,23500,,,
,23501,hydro5,HYD56698,,,,,,,,0,0,,Australasia,,,,,,,,23501,,,
,23502,hydro5,HYD56699,,,,,,,,0,0,,Australasia,,,,,,,,23502,,,
,23503,hydro5,HYD56701,,,,,,,,0,0,,Australasia,,,,,,,,23503,,,
,23504,hydro5,HYD56702,,,,,,,,0,0,,Australasia,,,,,,,,23504,,,
,23505,hydro5,HYD56711,,,,,,,,0,0,,Australasia,,,,,,,,23505,,,
,23506,hydro5,HYD56712,,,,,,,,0,0,,Australasia,,,,,,,,23506,,,
,23507,hydro5,HYD56713,,,,,,,,0,0,,Australasia,,,,,,,,23507,,,
,23508,hydro5,HYD56714,,,,,,,,0,0,,Australasia,,,,,,,,23508,,,
,23509,hydro5,HYD56715,,,,,,,,0,0,,Australasia,,,,,,,,23509,,,
,23510,hydro5,HYD56716,,,,,,,,0,0,,Australasia,,,,,,,,23510,,,
,23511,hydro5,HYD56717,,,,,,,,0,0,,Australasia,,,,,,,,23511,,,
,23512,hydro5,HYD56718,,,,,,,,0,0,,Australasia,,,,,,,,23512,,,
,23513,hydro5,HYD56719,,,,,,,,0,0,,Australasia,,,,,,,,23513,,,
,23514,hydro5,HYD56720,,,,,,,,0,0,,Australasia,,,,,,,,23514,,,
,23515,hydro5,HYD56721,,,,,,,,0,0,,Australasia,,,,,,,,23515,,,
,23516,hydro5,HYD56722,,,,,,,,0,0,,Australasia,,,,,,,,23516,,,
,23517,hydro5,HYD56723,,,,,,,,0,0,,Australasia,,,,,,,,23517,,,
,23518,hydro5,HYD56724,,,,,,,,0,0,,Australasia,,,,,,,,23518,,,
,23519,hydro5,HYD56725,,,,,,,,0,0,,Australasia,,,,,,,,23519,,,
,23520,hydro5,HYD56726,,,,,,,,0,0,,Australasia,,,,,,,,23520,,,
,23521,hydro5,HYD56727,,,,,,,,0,0,,Australasia,,,,,,,,23521,,,
,23522,hydro5,HYD56728,,,,,,,,0,0,,Australasia,,,,,,,,23522,,,
,23523,hydro5,HYD56729,,,,,,,,0,0,,Australasia,,,,,,,,23523,,,
,23524,hydro5,HYD56731,,,,,,,,0,0,,Australasia,,,,,,,,23524,,,
,23525,hydro5,HYD56732,,,,,,,,0,0,,Australasia,,,,,,,,23525,,,
,23526,hydro5,HYD56733,,,,,,,,0,0,,Australasia,,,,,,,,23526,,,
,23527,hydro5,HYD56734,,,,,,,,0,0,,Australasia,,,,,,,,23527,,,
,23528,hydro5,HYD56735,,,,,,,,0,0,,Australasia,,,,,,,,23528,,,
,23529,hydro5,HYD56736,,,,,,,,0,0,,Australasia,,,,,,,,23529,,,
,23530,hydro5,HYD56737,,,,,,,,0,0,,Australasia,,,,,,,,23530,,,
,23531,hydro5,HYD56740,,,,,,,,0,0,,Australasia,,,,,,,,23531,,,
,23532,hydro5,HYD56751,,,,,,,,0,0,,Australasia,,,,,,,,23532,,,
,23533,hydro5,HYD56752,,,,,,,,0,0,,Australasia,,,,,,,,23533,,,
,23534,hydro5,HYD56753,,,,,,,,0,0,,Australasia,,,,,,,,23534,,,
,23535,hydro5,HYD56754,,,,,,,,0,0,,Australasia,,,,,,,,23535,,,
,23536,hydro5,HYD56755,,,,,,,,0,0,,Australasia,,,,,,,,23536,,,
,23537,hydro5,HYD56756,,,,,,,,0,0,,Australasia,,,,,,,,23537,,,
,23538,hydro5,HYD56757,,,,,,,,0,0,,Australasia,,,,,,,,23538,,,
,23539,hydro5,HYD56758,,,,,,,,0,0,,Australasia,,,,,,,,23539,,,
,23540,hydro5,HYD56759,,,,,,,,0,0,,Australasia,,,,,,,,23540,,,
,23541,hydro5,HYD56760,,,,,,,,0,0,,Australasia,,,,,,,,23541,,,
,23542,hydro5,HYD56770,,,,,,,,0,0,,Australasia,,,,,,,,23542,,,
,23543,hydro5,HYD56781,,,,,,,,0,0,,Australasia,,,,,,,,23543,,,
,23544,hydro5,HYD56782,,,,,,,,0,0,,Australasia,,,,,,,,23544,,,
,23545,hydro5,HYD56783,,,,,,,,0,0,,Australasia,,,,,,,,23545,,,
,23546,hydro5,HYD56784,,,,,,,,0,0,,Australasia,,,,,,,,23546,,,
,23547,hydro5,HYD56785,,,,,,,,0,0,,Australasia,,,,,,,,23547,,,
,23548,hydro5,HYD56790,,,,,,,,0,0,,Australasia,,,,,,,,23548,,,
,23549,hydro5,HYD56790,,,,,,,,0,0,,Australasia,,,,,,,,23549,,,
,23550,hydro5,HYD56800,,,,,,,,0,0,,Australasia,,,,,,,,23550,,,
,23551,hydro5,HYD56810,,,,,,,,0,0,,Australasia,,,,,,,,23551,,,
,23552,hydro5,HYD56820,,,,,,,,0,0,,Australasia,,,,,,,,23552,,,
,23553,hydro5,HYD56821,,,,,,,,0,0,,Australasia,,,,,,,,23553,,,
,23554,hydro5,HYD56822,,,,,,,,0,0,,Australasia,,,,,,,,23554,,,
,23555,hydro5,HYD56823,,,,,,,,0,0,,Australasia,,,,,,,,23555,,,
,23556,hydro5,HYD56824,,,,,,,,0,0,,Australasia,,,,,,,,23556,,,
,23557,hydro5,HYD56825,,,,,,,,0,0,,Australasia,,,,,,,,23557,,,
,23558,hydro5,HYD56826,,,,,,,,0,0,,Australasia,,,,,,,,23558,,,
,23559,hydro5,HYD56827,,,,,,,,0,0,,Australasia,,,,,,,,23559,,,
,23560,hydro5,HYD56828,,,,,,,,0,0,,Australasia,,,,,,,,23560,,,
,23561,hydro5,HYD56829,,,,,,,,0,0,,Australasia,,,,,,,,23561,,,
,23562,hydro5,HYD56830,,,,,,,,0,0,,Australasia,,,,,,,,23562,,,
,23563,hydro5,HYD56840,,,,,,,,0,0,,Australasia,,,,,,,,23563,,,
,23564,hydro5,HYD56841,,,,,,,,0,0,,Australasia,,,,,,,,23564,,,
,23565,hydro5,HYD56842,,,,,,,,0,0,,Australasia,,,,,,,,23565,,,
,23566,hydro5,HYD56843,,,,,,,,0,0,,Australasia,,,,,,,,23566,,,
,23567,hydro5,HYD56844,,,,,,,,0,0,,Australasia,,,,,,,,23567,,,
,23568,hydro5,HYD56845,,,,,,,,0,0,,Australasia,,,,,,,,23568,,,
,23569,hydro5,HYD56846,,,,,,,,0,0,,Australasia,,,,,,,,23569,,,
,23570,hydro5,HYD56847,,,,,,,,0,0,,Australasia,,,,,,,,23570,,,
,23571,hydro5,HYD56848,,,,,,,,0,0,,Australasia,,,,,,,,23571,,,
,23572,hydro5,HYD56849,,,,,,,,0,0,,Australasia,,,,,,,,23572,,,
,23573,hydro5,HYD56850,,,,,,,,0,0,,Australasia,,,,,,,,23573,,,
,23574,hydro5,HYD56860,,,,,,,,0,0,,Australasia,,,,,,,,23574,,,
,23575,hydro5,HYD56861,,,,,,,,0,0,,Australasia,,,,,,,,23575,,,
,23576,hydro5,HYD56862,,,,,,,,0,0,,Australasia,,,,,,,,23576,,,
,23577,hydro5,HYD56863,,,,,,,,0,0,,Australasia,,,,,,,,23577,,,
,23578,hydro5,HYD56864,,,,,,,,0,0,,Australasia,,,,,,,,23578,,,
,23579,hydro5,HYD56865,,,,,,,,0,0,,Australasia,,,,,,,,23579,,,
,23580,hydro5,HYD56866,,,,,,,,0,0,,Australasia,,,,,,,,23580,,,
,23581,hydro5,HYD56867,,,,,,,,0,0,,Australasia,,,,,,,,23581,,,
,23582,hydro5,HYD56868,,,,,,,,0,0,,Australasia,,,,,,,,23582,,,
,23583,hydro5,HYD56869,,,,,,,,0,0,,Australasia,,,,,,,,23583,,,
,23584,hydro5,HYD56870,,,,,,,,0,0,,Australasia,,,,,,,,23584,,,
,23585,hydro5,HYD56871,,,,,,,,0,0,,Australasia,,,,,,,,23585,,,
,23586,hydro5,HYD56872,,,,,,,,0,0,,Australasia,,,,,,,,23586,,,
,23587,hydro5,HYD56873,,,,,,,,0,0,,Australasia,,,,,,,,23587,,,
,23588,hydro5,HYD56874,,,,,,,,0,0,,Australasia,,,,,,,,23588,,,
,23589,hydro5,HYD56875,,,,,,,,0,0,,Australasia,,,,,,,,23589,,,
,23590,hydro5,HYD56876,,,,,,,,0,0,,Australasia,,,,,,,,23590,,,
,23591,hydro5,HYD56877,,,,,,,,0,0,,Australasia,,,,,,,,23591,,,
,23592,hydro5,HYD56878,,,,,,,,0,0,,Australasia,,,,,,,,23592,,,
,23593,hydro5,HYD56879,,,,,,,,0,0,,Australasia,,,,,,,,23593,,,
,23594,hydro5,HYD56880,,,,,,,,0,0,,Australasia,,,,,,,,23594,,,
,23595,hydro5,HYD56890,,,,,,,,0,0,,Australasia,,,,,,,,23595,,,
,23596,hydro5,HYD56900,,,,,,,,0,0,,Australasia,,,,,,,,23596,,,
,23597,hydro5,HYD56900,,,,,,,,0,0,,Australasia,,,,,,,,23597,,,
,23598,hydro5,HYD57101,,,,,,,,0,0,,Australasia,,,,,,,,23598,,,
,23599,hydro5,HYD57102,,,,,,,,0,0,,Australasia,,,,,,,,23599,,,
,23600,hydro5,HYD57103,,,,,,,,0,0,,Australasia,,,,,,,,23600,,,
,23601,hydro5,HYD57104,,,,,,,,0,0,,Australasia,,,,,,,,23601,,,
,23602,hydro5,HYD57105,,,,,,,,0,0,,Australasia,,,,,,,,23602,,,
,23603,hydro5,HYD57106,,,,,,,,0,0,,Australasia,,,,,,,,23603,,,
,23604,hydro5,HYD57107,,,,,,,,0,0,,Australasia,,,,,,,,23604,,,
,23605,hydro5,HYD57108,,,,,,,,0,0,,Australasia,,,,,,,,23605,,,
,23606,hydro5,HYD57108,,,,,,,,0,0,,Australasia,,,,,,,,23606,,,
,23607,hydro5,HYD57109,,,,,,,,0,0,,Australasia,,,,,,,,23607,,,
,23608,hydro5,HYD57109,,,,,,,,0,0,,Australasia,,,,,,,,23608,,,
,23609,hydro5,HYD57201,,,,,,,,0,0,,Australasia,,,,,,,,23609,,,
,23610,hydro5,HYD57202,,,,,,,,0,0,,Australasia,,,,,,,,23610,,,
,23611,hydro5,HYD57202,,,,,,,,0,0,,Australasia,,,,,,,,23611,,,
,23612,hydro5,HYD57203,,,,,,,,0,0,,Australasia,,,,,,,,23612,,,
,23613,hydro5,HYD57204,,,,,,,,0,0,,Australasia,,,,,,,,23613,,,
,23614,hydro5,HYD57205,,,,,,,,0,0,,Australasia,,,,,,,,23614,,,
,23615,hydro5,HYD57206,,,,,,,,0,0,,Australasia,,,,,,,,23615,,,
,23616,hydro5,HYD57207,,,,,,,,0,0,,Australasia,,,,,,,,23616,,,
,23617,hydro5,HYD57208,,,,,,,,0,0,,Australasia,,,,,,,,23617,,,
,23618,hydro5,HYD57208,,,,,,,,0,0,,Australasia,,,,,,,,23618,,,
,23619,hydro5,HYD57209,,,,,,,,0,0,,Australasia,,,,,,,,23619,,,
,23620,hydro5,HYD57300,,,,,,,,0,0,,Australasia,,,,,,,,23620,,,
,23621,hydro5,HYD57400,,,,,,,,0,0,,Australasia,,,,,,,,23621,,,
,23622,hydro5,HYD57500,,,,,,,,0,0,,Australasia,,,,,,,,23622,,,
,23623,hydro5,HYD61100,,,,,,,,0,0,,South America,,,,,,,,23623,,,
,23624,hydro5,HYD61201,,,,,,,,0,0,,South America,,,,,,,,23624,,,
,23625,hydro5,HYD61202,,,,,,,,0,0,,South America,,,,,,,,23625,,,
,23626,hydro5,HYD61203,,,,,,,,0,0,,South America,,,,,,,,23626,,,
,23627,hydro5,HYD61204,,,,,,,,0,0,,South America,,,,,,,,23627,,,
,23628,hydro5,HYD61205,,,,,,,,0,0,,South America,,,,,,,,23628,,,
,23629,hydro5,HYD61206,,,,,,,,0,0,,South America,,,,,,,,23629,,,
,23630,hydro5,HYD61206,,,,,,,,0,0,,South America,,,,,,,,23630,,,
,23631,hydro5,HYD61207,,,,,,,,0,0,,South America,,,,,,,,23631,,,
,23632,hydro5,HYD61208,,,,,,,,0,0,,South America,,,,,,,,23632,,,
,23633,hydro5,HYD61209,,,,,,,,0,0,,South America,,,,,,,,23633,,,
,23634,hydro5,HYD61301,,,,,,,,0,0,,South America,,,,,,,,23634,,,
,23635,hydro5,HYD61301,,,,,,,,0,0,,South America,,,,,,,,23635,,,
,23636,hydro5,HYD61302,,,,,,,,0,0,,South America,,,,,,,,23636,,,
,23637,hydro5,HYD61303,,,,,,,,0,0,,South America,,,,,,,,23637,,,
,23638,hydro5,HYD61303,,,,,,,,0,0,,South America,,,,,,,,23638,,,
,23639,hydro5,HYD61304,,,,,,,,0,0,,South America,,,,,,,,23639,,,
,23640,hydro5,HYD61305,,,,,,,,0,0,,South America,,,,,,,,23640,,,
,23641,hydro5,HYD61306,,,,,,,,0,0,,South America,,,,,,,,23641,,,
,23642,hydro5,HYD61307,,,,,,,,0,0,,South America,,,,,,,,23642,,,
,23643,hydro5,HYD61308,,,,,,,,0,0,,South America,,,,,,,,23643,,,
,23644,hydro5,HYD61309,,,,,,,,0,0,,South America,,,,,,,,23644,,,
,23645,hydro5,HYD61400,,,,,,,,0,0,,South America,,,,,,,,23645,,,
,23646,hydro5,HYD61510,,,,,,,,0,0,,South America,,,,,,,,23646,,,
,23647,hydro5,HYD61520,,,,,,,,0,0,,South America,,,,,,,,23647,,,
,23648,hydro5,HYD61520,,,,,,,,0,0,,South America,,,,,,,,23648,,,
,23649,hydro5,HYD61531,,,,,,,,0,0,,South America,,,,,,,,23649,,,
,23650,hydro5,HYD61532,,,,,,,,0,0,,South America,,,,,,,,23650,,,
,23651,hydro5,HYD61533,,,,,,,,0,0,,South America,,,,,,,,23651,,,
,23652,hydro5,HYD61534,,,,,,,,0,0,,South America,,,,,,,,23652,,,
,23653,hydro5,HYD61535,,,,,,,,0,0,,South America,,,,,,,,23653,,,
,23654,hydro5,HYD61536,,,,,,,,0,0,,South America,,,,,,,,23654,,,
,23655,hydro5,HYD61537,,,,,,,,0,0,,South America,,,,,,,,23655,,,
,23656,hydro5,HYD61538,,,,,,,,0,0,,South America,,,,,,,,23656,,,
,23657,hydro5,HYD61539,,,,,,,,0,0,,South America,,,,,,,,23657,,,
,23658,hydro5,HYD61540,,,,,,,,0,0,,South America,,,,,,,,23658,,,
,23659,hydro5,HYD61540,,,,,,,,0,0,,South America,,,,,,,,23659,,,
,23660,hydro5,HYD61541,,,,,,,,0,0,,South America,,,,,,,,23660,,,
,23661,hydro5,HYD61542,,,,,,,,0,0,,South America,,,,,,,,23661,,,
,23662,hydro5,HYD61543,,,,,,,,0,0,,South America,,,,,,,,23662,,,
,23663,hydro5,HYD61544,,,,,,,,0,0,,South America,,,,,,,,23663,,,
,23664,hydro5,HYD61545,,,,,,,,0,0,,South America,,,,,,,,23664,,,
,23665,hydro5,HYD61546,,,,,,,,0,0,,South America,,,,,,,,23665,,,
,23666,hydro5,HYD61547,,,,,,,,0,0,,South America,,,,,,,,23666,,,
,23667,hydro5,HYD61548,,,,,,,,0,0,,South America,,,,,,,,23667,,,
,23668,hydro5,HYD61549,,,,,,,,0,0,,South America,,,,,,,,23668,,,
,23669,hydro5,HYD61550,,,,,,,,0,0,,South America,,,,,,,,23669,,,
,23670,hydro5,HYD61561,,,,,,,,0,0,,South America,,,,,,,,23670,,,
,23671,hydro5,HYD61562,,,,,,,,0,0,,South America,,,,,,,,23671,,,
,23672,hydro5,HYD61563,,,,,,,,0,0,,South America,,,,,,,,23672,,,
,23673,hydro5,HYD61564,,,,,,,,0,0,,South America,,,,,,,,23673,,,
,23674,hydro5,HYD61565,,,,,,,,0,0,,South America,,,,,,,,23674,,,
,23675,hydro5,HYD61566,,,,,,,,0,0,,South America,,,,,,,,23675,,,
,23676,hydro5,HYD61567,,,,,,,,0,0,,South America,,,,,,,,23676,,,
,23677,hydro5,HYD61568,,,,,,,,0,0,,South America,,,,,,,,23677,,,
,23678,hydro5,HYD61569,,,,,,,,0,0,,South America,,,,,,,,23678,,,
,23679,hydro5,HYD61570,,,,,,,,0,0,,South America,,,,,,,,23679,,,
,23680,hydro5,HYD61581,,,,,,,,0,0,,South America,,,,,,,,23680,,,
,23681,hydro5,HYD61582,,,,,,,,0,0,,South America,,,,,,,,23681,,,
,23682,hydro5,HYD61583,,,,,,,,0,0,,South America,,,,,,,,23682,,,
,23683,hydro5,HYD61584,,,,,,,,0,0,,South America,,,,,,,,23683,,,
,23684,hydro5,HYD61585,,,,,,,,0,0,,South America,,,,,,,,23684,,,
,23685,hydro5,HYD61586,,,,,,,,0,0,,South America,,,,,,,,23685,,,
,23686,hydro5,HYD61587,,,,,,,,0,0,,South America,,,,,,,,23686,,,
,23687,hydro5,HYD61588,,,,,,,,0,0,,South America,,,,,,,,23687,,,
,23688,hydro5,HYD61589,,,,,,,,0,0,,South America,,,,,,,,23688,,,
,23689,hydro5,HYD61591,,,,,,,,0,0,,South America,,,,,,,,23689,,,
,23690,hydro5,HYD61592,,,,,,,,0,0,,South America,,,,,,,,23690,,,
,23691,hydro5,HYD61593,,,,,,,,0,0,,South America,,,,,,,,23691,,,
,23692,hydro5,HYD61594,,,,,,,,0,0,,South America,,,,,,,,23692,,,
,23693,hydro5,HYD61595,,,,,,,,0,0,,South America,,,,,,,,23693,,,
,23694,hydro5,HYD61596,,,,,,,,0,0,,South America,,,,,,,,23694,,,
,23695,hydro5,HYD61597,,,,,,,,0,0,,South America,,,,,,,,23695,,,
,23696,hydro5,HYD61598,,,,,,,,0,0,,South America,,,,,,,,23696,,,
,23697,hydro5,HYD61599,,,,,,,,0,0,,South America,,,,,,,,23697,,,
,23698,hydro5,HYD61610,,,,,,,,0,0,,South America,,,,,,,,23698,,,
,23699,hydro5,HYD61621,,,,,,,,0,0,,South America,,,,,,,,23699,,,
,23700,hydro5,HYD61622,,,,,,,,0,0,,South America,,,,,,,,23700,,,
,23701,hydro5,HYD61623,,,,,,,,0,0,,South America,,,,,,,,23701,,,
,23702,hydro5,HYD61624,,,,,,,,0,0,,South America,,,,,,,,23702,,,
,23703,hydro5,HYD61625,,,,,,,,0,0,,South America,,,,,,,,23703,,,
,23704,hydro5,HYD61626,,,,,,,,0,0,,South America,,,,,,,,23704,,,
,23705,hydro5,HYD61627,,,,,,,,0,0,,South America,,,,,,,,23705,,,
,23706,hydro5,HYD61628,,,,,,,,0,0,,South America,,,,,,,,23706,,,
,23707,hydro5,HYD61629,,,,,,,,0,0,,South America,,,,,,,,23707,,,
,23708,hydro5,HYD61630,,,,,,,,0,0,,South America,,,,,,,,23708,,,
,23709,hydro5,HYD61640,,,,,,,,0,0,,South America,,,,,,,,23709,,,
,23710,hydro5,HYD61640,,,,,,,,0,0,,South America,,,,,,,,23710,,,
,23711,hydro5,HYD61640,,,,,,,,0,0,,South America,,,,,,,,23711,,,
,23712,hydro5,HYD61640,,,,,,,,0,0,,South America,,,,,,,,23712,,,
,23713,hydro5,HYD61650,,,,,,,,0,0,,South America,,,,,,,,23713,,,
,23714,hydro5,HYD61650,,,,,,,,0,0,,South America,,,,,,,,23714,,,
,23715,hydro5,HYD61650,,,,,,,,0,0,,South America,,,,,,,,23715,,,
,23716,hydro5,HYD61660,,,,,,,,0,0,,South America,,,,,,,,23716,,,
,23717,hydro5,HYD61670,,,,,,,,0,0,,South America,,,,,,,,23717,,,
,23718,hydro5,HYD61680,,,,,,,,0,0,,South America,,,,,,,,23718,,,
,23719,hydro5,HYD61690,,,,,,,,0,0,,South America,,,,,,,,23719,,,
,23720,hydro5,HYD62100,,,,,,,,0,0,,South America,,,,,,,,23720,,,
,23721,hydro5,HYD62210,,,,,,,,0,0,,South America,,,,,,,,23721,,,
,23722,hydro5,HYD62221,,,,,,,,0,0,,South America,,,,,,,,23722,,,
,23723,hydro5,HYD62221,,,,,,,,0,0,,South America,,,,,,,,23723,,,
,23724,hydro5,HYD62222,,,,,,,,0,0,,South America,,,,,,,,23724,,,
,23725,hydro5,HYD62223,,,,,,,,0,0,,South America,,,,,,,,23725,,,
,23726,hydro5,HYD62224,,,,,,,,0,0,,South America,,,,,,,,23726,,,
,23727,hydro5,HYD62225,,,,,,,,0,0,,South America,,,,,,,,23727,,,
,23728,hydro5,HYD62226,,,,,,,,0,0,,South America,,,,,,,,23728,,,
,23729,hydro5,HYD62227,,,,,,,,0,0,,South America,,,,,,,,23729,,,
,23730,hydro5,HYD62228,,,,,,,,0,0,,South America,,,,,,,,23730,,,
,23731,hydro5,HYD62229,,,,,,,,0,0,,South America,,,,,,,,23731,,,
,23732,hydro5,HYD62231,,,,,,,,0,0,,South America,,,,,,,,23732,,,
,23733,hydro5,HYD62232,,,,,,,,0,0,,South America,,,,,,,,23733,,,
,23734,hydro5,HYD62233,,,,,,,,0,0,,South America,,,,,,,,23734,,,
,23735,hydro5,HYD62234,,,,,,,,0,0,,South America,,,,,,,,23735,,,
,23736,hydro5,HYD62235,,,,,,,,0,0,,South America,,,,,,,,23736,,,
,23737,hydro5,HYD62236,,,,,,,,0,0,,South America,,,,,,,,23737,,,
,23738,hydro5,HYD62237,,,,,,,,0,0,,South America,,,,,,,,23738,,,
,23739,hydro5,HYD62238,,,,,,,,0,0,,South America,,,,,,,,23739,,,
,23740,hydro5,HYD62238,,,,,,,,0,0,,South America,,,,,,,,23740,,,
,23741,hydro5,HYD62239,,,,,,,,0,0,,South America,,,,,,,,23741,,,
,23742,hydro5,HYD62239,,,,,,,,0,0,,South America,,,,,,,,23742,,,
,23743,hydro5,HYD62241,,,,,,,,0,0,,South America,,,,,,,,23743,,,
,23744,hydro5,HYD62242,,,,,,,,0,0,,South America,,,,,,,,23744,,,
,23745,hydro5,HYD62243,,,,,,,,0,0,,South America,,,,,,,,23745,,,
,23746,hydro5,HYD62244,,,,,,,,0,0,,South America,,,,,,,,23746,,,
,23747,hydro5,HYD62245,,,,,,,,0,0,,South America,,,,,,,,23747,,,
,23748,hydro5,HYD62246,,,,,,,,0,0,,South America,,,,,,,,23748,,,
,23749,hydro5,HYD62247,,,,,,,,0,0,,South America,,,,,,,,23749,,,
,23750,hydro5,HYD62248,,,,,,,,0,0,,South America,,,,,,,,23750,,,
,23751,hydro5,HYD62249,,,,,,,,0,0,,South America,,,,,,,,23751,,,
,23752,hydro5,HYD62251,,,,,,,,0,0,,South America,,,,,,,,23752,,,
,23753,hydro5,HYD62251,,,,,,,,0,0,,South America,,,,,,,,23753,,,
,23754,hydro5,HYD62252,,,,,,,,0,0,,South America,,,,,,,,23754,,,
,23755,hydro5,HYD62252,,,,,,,,0,0,,South America,,,,,,,,23755,,,
,23756,hydro5,HYD62252,,,,,,,,0,0,,South America,,,,,,,,23756,,,
,23757,hydro5,HYD62253,,,,,,,,0,0,,South America,,,,,,,,23757,,,
,23758,hydro5,HYD62254,,,,,,,,0,0,,South America,,,,,,,,23758,,,
,23759,hydro5,HYD62254,,,,,,,,0,0,,South America,,,,,,,,23759,,,
,23760,hydro5,HYD62254,,,,,,,,0,0,,South America,,,,,,,,23760,,,
,23761,hydro5,HYD62254,,,,,,,,0,0,,South America,,,,,,,,23761,,,
,23762,hydro5,HYD62255,,,,,,,,0,0,,South America,,,,,,,,23762,,,
,23763,hydro5,HYD62256,,,,,,,,0,0,,South America,,,,,,,,23763,,,
,23764,hydro5,HYD62256,,,,,,,,0,0,,South America,,,,,,,,23764,,,
,23765,hydro5,HYD62256,,,,,,,,0,0,,South America,,,,,,,,23765,,,
,23766,hydro5,HYD62257,,,,,,,,0,0,,South America,,,,,,,,23766,,,
,23767,hydro5,HYD62258,,,,,,,,0,0,,South America,,,,,,,,23767,,,
,23768,hydro5,HYD62258,,,,,,,,0,0,,South America,,,,,,,,23768,,,
,23769,hydro5,HYD62259,,,,,,,,0,0,,South America,,,,,,,,23769,,,
,23770,hydro5,HYD62261,,,,,,,,0,0,,South America,,,,,,,,23770,,,
,23771,hydro5,HYD62262,,,,,,,,0,0,,South America,,,,,,,,23771,,,
,23772,hydro5,HYD62263,,,,,,,,0,0,,South America,,,,,,,,23772,,,
,23773,hydro5,HYD62264,,,,,,,,0,0,,South America,,,,,,,,23773,,,
,23774,hydro5,HYD62265,,,,,,,,0,0,,South America,,,,,,,,23774,,,
,23775,hydro5,HYD62266,,,AMAndes,4,,,,1,0,,South America,,,,,,,,23775,,,
,23776,hydro5,HYD62267,,,AMAndes,4,,,,1,0,,South America,,,,,,,,23776,,,
,23777,hydro5,HYD62267,,,,,,,,0,0,,South America,,,,,,,,23777,,,
,23778,hydro5,HYD62268,,,,,,,,0,0,,South America,,,,,,,,23778,,,
,23779,hydro5,HYD62268,,,,,,,,0,0,,South America,,,,,,,,23779,,,
,23780,hydro5,HYD62269,,,AMAndes,4,,,,1,0,,South America,,,,,,,,23780,,,
,23781,hydro5,HYD62269,,,,,,,,0,0,,South America,,,,,,,,23781,,,
,23782,hydro5,HYD62269,,,,,,,,0,0,,South America,,,,,,,,23782,,,
,23783,hydro5,HYD62270,,,,,,,,0,0,,South America,,,,,,,,23783,,,
,23784,hydro5,HYD62281,,,,,,,,0,0,,South America,,,,,,,,23784,,,
,23785,hydro5,HYD62282,,,,,,,,0,0,,South America,,,,,,,,23785,,,
,23786,hydro5,HYD62283,,,,,,,,0,0,,South America,,,,,,,,23786,,,
,23787,hydro5,HYD62284,,,,,,,,0,0,,South America,,,,,,,,23787,,,
,23788,hydro5,HYD62285,,,,,,,,0,0,,South America,,,,,,,,23788,,,
,23789,hydro5,HYD62286,,,,,,,,0,0,,South America,,,,,,,,23789,,,
,23790,hydro5,HYD62287,,,,,,,,0,0,,South America,,,,,,,,23790,,,
,23791,hydro5,HYD62288,,,,,,,,0,0,,South America,,,,,,,,23791,,,
,23792,hydro5,HYD62289,,,,,,,,0,0,,South America,,,,,,,,23792,,,
,23793,hydro5,HYD62291,,,,,,,,0,0,,South America,,,,,,,,23793,,,
,23794,hydro5,HYD62292,,,,,,,,0,0,,South America,,,,,,,,23794,,,
,23795,hydro5,HYD62293,,,,,,,,0,0,,South America,,,,,,,,23795,,,
,23796,hydro5,HYD62293,,,,,,,,0,0,,South America,,,,,,,,23796,,,
,23797,hydro5,HYD62293,,,,,,,,0,0,,South America,,,,,,,,23797,,,
,23798,hydro5,HYD62294,,,,,,,,0,0,,South America,,,,,,,,23798,,,
,23799,hydro5,HYD62295,,,,,,,,0,0,,South America,,,,,,,,23799,,,
,23800,hydro5,HYD62296,,,,,,,,0,0,,South America,,,,,,,,23800,,,
,23801,hydro5,HYD62297,,,AMAndes,4,,,,1,0,,South America,,,,,,,,23801,,,
,23802,hydro5,HYD62298,,,AMAndes,4,,,,1,0,,South America,,,,,,,,23802,,,
,23803,hydro5,HYD62299,,,AMAndes,4,,,,1,0,,South America,,,,,,,,23803,,,
,23804,hydro5,HYD62301,,,,,,,,0,0,,South America,,,,,,,,23804,,,
,23805,hydro5,HYD62302,,,,,,,,0,0,,South America,,,,,,,,23805,,,
,23806,hydro5,HYD62303,,,,,,,,0,0,,South America,,,,,,,,23806,,,
,23807,hydro5,HYD62304,,,,,,,,0,0,,South America,,,,,,,,23807,,,
,23808,hydro5,HYD62305,,,,,,,,0,0,,South America,,,,,,,,23808,,,
,23809,hydro5,HYD62306,,,,,,,,0,0,,South America,,,,,,,,23809,,,
,23810,hydro5,HYD62307,,,,,,,,0,0,,South America,,,,,,,,23810,,,
,23811,hydro5,HYD62307,,,,,,,,0,0,,South America,,,,,,,,23811,,,
,23812,hydro5,HYD62308,,,,,,,,0,0,,South America,,,,,,,,23812,,,
,23813,hydro5,HYD62308,,,,,,,,0,0,,South America,,,,,,,,23813,,,
,23814,hydro5,HYD62309,,,,,,,,0,0,,South America,,,,,,,,23814,,,
,23815,hydro5,HYD62410,,,,,,,,0,0,,South America,,,,,,,,23815,,,
,23816,hydro5,HYD62410,,,,,,,,0,0,,South America,,,,,,,,23816,,,
,23817,hydro5,HYD62420,,,,,,,,0,0,,South America,,,,,,,,23817,,,
,23818,hydro5,HYD62430,,,,,,,,0,0,,South America,,,,,,,,23818,,,
,23819,hydro5,HYD62441,,,,,,,,0,0,,South America,,,,,,,,23819,,,
,23820,hydro5,HYD62442,,,,,,,,0,0,,South America,,,,,,,,23820,,,
,23821,hydro5,HYD62443,,,,,,,,0,0,,South America,,,,,,,,23821,,,
,23822,hydro5,HYD62444,,,,,,,,0,0,,South America,,,,,,,,23822,,,
,23823,hydro5,HYD62445,,,,,,,,0,0,,South America,,,,,,,,23823,,,
,23824,hydro5,HYD62446,,,,,,,,0,0,,South America,,,,,,,,23824,,,
,23825,hydro5,HYD62447,,,,,,,,0,0,,South America,,,,,,,,23825,,,
,23826,hydro5,HYD62447,,,,,,,,0,0,,South America,,,,,,,,23826,,,
,23827,hydro5,HYD62448,,,,,,,,0,0,,South America,,,,,,,,23827,,,
,23828,hydro5,HYD62449,,,,,,,,0,0,,South America,,,,,,,,23828,,,
,23829,hydro5,HYD62451,,,,,,,,0,0,,South America,,,,,,,,23829,,,
,23830,hydro5,HYD62452,,,,,,,,0,0,,South America,,,,,,,,23830,,,
,23831,hydro5,HYD62453,,,,,,,,0,0,,South America,,,,,,,,23831,,,
,23832,hydro5,HYD62454,,,,,,,,0,0,,South America,,,,,,,,23832,,,
,23833,hydro5,HYD62455,,,,,,,,0,0,,South America,,,,,,,,23833,,,
,23834,hydro5,HYD62456,,,,,,,,0,0,,South America,,,,,,,,23834,,,
,23835,hydro5,HYD62457,,,,,,,,0,0,,South America,,,,,,,,23835,,,
,23836,hydro5,HYD62458,,,,,,,,0,0,,South America,,,,,,,,23836,,,
,23837,hydro5,HYD62459,,,,,,,,0,0,,South America,,,,,,,,23837,,,
,23838,hydro5,HYD62460,,,,,,,,0,0,,South America,,,,,,,,23838,,,
,23839,hydro5,HYD62470,,,,,,,,0,0,,South America,,,,,,,,23839,,,
,23840,hydro5,HYD62480,,,,,,,,0,0,,South America,,,,,,,,23840,,,
,23841,hydro5,HYD62491,,,,,,,,0,0,,South America,,,,,,,,23841,,,
,23842,hydro5,HYD62492,,,,,,,,0,0,,South America,,,,,,,,23842,,,
,23843,hydro5,HYD62493,,,,,,,,0,0,,South America,,,,,,,,23843,,,
,23844,hydro5,HYD62494,,,,,,,,0,0,,South America,,,,,,,,23844,,,
,23845,hydro5,HYD62495,,,,,,,,0,0,,South America,,,,,,,,23845,,,
,23846,hydro5,HYD62496,,,,,,,,0,0,,South America,,,,,,,,23846,,,
,23847,hydro5,HYD62497,,,,,,,,0,0,,South America,,,,,,,,23847,,,
,23848,hydro5,HYD62498,,,,,,,,0,0,,South America,,,,,,,,23848,,,
,23849,hydro5,HYD62499,,,,,,,,0,0,,South America,,,,,,,,23849,,,
,23850,hydro5,HYD62500,,,,,,,,0,0,,South America,,,,,,,,23850,,,
,23851,hydro5,HYD63101,,,,,,,,0,0,,South America,,,,,,,,23851,,,
,23852,hydro5,HYD63102,,,,,,,,0,0,,South America,,,,,,,,23852,,,
,23853,hydro5,HYD63103,,,,,,,,0,0,,South America,,,,,,,,23853,,,
,23854,hydro5,HYD63104,,,,,,,,0,0,,South America,,,,,,,,23854,,,
,23855,hydro5,HYD63105,,,,,,,,0,0,,South America,,,,,,,,23855,,,
,23856,hydro5,HYD63106,,,,,,,,0,0,,South America,,,,,,,,23856,,,
,23857,hydro5,HYD63107,,,,,,,,0,0,,South America,,,,,,,,23857,,,
,23858,hydro5,HYD63108,,,,,,,,0,0,,South America,,,,,,,,23858,,,
,23859,hydro5,HYD63109,,,,,,,,0,0,,South America,,,,,,,,23859,,,
,23860,hydro5,HYD63210,,,,,,,,0,0,,South America,,,,,,,,23860,,,
,23861,hydro5,HYD63220,,,,,,,,0,0,,South America,,,,,,,,23861,,,
,23862,hydro5,HYD63230,,,,,,,,0,0,,South America,,,,,,,,23862,,,
,23863,hydro5,HYD63240,,,,,,,,0,0,,South America,,,,,,,,23863,,,
,23864,hydro5,HYD63250,,,,,,,,0,0,,South America,,,,,,,,23864,,,
,23865,hydro5,HYD63260,,,,,,,,0,0,,South America,,,,,,,,23865,,,
,23866,hydro5,HYD63270,,,,,,,,0,0,,South America,,,,,,,,23866,,,
,23867,hydro5,HYD63270,,,,,,,,0,0,,South America,,,,,,,,23867,,,
,23868,hydro5,HYD63280,,,,,,,,0,0,,South America,,,,,,,,23868,,,
,23869,hydro5,HYD63290,,,,,,,,0,0,,South America,,,,,,,,23869,,,
,23870,hydro5,HYD63300,,,,,,,,0,0,,South America,,,,,,,,23870,,,
,23871,hydro5,HYD63301,,,,,,,,0,0,,South America,,,,,,,,23871,,,
,23872,hydro5,HYD63302,,,,,,,,0,0,,South America,,,,,,,,23872,,,
,23873,hydro5,HYD63303,,,,,,,,0,0,,South America,,,,,,,,23873,,,
,23874,hydro5,HYD63304,,,,,,,,0,0,,South America,,,,,,,,23874,,,
,23875,hydro5,HYD63305,,,,,,,,0,0,,South America,,,,,,,,23875,,,
,23876,hydro5,HYD63306,,,,,,,,0,0,,South America,,,,,,,,23876,,,
,23877,hydro5,HYD63307,,,,,,,,0,0,,South America,,,,,,,,23877,,,
,23878,hydro5,HYD63308,,,,,,,,0,0,,South America,,,,,,,,23878,,,
,23879,hydro5,HYD63309,,,,,,,,0,0,,South America,,,,,,,,23879,,,
,23880,hydro5,HYD63411,,,,,,,,0,0,,South America,,,,,,,,23880,,,
,23881,hydro5,HYD63411,,,,,,,,0,0,,South America,,,,,,,,23881,,,
,23882,hydro5,HYD63412,,,,,,,,0,0,,South America,,,,,,,,23882,,,
,23883,hydro5,HYD63413,,,,,,,,0,0,,South America,,,,,,,,23883,,,
,23884,hydro5,HYD63414,,,,,,,,0,0,,South America,,,,,,,,23884,,,
,23885,hydro5,HYD63415,,,,,,,,0,0,,South America,,,,,,,,23885,,,
,23886,hydro5,HYD63416,,,,,,,,0,0,,South America,,,,,,,,23886,,,
,23887,hydro5,HYD63417,,,,,,,,0,0,,South America,,,,,,,,23887,,,
,23888,hydro5,HYD63417,,,,,,,,0,0,,South America,,,,,,,,23888,,,
,23889,hydro5,HYD63418,,,,,,,,0,0,,South America,,,,,,,,23889,,,
,23890,hydro5,HYD63419,,,,,,,,0,0,,South America,,,,,,,,23890,,,
,23891,hydro5,HYD63420,,,,,,,,0,0,,South America,,,,,,,,23891,,,
,23892,hydro5,HYD63430,,,,,,,,0,0,,South America,,,,,,,,23892,,,
,23893,hydro5,HYD63440,,,,,,,,0,0,,South America,,,,,,,,23893,,,
,23894,hydro5,HYD63450,,,,,,,,0,0,,South America,,,,,,,,23894,,,
,23895,hydro5,HYD63460,,,,,,,,0,0,,South America,,,,,,,,23895,,,
,23896,hydro5,HYD63470,,,,,,,,0,0,,South America,,,,,,,,23896,,,
,23897,hydro5,HYD63480,,,,,,,,0,0,,South America,,,,,,,,23897,,,
,23898,hydro5,HYD63491,,,,,,,,0,0,,South America,,,,,,,,23898,,,
,23899,hydro5,HYD63492,,,,,,,,0,0,,South America,,,,,,,,23899,,,
,23900,hydro5,HYD63493,,,,,,,,0,0,,South America,,,,,,,,23900,,,
,23901,hydro5,HYD63494,,,,,,,,0,0,,South America,,,,,,,,23901,,,
,23902,hydro5,HYD63495,,,,,,,,0,0,,South America,,,,,,,,23902,,,
,23903,hydro5,HYD63496,,,,,,,,0,0,,South America,,,,,,,,23903,,,
,23904,hydro5,HYD63497,,,,,,,,0,0,,South America,,,,,,,,23904,,,
,23905,hydro5,HYD63497,,,,,,,,0,0,,South America,,,,,,,,23905,,,
,23906,hydro5,HYD63498,,,,,,,,0,0,,South America,,,,,,,,23906,,,
,23907,hydro5,HYD63499,,,,,,,,0,0,,South America,,,,,,,,23907,,,
,23908,hydro5,HYD63511,,,,,,,,0,0,,South America,,,,,,,,23908,,,
,23909,hydro5,HYD63512,,,,,,,,0,0,,South America,,,,,,,,23909,,,
,23910,hydro5,HYD63513,,,,,,,,0,0,,South America,,,,,,,,23910,,,
,23911,hydro5,HYD63514,,,,,,,,0,0,,South America,,,,,,,,23911,,,
,23912,hydro5,HYD63515,,,,,,,,0,0,,South America,,,,,,,,23912,,,
,23913,hydro5,HYD63516,,,,,,,,0,0,,South America,,,,,,,,23913,,,
,23914,hydro5,HYD63517,,,,,,,,0,0,,South America,,,,,,,,23914,,,
,23915,hydro5,HYD63518,,,,,,,,0,0,,South America,,,,,,,,23915,,,
,23916,hydro5,HYD63519,,,,,,,,0,0,,South America,,,,,,,,23916,,,
,23917,hydro5,HYD63520,,,,,,,,0,0,,South America,,,,,,,,23917,,,
,23918,hydro5,HYD63530,,,,,,,,0,0,,South America,,,,,,,,23918,,,
,23919,hydro5,HYD63540,,,,,,,,0,0,,South America,,,,,,,,23919,,,
,23920,hydro5,HYD63550,,,,,,,,0,0,,South America,,,,,,,,23920,,,
,23921,hydro5,HYD63560,,,,,,,,0,0,,South America,,,,,,,,23921,,,
,23922,hydro5,HYD63570,,,,,,,,0,0,,South America,,,,,,,,23922,,,
,23923,hydro5,HYD63580,,,,,,,,0,0,,South America,,,,,,,,23923,,,
,23924,hydro5,HYD63590,,,,,,,,0,0,,South America,,,,,,,,23924,,,
,23925,hydro5,HYD64110,,,,,,,,0,0,,South America,,,,,,,,23925,,,
,23926,hydro5,HYD64120,,,,,,,,0,0,,South America,,,,,,,,23926,,,
,23927,hydro5,HYD64130,,,,,,,,0,0,,South America,,,,,,,,23927,,,
,23928,hydro5,HYD64140,,,,,,,,0,0,,South America,,,,,,,,23928,,,
,23929,hydro5,HYD64140,,,,,,,,0,0,,South America,,,,,,,,23929,,,
,23930,hydro5,HYD64150,,,,,,,,0,0,,South America,,,,,,,,23930,,,
,23931,hydro5,HYD64150,,,,,,,,0,0,,South America,,,,,,,,23931,,,
,23932,hydro5,HYD64160,,,,,,,,0,0,,South America,,,,,,,,23932,,,
,23933,hydro5,HYD64160,,,,,,,,0,0,,South America,,,,,,,,23933,,,
,23934,hydro5,HYD64170,,,,,,,,0,0,,South America,,,,,,,,23934,,,
,23935,hydro5,HYD64181,,,,,,,,0,0,,South America,,,,,,,,23935,,,
,23936,hydro5,HYD64181,,,,,,,,0,0,,South America,,,,,,,,23936,,,
,23937,hydro5,HYD64182,,,,,,,,0,0,,South America,,,,,,,,23937,,,
,23938,hydro5,HYD64183,,,,,,,,0,0,,South America,,,,,,,,23938,,,
,23939,hydro5,HYD64184,,,,,,,,0,0,,South America,,,,,,,,23939,,,
,23940,hydro5,HYD64185,,,,,,,,0,0,,South America,,,,,,,,23940,,,
,23941,hydro5,HYD64186,,,,,,,,0,0,,South America,,,,,,,,23941,,,
,23942,hydro5,HYD64187,,,,,,,,0,0,,South America,,,,,,,,23942,,,
,23943,hydro5,HYD64188,,,,,,,,0,0,,South America,,,,,,,,23943,,,
,23944,hydro5,HYD64189,,,,,,,,0,0,,South America,,,,,,,,23944,,,
,23945,hydro5,HYD64190,,,,,,,,0,0,,South America,,,,,,,,23945,,,
,23946,hydro5,HYD64211,,,,,,,,0,0,,South America,,,,,,,,23946,,,
,23947,hydro5,HYD64212,,,,,,,,0,0,,South America,,,,,,,,23947,,,
,23948,hydro5,HYD64213,,,,,,,,0,0,,South America,,,,,,,,23948,,,
,23949,hydro5,HYD64214,,,,,,,,0,0,,South America,,,,,,,,23949,,,
,23950,hydro5,HYD64215,,,,,,,,0,0,,South America,,,,,,,,23950,,,
,23951,hydro5,HYD64216,,,,,,,,0,0,,South America,,,,,,,,23951,,,
,23952,hydro5,HYD64217,,,,,,,,0,0,,South America,,,,,,,,23952,,,
,23953,hydro5,HYD64218,,,,,,,,0,0,,South America,,,,,,,,23953,,,
,23954,hydro5,HYD64219,,,,,,,,0,0,,South America,,,,,,,,23954,,,
,23955,hydro5,HYD64221,,,,,,,,0,0,,South America,,,,,,,,23955,,,
,23956,hydro5,HYD64222,,,,,,,,0,0,,South America,,,,,,,,23956,,,
,23957,hydro5,HYD64223,,,,,,,,0,0,,South America,,,,,,,,23957,,,
,23958,hydro5,HYD64224,,,,,,,,0,0,,South America,,,,,,,,23958,,,
,23959,hydro5,HYD64225,,,,,,,,0,0,,South America,,,,,,,,23959,,,
,23960,hydro5,HYD64226,,,,,,,,0,0,,South America,,,,,,,,23960,,,
,23961,hydro5,HYD64227,,,,,,,,0,0,,South America,,,,,,,,23961,,,
,23962,hydro5,HYD64228,,,,,,,,0,0,,South America,,,,,,,,23962,,,
,23963,hydro5,HYD64229,,,,,,,,0,0,,South America,,,,,,,,23963,,,
,23964,hydro5,HYD64231,,,,,,,,0,0,,South America,,,,,,,,23964,,,
,23965,hydro5,HYD64232,,,,,,,,0,0,,South America,,,,,,,,23965,,,
,23966,hydro5,HYD64232,,,,,,,,0,0,,South America,,,,,,,,23966,,,
,23967,hydro5,HYD64233,,,,,,,,0,0,,South America,,,,,,,,23967,,,
,23968,hydro5,HYD64234,,,,,,,,0,0,,South America,,,,,,,,23968,,,
,23969,hydro5,HYD64235,,,,,,,,0,0,,South America,,,,,,,,23969,,,
,23970,hydro5,HYD64236,,,,,,,,0,0,,South America,,,,,,,,23970,,,
,23971,hydro5,HYD64237,,,,,,,,0,0,,South America,,,,,,,,23971,,,
,23972,hydro5,HYD64238,,,,,,,,0,0,,South America,,,,,,,,23972,,,
,23973,hydro5,HYD64239,,,,,,,,0,0,,South America,,,,,,,,23973,,,
,23974,hydro5,HYD64240,,,AMAndes,4,,,,1,0,,South America,,,,,,,,23974,,,
,23975,hydro5,HYD64241,,,,,,,,0,0,,South America,,,,,,,,23975,,,
,23976,hydro5,HYD64242,,,,,,,,0,0,,South America,,,,,,,,23976,,,
,23977,hydro5,HYD64243,,,,,,,,0,0,,South America,,,,,,,,23977,,,
,23978,hydro5,HYD64244,,,AMAndes,4,,,,1,0,,South America,,,,,,,,23978,,,
,23979,hydro5,HYD64245,,,,,,,,0,0,,South America,,,,,,,,23979,,,
,23980,hydro5,HYD64246,,,,,,,,0,0,,South America,,,,,,,,23980,,,
,23981,hydro5,HYD64247,,,,,,,,0,0,,South America,,,,,,,,23981,,,
,23982,hydro5,HYD64248,,,,,,,,0,0,,South America,,,,,,,,23982,,,
,23983,hydro5,HYD64249,,,,,,,,0,0,,South America,,,,,,,,23983,,,
,23984,hydro5,HYD64251,,,,,,,,0,0,,South America,,,,,,,,23984,,,
,23985,hydro5,HYD64251,,,,,,,,0,0,,South America,,,,,,,,23985,,,
,23986,hydro5,HYD64252,,,,,,,,0,0,,South America,,,,,,,,23986,,,
,23987,hydro5,HYD64253,,,,,,,,0,0,,South America,,,,,,,,23987,,,
,23988,hydro5,HYD64253,,,,,,,,0,0,,South America,,,,,,,,23988,,,
,23989,hydro5,HYD64253,,,,,,,,0,0,,South America,,,,,,,,23989,,,
,23990,hydro5,HYD64254,,,,,,,,0,0,,South America,,,,,,,,23990,,,
,23991,hydro5,HYD64255,,,,,,,,0,0,,South America,,,,,,,,23991,,,
,23992,hydro5,HYD64256,,,,,,,,0,0,,South America,,,,,,,,23992,,,
,23993,hydro5,HYD64257,,,,,,,,0,0,,South America,,,,,,,,23993,,,
,23994,hydro5,HYD64258,,,,,,,,0,0,,South America,,,,,,,,23994,,,
,23995,hydro5,HYD64259,,,,,,,,0,0,,South America,,,,,,,,23995,,,
,23996,hydro5,HYD64261,,,,,,,,0,0,,South America,,,,,,,,23996,,,
,23997,hydro5,HYD64261,,,,,,,,0,0,,South America,,,,,,,,23997,,,
,23998,hydro5,HYD64262,,,,,,,,0,0,,South America,,,,,,,,23998,,,
,23999,hydro5,HYD64263,,,,,,,,0,0,,South America,,,,,,,,23999,,,
,24000,hydro5,HYD64264,,,,,,,,0,0,,South America,,,,,,,,24000,,,
,24001,hydro5,HYD64265,,,,,,,,0,0,,South America,,,,,,,,24001,,,
,24002,hydro5,HYD64266,,,,,,,,0,0,,South America,,,,,,,,24002,,,
,24003,hydro5,HYD64267,,,,,,,,0,0,,South America,,,,,,,,24003,,,
,24004,hydro5,HYD64267,,,,,,,,0,0,,South America,,,,,,,,24004,,,
,24005,hydro5,HYD64268,,,,,,,,0,0,,South America,,,,,,,,24005,,,
,24006,hydro5,HYD64269,,,,,,,,0,0,,South America,,,,,,,,24006,,,
,24007,hydro5,HYD64269,,,,,,,,0,0,,South America,,,,,,,,24007,,,
,24008,hydro5,HYD64271,,,,,,,,0,0,,South America,,,,,,,,24008,,,
,24009,hydro5,HYD64271,,,,,,,,0,0,,South America,,,,,,,,24009,,,
,24010,hydro5,HYD64272,,,,,,,,0,0,,South America,,,,,,,,24010,,,
,24011,hydro5,HYD64273,,,,,,,,0,0,,South America,,,,,,,,24011,,,
,24012,hydro5,HYD64274,,,,,,,,0,0,,South America,,,,,,,,24012,,,
,24013,hydro5,HYD64275,,,,,,,,0,0,,South America,,,,,,,,24013,,,
,24014,hydro5,HYD64276,,,,,,,,0,0,,South America,,,,,,,,24014,,,
,24015,hydro5,HYD64276,,,,,,,,0,0,,South America,,,,,,,,24015,,,
,24016,hydro5,HYD64277,,,,,,,,0,0,,South America,,,,,,,,24016,,,
,24017,hydro5,HYD64278,,,,,,,,0,0,,South America,,,,,,,,24017,,,
,24018,hydro5,HYD64278,,,,,,,,0,0,,South America,,,,,,,,24018,,,
,24019,hydro5,HYD64278,,,,,,,,0,0,,South America,,,,,,,,24019,,,
,24020,hydro5,HYD64279,,,,,,,,0,0,,South America,,,,,,,,24020,,,
,24021,hydro5,HYD64279,,,,,,,,0,0,,South America,,,,,,,,24021,,,
,24022,hydro5,HYD64281,,,,,,,,0,0,,South America,,,,,,,,24022,,,
,24023,hydro5,HYD64281,,,,,,,,0,0,,South America,,,,,,,,24023,,,
,24024,hydro5,HYD64282,,,,,,,,0,0,,South America,,,,,,,,24024,,,
,24025,hydro5,HYD64283,,,,,,,,0,0,,South America,,,,,,,,24025,,,
,24026,hydro5,HYD64284,,,,,,,,0,0,,South America,,,,,,,,24026,,,
,24027,hydro5,HYD64285,,,,,,,,0,0,,South America,,,,,,,,24027,,,
,24028,hydro5,HYD64285,,,,,,,,0,0,,South America,,,,,,,,24028,,,
,24029,hydro5,HYD64286,,,,,,,,0,0,,South America,,,,,,,,24029,,,
,24030,hydro5,HYD64287,,,,,,,,0,0,,South America,,,,,,,,24030,,,
,24031,hydro5,HYD64288,,,,,,,,0,0,,South America,,,,,,,,24031,,,
,24032,hydro5,HYD64289,,,,,,,,0,0,,South America,,,,,,,,24032,,,
,24033,hydro5,HYD64291,,,,,,,,0,0,,South America,,,,,,,,24033,,,
,24034,hydro5,HYD64291,,,,,,,,0,0,,South America,,,,,,,,24034,,,
,24035,hydro5,HYD64292,,,,,,,,0,0,,South America,,,,,,,,24035,,,
,24036,hydro5,HYD64293,,,,,,,,0,0,,South America,,,,,,,,24036,,,
,24037,hydro5,HYD64293,,,,,,,,0,0,,South America,,,,,,,,24037,,,
,24038,hydro5,HYD64294,,,,,,,,0,0,,South America,,,,,,,,24038,,,
,24039,hydro5,HYD64295,,,,,,,,0,0,,South America,,,,,,,,24039,,,
,24040,hydro5,HYD64296,,,,,,,,0,0,,South America,,,,,,,,24040,,,
,24041,hydro5,HYD64297,,,,,,,,0,0,,South America,,,,,,,,24041,,,
,24042,hydro5,HYD64297,,,,,,,,0,0,,South America,,,,,,,,24042,,,
,24043,hydro5,HYD64298,,,,,,,,0,0,,South America,,,,,,,,24043,,,
,24044,hydro5,HYD64299,,,,,,,,0,0,,South America,,,,,,,,24044,,,
,24045,hydro5,HYD64300,,,,,,,,0,0,,South America,,,,,,,,24045,,,
,24046,hydro5,HYD64401,,,,,,,,0,0,,South America,,,,,,,,24046,,,
,24047,hydro5,HYD64401,,,,,,,,0,0,,South America,,,,,,,,24047,,,
,24048,hydro5,HYD64402,,,,,,,,0,0,,South America,,,,,,,,24048,,,
,24049,hydro5,HYD64402,,,,,,,,0,0,,South America,,,,,,,,24049,,,
,24050,hydro5,HYD64402,,,,,,,,0,0,,South America,,,,,,,,24050,,,
,24051,hydro5,HYD64403,,,AMAndes,4,,,,1,0,,South America,,,,,,,,24051,,,
,24052,hydro5,HYD65101,,,,,,,,0,0,,South America,,,,,,,,24052,,,
,24053,hydro5,HYD65102,,,,,,,,0,0,,South America,,,,,,,,24053,,,
,24054,hydro5,HYD65103,,,,,,,,0,0,,South America,,,,,,,,24054,,,
,24055,hydro5,HYD65104,,,,,,,,0,0,,South America,,,,,,,,24055,,,
,24056,hydro5,HYD65105,,,,,,,,0,0,,South America,,,,,,,,24056,,,
,24057,hydro5,HYD65106,,,,,,,,0,0,,South America,,,,,,,,24057,,,
,24058,hydro5,HYD65107,,,,,,,,0,0,,South America,,,,,,,,24058,,,
,24059,hydro5,HYD65108,,,,,,,,0,0,,South America,,,,,,,,24059,,,
,24060,hydro5,HYD65110,,,,,,,,0,0,,South America,,,,,,,,24060,,,
,24061,hydro5,HYD65120,,,,,,,,0,0,,South America,,,,,,,,24061,,,
,24062,hydro5,HYD65130,,,,,,,,0,0,,South America,,,,,,,,24062,,,
,24063,hydro5,HYD65140,,,,,,,,0,0,,South America,,,,,,,,24063,,,
,24064,hydro5,HYD65150,,,,,,,,0,0,,South America,,,,,,,,24064,,,
,24065,hydro5,HYD65160,,,,,,,,0,0,,South America,,,,,,,,24065,,,
,24066,hydro5,HYD65170,,,,,,,,0,0,,South America,,,,,,,,24066,,,
,24067,hydro5,HYD65180,,,,,,,,0,0,,South America,,,,,,,,24067,,,
,24068,hydro5,HYD65190,,,,,,,,0,0,,South America,,,,,,,,24068,,,
,24069,hydro5,HYD65200,,,AMAndes,4,,,,1,0,,South America,,,,,,,,24069,,,
,24070,hydro5,HYD65210,,,,,,,,0,0,,South America,,,,,,,,24070,,,
,24071,hydro5,HYD65220,,,AMAndes,4,,,,1,0,,South America,,,,,,,,24071,,,
,24072,hydro5,HYD65230,,,AMAndes,4,,,,1,0,,South America,,,,,,,,24072,,,
,24073,hydro5,HYD65240,,,AMAndes,4,,,,1,0,,South America,,,,,,,,24073,,,
,24074,hydro5,HYD65250,,,AMAndes,4,,,,1,0,,South America,,,,,,,,24074,,,
,24075,hydro5,HYD65260,,,AMAndes,4,,,,1,0,,South America,,,,,,,,24075,,,
,24076,hydro5,HYD65270,,,AMAndes,4,,,,1,0,,South America,,,,,,,,24076,,,
,24077,hydro5,HYD65280,,,,,,,,0,0,,South America,,,,,,,,24077,,,
,24078,hydro5,HYD65290,,,AMAndes,4,,,,1,0,,South America,,,,,,,,24078,,,
,24079,hydro5,HYD65300,,,,,,,,0,0,,South America,,,,,,,,24079,,,
,24080,hydro5,HYD65301,,,,,,,,0,0,,South America,,,,,,,,24080,,,
,24081,hydro5,HYD65302,,,AMAndes,4,,,,1,0,,South America,,,,,,,,24081,,,
,24082,hydro5,HYD65303,,,,,,,,0,0,,South America,,,,,,,,24082,,,
,24083,hydro5,HYD65304,,,,,,,,0,0,,South America,,,,,,,,24083,,,
,24084,hydro5,HYD65305,,,AMAndes,4,,,,1,0,,South America,,,,,,,,24084,,,
,24085,hydro5,HYD65306,,,AMAndes,4,,,,1,0,,South America,,,,,,,,24085,,,
,24086,hydro5,HYD65307,,,,,,,,0,0,,South America,,,,,,,,24086,,,
,24087,hydro5,HYD65308,,,,,,,,0,0,,South America,,,,,,,,24087,,,
,24088,hydro5,HYD65309,,,AMAndes,4,,,,1,0,,South America,,,,,,,,24088,,,
,24089,hydro5,HYD65310,,,,,,,,0,0,,South America,,,,,,,,24089,,,
,24090,hydro5,HYD65320,,,AMAndes,4,,,,1,0,,South America,,,,,,,,24090,,,
,24091,hydro5,HYD65321,,,AMAndes,4,,,,1,0,,South America,,,,,,,,24091,,,
,24092,hydro5,HYD65322,,,AMAndes,4,,,,1,0,,South America,,,,,,,,24092,,,
,24093,hydro5,HYD65322,,,AMAndes,4,,,,1,0,,South America,,,,,,,,24093,,,
,24094,hydro5,HYD65323,,,AMAndes,4,,,,1,0,,South America,,,,,,,,24094,,,
,24095,hydro5,HYD65323,,,AMAndes,4,,,,1,0,,South America,,,,,,,,24095,,,
,24096,hydro5,HYD65324,,,AMAndes,4,,,,1,0,,South America,,,,,,,,24096,,,
,24097,hydro5,HYD65325,,,AMAndes,4,,,,1,0,,South America,,,,,,,,24097,,,
,24098,hydro5,HYD65326,,,AMAndes,4,,,,1,0,,South America,,,,,,,,24098,,,
,24099,hydro5,HYD65327,,,AMAndes,4,,,,1,0,,South America,,,,,,,,24099,,,
,24100,hydro5,HYD65328,,,AMAndes,4,,,,1,0,,South America,,,,,,,,24100,,,
,24101,hydro5,HYD65328,,,,,,,,0,0,,South America,,,,,,,,24101,,,
,24102,hydro5,HYD65329,,,AMAndes,4,,,,1,0,,South America,,,,,,,,24102,,,
,24103,hydro5,HYD65330,,,,,,,,0,0,,South America,,,,,,,,24103,,,
,24104,hydro5,HYD65340,,,AMAndes,4,,,,1,0,,South America,,,,,,,,24104,,,
,24105,hydro5,HYD65341,,,,,,,,0,0,,South America,,,,,,,,24105,,,
,24106,hydro5,HYD65342,,,AMAndes,4,,,,1,0,,South America,,,,,,,,24106,,,
,24107,hydro5,HYD65343,,,,,,,,0,0,,South America,,,,,,,,24107,,,
,24108,hydro5,HYD65344,,,AMAndes,4,,,,1,0,,South America,,,,,,,,24108,,,
,24109,hydro5,HYD65345,,,AMAndes,4,,,,1,0,,South America,,,,,,,,24109,,,
,24110,hydro5,HYD65345,,,,,,,,0,0,,South America,,,,,,,,24110,,,
,24111,hydro5,HYD65345,,,,,,,,0,0,,South America,,,,,,,,24111,,,
,24112,hydro5,HYD65346,,,AMAndes,4,,,,1,0,,South America,,,,,,,,24112,,,
,24113,hydro5,HYD65347,,,AMAndes,4,,,,1,0,,South America,,,,,,,,24113,,,
,24114,hydro5,HYD65348,,,AMAndes,4,,,,1,0,,South America,,,,,,,,24114,,,
,24115,hydro5,HYD65349,,,AMAndes,4,,,,1,0,,South America,,,,,,,,24115,,,
,24116,hydro5,HYD65350,,,,,,,,0,0,,South America,,,,,,,,24116,,,
,24117,hydro5,HYD65360,,,AMAndes,4,,,,1,0,,South America,,,,,,,,24117,,,
,24118,hydro5,HYD65370,,,AMAndes,4,,,,1,0,,South America,,,,,,,,24118,,,
,24119,hydro5,HYD65371,,,AMAndes,4,,,,1,0,,South America,,,,,,,,24119,,,
,24120,hydro5,HYD65372,,,AMAndes,4,,,,1,0,,South America,,,,,,,,24120,,,
,24121,hydro5,HYD65373,,,AMAndes,4,,,,1,0,,South America,,,,,,,,24121,,,
,24122,hydro5,HYD65374,,,AMAndes,4,,,,1,0,,South America,,,,,,,,24122,,,
,24123,hydro5,HYD65375,,,AMAndes,4,,,,1,0,,South America,,,,,,,,24123,,,
,24124,hydro5,HYD65376,,,AMAndes,4,,,,1,0,,South America,,,,,,,,24124,,,
,24125,hydro5,HYD65377,,,AMAndes,4,,,,1,0,,South America,,,,,,,,24125,,,
,24126,hydro5,HYD65378,,,AMAndes,4,,,,1,0,,South America,,,,,,,,24126,,,
,24127,hydro5,HYD65378,,,,,,,,0,0,,South America,,,,,,,,24127,,,
,24128,hydro5,HYD65379,,,AMAndes,4,,,,1,0,,South America,,,,,,,,24128,,,
,24129,hydro5,HYD65380,,,AMAndes,4,,,,1,0,,South America,,,,,,,,24129,,,
,24130,hydro5,HYD65380,,,,,,,,0,0,,South America,,,,,,,,24130,,,
,24131,hydro5,HYD65380,,,,,,,,0,0,,South America,,,,,,,,24131,,,
,24132,hydro5,HYD65390,,,AMAndes,4,,,,1,0,,South America,,,,,,,,24132,,,
,24133,hydro5,HYD65400,,,,,,,,0,0,,South America,,,,,,,,24133,,,
,24134,hydro5,HYD66100,,,AMAndes,4,,,,2,0,,South America,,,,,,,,24134,,,
,24135,hydro5,HYD66100,,,,,,,,0,0,,South America,,,,,,,,24135,,,
,24136,hydro5,HYD66110,,,AMAndes,4,,,,1,0,,South America,,,,,,,,24136,,,
,24137,hydro5,HYD66120,,,AMAndes,4,,,,1,0,,South America,,,,,,,,24137,,,
,24138,hydro5,HYD66120,,,,,,,,0,0,,South America,,,,,,,,24138,,,
,24139,hydro5,HYD66130,,,AMAndes,4,,,,1,0,,South America,,,,,,,,24139,,,
,24140,hydro5,HYD66140,,,AMAndes,4,,,,1,0,,South America,,,,,,,,24140,,,
,24141,hydro5,HYD66140,,,,,,,,0,0,,South America,,,,,,,,24141,,,
,24142,hydro5,HYD66140,,,,,,,,0,0,,South America,,,,,,,,24142,,,
,24143,hydro5,HYD66150,,,AMAndes,4,,,,1,0,,South America,,,,,,,,24143,,,
,24144,hydro5,HYD66150,,,,,,,,0,0,,South America,,,,,,,,24144,,,
,24145,hydro5,HYD66160,,,AMAndes,4,,,,1,0,,South America,,,,,,,,24145,,,
,24146,hydro5,HYD66170,,,AMAndes,4,,,,1,0,,South America,,,,,,,,24146,,,
,24147,hydro5,HYD66180,,,AMAndes,4,,,,1,0,,South America,,,,,,,,24147,,,
,24148,hydro5,HYD66190,,,AMAndes,4,,,,1,0,,South America,,,,,,,,24148,,,
,24149,hydro5,HYD66190,,,,,,,,0,0,,South America,,,,,,,,24149,,,
,24150,hydro5,HYD66210,,,AMAndes,4,,,,1,0,,South America,,,,,,,,24150,,,
,24151,hydro5,HYD66210,,,,,,,,0,0,,South America,,,,,,,,24151,,,
,24152,hydro5,HYD66220,,,AMAndes,4,,,,1,0,,South America,,,,,,,,24152,,,
,24153,hydro5,HYD66230,,,AMAndes,4,,,,1,0,,South America,,,,,,,,24153,,,
,24154,hydro5,HYD66240,,,AMAndes,4,,,,1,0,,South America,,,,,,,,24154,,,
,24155,hydro5,HYD66251,,,AMAndes,4,,,,1,0,,South America,,,,,,,,24155,,,
,24156,hydro5,HYD66252,,,AMAndes,4,,,,1,0,,South America,,,,,,,,24156,,,
,24157,hydro5,HYD66253,,,AMAndes,4,,,,1,0,,South America,,,,,,,,24157,,,
,24158,hydro5,HYD66254,,,AMAndes,4,,,,1,0,,South America,,,,,,,,24158,,,
,24159,hydro5,HYD66255,,,AMAndes,4,,,,1,0,,South America,,,,,,,,24159,,,
,24160,hydro5,HYD66256,,,AMAndes,4,,,,1,0,,South America,,,,,,,,24160,,,
,24161,hydro5,HYD66257,,,AMAndes,4,,,,1,0,,South America,,,,,,,,24161,,,
,24162,hydro5,HYD66258,,,AMAndes,4,,,,1,0,,South America,,,,,,,,24162,,,
,24163,hydro5,HYD66259,,,AMAndes,4,,,,1,0,,South America,,,,,,,,24163,,,
,24164,hydro5,HYD66260,,,AMAndes,4,,,,1,0,,South America,,,,,,,,24164,,,
,24165,hydro5,HYD66270,,,AMAndes,4,,,,1,0,,South America,,,,,,,,24165,,,
,24166,hydro5,HYD66280,,,AMAndes,4,,,,1,0,,South America,,,,,,,,24166,,,
,24167,hydro5,HYD66290,,,AMAndes,4,,,,1,0,,South America,,,,,,,,24167,,,
,24168,hydro5,HYD66300,,,,,,,,0,0,,South America,,,,,,,,24168,,,
,24169,hydro5,HYD66401,,,,,,,,0,0,,South America,,,,,,,,24169,,,
,24170,hydro5,HYD66402,,,AMAndes,4,,,,1,0,,South America,,,,,,,,24170,,,
,24171,hydro5,HYD66403,,,AMAndes,4,,,,1,0,,South America,,,,,,,,24171,,,
,24172,hydro5,HYD66404,,,AMAndes,4,,,,1,0,,South America,,,,,,,,24172,,,
,24173,hydro5,HYD66405,,,AMAndes,4,,,,1,0,,South America,,,,,,,,24173,,,
,24174,hydro5,HYD66405,,,,,,,,0,0,,South America,,,,,,,,24174,,,
,24175,hydro5,HYD66405,,,,,,,,0,0,,South America,,,,,,,,24175,,,
,24176,hydro5,HYD67101,,,AMAndes,4,,,,1,0,,South America,,,,,,,,24176,,,
,24177,hydro5,HYD67102,,,AMAndes,4,,,,1,0,,South America,,,,,,,,24177,,,
,24178,hydro5,HYD67103,,,AMAndes,4,,,,1,0,,South America,,,,,,,,24178,,,
,24179,hydro5,HYD67104,,,AMAndes,4,,,,1,0,,South America,,,,,,,,24179,,,
,24180,hydro5,HYD67105,,,AMAndes,4,,,,1,0,,South America,,,,,,,,24180,,,
,24181,hydro5,HYD67106,,,AMAndes,4,,,,1,0,,South America,,,,,,,,24181,,,
,24182,hydro5,HYD67107,,,AMAndes,4,,,,1,0,,South America,,,,,,,,24182,,,
,24183,hydro5,HYD67108,,,AMAndes,4,,,,1,0,,South America,,,,,,,,24183,,,
,24184,hydro5,HYD67109,,,AMAndes,4,,,,1,0,,South America,,,,,,,,24184,,,
,24185,hydro5,HYD67200,,,,,,,,0,0,,South America,,,,,,,,24185,,,
,24186,hydro5,HYD67201,,,AMAndes,4,,,,1,0,,South America,,,,,,,,24186,,,
,24187,hydro5,HYD67202,,,AMAndes,4,,,,1,0,,South America,,,,,,,,24187,,,
,24188,hydro5,HYD67203,,,,,,,,0,0,,South America,,,,,,,,24188,,,
,24189,hydro5,HYD67204,,,,,,,,0,0,,South America,,,,,,,,24189,,,
,24190,hydro5,HYD67205,,,,,,,,0,0,,South America,,,,,,,,24190,,,
,24191,hydro5,HYD67206,,,,,,,,0,0,,South America,,,,,,,,24191,,,
,24192,hydro5,HYD67207,,,,,,,,0,0,,South America,,,,,,,,24192,,,
,24193,hydro5,HYD67208,,,,,,,,0,0,,South America,,,,,,,,24193,,,
,24194,hydro5,HYD67209,,,,,,,,0,0,,South America,,,,,,,,24194,,,
,24195,hydro5,HYD67209,,,,,,,,0,0,,South America,,,,,,,,24195,,,
,24196,hydro5,HYD67300,,,,,,,,0,0,,South America,,,,,,,,24196,,,
,24197,hydro5,HYD71110,,,,,,,,0,0,,North America,,,,,,,,24197,,,
,24198,hydro5,HYD71120,,,,,,,,0,0,,North America,,,,,,,,24198,,,
,24199,hydro5,HYD71130,,,,,,,,0,0,,North America,,,,,,,,24199,,,
,24200,hydro5,HYD71140,,,,,,,,0,0,,North America,,,,,,,,24200,,,
,24201,hydro5,HYD71140,,,,,,,,0,0,,North America,,,,,,,,24201,,,
,24202,hydro5,HYD71140,,,,,,,,0,0,,North America,,,,,,,,24202,,,
,24203,hydro5,HYD71140,,,,,,,,0,0,,North America,,,,,,,,24203,,,
,24204,hydro5,HYD71150,,,,,,,,0,0,,North America,,,,,,,,24204,,,
,24205,hydro5,HYD71160,,,,,,,,0,0,,North America,,,,,,,,24205,,,
,24206,hydro5,HYD71170,,,,,,,,0,0,,North America,,,,,,,,24206,,,
,24207,hydro5,HYD71181,,,,,,,,0,0,,North America,,,,,,,,24207,,,
,24208,hydro5,HYD71181,,,,,,,,0,0,,North America,,,,,,,,24208,,,
,24209,hydro5,HYD71181,,,,,,,,0,0,,North America,,,,,,,,24209,,,
,24210,hydro5,HYD71181,,,,,,,,0,0,,North America,,,,,,,,24210,,,
,24211,hydro5,HYD71181,,,,,,,,0,0,,North America,,,,,,,,24211,,,
,24212,hydro5,HYD71181,,,,,,,,0,0,,North America,,,,,,,,24212,,,
,24213,hydro5,HYD71181,,,,,,,,0,0,,North America,,,,,,,,24213,,,
,24214,hydro5,HYD71181,,,,,,,,0,0,,North America,,,,,,,,24214,,,
,24215,hydro5,HYD71182,,,,,,,,0,0,,North America,,,,,,,,24215,,,
,24216,hydro5,HYD71182,,,,,,,,0,0,,North America,,,,,,,,24216,,,
,24217,hydro5,HYD71182,,,,,,,,0,0,,North America,,,,,,,,24217,,,
,24218,hydro5,HYD71182,,,,,,,,0,0,,North America,,,,,,,,24218,,,
,24219,hydro5,HYD71183,,,,,,,,0,0,,North America,,,,,,,,24219,,,
,24220,hydro5,HYD71184,,,,,,,,0,0,,North America,,,,,,,,24220,,,
,24221,hydro5,HYD71184,,,,,,,,0,0,,North America,,,,,,,,24221,,,
,24222,hydro5,HYD71184,,,,,,,,0,0,,North America,,,,,,,,24222,,,
,24223,hydro5,HYD71185,,,,,,,,0,0,,North America,,,,,,,,24223,,,
,24224,hydro5,HYD71185,,,,,,,,0,0,,North America,,,,,,,,24224,,,
,24225,hydro5,HYD71185,,,,,,,,0,0,,North America,,,,,,,,24225,,,
,24226,hydro5,HYD71185,,,,,,,,0,0,,North America,,,,,,,,24226,,,
,24227,hydro5,HYD71185,,,,,,,,0,0,,North America,,,,,,,,24227,,,
,24228,hydro5,HYD71185,,,,,,,,0,0,,North America,,,,,,,,24228,,,
,24229,hydro5,HYD71186,,,,,,,,0,0,,North America,,,,,,,,24229,,,
,24230,hydro5,HYD71186,,,,,,,,0,0,,North America,,,,,,,,24230,,,
,24231,hydro5,HYD71186,,,,,,,,0,0,,North America,,,,,,,,24231,,,
,24232,hydro5,HYD71186,,,,,,,,0,0,,North America,,,,,,,,24232,,,
,24233,hydro5,HYD71186,,,,,,,,0,0,,North America,,,,,,,,24233,,,
,24234,hydro5,HYD71187,,,,,,,,0,0,,North America,,,,,,,,24234,,,
,24235,hydro5,HYD71187,,,,,,,,0,0,,North America,,,,,,,,24235,,,
,24236,hydro5,HYD71188,,,,,,,,0,0,,North America,,,,,,,,24236,,,
,24237,hydro5,HYD71188,,,,,,,,0,0,,North America,,,,,,,,24237,,,
,24238,hydro5,HYD71188,,,,,,,,0,0,,North America,,,,,,,,24238,,,
,24239,hydro5,HYD71189,,,,,,,,0,0,,North America,,,,,,,,24239,,,
,24240,hydro5,HYD71190,,,,,,,,0,0,,North America,,,,,,,,24240,,,
,24241,hydro5,HYD71200,,,,,,,,0,0,,North America,,,,,,,,24241,,,
,24242,hydro5,HYD71211,,,,,,,,0,0,,North America,,,,,,,,24242,,,
,24243,hydro5,HYD71211,,,,,,,,0,0,,North America,,,,,,,,24243,,,
,24244,hydro5,HYD71211,,,,,,,,0,0,,North America,,,,,,,,24244,,,
,24245,hydro5,HYD71212,,,,,,,,0,0,,North America,,,,,,,,24245,,,
,24246,hydro5,HYD71213,,,,,,,,0,0,,North America,,,,,,,,24246,,,
,24247,hydro5,HYD71214,,,,,,,,0,0,,North America,,,,,,,,24247,,,
,24248,hydro5,HYD71215,,,,,,,,0,0,,North America,,,,,,,,24248,,,
,24249,hydro5,HYD71215,,,,,,,,0,0,,North America,,,,,,,,24249,,,
,24250,hydro5,HYD71215,,,,,,,,0,0,,North America,,,,,,,,24250,,,
,24251,hydro5,HYD71216,,,,,,,,0,0,,North America,,,,,,,,24251,,,
,24252,hydro5,HYD71216,,,,,,,,0,0,,North America,,,,,,,,24252,,,
,24253,hydro5,HYD71216,,,,,,,,0,0,,North America,,,,,,,,24253,,,
,24254,hydro5,HYD71216,,,,,,,,0,0,,North America,,,,,,,,24254,,,
,24255,hydro5,HYD71217,,,,,,,,0,0,,North America,,,,,,,,24255,,,
,24256,hydro5,HYD71217,,,,,,,,0,0,,North America,,,,,,,,24256,,,
,24257,hydro5,HYD71218,,,,,,,,0,0,,North America,,,,,,,,24257,,,
,24258,hydro5,HYD71220,,,,,,,,0,0,,North America,,,,,,,,24258,,,
,24259,hydro5,HYD71220,,,,,,,,0,0,,North America,,,,,,,,24259,,,
,24260,hydro5,HYD71221,,,,,,,,0,0,,North America,,,,,,,,24260,,,
,24261,hydro5,HYD71222,,,,,,,,0,0,,North America,,,,,,,,24261,,,
,24262,hydro5,HYD71222,,,,,,,,0,0,,North America,,,,,,,,24262,,,
,24263,hydro5,HYD71222,,,,,,,,0,0,,North America,,,,,,,,24263,,,
,24264,hydro5,HYD71222,,,,,,,,0,0,,North America,,,,,,,,24264,,,
,24265,hydro5,HYD71222,,,,,,,,0,0,,North America,,,,,,,,24265,,,
,24266,hydro5,HYD71222,,,,,,,,0,0,,North America,,,,,,,,24266,,,
,24267,hydro5,HYD71222,,,,,,,,0,0,,North America,,,,,,,,24267,,,
,24268,hydro5,HYD71223,,,,,,,,0,0,,North America,,,,,,,,24268,,,
,24269,hydro5,HYD71224,,,,,,,,0,0,,North America,,,,,,,,24269,,,
,24270,hydro5,HYD71224,,,,,,,,0,0,,North America,,,,,,,,24270,,,
,24271,hydro5,HYD71224,,,,,,,,0,0,,North America,,,,,,,,24271,,,
,24272,hydro5,HYD71224,,,,,,,,0,0,,North America,,,,,,,,24272,,,
,24273,hydro5,HYD71224,,,,,,,,0,0,,North America,,,,,,,,24273,,,
,24274,hydro5,HYD71224,,,,,,,,0,0,,North America,,,,,,,,24274,,,
,24275,hydro5,HYD71224,,,,,,,,0,0,,North America,,,,,,,,24275,,,
,24276,hydro5,HYD71224,,,,,,,,0,0,,North America,,,,,,,,24276,,,
,24277,hydro5,HYD71224,,,,,,,,0,0,,North America,,,,,,,,24277,,,
,24278,hydro5,HYD71225,,,,,,,,0,0,,North America,,,,,,,,24278,,,
,24279,hydro5,HYD71226,,,,,,,,0,0,,North America,,,,,,,,24279,,,
,24280,hydro5,HYD71226,,,,,,,,0,0,,North America,,,,,,,,24280,,,
,24281,hydro5,HYD71227,,,,,,,,0,0,,North America,,,,,,,,24281,,,
,24282,hydro5,HYD71228,,,,,,,,0,0,,North America,,,,,,,,24282,,,
,24283,hydro5,HYD71229,,,,,,,,0,0,,North America,,,,,,,,24283,,,
,24284,hydro5,HYD71230,,,,,,,,0,0,,North America,,,,,,,,24284,,,
,24285,hydro5,HYD71230,,,,,,,,0,0,,North America,,,,,,,,24285,,,
,24286,hydro5,HYD71230,,,,,,,,0,0,,North America,,,,,,,,24286,,,
,24287,hydro5,HYD71230,,,,,,,,0,0,,North America,,,,,,,,24287,,,
,24288,hydro5,HYD71230,,,,,,,,0,0,,North America,,,,,,,,24288,,,
,24289,hydro5,HYD71230,,,,,,,,0,0,,North America,,,,,,,,24289,,,
,24290,hydro5,HYD71230,,,,,,,,0,0,,North America,,,,,,,,24290,,,
,24291,hydro5,HYD71230,,,,,,,,0,0,,North America,,,,,,,,24291,,,
,24292,hydro5,HYD71230,,,,,,,,0,0,,North America,,,,,,,,24292,,,
,24293,hydro5,HYD71230,,,,,,,,0,0,,North America,,,,,,,,24293,,,
,24294,hydro5,HYD71230,,,,,,,,0,0,,North America,,,,,,,,24294,,,
,24295,hydro5,HYD71240,,,,,,,,0,0,,North America,,,,,,,,24295,,,
,24296,hydro5,HYD71241,,,,,,,,0,0,,North America,,,,,,,,24296,,,
,24297,hydro5,HYD71242,,,,,,,,0,0,,North America,,,,,,,,24297,,,
,24298,hydro5,HYD71243,,,,,,,,0,0,,North America,,,,,,,,24298,,,
,24299,hydro5,HYD71244,,,,,,,,0,0,,North America,,,,,,,,24299,,,
,24300,hydro5,HYD71245,,,,,,,,0,0,,North America,,,,,,,,24300,,,
,24301,hydro5,HYD71246,,,,,,,,0,0,,North America,,,,,,,,24301,,,
,24302,hydro5,HYD71247,,,,,,,,0,0,,North America,,,,,,,,24302,,,
,24303,hydro5,HYD71248,,,,,,,,0,0,,North America,,,,,,,,24303,,,
,24304,hydro5,HYD71249,,,,,,,,0,0,,North America,,,,,,,,24304,,,
,24305,hydro5,HYD71250,,,,,,,,0,0,,North America,,,,,,,,24305,,,
,24306,hydro5,HYD71250,,,,,,,,0,0,,North America,,,,,,,,24306,,,
,24307,hydro5,HYD71260,,,,,,,,0,0,,North America,,,,,,,,24307,,,
,24308,hydro5,HYD71270,,,,,,,,0,0,,North America,,,,,,,,24308,,,
,24309,hydro5,HYD71280,,,,,,,,0,0,,North America,,,,,,,,24309,,,
,24310,hydro5,HYD71290,,,,,,,,0,0,,North America,,,,,,,,24310,,,
,24311,hydro5,HYD71300,,,,,,,,0,0,,North America,,,,,,,,24311,,,
,24312,hydro5,HYD71310,,,,,,,,0,0,,North America,,,,,,,,24312,,,
,24313,hydro5,HYD71321,,,,,,,,0,0,,North America,,,,,,,,24313,,,
,24314,hydro5,HYD71322,,,,,,,,0,0,,North America,,,,,,,,24314,,,
,24315,hydro5,HYD71322,,,,,,,,0,0,,North America,,,,,,,,24315,,,
,24316,hydro5,HYD71322,,,,,,,,0,0,,North America,,,,,,,,24316,,,
,24317,hydro5,HYD71323,,,,,,,,0,0,,North America,,,,,,,,24317,,,
,24318,hydro5,HYD71324,,,,,,,,0,0,,North America,,,,,,,,24318,,,
,24319,hydro5,HYD71325,,,,,,,,0,0,,North America,,,,,,,,24319,,,
,24320,hydro5,HYD71326,,,,,,,,0,0,,North America,,,,,,,,24320,,,
,24321,hydro5,HYD71327,,,,,,,,0,0,,North America,,,,,,,,24321,,,
,24322,hydro5,HYD71327,,,,,,,,0,0,,North America,,,,,,,,24322,,,
,24323,hydro5,HYD71328,,,,,,,,0,0,,North America,,,,,,,,24323,,,
,24324,hydro5,HYD71329,,,,,,,,0,0,,North America,,,,,,,,24324,,,
,24325,hydro5,HYD71329,,,,,,,,0,0,,North America,,,,,,,,24325,,,
,24326,hydro5,HYD71330,,,,,,,,0,0,,North America,,,,,,,,24326,,,
,24327,hydro5,HYD71341,,,,,,,,0,0,,North America,,,,,,,,24327,,,
,24328,hydro5,HYD71342,,,,,,,,0,0,,North America,,,,,,,,24328,,,
,24329,hydro5,HYD71343,,,,,,,,0,0,,North America,,,,,,,,24329,,,
,24330,hydro5,HYD71344,,,,,,,,0,0,,North America,,,,,,,,24330,,,
,24331,hydro5,HYD71344,,,,,,,,0,0,,North America,,,,,,,,24331,,,
,24332,hydro5,HYD71345,,,,,,,,0,0,,North America,,,,,,,,24332,,,
,24333,hydro5,HYD71346,,,,,,,,0,0,,North America,,,,,,,,24333,,,
,24334,hydro5,HYD71347,,,,,,,,0,0,,North America,,,,,,,,24334,,,
,24335,hydro5,HYD71348,,,,,,,,0,0,,North America,,,,,,,,24335,,,
,24336,hydro5,HYD71348,,,,,,,,0,0,,North America,,,,,,,,24336,,,
,24337,hydro5,HYD71349,,,,,,,,0,0,,North America,,,,,,,,24337,,,
,24338,hydro5,HYD71349,,,,,,,,0,0,,North America,,,,,,,,24338,,,
,24339,hydro5,HYD71351,,,,,,,,0,0,,North America,,,,,,,,24339,,,
,24340,hydro5,HYD71352,,,,,,,,0,0,,North America,,,,,,,,24340,,,
,24341,hydro5,HYD71352,,,,,,,,0,0,,North America,,,,,,,,24341,,,
,24342,hydro5,HYD71352,,,,,,,,0,0,,North America,,,,,,,,24342,,,
,24343,hydro5,HYD71352,,,,,,,,0,0,,North America,,,,,,,,24343,,,
,24344,hydro5,HYD71353,,,,,,,,0,0,,North America,,,,,,,,24344,,,
,24345,hydro5,HYD71354,,,,,,,,0,0,,North America,,,,,,,,24345,,,
,24346,hydro5,HYD71355,,,,,,,,0,0,,North America,,,,,,,,24346,,,
,24347,hydro5,HYD71356,,,,,,,,0,0,,North America,,,,,,,,24347,,,
,24348,hydro5,HYD71356,,,,,,,,0,0,,North America,,,,,,,,24348,,,
,24349,hydro5,HYD71357,,,,,,,,0,0,,North America,,,,,,,,24349,,,
,24350,hydro5,HYD71358,,,,,,,,0,0,,North America,,,,,,,,24350,,,
,24351,hydro5,HYD71359,,,,,,,,0,0,,North America,,,,,,,,24351,,,
,24352,hydro5,HYD71361,,,,,,,,0,0,,North America,,,,,,,,24352,,,
,24353,hydro5,HYD71362,,,,,,,,0,0,,North America,,,,,,,,24353,,,
,24354,hydro5,HYD71363,,,,,,,,0,0,,North America,,,,,,,,24354,,,
,24355,hydro5,HYD71364,,,,,,,,0,0,,North America,,,,,,,,24355,,,
,24356,hydro5,HYD71365,,,,,,,,0,0,,North America,,,,,,,,24356,,,
,24357,hydro5,HYD71366,,,,,,,,0,0,,North America,,,,,,,,24357,,,
,24358,hydro5,HYD71367,,,,,,,,0,0,,North America,,,,,,,,24358,,,
,24359,hydro5,HYD71368,,,,,,,,0,0,,North America,,,,,,,,24359,,,
,24360,hydro5,HYD71369,,,,,,,,0,0,,North America,,,,,,,,24360,,,
,24361,hydro5,HYD71370,,,,,,,,0,0,,North America,,,,,,,,24361,,,
,24362,hydro5,HYD71381,,,,,,,,0,0,,North America,,,,,,,,24362,,,
,24363,hydro5,HYD71382,,,,,,,,0,0,,North America,,,,,,,,24363,,,
,24364,hydro5,HYD71382,,,,,,,,0,0,,North America,,,,,,,,24364,,,
,24365,hydro5,HYD71383,,,,,,,,0,0,,North America,,,,,,,,24365,,,
,24366,hydro5,HYD71384,,,,,,,,0,0,,North America,,,,,,,,24366,,,
,24367,hydro5,HYD71385,,,,,,,,0,0,,North America,,,,,,,,24367,,,
,24368,hydro5,HYD71386,,,,,,,,0,0,,North America,,,,,,,,24368,,,
,24369,hydro5,HYD71387,,,,,,,,0,0,,North America,,,,,,,,24369,,,
,24370,hydro5,HYD71388,,,,,,,,0,0,,North America,,,,,,,,24370,,,
,24371,hydro5,HYD71389,,,,,,,,0,0,,North America,,,,,,,,24371,,,
,24372,hydro5,HYD71390,,,,,,,,0,0,,North America,,,,,,,,24372,,,
,24373,hydro5,HYD72100,,,,,,,,0,0,,North America,,,,,,,,24373,,,
,24374,hydro5,HYD72110,,,,,,,,0,0,,North America,,,,,,,,24374,,,
,24375,hydro5,HYD72120,,,,,,,,0,0,,North America,,,,,,,,24375,,,
,24376,hydro5,HYD72120,,,,,,,,0,0,,North America,,,,,,,,24376,,,
,24377,hydro5,HYD72120,,,,,,,,0,0,,North America,,,,,,,,24377,,,
,24378,hydro5,HYD72130,,,,,,,,0,0,,North America,,,,,,,,24378,,,
,24379,hydro5,HYD72130,,,,,,,,0,0,,North America,,,,,,,,24379,,,
,24380,hydro5,HYD72140,,,,,,,,0,0,,North America,,,,,,,,24380,,,
,24381,hydro5,HYD72140,,,,,,,,0,0,,North America,,,,,,,,24381,,,
,24382,hydro5,HYD72140,,,,,,,,0,0,,North America,,,,,,,,24382,,,
,24383,hydro5,HYD72140,,,,,,,,0,0,,North America,,,,,,,,24383,,,
,24384,hydro5,HYD72150,,,,,,,,0,0,,North America,,,,,,,,24384,,,
,24385,hydro5,HYD72160,,,,,,,,0,0,,North America,,,,,,,,24385,,,
,24386,hydro5,HYD72160,,,,,,,,0,0,,North America,,,,,,,,24386,,,
,24387,hydro5,HYD72170,,,,,,,,0,0,,North America,,,,,,,,24387,,,
,24388,hydro5,HYD72170,,,,,,,,0,0,,North America,,,,,,,,24388,,,
,24389,hydro5,HYD72180,,,,,,,,0,0,,North America,,,,,,,,24389,,,
,24390,hydro5,HYD72180,,,,,,,,0,0,,North America,,,,,,,,24390,,,
,24391,hydro5,HYD72180,,,,,,,,0,0,,North America,,,,,,,,24391,,,
,24392,hydro5,HYD72180,,,,,,,,0,0,,North America,,,,,,,,24392,,,
,24393,hydro5,HYD72180,,,,,,,,0,0,,North America,,,,,,,,24393,,,
,24394,hydro5,HYD72180,,,,,,,,0,0,,North America,,,,,,,,24394,,,
,24395,hydro5,HYD72180,,,,,,,,0,0,,North America,,,,,,,,24395,,,
,24396,hydro5,HYD72180,,,,,,,,0,0,,North America,,,,,,,,24396,,,
,24397,hydro5,HYD72190,,,,,,,,0,0,,North America,,,,,,,,24397,,,
,24398,hydro5,HYD72190,,,,,,,,0,0,,North America,,,,,,,,24398,,,
,24399,hydro5,HYD72191,,,,,,,,0,0,,North America,,,,,,,,24399,,,
,24400,hydro5,HYD72191,,,,,,,,0,0,,North America,,,,,,,,24400,,,
,24401,hydro5,HYD72192,,,,,,,,0,0,,North America,,,,,,,,24401,,,
,24402,hydro5,HYD72192,,,,,,,,0,0,,North America,,,,,,,,24402,,,
,24403,hydro5,HYD72193,,,,,,,,0,0,,North America,,,,,,,,24403,,,
,24404,hydro5,HYD72194,,,,,,,,0,0,,North America,,,,,,,,24404,,,
,24405,hydro5,HYD72194,,,,,,,,0,0,,North America,,,,,,,,24405,,,
,24406,hydro5,HYD72194,,,,,,,,0,0,,North America,,,,,,,,24406,,,
,24407,hydro5,HYD72195,,,,,,,,0,0,,North America,,,,,,,,24407,,,
,24408,hydro5,HYD72195,,,,,,,,0,0,,North America,,,,,,,,24408,,,
,24409,hydro5,HYD72195,,,,,,,,0,0,,North America,,,,,,,,24409,,,
,24410,hydro5,HYD72196,,,,,,,,0,0,,North America,,,,,,,,24410,,,
,24411,hydro5,HYD72196,,,,,,,,0,0,,North America,,,,,,,,24411,,,
,24412,hydro5,HYD72197,,,,,,,,0,0,,North America,,,,,,,,24412,,,
,24413,hydro5,HYD72197,,,,,,,,0,0,,North America,,,,,,,,24413,,,
,24414,hydro5,HYD72198,,,,,,,,0,0,,North America,,,,,,,,24414,,,
,24415,hydro5,HYD72198,,,,,,,,0,0,,North America,,,,,,,,24415,,,
,24416,hydro5,HYD72198,,,,,,,,0,0,,North America,,,,,,,,24416,,,
,24417,hydro5,HYD72198,,,,,,,,0,0,,North America,,,,,,,,24417,,,
,24418,hydro5,HYD72199,,,,,,,,0,0,,North America,,,,,,,,24418,,,
,24419,hydro5,HYD72200,,,,,,,,0,0,,North America,,,,,,,,24419,,,
,24420,hydro5,HYD72210,,,,,,,,0,0,,North America,,,,,,,,24420,,,
,24421,hydro5,HYD72220,,,,,,,,0,0,,North America,,,,,,,,24421,,,
,24422,hydro5,HYD72220,,,,,,,,0,0,,North America,,,,,,,,24422,,,
,24423,hydro5,HYD72220,,,,,,,,0,0,,North America,,,,,,,,24423,,,
,24424,hydro5,HYD72220,,,,,,,,0,0,,North America,,,,,,,,24424,,,
,24425,hydro5,HYD72230,,,,,,,,0,0,,North America,,,,,,,,24425,,,
,24426,hydro5,HYD72240,,,,,,,,0,0,,North America,,,,,,,,24426,,,
,24427,hydro5,HYD72240,,,,,,,,0,0,,North America,,,,,,,,24427,,,
,24428,hydro5,HYD72250,,,,,,,,0,0,,North America,,,,,,,,24428,,,
,24429,hydro5,HYD72261,,,,,,,,0,0,,North America,,,,,,,,24429,,,
,24430,hydro5,HYD72262,,,,,,,,0,0,,North America,,,,,,,,24430,,,
,24431,hydro5,HYD72263,,,,,,,,0,0,,North America,,,,,,,,24431,,,
,24432,hydro5,HYD72264,,,,,,,,0,0,,North America,,,,,,,,24432,,,
,24433,hydro5,HYD72265,,,,,,,,0,0,,North America,,,,,,,,24433,,,
,24434,hydro5,HYD72266,,,,,,,,0,0,,North America,,,,,,,,24434,,,
,24435,hydro5,HYD72267,,,,,,,,0,0,,North America,,,,,,,,24435,,,
,24436,hydro5,HYD72267,,,,,,,,0,0,,North America,,,,,,,,24436,,,
,24437,hydro5,HYD72268,,,,,,,,0,0,,North America,,,,,,,,24437,,,
,24438,hydro5,HYD72269,,,,,,,,0,0,,North America,,,,,,,,24438,,,
,24439,hydro5,HYD72269,,,,,,,,0,0,,North America,,,,,,,,24439,,,
,24440,hydro5,HYD72269,,,,,,,,0,0,,North America,,,,,,,,24440,,,
,24441,hydro5,HYD72270,,,,,,,,0,0,,North America,,,,,,,,24441,,,
,24442,hydro5,HYD72270,,,,,,,,0,0,,North America,,,,,,,,24442,,,
,24443,hydro5,HYD72280,,,,,,,,0,0,,North America,,,,,,,,24443,,,
,24444,hydro5,HYD72280,,,,,,,,0,0,,North America,,,,,,,,24444,,,
,24445,hydro5,HYD72290,,,,,,,,0,0,,North America,,,,,,,,24445,,,
,24446,hydro5,HYD72301,,,,,,,,0,0,,North America,,,,,,,,24446,,,
,24447,hydro5,HYD72302,,,,,,,,0,0,,North America,,,,,,,,24447,,,
,24448,hydro5,HYD72302,,,,,,,,0,0,,North America,,,,,,,,24448,,,
,24449,hydro5,HYD72303,,,,,,,,0,0,,North America,,,,,,,,24449,,,
,24450,hydro5,HYD72304,,,,,,,,0,0,,North America,,,,,,,,24450,,,
,24451,hydro5,HYD72305,,,,,,,,0,0,,North America,,,,,,,,24451,,,
,24452,hydro5,HYD72306,,,,,,,,0,0,,North America,,,,,,,,24452,,,
,24453,hydro5,HYD72307,,,,,,,,0,0,,North America,,,,,,,,24453,,,
,24454,hydro5,HYD72308,,,,,,,,0,0,,North America,,,,,,,,24454,,,
,24455,hydro5,HYD72309,,,,,,,,0,0,,North America,,,,,,,,24455,,,
,24456,hydro5,HYD72309,,,,,,,,0,0,,North America,,,,,,,,24456,,,
,24457,hydro5,HYD72311,,,,,,,,0,0,,North America,,,,,,,,24457,,,
,24458,hydro5,HYD72312,,,,,,,,0,0,,North America,,,,,,,,24458,,,
,24459,hydro5,HYD72313,,,,,,,,0,0,,North America,,,,,,,,24459,,,
,24460,hydro5,HYD72314,,,,,,,,0,0,,North America,,,,,,,,24460,,,
,24461,hydro5,HYD72315,,,,,,,,0,0,,North America,,,,,,,,24461,,,
,24462,hydro5,HYD72316,,,,,,,,0,0,,North America,,,,,,,,24462,,,
,24463,hydro5,HYD72317,,,,,,,,0,0,,North America,,,,,,,,24463,,,
,24464,hydro5,HYD72318,,,,,,,,0,0,,North America,,,,,,,,24464,,,
,24465,hydro5,HYD72318,,,,,,,,0,0,,North America,,,,,,,,24465,,,
,24466,hydro5,HYD72319,,,,,,,,0,0,,North America,,,,,,,,24466,,,
,24467,hydro5,HYD72320,,,,,,,,0,0,,North America,,,,,,,,24467,,,
,24468,hydro5,HYD72330,,,,,,,,0,0,,North America,,,,,,,,24468,,,
,24469,hydro5,HYD72340,,,,,,,,0,0,,North America,,,,,,,,24469,,,
,24470,hydro5,HYD72340,,,,,,,,0,0,,North America,,,,,,,,24470,,,
,24471,hydro5,HYD72340,,,,,,,,0,0,,North America,,,,,,,,24471,,,
,24472,hydro5,HYD72340,,,,,,,,0,0,,North America,,,,,,,,24472,,,
,24473,hydro5,HYD72340,,,,,,,,0,0,,North America,,,,,,,,24473,,,
,24474,hydro5,HYD72340,,,,,,,,0,0,,North America,,,,,,,,24474,,,
,24475,hydro5,HYD72340,,,,,,,,0,0,,North America,,,,,,,,24475,,,
,24476,hydro5,HYD72350,,,,,,,,0,0,,North America,,,,,,,,24476,,,
,24477,hydro5,HYD72360,,,,,,,,0,0,,North America,,,,,,,,24477,,,
,24478,hydro5,HYD72370,,,,,,,,0,0,,North America,,,,,,,,24478,,,
,24479,hydro5,HYD72380,,,,,,,,0,0,,North America,,,,,,,,24479,,,
,24480,hydro5,HYD72390,,,,,,,,0,0,,North America,,,,,,,,24480,,,
,24481,hydro5,HYD72401,,,,,,,,0,0,,North America,,,,,,,,24481,,,
,24482,hydro5,HYD72402,,,,,,,,0,0,,North America,,,,,,,,24482,,,
,24483,hydro5,HYD72403,,,,,,,,0,0,,North America,,,,,,,,24483,,,
,24484,hydro5,HYD72404,,,,,,,,0,0,,North America,,,,,,,,24484,,,
,24485,hydro5,HYD72404,,,,,,,,0,0,,North America,,,,,,,,24485,,,
,24486,hydro5,HYD72404,,,,,,,,0,0,,North America,,,,,,,,24486,,,
,24487,hydro5,HYD72404,,,,,,,,0,0,,North America,,,,,,,,24487,,,
,24488,hydro5,HYD72405,,,,,,,,0,0,,North America,,,,,,,,24488,,,
,24489,hydro5,HYD72405,,,,,,,,0,0,,North America,,,,,,,,24489,,,
,24490,hydro5,HYD72405,,,,,,,,0,0,,North America,,,,,,,,24490,,,
,24491,hydro5,HYD72406,,,,,,,,0,0,,North America,,,,,,,,24491,,,
,24492,hydro5,HYD72406,,,,,,,,0,0,,North America,,,,,,,,24492,,,
,24493,hydro5,HYD72407,,,,,,,,0,0,,North America,,,,,,,,24493,,,
,24494,hydro5,HYD72408,,,,,,,,0,0,,North America,,,,,,,,24494,,,
,24495,hydro5,HYD72408,,,,,,,,0,0,,North America,,,,,,,,24495,,,
,24496,hydro5,HYD72408,,,,,,,,0,0,,North America,,,,,,,,24496,,,
,24497,hydro5,HYD72408,,,,,,,,0,0,,North America,,,,,,,,24497,,,
,24498,hydro5,HYD72409,,,,,,,,0,0,,North America,,,,,,,,24498,,,
,24499,hydro5,HYD72510,,,,,,,,0,0,,North America,,,,,,,,24499,,,
,24500,hydro5,HYD72520,,,,,,,,0,0,,North America,,,,,,,,24500,,,
,24501,hydro5,HYD72520,,,,,,,,0,0,,North America,,,,,,,,24501,,,
,24502,hydro5,HYD72530,,,,,,,,0,0,,North America,,,,,,,,24502,,,
,24503,hydro5,HYD72530,,,,,,,,0,0,,North America,,,,,,,,24503,,,
,24504,hydro5,HYD72530,,,,,,,,0,0,,North America,,,,,,,,24504,,,
,24505,hydro5,HYD72541,,,,,,,,0,0,,North America,,,,,,,,24505,,,
,24506,hydro5,HYD72542,,,,,,,,0,0,,North America,,,,,,,,24506,,,
,24507,hydro5,HYD72543,,,,,,,,0,0,,North America,,,,,,,,24507,,,
,24508,hydro5,HYD72544,,,,,,,,0,0,,North America,,,,,,,,24508,,,
,24509,hydro5,HYD72544,,,,,,,,0,0,,North America,,,,,,,,24509,,,
,24510,hydro5,HYD72544,,,,,,,,0,0,,North America,,,,,,,,24510,,,
,24511,hydro5,HYD72545,,,,,,,,0,0,,North America,,,,,,,,24511,,,
,24512,hydro5,HYD72546,,,,,,,,0,0,,North America,,,,,,,,24512,,,
,24513,hydro5,HYD72547,,,,,,,,0,0,,North America,,,,,,,,24513,,,
,24514,hydro5,HYD72547,,,,,,,,0,0,,North America,,,,,,,,24514,,,
,24515,hydro5,HYD72547,,,,,,,,0,0,,North America,,,,,,,,24515,,,
,24516,hydro5,HYD72548,,,,,,,,0,0,,North America,,,,,,,,24516,,,
,24517,hydro5,HYD72549,,,,,,,,0,0,,North America,,,,,,,,24517,,,
,24518,hydro5,HYD72549,,,,,,,,0,0,,North America,,,,,,,,24518,,,
,24519,hydro5,HYD72549,,,,,,,,0,0,,North America,,,,,,,,24519,,,
,24520,hydro5,HYD72549,,,,,,,,0,0,,North America,,,,,,,,24520,,,
,24521,hydro5,HYD72551,,,,,,,,0,0,,North America,,,,,,,,24521,,,
,24522,hydro5,HYD72551,,,,,,,,0,0,,North America,,,,,,,,24522,,,
,24523,hydro5,HYD72551,,,,,,,,0,0,,North America,,,,,,,,24523,,,
,24524,hydro5,HYD72552,,,,,,,,0,0,,North America,,,,,,,,24524,,,
,24525,hydro5,HYD72553,,,,,,,,0,0,,North America,,,,,,,,24525,,,
,24526,hydro5,HYD72554,,,,,,,,0,0,,North America,,,,,,,,24526,,,
,24527,hydro5,HYD72555,,,,,,,,0,0,,North America,,,,,,,,24527,,,
,24528,hydro5,HYD72555,,,,,,,,0,0,,North America,,,,,,,,24528,,,
,24529,hydro5,HYD72556,,,,,,,,0,0,,North America,,,,,,,,24529,,,
,24530,hydro5,HYD72557,,,,,,,,0,0,,North America,,,,,,,,24530,,,
,24531,hydro5,HYD72557,,,,,,,,0,0,,North America,,,,,,,,24531,,,
,24532,hydro5,HYD72557,,,,,,,,0,0,,North America,,,,,,,,24532,,,
,24533,hydro5,HYD72558,,,,,,,,0,0,,North America,,,,,,,,24533,,,
,24534,hydro5,HYD72559,,,,,,,,0,0,,North America,,,,,,,,24534,,,
,24535,hydro5,HYD72560,,,,,,,,0,0,,North America,,,,,,,,24535,,,
,24536,hydro5,HYD72560,,,,,,,,0,0,,North America,,,,,,,,24536,,,
,24537,hydro5,HYD72560,,,,,,,,0,0,,North America,,,,,,,,24537,,,
,24538,hydro5,HYD72570,,,,,,,,0,0,,North America,,,,,,,,24538,,,
,24539,hydro5,HYD72581,,,,,,,,0,0,,North America,,,,,,,,24539,,,
,24540,hydro5,HYD72581,,,,,,,,0,0,,North America,,,,,,,,24540,,,
,24541,hydro5,HYD72582,,,,,,,,0,0,,North America,,,,,,,,24541,,,
,24542,hydro5,HYD72582,,,,,,,,0,0,,North America,,,,,,,,24542,,,
,24543,hydro5,HYD72583,,,,,,,,0,0,,North America,,,,,,,,24543,,,
,24544,hydro5,HYD72584,,,,,,,,0,0,,North America,,,,,,,,24544,,,
,24545,hydro5,HYD72586,,,,,,,,0,0,,North America,,,,,,,,24545,,,
,24546,hydro5,HYD72587,,,,,,,,0,0,,North America,,,,,,,,24546,,,
,24547,hydro5,HYD72588,,,,,,,,0,0,,North America,,,,,,,,24547,,,
,24548,hydro5,HYD72589,,,,,,,,0,0,,North America,,,,,,,,24548,,,
,24549,hydro5,HYD72591,,,,,,,,0,0,,North America,,,,,,,,24549,,,
,24550,hydro5,HYD72591,,,,,,,,0,0,,North America,,,,,,,,24550,,,
,24551,hydro5,HYD72592,,,,,,,,0,0,,North America,,,,,,,,24551,,,
,24552,hydro5,HYD72594,,,,,,,,0,0,,North America,,,,,,,,24552,,,
,24553,hydro5,HYD72595,,,,,,,,0,0,,North America,,,,,,,,24553,,,
,24554,hydro5,HYD72596,,,,,,,,0,0,,North America,,,,,,,,24554,,,
,24555,hydro5,HYD72596,,,,,,,,0,0,,North America,,,,,,,,24555,,,
,24556,hydro5,HYD72597,,,,,,,,0,0,,North America,,,,,,,,24556,,,
,24557,hydro5,HYD72598,,,,,,,,0,0,,North America,,,,,,,,24557,,,
,24558,hydro5,HYD72599,,,,,,,,0,0,,North America,,,,,,,,24558,,,
,24559,hydro5,HYD72600,,,,,,,,0,0,,North America,,,,,,,,24559,,,
,24560,hydro5,HYD72600,,,,,,,,0,0,,North America,,,,,,,,24560,,,
,24561,hydro5,HYD72601,,,,,,,,0,0,,North America,,,,,,,,24561,,,
,24562,hydro5,HYD72602,,,,,,,,0,0,,North America,,,,,,,,24562,,,
,24563,hydro5,HYD72603,,,,,,,,0,0,,North America,,,,,,,,24563,,,
,24564,hydro5,HYD72604,,,,,,,,0,0,,North America,,,,,,,,24564,,,
,24565,hydro5,HYD72605,,,,,,,,0,0,,North America,,,,,,,,24565,,,
,24566,hydro5,HYD72606,,,,,,,,0,0,,North America,,,,,,,,24566,,,
,24567,hydro5,HYD72607,,,,,,,,0,0,,North America,,,,,,,,24567,,,
,24568,hydro5,HYD72608,,,,,,,,0,0,,North America,,,,,,,,24568,,,
,24569,hydro5,HYD72609,,,,,,,,0,0,,North America,,,,,,,,24569,,,
,24570,hydro5,HYD73100,,,,,,,,0,0,,North America,,,,,,,,24570,,,
,24571,hydro5,HYD73111,,,,,,,,0,0,,North America,,,,,,,,24571,,,
,24572,hydro5,HYD73112,,,,,,,,0,0,,North America,,,,,,,,24572,,,
,24573,hydro5,HYD73113,,,,,,,,0,0,,North America,,,,,,,,24573,,,
,24574,hydro5,HYD73114,,,,,,,,0,0,,North America,,,,,,,,24574,,,
,24575,hydro5,HYD73114,,,,,,,,0,0,,North America,,,,,,,,24575,,,
,24576,hydro5,HYD73115,,,,,,,,0,0,,North America,,,,,,,,24576,,,
,24577,hydro5,HYD73116,,,,,,,,0,0,,North America,,,,,,,,24577,,,
,24578,hydro5,HYD73117,,,,,,,,0,0,,North America,,,,,,,,24578,,,
,24579,hydro5,HYD73118,,,,,,,,0,0,,North America,,,,,,,,24579,,,
,24580,hydro5,HYD73119,,,,,,,,0,0,,North America,,,,,,,,24580,,,
,24581,hydro5,HYD73120,,,,,,,,0,0,,North America,,,,,,,,24581,,,
,24582,hydro5,HYD73130,,,,,,,,0,0,,North America,,,,,,,,24582,,,
,24583,hydro5,HYD73140,,,,,,,,0,0,,North America,,,,,,,,24583,,,
,24584,hydro5,HYD73150,,,,,,,,0,0,,North America,,,,,,,,24584,,,
,24585,hydro5,HYD73160,,,,,,,,0,0,,North America,,,,,,,,24585,,,
,24586,hydro5,HYD73170,,,,,,,,0,0,,North America,,,,,,,,24586,,,
,24587,hydro5,HYD73180,,,,,,,,0,0,,North America,,,,,,,,24587,,,
,24588,hydro5,HYD73190,,,,,,,,0,0,,North America,,,,,,,,24588,,,
,24589,hydro5,HYD73211,,,,,,,,0,0,,North America,,,,,,,,24589,,,
,24590,hydro5,HYD73212,,,,,,,,0,0,,North America,,,,,,,,24590,,,
,24591,hydro5,HYD73213,,,,,,,,0,0,,North America,,,,,,,,24591,,,
,24592,hydro5,HYD73214,,,,,,,,0,0,,North America,,,,,,,,24592,,,
,24593,hydro5,HYD73215,,,,,,,,0,0,,North America,,,,,,,,24593,,,
,24594,hydro5,HYD73216,,,,,,,,0,0,,North America,,,,,,,,24594,,,
,24595,hydro5,HYD73217,,,,,,,,0,0,,North America,,,,,,,,24595,,,
,24596,hydro5,HYD73218,,,,,,,,0,0,,North America,,,,,,,,24596,,,
,24597,hydro5,HYD73219,,,,,,,,0,0,,North America,,,,,,,,24597,,,
,24598,hydro5,HYD73220,,,,,,,,0,0,,North America,,,,,,,,24598,,,
,24599,hydro5,HYD73230,,,,,,,,0,0,,North America,,,,,,,,24599,,,
,24600,hydro5,HYD73240,,,,,,,,0,0,,North America,,,,,,,,24600,,,
,24601,hydro5,HYD73240,,,,,,,,0,0,,North America,,,,,,,,24601,,,
,24602,hydro5,HYD73251,,,,,,,,0,0,,North America,,,,,,,,24602,,,
,24603,hydro5,HYD73252,,,,,,,,0,0,,North America,,,,,,,,24603,,,
,24604,hydro5,HYD73252,,,,,,,,0,0,,North America,,,,,,,,24604,,,
,24605,hydro5,HYD73253,,,,,,,,0,0,,North America,,,,,,,,24605,,,
,24606,hydro5,HYD73254,,,,,,,,0,0,,North America,,,,,,,,24606,,,
,24607,hydro5,HYD73255,,,,,,,,0,0,,North America,,,,,,,,24607,,,
,24608,hydro5,HYD73256,,,,,,,,0,0,,North America,,,,,,,,24608,,,
,24609,hydro5,HYD73256,,,,,,,,0,0,,North America,,,,,,,,24609,,,
,24610,hydro5,HYD73257,,,,,,,,0,0,,North America,,,,,,,,24610,,,
,24611,hydro5,HYD73257,,,,,,,,0,0,,North America,,,,,,,,24611,,,
,24612,hydro5,HYD73257,,,,,,,,0,0,,North America,,,,,,,,24612,,,
,24613,hydro5,HYD73258,,,,,,,,0,0,,North America,,,,,,,,24613,,,
,24614,hydro5,HYD73259,,,,,,,,0,0,,North America,,,,,,,,24614,,,
,24615,hydro5,HYD73260,,,,,,,,0,0,,North America,,,,,,,,24615,,,
,24616,hydro5,HYD73270,,,,,,,,0,0,,North America,,,,,,,,24616,,,
,24617,hydro5,HYD73281,,,,,,,,0,0,,North America,,,,,,,,24617,,,
,24618,hydro5,HYD73282,,,,,,,,0,0,,North America,,,,,,,,24618,,,
,24619,hydro5,HYD73283,,,,,,,,0,0,,North America,,,,,,,,24619,,,
,24620,hydro5,HYD73284,,,,,,,,0,0,,North America,,,,,,,,24620,,,
,24621,hydro5,HYD73285,,,,,,,,0,0,,North America,,,,,,,,24621,,,
,24622,hydro5,HYD73286,,,,,,,,0,0,,North America,,,,,,,,24622,,,
,24623,hydro5,HYD73287,,,,,,,,0,0,,North America,,,,,,,,24623,,,
,24624,hydro5,HYD73288,,,,,,,,0,0,,North America,,,,,,,,24624,,,
,24625,hydro5,HYD73289,,,,,,,,0,0,,North America,,,,,,,,24625,,,
,24626,hydro5,HYD73290,,,,,,,,0,0,,North America,,,,,,,,24626,,,
,24627,hydro5,HYD74100,,,,,,,,0,0,,North America,,,,,,,,24627,,,
,24628,hydro5,HYD74100,,,,,,,,0,0,,North America,,,,,,,,24628,,,
,24629,hydro5,HYD74210,,,,,,,,0,0,,North America,,,,,,,,24629,,,
,24630,hydro5,HYD74221,,,,,,,,0,0,,North America,,,,,,,,24630,,,
,24631,hydro5,HYD74222,,,,,,,,0,0,,North America,,,,,,,,24631,,,
,24632,hydro5,HYD74223,,,,,,,,0,0,,North America,,,,,,,,24632,,,
,24633,hydro5,HYD74224,,,,,,,,0,0,,North America,,,,,,,,24633,,,
,24634,hydro5,HYD74225,,,,,,,,0,0,,North America,,,,,,,,24634,,,
,24635,hydro5,HYD74225,,,,,,,,0,0,,North America,,,,,,,,24635,,,
,24636,hydro5,HYD74226,,,,,,,,0,0,,North America,,,,,,,,24636,,,
,24637,hydro5,HYD74227,,,,,,,,0,0,,North America,,,,,,,,24637,,,
,24638,hydro5,HYD74228,,,,,,,,0,0,,North America,,,,,,,,24638,,,
,24639,hydro5,HYD74229,,,,,,,,0,0,,North America,,,,,,,,24639,,,
,24640,hydro5,HYD74230,,,,,,,,0,0,,North America,,,,,,,,24640,,,
,24641,hydro5,HYD74241,,,,,,,,0,0,,North America,,,,,,,,24641,,,
,24642,hydro5,HYD74242,,,,,,,,0,0,,North America,,,,,,,,24642,,,
,24643,hydro5,HYD74242,,,,,,,,0,0,,North America,,,,,,,,24643,,,
,24644,hydro5,HYD74243,,,,,,,,0,0,,North America,,,,,,,,24644,,,
,24645,hydro5,HYD74244,,,,,,,,0,0,,North America,,,,,,,,24645,,,
,24646,hydro5,HYD74245,,,,,,,,0,0,,North America,,,,,,,,24646,,,
,24647,hydro5,HYD74246,,,,,,,,0,0,,North America,,,,,,,,24647,,,
,24648,hydro5,HYD74247,,,,,,,,0,0,,North America,,,,,,,,24648,,,
,24649,hydro5,HYD74248,,,,,,,,0,0,,North America,,,,,,,,24649,,,
,24650,hydro5,HYD74249,,,,,,,,0,0,,North America,,,,,,,,24650,,,
,24651,hydro5,HYD74251,,,,,,,,0,0,,North America,,,,,,,,24651,,,
,24652,hydro5,HYD74252,,,,,,,,0,0,,North America,,,,,,,,24652,,,
,24653,hydro5,HYD74253,,,,,,,,0,0,,North America,,,,,,,,24653,,,
,24654,hydro5,HYD74254,,,,,,,,0,0,,North America,,,,,,,,24654,,,
,24655,hydro5,HYD74255,,,,,,,,0,0,,North America,,,,,,,,24655,,,
,24656,hydro5,HYD74256,,,,,,,,0,0,,North America,,,,,,,,24656,,,
,24657,hydro5,HYD74257,,,,,,,,0,0,,North America,,,,,,,,24657,,,
,24658,hydro5,HYD74258,,,,,,,,0,0,,North America,,,,,,,,24658,,,
,24659,hydro5,HYD74259,,,,,,,,0,0,,North America,,,,,,,,24659,,,
,24660,hydro5,HYD74261,,,,,,,,0,0,,North America,,,,,,,,24660,,,
,24661,hydro5,HYD74262,,,,,,,,0,0,,North America,,,,,,,,24661,,,
,24662,hydro5,HYD74262,,,,,,,,0,0,,North America,,,,,,,,24662,,,
,24663,hydro5,HYD74262,,,,,,,,0,0,,North America,,,,,,,,24663,,,
,24664,hydro5,HYD74262,,,,,,,,0,0,,North America,,,,,,,,24664,,,
,24665,hydro5,HYD74263,,,,,,,,0,0,,North America,,,,,,,,24665,,,
,24666,hydro5,HYD74264,,,,,,,,0,0,,North America,,,,,,,,24666,,,
,24667,hydro5,HYD74264,,,,,,,,0,0,,North America,,,,,,,,24667,,,
,24668,hydro5,HYD74265,,,,,,,,0,0,,North America,,,,,,,,24668,,,
,24669,hydro5,HYD74266,,,,,,,,0,0,,North America,,,,,,,,24669,,,
,24670,hydro5,HYD74267,,,,,,,,0,0,,North America,,,,,,,,24670,,,
,24671,hydro5,HYD74268,,,,,,,,0,0,,North America,,,,,,,,24671,,,
,24672,hydro5,HYD74269,,,,,,,,0,0,,North America,,,,,,,,24672,,,
,24673,hydro5,HYD74270,,,,,,,,0,0,,North America,,,,,,,,24673,,,
,24674,hydro5,HYD74281,,,,,,,,0,0,,North America,,,,,,,,24674,,,
,24675,hydro5,HYD74282,,,,,,,,0,0,,North America,,,,,,,,24675,,,
,24676,hydro5,HYD74283,,,,,,,,0,0,,North America,,,,,,,,24676,,,
,24677,hydro5,HYD74284,,,,,,,,0,0,,North America,,,,,,,,24677,,,
,24678,hydro5,HYD74285,,,,,,,,0,0,,North America,,,,,,,,24678,,,
,24679,hydro5,HYD74286,,,,,,,,0,0,,North America,,,,,,,,24679,,,
,24680,hydro5,HYD74287,,,,,,,,0,0,,North America,,,,,,,,24680,,,
,24681,hydro5,HYD74288,,,,,,,,0,0,,North America,,,,,,,,24681,,,
,24682,hydro5,HYD74289,,,,,,,,0,0,,North America,,,,,,,,24682,,,
,24683,hydro5,HYD74289,,,,,,,,0,0,,North America,,,,,,,,24683,,,
,24684,hydro5,HYD74289,,,,,,,,0,0,,North America,,,,,,,,24684,,,
,24685,hydro5,HYD74289,,,,,,,,0,0,,North America,,,,,,,,24685,,,
,24686,hydro5,HYD74290,,,,,,,,0,0,,North America,,,,,,,,24686,,,
,24687,hydro5,HYD74290,,,,,,,,0,0,,North America,,,,,,,,24687,,,
,24688,hydro5,HYD74291,,,,,,,,0,0,,North America,,,,,,,,24688,,,
,24689,hydro5,HYD74292,,,,,,,,0,0,,North America,,,,,,,,24689,,,
,24690,hydro5,HYD74293,,,,,,,,0,0,,North America,,,,,,,,24690,,,
,24691,hydro5,HYD74294,,,,,,,,0,0,,North America,,,,,,,,24691,,,
,24692,hydro5,HYD74295,,,,,,,,0,0,,North America,,,,,,,,24692,,,
,24693,hydro5,HYD74295,,,,,,,,0,0,,North America,,,,,,,,24693,,,
,24694,hydro5,HYD74295,,,,,,,,0,0,,North America,,,,,,,,24694,,,
,24695,hydro5,HYD74296,,,,,,,,0,0,,North America,,,,,,,,24695,,,
,24696,hydro5,HYD74297,,,,,,,,0,0,,North America,,,,,,,,24696,,,
,24697,hydro5,HYD74297,,,,,,,,0,0,,North America,,,,,,,,24697,,,
,24698,hydro5,HYD74298,,,,,,,,0,0,,North America,,,,,,,,24698,,,
,24699,hydro5,HYD74298,,,,,,,,0,0,,North America,,,,,,,,24699,,,
,24700,hydro5,HYD74299,,,,,,,,0,0,,North America,,,,,,,,24700,,,
,24701,hydro5,HYD74299,,,,,,,,0,0,,North America,,,,,,,,24701,,,
,24702,hydro5,HYD74300,,,,,,,,0,0,,North America,,,,,,,,24702,,,
,24703,hydro5,HYD74300,,,,,,,,0,0,,North America,,,,,,,,24703,,,
,24704,hydro5,HYD74300,,,,,,,,0,0,,North America,,,,,,,,24704,,,
,24705,hydro5,HYD75110,,,,,,,,0,0,,North America,,,,,,,,24705,,,
,24706,hydro5,HYD75120,,,,,,,,0,0,,North America,,,,,,,,24706,,,
,24707,hydro5,HYD75120,,,,,,,,0,0,,North America,,,,,,,,24707,,,
,24708,hydro5,HYD75120,,,,,,,,0,0,,North America,,,,,,,,24708,,,
,24709,hydro5,HYD75130,,,,,,,,0,0,,North America,,,,,,,,24709,,,
,24710,hydro5,HYD75140,,,,,,,,0,0,,North America,,,,,,,,24710,,,
,24711,hydro5,HYD75140,,,,,,,,0,0,,North America,,,,,,,,24711,,,
,24712,hydro5,HYD75150,,,,,,,,0,0,,North America,,,,,,,,24712,,,
,24713,hydro5,HYD75160,,,,,,,,0,0,,North America,,,,,,,,24713,,,
,24714,hydro5,HYD75161,,,,,,,,0,0,,North America,,,,,,,,24714,,,
,24715,hydro5,HYD75162,,,,,,,,0,0,,North America,,,,,,,,24715,,,
,24716,hydro5,HYD75163,,,,,,,,0,0,,North America,,,,,,,,24716,,,
,24717,hydro5,HYD75164,,,,,,,,0,0,,North America,,,,,,,,24717,,,
,24718,hydro5,HYD75165,,,,,,,,0,0,,North America,,,,,,,,24718,,,
,24719,hydro5,HYD75166,,,,,,,,0,0,,North America,,,,,,,,24719,,,
,24720,hydro5,HYD75167,,,,,,,,0,0,,North America,,,,,,,,24720,,,
,24721,hydro5,HYD75168,,,,,,,,0,0,,North America,,,,,,,,24721,,,
,24722,hydro5,HYD75169,,,,,,,,0,0,,North America,,,,,,,,24722,,,
,24723,hydro5,HYD75170,,,,,,,,0,0,,North America,,,,,,,,24723,,,
,24724,hydro5,HYD75181,,,,,,,,0,0,,North America,,,,,,,,24724,,,
,24725,hydro5,HYD75182,,,,,,,,0,0,,North America,,,,,,,,24725,,,
,24726,hydro5,HYD75183,,,,,,,,0,0,,North America,,,,,,,,24726,,,
,24727,hydro5,HYD75184,,,,,,,,0,0,,North America,,,,,,,,24727,,,
,24728,hydro5,HYD75185,,,,,,,,0,0,,North America,,,,,,,,24728,,,
,24729,hydro5,HYD75186,,,,,,,,0,0,,North America,,,,,,,,24729,,,
,24730,hydro5,HYD75187,,,,,,,,0,0,,North America,,,,,,,,24730,,,
,24731,hydro5,HYD75188,,,,,,,,0,0,,North America,,,,,,,,24731,,,
,24732,hydro5,HYD75189,,,,,,,,0,0,,North America,,,,,,,,24732,,,
,24733,hydro5,HYD75191,,,,,,,,0,0,,North America,,,,,,,,24733,,,
,24734,hydro5,HYD75192,,,,,,,,0,0,,North America,,,,,,,,24734,,,
,24735,hydro5,HYD75193,,,,,,,,0,0,,North America,,,,,,,,24735,,,
,24736,hydro5,HYD75194,,,,,,,,0,0,,North America,,,,,,,,24736,,,
,24737,hydro5,HYD75195,,,,,,,,0,0,,North America,,,,,,,,24737,,,
,24738,hydro5,HYD75196,,,,,,,,0,0,,North America,,,,,,,,24738,,,
,24739,hydro5,HYD75197,,,,,,,,0,0,,North America,,,,,,,,24739,,,
,24740,hydro5,HYD75198,,,,,,,,0,0,,North America,,,,,,,,24740,,,
,24741,hydro5,HYD75199,,,,,,,,0,0,,North America,,,,,,,,24741,,,
,24742,hydro5,HYD75210,,,,,,,,0,0,,North America,,,,,,,,24742,,,
,24743,hydro5,HYD75211,,,,,,,,0,0,,North America,,,,,,,,24743,,,
,24744,hydro5,HYD75212,,,,,,,,0,0,,North America,,,,,,,,24744,,,
,24745,hydro5,HYD75213,,,,,,,,0,0,,North America,,,,,,,,24745,,,
,24746,hydro5,HYD75214,,,,,,,,0,0,,North America,,,,,,,,24746,,,
,24747,hydro5,HYD75215,,,,,,,,0,0,,North America,,,,,,,,24747,,,
,24748,hydro5,HYD75216,,,,,,,,0,0,,North America,,,,,,,,24748,,,
,24749,hydro5,HYD75217,,,,,,,,0,0,,North America,,,,,,,,24749,,,
,24750,hydro5,HYD75218,,,,,,,,0,0,,North America,,,,,,,,24750,,,
,24751,hydro5,HYD75219,,,,,,,,0,0,,North America,,,,,,,,24751,,,
,24752,hydro5,HYD75220,,,,,,,,0,0,,North America,,,,,,,,24752,,,
,24753,hydro5,HYD75221,,,,,,,,0,0,,North America,,,,,,,,24753,,,
,24754,hydro5,HYD75222,,,,,,,,0,0,,North America,,,,,,,,24754,,,
,24755,hydro5,HYD75223,,,,,,,,0,0,,North America,,,,,,,,24755,,,
,24756,hydro5,HYD75224,,,,,,,,0,0,,North America,,,,,,,,24756,,,
,24757,hydro5,HYD75225,,,,,,,,0,0,,North America,,,,,,,,24757,,,
,24758,hydro5,HYD75226,,,,,,,,0,0,,North America,,,,,,,,24758,,,
,24759,hydro5,HYD75227,,,,,,,,0,0,,North America,,,,,,,,24759,,,
,24760,hydro5,HYD75228,,,,,,,,0,0,,North America,,,,,,,,24760,,,
,24761,hydro5,HYD75229,,,,,,,,0,0,,North America,,,,,,,,24761,,,
,24762,hydro5,HYD75231,,,,,,,,0,0,,North America,,,,,,,,24762,,,
,24763,hydro5,HYD75232,,,,,,,,0,0,,North America,,,,,,,,24763,,,
,24764,hydro5,HYD75233,,,,,,,,0,0,,North America,,,,,,,,24764,,,
,24765,hydro5,HYD75234,,,,,,,,0,0,,North America,,,,,,,,24765,,,
,24766,hydro5,HYD75235,,,,,,,,0,0,,North America,,,,,,,,24766,,,
,24767,hydro5,HYD75236,,,,,,,,0,0,,North America,,,,,,,,24767,,,
,24768,hydro5,HYD75237,,,,,,,,0,0,,North America,,,,,,,,24768,,,
,24769,hydro5,HYD75300,,,,,,,,0,0,,North America,,,,,,,,24769,,,
,24770,hydro5,HYD75310,,,,,,,,0,0,,North America,,,,,,,,24770,,,
,24771,hydro5,HYD75310,,,,,,,,0,0,,North America,,,,,,,,24771,,,
,24772,hydro5,HYD75320,,,,,,,,0,0,,North America,,,,,,,,24772,,,
,24773,hydro5,HYD75321,,,,,,,,0,0,,North America,,,,,,,,24773,,,
,24774,hydro5,HYD75322,,,,,,,,0,0,,North America,,,,,,,,24774,,,
,24775,hydro5,HYD75323,,,,,,,,0,0,,North America,,,,,,,,24775,,,
,24776,hydro5,HYD75324,,,,,,,,0,0,,North America,,,,,,,,24776,,,
,24777,hydro5,HYD75325,,,,,,,,0,0,,North America,,,,,,,,24777,,,
,24778,hydro5,HYD75326,,,,,,,,0,0,,North America,,,,,,,,24778,,,
,24779,hydro5,HYD75327,,,,,,,,0,0,,North America,,,,,,,,24779,,,
,24780,hydro5,HYD75328,,,,,,,,0,0,,North America,,,,,,,,24780,,,
,24781,hydro5,HYD75329,,,,,,,,0,0,,North America,,,,,,,,24781,,,
,24782,hydro5,HYD75330,,,,,,,,0,0,,North America,,,,,,,,24782,,,
,24783,hydro5,HYD75330,,,,,,,,0,0,,North America,,,,,,,,24783,,,
,24784,hydro5,HYD75340,,,,,,,,0,0,,North America,,,,,,,,24784,,,
,24785,hydro5,HYD75340,,,,,,,,0,0,,North America,,,,,,,,24785,,,
,24786,hydro5,HYD75350,,,,,,,,0,0,,North America,,,,,,,,24786,,,
,24787,hydro5,HYD75350,,,,,,,,0,0,,North America,,,,,,,,24787,,,
,24788,hydro5,HYD75361,,,,,,,,0,0,,North America,,,,,,,,24788,,,
,24789,hydro5,HYD75362,,,,,,,,0,0,,North America,,,,,,,,24789,,,
,24790,hydro5,HYD75362,,,,,,,,0,0,,North America,,,,,,,,24790,,,
,24791,hydro5,HYD75363,,,,,,,,0,0,,North America,,,,,,,,24791,,,
,24792,hydro5,HYD75364,,,,,,,,0,0,,North America,,,,,,,,24792,,,
,24793,hydro5,HYD75365,,,,,,,,0,0,,North America,,,,,,,,24793,,,
,24794,hydro5,HYD75366,,,,,,,,0,0,,North America,,,,,,,,24794,,,
,24795,hydro5,HYD75367,,,,,,,,0,0,,North America,,,,,,,,24795,,,
,24796,hydro5,HYD75368,,,,,,,,0,0,,North America,,,,,,,,24796,,,
,24797,hydro5,HYD75369,,,,,,,,0,0,,North America,,,,,,,,24797,,,
,24798,hydro5,HYD75370,,,,,,,,0,0,,North America,,,,,,,,24798,,,
,24799,hydro5,HYD75371,,,,,,,,0,0,,North America,,,,,,,,24799,,,
,24800,hydro5,HYD75371,,,,,,,,0,0,,North America,,,,,,,,24800,,,
,24801,hydro5,HYD75372,,,,,,,,0,0,,North America,,,,,,,,24801,,,
,24802,hydro5,HYD75373,,,,,,,,0,0,,North America,,,,,,,,24802,,,
,24803,hydro5,HYD75374,,,,,,,,0,0,,North America,,,,,,,,24803,,,
,24804,hydro5,HYD75375,,,,,,,,0,0,,North America,,,,,,,,24804,,,
,24805,hydro5,HYD75375,,,,,,,,0,0,,North America,,,,,,,,24805,,,
,24806,hydro5,HYD75376,,,,,,,,0,0,,North America,,,,,,,,24806,,,
,24807,hydro5,HYD75377,,,,,,,,0,0,,North America,,,,,,,,24807,,,
,24808,hydro5,HYD75378,,,,,,,,0,0,,North America,,,,,,,,24808,,,
,24809,hydro5,HYD75379,,,,,,,,0,0,,North America,,,,,,,,24809,,,
,24810,hydro5,HYD75379,,,,,,,,0,0,,North America,,,,,,,,24810,,,
,24811,hydro5,HYD75380,,,,,,,,0,0,,North America,,,,,,,,24811,,,
,24812,hydro5,HYD75380,,,,,,,,0,0,,North America,,,,,,,,24812,,,
,24813,hydro5,HYD75380,,,,,,,,0,0,,North America,,,,,,,,24813,,,
,24814,hydro5,HYD75390,,,,,,,,0,0,,North America,,,,,,,,24814,,,
,24815,hydro5,HYD75390,,,,,,,,0,0,,North America,,,,,,,,24815,,,
,24816,hydro5,HYD76100,,,,,,,,0,0,,North America,,,,,,,,24816,,,
,24817,hydro5,HYD76201,,,,,,,,0,0,,North America,,,,,,,,24817,,,
,24818,hydro5,HYD76202,,,,,,,,0,0,,North America,,,,,,,,24818,,,
,24819,hydro5,HYD76203,,,,,,,,0,0,,North America,,,,,,,,24819,,,
,24820,hydro5,HYD76204,,,,,,,,0,0,,North America,,,,,,,,24820,,,
,24821,hydro5,HYD76300,,,,,,,,0,0,,North America,,,,,,,,24821,,,
,24822,hydro5,HYD76400,,,,,,,,0,0,,North America,,,,,,,,24822,,,
,24823,hydro5,HYD76400,,,,,,,,0,0,,North America,,,,,,,,24823,,,
,24824,hydro5,HYD76500,,,,,,,,0,0,,North America,,,,,,,,24824,,,
,24825,hydro5,HYD77100,,,,,,,,0,0,,North America,,,,,,,,24825,,,
,24826,hydro5,HYD77110,,,,,,,,0,0,,North America,,,,,,,,24826,,,
,24827,hydro5,HYD77111,,,,,,,,0,0,,North America,,,,,,,,24827,,,
,24828,hydro5,HYD77112,,,,,,,,0,0,,North America,,,,,,,,24828,,,
,24829,hydro5,HYD77113,,,,,,,,0,0,,North America,,,,,,,,24829,,,
,24830,hydro5,HYD77114,,,,,,,,0,0,,North America,,,,,,,,24830,,,
,24831,hydro5,HYD77115,,,,,,,,0,0,,North America,,,,,,,,24831,,,
,24832,hydro5,HYD77115,,,,,,,,0,0,,North America,,,,,,,,24832,,,
,24833,hydro5,HYD77116,,,,,,,,0,0,,North America,,,,,,,,24833,,,
,24834,hydro5,HYD77117,,,,,,,,0,0,,North America,,,,,,,,24834,,,
,24835,hydro5,HYD77118,,,,,,,,0,0,,North America,,,,,,,,24835,,,
,24836,hydro5,HYD77119,,,,,,,,0,0,,North America,,,,,,,,24836,,,
,24837,hydro5,HYD77120,,,,,,,,0,0,,North America,,,,,,,,24837,,,
,24838,hydro5,HYD77121,,,,,,,,0,0,,North America,,,,,,,,24838,,,
,24839,hydro5,HYD77121,,,,,,,,0,0,,North America,,,,,,,,24839,,,
,24840,hydro5,HYD77122,,,,,,,,0,0,,North America,,,,,,,,24840,,,
,24841,hydro5,HYD77123,,,,,,,,0,0,,North America,,,,,,,,24841,,,
,24842,hydro5,HYD77124,,,,,,,,0,0,,North America,,,,,,,,24842,,,
,24843,hydro5,HYD77125,,,,,,,,0,0,,North America,,,,,,,,24843,,,
,24844,hydro5,HYD77126,,,,,,,,0,0,,North America,,,,,,,,24844,,,
,24845,hydro5,HYD77127,,,,,,,,0,0,,North America,,,,,,,,24845,,,
,24846,hydro5,HYD77128,,,,,,,,0,0,,North America,,,,,,,,24846,,,
,24847,hydro5,HYD77129,,,,,,,,0,0,,North America,,,,,,,,24847,,,
,24848,hydro5,HYD77130,,,,,,,,0,0,,North America,,,,,,,,24848,,,
,24849,hydro5,HYD77141,,,,,,,,0,0,,North America,,,,,,,,24849,,,
,24850,hydro5,HYD77142,,,,,,,,0,0,,North America,,,,,,,,24850,,,
,24851,hydro5,HYD77143,,,,,,,,0,0,,North America,,,,,,,,24851,,,
,24852,hydro5,HYD77144,,,,,,,,0,0,,North America,,,,,,,,24852,,,
,24853,hydro5,HYD77145,,,,,,,,0,0,,North America,,,,,,,,24853,,,
,24854,hydro5,HYD77146,,,,,,,,0,0,,North America,,,,,,,,24854,,,
,24855,hydro5,HYD77147,,,,,,,,0,0,,North America,,,,,,,,24855,,,
,24856,hydro5,HYD77147,,,,,,,,0,0,,North America,,,,,,,,24856,,,
,24857,hydro5,HYD77148,,,,,,,,0,0,,North America,,,,,,,,24857,,,
,24858,hydro5,HYD77149,,,,,,,,0,0,,North America,,,,,,,,24858,,,
,24859,hydro5,HYD77149,,,,,,,,0,0,,North America,,,,,,,,24859,,,
,24860,hydro5,HYD77151,,,,,,,,0,0,,North America,,,,,,,,24860,,,
,24861,hydro5,HYD77152,,,,,,,,0,0,,North America,,,,,,,,24861,,,
,24862,hydro5,HYD77153,,,,,,,,0,0,,North America,,,,,,,,24862,,,
,24863,hydro5,HYD77154,,,,,,,,0,0,,North America,,,,,,,,24863,,,
,24864,hydro5,HYD77155,,,,,,,,0,0,,North America,,,,,,,,24864,,,
,24865,hydro5,HYD77155,,,,,,,,0,0,,North America,,,,,,,,24865,,,
,24866,hydro5,HYD77156,,,,,,,,0,0,,North America,,,,,,,,24866,,,
,24867,hydro5,HYD77157,,,,,,,,0,0,,North America,,,,,,,,24867,,,
,24868,hydro5,HYD77158,,,,,,,,0,0,,North America,,,,,,,,24868,,,
,24869,hydro5,HYD77159,,,,,,,,0,0,,North America,,,,,,,,24869,,,
,24870,hydro5,HYD77160,,,,,,,,0,0,,North America,,,,,,,,24870,,,
,24871,hydro5,HYD77170,,,,,,,,0,0,,North America,,,,,,,,24871,,,
,24872,hydro5,HYD77180,,,,,,,,0,0,,North America,,,,,,,,24872,,,
,24873,hydro5,HYD77190,,,,,,,,0,0,,North America,,,,,,,,24873,,,
,24874,hydro5,HYD77191,,,,,,,,0,0,,North America,,,,,,,,24874,,,
,24875,hydro5,HYD77192,,,,,,,,0,0,,North America,,,,,,,,24875,,,
,24876,hydro5,HYD77193,,,,,,,,0,0,,North America,,,,,,,,24876,,,
,24877,hydro5,HYD77194,,,,,,,,0,0,,North America,,,,,,,,24877,,,
,24878,hydro5,HYD77195,,,,,,,,0,0,,North America,,,,,,,,24878,,,
,24879,hydro5,HYD77196,,,,,,,,0,0,,North America,,,,,,,,24879,,,
,24880,hydro5,HYD77197,,,,,,,,0,0,,North America,,,,,,,,24880,,,
,24881,hydro5,HYD77198,,,,,,,,0,0,,North America,,,,,,,,24881,,,
,24882,hydro5,HYD77199,,,,,,,,0,0,,North America,,,,,,,,24882,,,
,24883,hydro5,HYD77200,,,,,,,,0,0,,North America,,,,,,,,24883,,,
,24884,hydro5,HYD77200,,,,,,,,0,0,,North America,,,,,,,,24884,,,
,24885,hydro5,HYD77200,,,,,,,,0,0,,North America,,,,,,,,24885,,,
,24886,hydro5,HYD77210,,,,,,,,0,0,,North America,,,,,,,,24886,,,
,24887,hydro5,HYD77220,,,,,,,,0,0,,North America,,,,,,,,24887,,,
,24888,hydro5,HYD77221,,,,,,,,0,0,,North America,,,,,,,,24888,,,
,24889,hydro5,HYD77222,,,,,,,,0,0,,North America,,,,,,,,24889,,,
,24890,hydro5,HYD77223,,,,,,,,0,0,,North America,,,,,,,,24890,,,
,24891,hydro5,HYD77224,,,,,,,,0,0,,North America,,,,,,,,24891,,,
,24892,hydro5,HYD77225,,,,,,,,0,0,,North America,,,,,,,,24892,,,
,24893,hydro5,HYD77226,,,,,,,,0,0,,North America,,,,,,,,24893,,,
,24894,hydro5,HYD77227,,,,,,,,0,0,,North America,,,,,,,,24894,,,
,24895,hydro5,HYD77228,,,,,,,,0,0,,North America,,,,,,,,24895,,,
,24896,hydro5,HYD77229,,,,,,,,0,0,,North America,,,,,,,,24896,,,
,24897,hydro5,HYD77230,,,,,,,,0,0,,North America,,,,,,,,24897,,,
,24898,hydro5,HYD77231,,,,,,,,0,0,,North America,,,,,,,,24898,,,
,24899,hydro5,HYD77232,,,,,,,,0,0,,North America,,,,,,,,24899,,,
,24900,hydro5,HYD77233,,,,,,,,0,0,,North America,,,,,,,,24900,,,
,24901,hydro5,HYD77233,,,,,,,,0,0,,North America,,,,,,,,24901,,,
,24902,hydro5,HYD77234,,,,,,,,0,0,,North America,,,,,,,,24902,,,
,24903,hydro5,HYD77235,,,,,,,,0,0,,North America,,,,,,,,24903,,,
,24904,hydro5,HYD77236,,,,,,,,0,0,,North America,,,,,,,,24904,,,
,24905,hydro5,HYD77237,,,,,,,,0,0,,North America,,,,,,,,24905,,,
,24906,hydro5,HYD77238,,,,,,,,0,0,,North America,,,,,,,,24906,,,
,24907,hydro5,HYD77239,,,,,,,,0,0,,North America,,,,,,,,24907,,,
,24908,hydro5,HYD77240,,,,,,,,0,0,,North America,,,,,,,,24908,,,
,24909,hydro5,HYD77250,,,,,,,,0,0,,North America,,,,,,,,24909,,,
,24910,hydro5,HYD77250,,,,,,,,0,0,,North America,,,,,,,,24910,,,
,24911,hydro5,HYD77260,,,,,,,,0,0,,North America,,,,,,,,24911,,,
,24912,hydro5,HYD77270,,,,,,,,0,0,,North America,,,,,,,,24912,,,
,24913,hydro5,HYD77280,,,,,,,,0,0,,North America,,,,,,,,24913,,,
,24914,hydro5,HYD77291,,,,,,,,0,0,,North America,,,,,,,,24914,,,
,24915,hydro5,HYD77292,,,,,,,,0,0,,North America,,,,,,,,24915,,,
,24916,hydro5,HYD77293,,,,,,,,0,0,,North America,,,,,,,,24916,,,
,24917,hydro5,HYD77294,,,,,,,,0,0,,North America,,,,,,,,24917,,,
,24918,hydro5,HYD77295,,,,,,,,0,0,,North America,,,,,,,,24918,,,
,24919,hydro5,HYD77296,,,,,,,,0,0,,North America,,,,,,,,24919,,,
,24920,hydro5,HYD77297,,,,,,,,0,0,,North America,,,,,,,,24920,,,
,24921,hydro5,HYD77298,,,,,,,,0,0,,North America,,,,,,,,24921,,,
,24922,hydro5,HYD77299,,,,,,,,0,0,,North America,,,,,,,,24922,,,
,24923,hydro5,HYD77310,,,,,,,,0,0,,North America,,,,,,,,24923,,,
,24924,hydro5,HYD77320,,,,,,,,0,0,,North America,,,,,,,,24924,,,
,24925,hydro5,HYD77330,,,,,,,,0,0,,North America,,,,,,,,24925,,,
,24926,hydro5,HYD77340,,,,,,,,0,0,,North America,,,,,,,,24926,,,
,24927,hydro5,HYD77350,,,,,,,,0,0,,North America,,,,,,,,24927,,,
,24928,hydro5,HYD77350,,,,,,,,0,0,,North America,,,,,,,,24928,,,
,24929,hydro5,HYD77350,,,,,,,,0,0,,North America,,,,,,,,24929,,,
,24930,hydro5,HYD77360,,,,,,,,0,0,,North America,,,,,,,,24930,,,
,24931,hydro5,HYD77360,,,,,,,,0,0,,North America,,,,,,,,24931,,,
,24932,hydro5,HYD77370,,,,,,,,0,0,,North America,,,,,,,,24932,,,
,24933,hydro5,HYD77381,,,,,,,,0,0,,North America,,,,,,,,24933,,,
,24934,hydro5,HYD77381,,,,,,,,0,0,,North America,,,,,,,,24934,,,
,24935,hydro5,HYD77381,,,,,,,,0,0,,North America,,,,,,,,24935,,,
,24936,hydro5,HYD77381,,,,,,,,0,0,,North America,,,,,,,,24936,,,
,24937,hydro5,HYD77381,,,,,,,,0,0,,North America,,,,,,,,24937,,,
,24938,hydro5,HYD77382,,,,,,,,0,0,,North America,,,,,,,,24938,,,
,24939,hydro5,HYD77383,,,,,,,,0,0,,North America,,,,,,,,24939,,,
,24940,hydro5,HYD77383,,,,,,,,0,0,,North America,,,,,,,,24940,,,
,24941,hydro5,HYD77384,,,,,,,,0,0,,North America,,,,,,,,24941,,,
,24942,hydro5,HYD77400,,,,,,,,0,0,,North America,,,,,,,,24942,,,
,24943,hydro5,HYD77410,,,,,,,,0,0,,North America,,,,,,,,24943,,,
,24944,hydro5,HYD77411,,,,,,,,0,0,,North America,,,,,,,,24944,,,
,24945,hydro5,HYD77412,,,,,,,,0,0,,North America,,,,,,,,24945,,,
,24946,hydro5,HYD77413,,,,,,,,0,0,,North America,,,,,,,,24946,,,
,24947,hydro5,HYD77414,,,,,,,,0,0,,North America,,,,,,,,24947,,,
,24948,hydro5,HYD77415,,,,,,,,0,0,,North America,,,,,,,,24948,,,
,24949,hydro5,HYD77416,,,,,,,,0,0,,North America,,,,,,,,24949,,,
,24950,hydro5,HYD77417,,,,,,,,0,0,,North America,,,,,,,,24950,,,
,24951,hydro5,HYD77418,,,,,,,,0,0,,North America,,,,,,,,24951,,,
,24952,hydro5,HYD77419,,,,,,,,0,0,,North America,,,,,,,,24952,,,
,24953,hydro5,HYD77420,,,,,,,,0,0,,North America,,,,,,,,24953,,,
,24954,hydro5,HYD77430,,,,,,,,0,0,,North America,,,,,,,,24954,,,
,24955,hydro5,HYD77440,,,,,,,,0,0,,North America,,,,,,,,24955,,,
,24956,hydro5,HYD77441,,,,,,,,0,0,,North America,,,,,,,,24956,,,
,24957,hydro5,HYD77442,,,,,,,,0,0,,North America,,,,,,,,24957,,,
,24958,hydro5,HYD77443,,,,,,,,0,0,,North America,,,,,,,,24958,,,
,24959,hydro5,HYD77444,,,,,,,,0,0,,North America,,,,,,,,24959,,,
,24960,hydro5,HYD77445,,,,,,,,0,0,,North America,,,,,,,,24960,,,
,24961,hydro5,HYD77446,,,,,,,,0,0,,North America,,,,,,,,24961,,,
,24962,hydro5,HYD77447,,,,,,,,0,0,,North America,,,,,,,,24962,,,
,24963,hydro5,HYD77448,,,,,,,,0,0,,North America,,,,,,,,24963,,,
,24964,hydro5,HYD77449,,,,,,,,0,0,,North America,,,,,,,,24964,,,
,24965,hydro5,HYD77449,,,,,,,,0,0,,North America,,,,,,,,24965,,,
,24966,hydro5,HYD77450,,,,,,,,0,0,,North America,,,,,,,,24966,,,
,24967,hydro5,HYD77460,,,,,,,,0,0,,North America,,,,,,,,24967,,,
,24968,hydro5,HYD77470,,,,,,,,0,0,,North America,,,,,,,,24968,,,
,24969,hydro5,HYD77480,,,,,,,,0,0,,North America,,,,,,,,24969,,,
,24970,hydro5,HYD77480,,,,,,,,0,0,,North America,,,,,,,,24970,,,
,24971,hydro5,HYD77490,,,,,,,,0,0,,North America,,,,,,,,24971,,,
,24972,hydro5,HYD78100,,,,,,,,0,0,,North America,,,,,,,,24972,,,
,24973,hydro5,HYD78210,,,,,,,,0,0,,North America,,,,,,,,24973,,,
,24974,hydro5,HYD78220,,,,,,,,0,0,,North America,,,,,,,,24974,,,
,24975,hydro5,HYD78230,,,,,,,,0,0,,North America,,,,,,,,24975,,,
,24976,hydro5,HYD78240,,,,,,,,0,0,,North America,,,,,,,,24976,,,
,24977,hydro5,HYD78250,,,,,,,,0,0,,North America,,,,,,,,24977,,,
,24978,hydro5,HYD78261,,,,,,,,0,0,,North America,,,,,,,,24978,,,
,24979,hydro5,HYD78262,,,,,,,,0,0,,North America,,,,,,,,24979,,,
,24980,hydro5,HYD78262,,,,,,,,0,0,,North America,,,,,,,,24980,,,
,24981,hydro5,HYD78263,,,,,,,,0,0,,North America,,,,,,,,24981,,,
,24982,hydro5,HYD78263,,,,,,,,0,0,,North America,,,,,,,,24982,,,
,24983,hydro5,HYD78264,,,,,,,,0,0,,North America,,,,,,,,24983,,,
,24984,hydro5,HYD78265,,,,,,,,0,0,,North America,,,,,,,,24984,,,
,24985,hydro5,HYD78266,,,,,,,,0,0,,North America,,,,,,,,24985,,,
,24986,hydro5,HYD78266,,,,,,,,0,0,,North America,,,,,,,,24986,,,
,24987,hydro5,HYD78266,,,,,,,,0,0,,North America,,,,,,,,24987,,,
,24988,hydro5,HYD78267,,,,,,,,0,0,,North America,,,,,,,,24988,,,
,24989,hydro5,HYD78268,,,USAlaska,1,,,,2,0,,North America,,,,,,,,24989,,,
,24990,hydro5,HYD78268,,,,,,,,0,0,,North America,,,,,,,,24990,,,
,24991,hydro5,HYD78269,,,,,,,,0,0,,North America,,,,,,,,24991,,,
,24992,hydro5,HYD78269,,,,,,,,0,0,,North America,,,,,,,,24992,,,
,24993,hydro5,HYD78269,,,,,,,,0,0,,North America,,,,,,,,24993,,,
,24994,hydro5,HYD78270,,,,,,,,0,0,,North America,,,,,,,,24994,,,
,24995,hydro5,HYD78280,,,,,,,,0,0,,North America,,,,,,,,24995,,,
,24996,hydro5,HYD78290,,,,,,,,0,0,,North America,,,,,,,,24996,,,
,24997,hydro5,HYD78291,,,,,,,,0,0,,North America,,,,,,,,24997,,,
,24998,hydro5,HYD78292,,,,,,,,0,0,,North America,,,,,,,,24998,,,
,24999,hydro5,HYD78293,,,,,,,,0,0,,North America,,,,,,,,24999,,,
,25000,hydro5,HYD78294,,,,,,,,0,0,,North America,,,,,,,,25000,,,
,25001,hydro5,HYD78295,,,,,,,,0,0,,North America,,,,,,,,25001,,,
,25002,hydro5,HYD78296,,,,,,,,0,0,,North America,,,,,,,,25002,,,
,25003,hydro5,HYD78297,,,,,,,,0,0,,North America,,,,,,,,25003,,,
,25004,hydro5,HYD78298,,,,,,,,0,0,,North America,,,,,,,,25004,,,
,25005,hydro5,HYD78299,,,,,,,,0,0,,North America,,,,,,,,25005,,,
,25006,hydro5,HYD78300,,,,,,,,0,0,,North America,,,,,,,,25006,,,
,25007,hydro5,HYD78310,,,,,,,,0,0,,North America,,,,,,,,25007,,,
,25008,hydro5,HYD78321,,,,,,,,0,0,,North America,,,,,,,,25008,,,
,25009,hydro5,HYD78321,,,,,,,,0,0,,North America,,,,,,,,25009,,,
,25010,hydro5,HYD78322,,,,,,,,0,0,,North America,,,,,,,,25010,,,
,25011,hydro5,HYD78322,,,,,,,,0,0,,North America,,,,,,,,25011,,,
,25012,hydro5,HYD78323,,,,,,,,0,0,,North America,,,,,,,,25012,,,
,25013,hydro5,HYD78324,,,,,,,,0,0,,North America,,,,,,,,25013,,,
,25014,hydro5,HYD78325,,,,,,,,0,0,,North America,,,,,,,,25014,,,
,25015,hydro5,HYD78325,,,,,,,,0,0,,North America,,,,,,,,25015,,,
,25016,hydro5,HYD78326,,,,,,,,0,0,,North America,,,,,,,,25016,,,
,25017,hydro5,HYD78327,,,,,,,,0,0,,North America,,,,,,,,25017,,,
,25018,hydro5,HYD78328,,,,,,,,0,0,,North America,,,,,,,,25018,,,
,25019,hydro5,HYD78328,,,,,,,,0,0,,North America,,,,,,,,25019,,,
,25020,hydro5,HYD78328,,,,,,,,0,0,,North America,,,,,,,,25020,,,
,25021,hydro5,HYD78328,,,,,,,,0,0,,North America,,,,,,,,25021,,,
,25022,hydro5,HYD78328,,,,,,,,0,0,,North America,,,,,,,,25022,,,
,25023,hydro5,HYD78329,,,,,,,,0,0,,North America,,,,,,,,25023,,,
,25024,hydro5,HYD78330,,,,,,,,0,0,,North America,,,,,,,,25024,,,
,25025,hydro5,HYD78331,,,,,,,,0,0,,North America,,,,,,,,25025,,,
,25026,hydro5,HYD78332,,,,,,,,0,0,,North America,,,,,,,,25026,,,
,25027,hydro5,HYD78333,,,,,,,,0,0,,North America,,,,,,,,25027,,,
,25028,hydro5,HYD78334,,,,,,,,0,0,,North America,,,,,,,,25028,,,
,25029,hydro5,HYD78335,,,,,,,,0,0,,North America,,,,,,,,25029,,,
,25030,hydro5,HYD78336,,,,,,,,0,0,,North America,,,,,,,,25030,,,
,25031,hydro5,HYD78337,,,,,,,,0,0,,North America,,,,,,,,25031,,,
,25032,hydro5,HYD78338,,,,,,,,0,0,,North America,,,,,,,,25032,,,
,25033,hydro5,HYD78339,,,,,,,,0,0,,North America,,,,,,,,25033,,,
,25034,hydro5,HYD78340,,,,,,,,0,0,,North America,,,,,,,,25034,,,
,25035,hydro5,HYD78340,,,,,,,,0,0,,North America,,,,,,,,25035,,,
,25036,hydro5,HYD78350,,,,,,,,0,0,,North America,,,,,,,,25036,,,
,25037,hydro5,HYD78360,,,,,,,,0,0,,North America,,,,,,,,25037,,,
,25038,hydro5,HYD78370,,,,,,,,0,0,,North America,,,,,,,,25038,,,
,25039,hydro5,HYD78380,,,,,,,,0,0,,North America,,,,,,,,25039,,,
,25040,hydro5,HYD78390,,,,,,,,0,0,,North America,,,,,,,,25040,,,
,25041,hydro5,HYD81100,,,,,,,,0,0,,Arctic,,,,,,,,25041,,,
,25042,hydro5,HYD81110,,,,,,,,0,0,,Arctic,,,,,,,,25042,,,
,25043,hydro5,HYD81120,,,,,,,,0,0,,Arctic,,,,,,,,25043,,,
,25044,hydro5,HYD81130,,,,,,,,0,0,,Arctic,,,,,,,,25044,,,
,25045,hydro5,HYD81130,,,,,,,,0,0,,Arctic,,,,,,,,25045,,,
,25046,hydro5,HYD81140,,,,,,,,0,0,,Arctic,,,,,,,,25046,,,
,25047,hydro5,HYD81150,,,,,,,,0,0,,Arctic,,,,,,,,25047,,,
,25048,hydro5,HYD81151,,,,,,,,0,0,,Arctic,,,,,,,,25048,,,
,25049,hydro5,HYD81152,,,,,,,,0,0,,Arctic,,,,,,,,25049,,,
,25050,hydro5,HYD81153,,,,,,,,0,0,,Arctic,,,,,,,,25050,,,
,25051,hydro5,HYD81154,,,,,,,,0,0,,Arctic,,,,,,,,25051,,,
,25052,hydro5,HYD81154,,,,,,,,0,0,,Arctic,,,,,,,,25052,,,
,25053,hydro5,HYD81155,,,,,,,,0,0,,Arctic,,,,,,,,25053,,,
,25054,hydro5,HYD81156,,,,,,,,0,0,,Arctic,,,,,,,,25054,,,
,25055,hydro5,HYD81156,,,,,,,,0,0,,Arctic,,,,,,,,25055,,,
,25056,hydro5,HYD81157,,,,,,,,0,0,,Arctic,,,,,,,,25056,,,
,25057,hydro5,HYD81158,,,,,,,,0,0,,Arctic,,,,,,,,25057,,,
,25058,hydro5,HYD81158,,,,,,,,0,0,,Arctic,,,,,,,,25058,,,
,25059,hydro5,HYD81158,,,,,,,,0,0,,Arctic,,,,,,,,25059,,,
,25060,hydro5,HYD81159,,,,,,,,0,0,,Arctic,,,,,,,,25060,,,
,25061,hydro5,HYD81160,,,,,,,,0,0,,Arctic,,,,,,,,25061,,,
,25062,hydro5,HYD81160,,,,,,,,0,0,,Arctic,,,,,,,,25062,,,
,25063,hydro5,HYD81170,,,,,,,,0,0,,Arctic,,,,,,,,25063,,,
,25064,hydro5,HYD81170,,,,,,,,0,0,,Arctic,,,,,,,,25064,,,
,25065,hydro5,HYD81181,,,,,,,,0,0,,Arctic,,,,,,,,25065,,,
,25066,hydro5,HYD81182,,,,,,,,0,0,,Arctic,,,,,,,,25066,,,
,25067,hydro5,HYD81183,,,,,,,,0,0,,Arctic,,,,,,,,25067,,,
,25068,hydro5,HYD81184,,,,,,,,0,0,,Arctic,,,,,,,,25068,,,
,25069,hydro5,HYD81185,,,,,,,,0,0,,Arctic,,,,,,,,25069,,,
,25070,hydro5,HYD81186,,,,,,,,0,0,,Arctic,,,,,,,,25070,,,
,25071,hydro5,HYD81187,,,,,,,,0,0,,Arctic,,,,,,,,25071,,,
,25072,hydro5,HYD81188,,,,,,,,0,0,,Arctic,,,,,,,,25072,,,
,25073,hydro5,HYD81189,,,,,,,,0,0,,Arctic,,,,,,,,25073,,,
,25074,hydro5,HYD81190,,,,,,,,0,0,,Arctic,,,,,,,,25074,,,
,25075,hydro5,HYD81190,,,,,,,,0,0,,Arctic,,,,,,,,25075,,,
,25076,hydro5,HYD81190,,,,,,,,0,0,,Arctic,,,,,,,,25076,,,
,25077,hydro5,HYD81210,,,,,,,,0,0,,Arctic,,,,,,,,25077,,,
,25078,hydro5,HYD81220,,,,,,,,0,0,,Arctic,,,,,,,,25078,,,
,25079,hydro5,HYD81230,,,,,,,,0,0,,Arctic,,,,,,,,25079,,,
,25080,hydro5,HYD81241,,,,,,,,0,0,,Arctic,,,,,,,,25080,,,
,25081,hydro5,HYD81242,,,,,,,,0,0,,Arctic,,,,,,,,25081,,,
,25082,hydro5,HYD81243,,,,,,,,0,0,,Arctic,,,,,,,,25082,,,
,25083,hydro5,HYD81244,,,,,,,,0,0,,Arctic,,,,,,,,25083,,,
,25084,hydro5,HYD81245,,,,,,,,0,0,,Arctic,,,,,,,,25084,,,
,25085,hydro5,HYD81246,,,,,,,,0,0,,Arctic,,,,,,,,25085,,,
,25086,hydro5,HYD81247,,,,,,,,0,0,,Arctic,,,,,,,,25086,,,
,25087,hydro5,HYD81248,,,,,,,,0,0,,Arctic,,,,,,,,25087,,,
,25088,hydro5,HYD81249,,,,,,,,0,0,,Arctic,,,,,,,,25088,,,
,25089,hydro5,HYD81250,,,,,,,,0,0,,Arctic,,,,,,,,25089,,,
,25090,hydro5,HYD81260,,,,,,,,0,0,,Arctic,,,,,,,,25090,,,
,25091,hydro5,HYD81270,,,,,,,,0,0,,Arctic,,,,,,,,25091,,,
,25092,hydro5,HYD81280,,,,,,,,0,0,,Arctic,,,,,,,,25092,,,
,25093,hydro5,HYD81291,,,,,,,,0,0,,Arctic,,,,,,,,25093,,,
,25094,hydro5,HYD81292,,,,,,,,0,0,,Arctic,,,,,,,,25094,,,
,25095,hydro5,HYD81292,,,,,,,,0,0,,Arctic,,,,,,,,25095,,,
,25096,hydro5,HYD81293,,,,,,,,0,0,,Arctic,,,,,,,,25096,,,
,25097,hydro5,HYD81294,,,,,,,,0,0,,Arctic,,,,,,,,25097,,,
,25098,hydro5,HYD81295,,,,,,,,0,0,,Arctic,,,,,,,,25098,,,
,25099,hydro5,HYD81296,,,,,,,,0,0,,Arctic,,,,,,,,25099,,,
,25100,hydro5,HYD81297,,,,,,,,0,0,,Arctic,,,,,,,,25100,,,
,25101,hydro5,HYD81298,,,,,,,,0,0,,Arctic,,,,,,,,25101,,,
,25102,hydro5,HYD81298,,,,,,,,0,0,,Arctic,,,,,,,,25102,,,
,25103,hydro5,HYD81298,,,,,,,,0,0,,Arctic,,,,,,,,25103,,,
,25104,hydro5,HYD81299,,,,,,,,0,0,,Arctic,,,,,,,,25104,,,
,25105,hydro5,HYD81299,,,,,,,,0,0,,Arctic,,,,,,,,25105,,,
,25106,hydro5,HYD81310,,,,,,,,0,0,,Arctic,,,,,,,,25106,,,
,25107,hydro5,HYD81310,,,,,,,,0,0,,Arctic,,,,,,,,25107,,,
,25108,hydro5,HYD81310,,,,,,,,0,0,,Arctic,,,,,,,,25108,,,
,25109,hydro5,HYD81320,,,,,,,,0,0,,Arctic,,,,,,,,25109,,,
,25110,hydro5,HYD81330,,,,,,,,0,0,,Arctic,,,,,,,,25110,,,
,25111,hydro5,HYD81340,,,,,,,,0,0,,Arctic,,,,,,,,25111,,,
,25112,hydro5,HYD81350,,,,,,,,0,0,,Arctic,,,,,,,,25112,,,
,25113,hydro5,HYD81350,,,,,,,,0,0,,Arctic,,,,,,,,25113,,,
,25114,hydro5,HYD81360,,,,,,,,0,0,,Arctic,,,,,,,,25114,,,
,25115,hydro5,HYD81360,,,,,,,,0,0,,Arctic,,,,,,,,25115,,,
,25116,hydro5,HYD81370,,,,,,,,0,0,,Arctic,,,,,,,,25116,,,
,25117,hydro5,HYD81380,,,,,,,,0,0,,Arctic,,,,,,,,25117,,,
,25118,hydro5,HYD81390,,,,,,,,0,0,,Arctic,,,,,,,,25118,,,
,25119,hydro5,HYD82100,,,,,,,,0,0,,Arctic,,,,,,,,25119,,,
,25120,hydro5,HYD82211,,,,,,,,0,0,,Arctic,,,,,,,,25120,,,
,25121,hydro5,HYD82212,,,,,,,,0,0,,Arctic,,,,,,,,25121,,,
,25122,hydro5,HYD82213,,,,,,,,0,0,,Arctic,,,,,,,,25122,,,
,25123,hydro5,HYD82214,,,,,,,,0,0,,Arctic,,,,,,,,25123,,,
,25124,hydro5,HYD82215,,,,,,,,0,0,,Arctic,,,,,,,,25124,,,
,25125,hydro5,HYD82216,,,,,,,,0,0,,Arctic,,,,,,,,25125,,,
,25126,hydro5,HYD82217,,,,,,,,0,0,,Arctic,,,,,,,,25126,,,
,25127,hydro5,HYD82218,,,,,,,,0,0,,Arctic,,,,,,,,25127,,,
,25128,hydro5,HYD82219,,,,,,,,0,0,,Arctic,,,,,,,,25128,,,
,25129,hydro5,HYD82221,,,,,,,,0,0,,Arctic,,,,,,,,25129,,,
,25130,hydro5,HYD82221,,,,,,,,0,0,,Arctic,,,,,,,,25130,,,
,25131,hydro5,HYD82222,,,,,,,,0,0,,Arctic,,,,,,,,25131,,,
,25132,hydro5,HYD82223,,,,,,,,0,0,,Arctic,,,,,,,,25132,,,
,25133,hydro5,HYD82224,,,,,,,,0,0,,Arctic,,,,,,,,25133,,,
,25134,hydro5,HYD82224,,,,,,,,0,0,,Arctic,,,,,,,,25134,,,
,25135,hydro5,HYD82226,,,,,,,,0,0,,Arctic,,,,,,,,25135,,,
,25136,hydro5,HYD82227,,,,,,,,0,0,,Arctic,,,,,,,,25136,,,
,25137,hydro5,HYD82228,,,,,,,,0,0,,Arctic,,,,,,,,25137,,,
,25138,hydro5,HYD82229,,,,,,,,0,0,,Arctic,,,,,,,,25138,,,
,25139,hydro5,HYD82229,,,,,,,,0,0,,Arctic,,,,,,,,25139,,,
,25140,hydro5,HYD82229,,,,,,,,0,0,,Arctic,,,,,,,,25140,,,
,25141,hydro5,HYD82231,,,,,,,,0,0,,Arctic,,,,,,,,25141,,,
,25142,hydro5,HYD82232,,,,,,,,0,0,,Arctic,,,,,,,,25142,,,
,25143,hydro5,HYD82233,,,,,,,,0,0,,Arctic,,,,,,,,25143,,,
,25144,hydro5,HYD82234,,,,,,,,0,0,,Arctic,,,,,,,,25144,,,
,25145,hydro5,HYD82235,,,,,,,,0,0,,Arctic,,,,,,,,25145,,,
,25146,hydro5,HYD82236,,,,,,,,0,0,,Arctic,,,,,,,,25146,,,
,25147,hydro5,HYD82237,,,,,,,,0,0,,Arctic,,,,,,,,25147,,,
,25148,hydro5,HYD82238,,,,,,,,0,0,,Arctic,,,,,,,,25148,,,
,25149,hydro5,HYD82239,,,,,,,,0,0,,Arctic,,,,,,,,25149,,,
,25150,hydro5,HYD82241,,,,,,,,0,0,,Arctic,,,,,,,,25150,,,
,25151,hydro5,HYD82242,,,,,,,,0,0,,Arctic,,,,,,,,25151,,,
,25152,hydro5,HYD82243,,,,,,,,0,0,,Arctic,,,,,,,,25152,,,
,25153,hydro5,HYD82244,,,,,,,,0,0,,Arctic,,,,,,,,25153,,,
,25154,hydro5,HYD82244,,,,,,,,0,0,,Arctic,,,,,,,,25154,,,
,25155,hydro5,HYD82245,,,,,,,,0,0,,Arctic,,,,,,,,25155,,,
,25156,hydro5,HYD82246,,,,,,,,0,0,,Arctic,,,,,,,,25156,,,
,25157,hydro5,HYD82247,,,,,,,,0,0,,Arctic,,,,,,,,25157,,,
,25158,hydro5,HYD82248,,,,,,,,0,0,,Arctic,,,,,,,,25158,,,
,25159,hydro5,HYD82249,,,,,,,,0,0,,Arctic,,,,,,,,25159,,,
,25160,hydro5,HYD82251,,,,,,,,0,0,,Arctic,,,,,,,,25160,,,
,25161,hydro5,HYD82251,,,,,,,,0,0,,Arctic,,,,,,,,25161,,,
,25162,hydro5,HYD82251,,,,,,,,0,0,,Arctic,,,,,,,,25162,,,
,25163,hydro5,HYD82251,,,,,,,,0,0,,Arctic,,,,,,,,25163,,,
,25164,hydro5,HYD82252,,,,,,,,0,0,,Arctic,,,,,,,,25164,,,
,25165,hydro5,HYD82252,,,,,,,,0,0,,Arctic,,,,,,,,25165,,,
,25166,hydro5,HYD82252,,,,,,,,0,0,,Arctic,,,,,,,,25166,,,
,25167,hydro5,HYD82253,,,,,,,,0,0,,Arctic,,,,,,,,25167,,,
,25168,hydro5,HYD82254,,,,,,,,0,0,,Arctic,,,,,,,,25168,,,
,25169,hydro5,HYD82255,,,,,,,,0,0,,Arctic,,,,,,,,25169,,,
,25170,hydro5,HYD82256,,,,,,,,0,0,,Arctic,,,,,,,,25170,,,
,25171,hydro5,HYD82256,,,,,,,,0,0,,Arctic,,,,,,,,25171,,,
,25172,hydro5,HYD82257,,,,,,,,0,0,,Arctic,,,,,,,,25172,,,
,25173,hydro5,HYD82258,,,,,,,,0,0,,Arctic,,,,,,,,25173,,,
,25174,hydro5,HYD82262,,,,,,,,0,0,,Arctic,,,,,,,,25174,,,
,25175,hydro5,HYD82262,,,,,,,,0,0,,Arctic,,,,,,,,25175,,,
,25176,hydro5,HYD82262,,,,,,,,0,0,,Arctic,,,,,,,,25176,,,
,25177,hydro5,HYD82262,,,,,,,,0,0,,Arctic,,,,,,,,25177,,,
,25178,hydro5,HYD82264,,,,,,,,0,0,,Arctic,,,,,,,,25178,,,
,25179,hydro5,HYD82264,,,,,,,,0,0,,Arctic,,,,,,,,25179,,,
,25180,hydro5,HYD82264,,,,,,,,0,0,,Arctic,,,,,,,,25180,,,
,25181,hydro5,HYD82265,,,,,,,,0,0,,Arctic,,,,,,,,25181,,,
,25182,hydro5,HYD82266,,,,,,,,0,0,,Arctic,,,,,,,,25182,,,
,25183,hydro5,HYD82267,,,,,,,,0,0,,Arctic,,,,,,,,25183,,,
,25184,hydro5,HYD82268,,,,,,,,0,0,,Arctic,,,,,,,,25184,,,
,25185,hydro5,HYD82269,,,,,,,,0,0,,Arctic,,,,,,,,25185,,,
,25186,hydro5,HYD82269,,,,,,,,0,0,,Arctic,,,,,,,,25186,,,
,25187,hydro5,HYD82269,,,,,,,,0,0,,Arctic,,,,,,,,25187,,,
,25188,hydro5,HYD82269,,,,,,,,0,0,,Arctic,,,,,,,,25188,,,
,25189,hydro5,HYD82269,,,,,,,,0,0,,Arctic,,,,,,,,25189,,,
,25190,hydro5,HYD82269,,,,,,,,0,0,,Arctic,,,,,,,,25190,,,
,25191,hydro5,HYD82269,,,,,,,,0,0,,Arctic,,,,,,,,25191,,,
,25192,hydro5,HYD82269,,,,,,,,0,0,,Arctic,,,,,,,,25192,,,
,25193,hydro5,HYD82269,,,,,,,,0,0,,Arctic,,,,,,,,25193,,,
,25194,hydro5,HYD82269,,,,,,,,0,0,,Arctic,,,,,,,,25194,,,
,25195,hydro5,HYD82270,,,,,,,,0,0,,Arctic,,,,,,,,25195,,,
,25196,hydro5,HYD82281,,,,,,,,0,0,,Arctic,,,,,,,,25196,,,
,25197,hydro5,HYD82281,,,,,,,,0,0,,Arctic,,,,,,,,25197,,,
,25198,hydro5,HYD82282,,,,,,,,0,0,,Arctic,,,,,,,,25198,,,
,25199,hydro5,HYD82282,,,,,,,,0,0,,Arctic,,,,,,,,25199,,,
,25200,hydro5,HYD82283,,,,,,,,0,0,,Arctic,,,,,,,,25200,,,
,25201,hydro5,HYD82284,,,,,,,,0,0,,Arctic,,,,,,,,25201,,,
,25202,hydro5,HYD82284,,,,,,,,0,0,,Arctic,,,,,,,,25202,,,
,25203,hydro5,HYD82284,,,,,,,,0,0,,Arctic,,,,,,,,25203,,,
,25204,hydro5,HYD82284,,,,,,,,0,0,,Arctic,,,,,,,,25204,,,
,25205,hydro5,HYD82284,,,,,,,,0,0,,Arctic,,,,,,,,25205,,,
,25206,hydro5,HYD82285,,,,,,,,0,0,,Arctic,,,,,,,,25206,,,
,25207,hydro5,HYD82286,,,,,,,,0,0,,Arctic,,,,,,,,25207,,,
,25208,hydro5,HYD82287,,,,,,,,0,0,,Arctic,,,,,,,,25208,,,
,25209,hydro5,HYD82288,,,,,,,,0,0,,Arctic,,,,,,,,25209,,,
,25210,hydro5,HYD82288,,,,,,,,0,0,,Arctic,,,,,,,,25210,,,
,25211,hydro5,HYD82289,,,,,,,,0,0,,Arctic,,,,,,,,25211,,,
,25212,hydro5,HYD82291,,,,,,,,0,0,,Arctic,,,,,,,,25212,,,
,25213,hydro5,HYD82292,,,,,,,,0,0,,Arctic,,,,,,,,25213,,,
,25214,hydro5,HYD82292,,,,,,,,0,0,,Arctic,,,,,,,,25214,,,
,25215,hydro5,HYD82293,,,,,,,,0,0,,Arctic,,,,,,,,25215,,,
,25216,hydro5,HYD82294,,,,,,,,0,0,,Arctic,,,,,,,,25216,,,
,25217,hydro5,HYD82295,,,,,,,,0,0,,Arctic,,,,,,,,25217,,,
,25218,hydro5,HYD82296,,,,,,,,0,0,,Arctic,,,,,,,,25218,,,
,25219,hydro5,HYD82297,,,,,,,,0,0,,Arctic,,,,,,,,25219,,,
,25220,hydro5,HYD82297,,,,,,,,0,0,,Arctic,,,,,,,,25220,,,
,25221,hydro5,HYD82298,,,,,,,,0,0,,Arctic,,,,,,,,25221,,,
,25222,hydro5,HYD82299,,,,,,,,0,0,,Arctic,,,,,,,,25222,,,
,25223,hydro5,HYD82301,,,,,,,,0,0,,Arctic,,,,,,,,25223,,,
,25224,hydro5,HYD82302,,,,,,,,0,0,,Arctic,,,,,,,,25224,,,
,25225,hydro5,HYD82302,,,,,,,,0,0,,Arctic,,,,,,,,25225,,,
,25226,hydro5,HYD82302,,,,,,,,0,0,,Arctic,,,,,,,,25226,,,
,25227,hydro5,HYD82303,,,,,,,,0,0,,Arctic,,,,,,,,25227,,,
,25228,hydro5,HYD82304,,,,,,,,0,0,,Arctic,,,,,,,,25228,,,
,25229,hydro5,HYD82304,,,,,,,,0,0,,Arctic,,,,,,,,25229,,,
,25230,hydro5,HYD82304,,,,,,,,0,0,,Arctic,,,,,,,,25230,,,
,25231,hydro5,HYD82304,,,,,,,,0,0,,Arctic,,,,,,,,25231,,,
,25232,hydro5,HYD82304,,,,,,,,0,0,,Arctic,,,,,,,,25232,,,
,25233,hydro5,HYD82304,,,,,,,,0,0,,Arctic,,,,,,,,25233,,,
,25234,hydro5,HYD82305,,,,,,,,0,0,,Arctic,,,,,,,,25234,,,
,25235,hydro5,HYD82306,,,,,,,,0,0,,Arctic,,,,,,,,25235,,,
,25236,hydro5,HYD82307,,,,,,,,0,0,,Arctic,,,,,,,,25236,,,
,25237,hydro5,HYD82308,,,,,,,,0,0,,Arctic,,,,,,,,25237,,,
,25238,hydro5,HYD82309,,,,,,,,0,0,,Arctic,,,,,,,,25238,,,
,25239,hydro5,HYD83110,,,,,,,,0,0,,Arctic,,,,,,,,25239,,,
,25240,hydro5,HYD83110,,,,,,,,0,0,,Arctic,,,,,,,,25240,,,
,25241,hydro5,HYD83120,,,,,,,,0,0,,Arctic,,,,,,,,25241,,,
,25242,hydro5,HYD83120,,,,,,,,0,0,,Arctic,,,,,,,,25242,,,
,25243,hydro5,HYD83130,,,,,,,,0,0,,Arctic,,,,,,,,25243,,,
,25244,hydro5,HYD83140,,,,,,,,0,0,,Arctic,,,,,,,,25244,,,
,25245,hydro5,HYD83140,,,,,,,,0,0,,Arctic,,,,,,,,25245,,,
,25246,hydro5,HYD83150,,,,,,,,0,0,,Arctic,,,,,,,,25246,,,
,25247,hydro5,HYD83160,,,,,,,,0,0,,Arctic,,,,,,,,25247,,,
,25248,hydro5,HYD83170,,,,,,,,0,0,,Arctic,,,,,,,,25248,,,
,25249,hydro5,HYD83170,,,,,,,,0,0,,Arctic,,,,,,,,25249,,,
,25250,hydro5,HYD83170,,,,,,,,0,0,,Arctic,,,,,,,,25250,,,
,25251,hydro5,HYD83170,,,,,,,,0,0,,Arctic,,,,,,,,25251,,,
,25252,hydro5,HYD83170,,,,,,,,0,0,,Arctic,,,,,,,,25252,,,
,25253,hydro5,HYD83181,,,,,,,,0,0,,Arctic,,,,,,,,25253,,,
,25254,hydro5,HYD83182,,,,,,,,0,0,,Arctic,,,,,,,,25254,,,
,25255,hydro5,HYD83183,,,,,,,,0,0,,Arctic,,,,,,,,25255,,,
,25256,hydro5,HYD83184,,,,,,,,0,0,,Arctic,,,,,,,,25256,,,
,25257,hydro5,HYD83185,,,,,,,,0,0,,Arctic,,,,,,,,25257,,,
,25258,hydro5,HYD83185,,,,,,,,0,0,,Arctic,,,,,,,,25258,,,
,25259,hydro5,HYD83186,,,,,,,,0,0,,Arctic,,,,,,,,25259,,,
,25260,hydro5,HYD83187,,,,,,,,0,0,,Arctic,,,,,,,,25260,,,
,25261,hydro5,HYD83188,,,,,,,,0,0,,Arctic,,,,,,,,25261,,,
,25262,hydro5,HYD83189,,,,,,,,0,0,,Arctic,,,,,,,,25262,,,
,25263,hydro5,HYD83191,,,,,,,,0,0,,Arctic,,,,,,,,25263,,,
,25264,hydro5,HYD83191,,,,,,,,0,0,,Arctic,,,,,,,,25264,,,
,25265,hydro5,HYD83191,,,,,,,,0,0,,Arctic,,,,,,,,25265,,,
,25266,hydro5,HYD83192,,,,,,,,0,0,,Arctic,,,,,,,,25266,,,
,25267,hydro5,HYD83193,,,,,,,,0,0,,Arctic,,,,,,,,25267,,,
,25268,hydro5,HYD83194,,,,,,,,0,0,,Arctic,,,,,,,,25268,,,
,25269,hydro5,HYD83195,,,,,,,,0,0,,Arctic,,,,,,,,25269,,,
,25270,hydro5,HYD83195,,,,,,,,0,0,,Arctic,,,,,,,,25270,,,
,25271,hydro5,HYD83196,,,,,,,,0,0,,Arctic,,,,,,,,25271,,,
,25272,hydro5,HYD83197,,,,,,,,0,0,,Arctic,,,,,,,,25272,,,
,25273,hydro5,HYD83198,,,,,,,,0,0,,Arctic,,,,,,,,25273,,,
,25274,hydro5,HYD83199,,,,,,,,0,0,,Arctic,,,,,,,,25274,,,
,25275,hydro5,HYD83210,,,,,,,,0,0,,Arctic,,,,,,,,25275,,,
,25276,hydro5,HYD83220,,,,,,,,0,0,,Arctic,,,,,,,,25276,,,
,25277,hydro5,HYD83220,,,,,,,,0,0,,Arctic,,,,,,,,25277,,,
,25278,hydro5,HYD83230,,,,,,,,0,0,,Arctic,,,,,,,,25278,,,
,25279,hydro5,HYD83241,,,,,,,,0,0,,Arctic,,,,,,,,25279,,,
,25280,hydro5,HYD83241,,,,,,,,0,0,,Arctic,,,,,,,,25280,,,
,25281,hydro5,HYD83242,,,,,,,,0,0,,Arctic,,,,,,,,25281,,,
,25282,hydro5,HYD83242,,,,,,,,0,0,,Arctic,,,,,,,,25282,,,
,25283,hydro5,HYD83242,,,,,,,,0,0,,Arctic,,,,,,,,25283,,,
,25284,hydro5,HYD83242,,,,,,,,0,0,,Arctic,,,,,,,,25284,,,
,25285,hydro5,HYD83242,,,,,,,,0,0,,Arctic,,,,,,,,25285,,,
,25286,hydro5,HYD83242,,,,,,,,0,0,,Arctic,,,,,,,,25286,,,
,25287,hydro5,HYD83242,,,,,,,,0,0,,Arctic,,,,,,,,25287,,,
,25288,hydro5,HYD83242,,,,,,,,0,0,,Arctic,,,,,,,,25288,,,
,25289,hydro5,HYD83242,,,,,,,,0,0,,Arctic,,,,,,,,25289,,,
,25290,hydro5,HYD83242,,,,,,,,0,0,,Arctic,,,,,,,,25290,,,
,25291,hydro5,HYD83242,,,,,,,,0,0,,Arctic,,,,,,,,25291,,,
,25292,hydro5,HYD83242,,,,,,,,0,0,,Arctic,,,,,,,,25292,,,
,25293,hydro5,HYD83242,,,,,,,,0,0,,Arctic,,,,,,,,25293,,,
,25294,hydro5,HYD83242,,,,,,,,0,0,,Arctic,,,,,,,,25294,,,
,25295,hydro5,HYD83243,,,,,,,,0,0,,Arctic,,,,,,,,25295,,,
,25296,hydro5,HYD83243,,,,,,,,0,0,,Arctic,,,,,,,,25296,,,
,25297,hydro5,HYD83243,,,,,,,,0,0,,Arctic,,,,,,,,25297,,,
,25298,hydro5,HYD83244,,,,,,,,0,0,,Arctic,,,,,,,,25298,,,
,25299,hydro5,HYD83244,,,,,,,,0,0,,Arctic,,,,,,,,25299,,,
,25300,hydro5,HYD83244,,,,,,,,0,0,,Arctic,,,,,,,,25300,,,
,25301,hydro5,HYD83244,,,,,,,,0,0,,Arctic,,,,,,,,25301,,,
,25302,hydro5,HYD83244,,,,,,,,0,0,,Arctic,,,,,,,,25302,,,
,25303,hydro5,HYD83245,,,,,,,,0,0,,Arctic,,,,,,,,25303,,,
,25304,hydro5,HYD83245,,,,,,,,0,0,,Arctic,,,,,,,,25304,,,
,25305,hydro5,HYD83245,,,,,,,,0,0,,Arctic,,,,,,,,25305,,,
,25306,hydro5,HYD83246,,,,,,,,0,0,,Arctic,,,,,,,,25306,,,
,25307,hydro5,HYD83246,,,,,,,,0,0,,Arctic,,,,,,,,25307,,,
,25308,hydro5,HYD83247,,,,,,,,0,0,,Arctic,,,,,,,,25308,,,
,25309,hydro5,HYD83247,,,,,,,,0,0,,Arctic,,,,,,,,25309,,,
,25310,hydro5,HYD83247,,,,,,,,0,0,,Arctic,,,,,,,,25310,,,
,25311,hydro5,HYD83247,,,,,,,,0,0,,Arctic,,,,,,,,25311,,,
,25312,hydro5,HYD83248,,,,,,,,0,0,,Arctic,,,,,,,,25312,,,
,25313,hydro5,HYD83248,,,,,,,,0,0,,Arctic,,,,,,,,25313,,,
,25314,hydro5,HYD83249,,,,,,,,0,0,,Arctic,,,,,,,,25314,,,
,25315,hydro5,HYD83249,,,,,,,,0,0,,Arctic,,,,,,,,25315,,,
,25316,hydro5,HYD83250,,,,,,,,0,0,,Arctic,,,,,,,,25316,,,
,25317,hydro5,HYD83260,,,,,,,,0,0,,Arctic,,,,,,,,25317,,,
,25318,hydro5,HYD83260,,,,,,,,0,0,,Arctic,,,,,,,,25318,,,
,25319,hydro5,HYD83260,,,,,,,,0,0,,Arctic,,,,,,,,25319,,,
,25320,hydro5,HYD83270,,,,,,,,0,0,,Arctic,,,,,,,,25320,,,
,25321,hydro5,HYD83270,,,,,,,,0,0,,Arctic,,,,,,,,25321,,,
,25322,hydro5,HYD83280,,,,,,,,0,0,,Arctic,,,,,,,,25322,,,
,25323,hydro5,HYD83280,,,,,,,,0,0,,Arctic,,,,,,,,25323,,,
,25324,hydro5,HYD83280,,,,,,,,0,0,,Arctic,,,,,,,,25324,,,
,25325,hydro5,HYD83280,,,,,,,,0,0,,Arctic,,,,,,,,25325,,,
,25326,hydro5,HYD83280,,,,,,,,0,0,,Arctic,,,,,,,,25326,,,
,25327,hydro5,HYD83290,,,,,,,,0,0,,Arctic,,,,,,,,25327,,,
,25328,hydro5,HYD83300,,,,,,,,0,0,,Arctic,,,,,,,,25328,,,
,25329,hydro5,HYD84100,,,,,,,,0,0,,Arctic,,,,,,,,25329,,,
,25330,hydro5,HYD84201,,,,,,,,0,0,,Arctic,,,,,,,,25330,,,
,25331,hydro5,HYD84201,,,,,,,,0,0,,Arctic,,,,,,,,25331,,,
,25332,hydro5,HYD84202,,,,,,,,0,0,,Arctic,,,,,,,,25332,,,
,25333,hydro5,HYD84202,,,,,,,,0,0,,Arctic,,,,,,,,25333,,,
,25334,hydro5,HYD84202,,,,,,,,0,0,,Arctic,,,,,,,,25334,,,
,25335,hydro5,HYD84203,,,,,,,,0,0,,Arctic,,,,,,,,25335,,,
,25336,hydro5,HYD84204,,,,,,,,0,0,,Arctic,,,,,,,,25336,,,
,25337,hydro5,HYD84205,,,,,,,,0,0,,Arctic,,,,,,,,25337,,,
,25338,hydro5,HYD84206,,,,,,,,0,0,,Arctic,,,,,,,,25338,,,
,25339,hydro5,HYD84207,,,,,,,,0,0,,Arctic,,,,,,,,25339,,,
,25340,hydro5,HYD84208,,,,,,,,0,0,,Arctic,,,,,,,,25340,,,
,25341,hydro5,HYD84209,,,,,,,,0,0,,Arctic,,,,,,,,25341,,,
,25342,hydro5,HYD84209,,,,,,,,0,0,,Arctic,,,,,,,,25342,,,
,25343,hydro5,HYD84300,,,,,,,,0,0,,Arctic,,,,,,,,25343,,,
,25344,hydro5,HYD84400,,,,,,,,0,0,,Arctic,,,,,,,,25344,,,
,25345,hydro5,HYD84400,,,,,,,,0,0,,Arctic,,,,,,,,25345,,,
,25346,hydro5,HYD85100,,,,,,,,0,0,,Arctic,,,,,,,,25346,,,
,25347,hydro5,HYD85101,,,,,,,,0,0,,Arctic,,,,,,,,25347,,,
,25348,hydro5,HYD85102,,,,,,,,0,0,,Arctic,,,,,,,,25348,,,
,25349,hydro5,HYD85103,,,,,,,,0,0,,Arctic,,,,,,,,25349,,,
,25350,hydro5,HYD85104,,,,,,,,0,0,,Arctic,,,,,,,,25350,,,
,25351,hydro5,HYD85105,,,,,,,,0,0,,Arctic,,,,,,,,25351,,,
,25352,hydro5,HYD85106,,,,,,,,0,0,,Arctic,,,,,,,,25352,,,
,25353,hydro5,HYD85107,,,,,,,,0,0,,Arctic,,,,,,,,25353,,,
,25354,hydro5,HYD85108,,,,,,,,0,0,,Arctic,,,,,,,,25354,,,
,25355,hydro5,HYD85109,,,,,,,,0,0,,Arctic,,,,,,,,25355,,,
,25356,hydro5,HYD85109,,,,,,,,0,0,,Arctic,,,,,,,,25356,,,
,25357,hydro5,HYD85109,,,,,,,,0,0,,Arctic,,,,,,,,25357,,,
,25358,hydro5,HYD85200,,,,,,,,0,0,,Arctic,,,,,,,,25358,,,
,25359,hydro5,HYD85201,,,,,,,,0,0,,Arctic,,,,,,,,25359,,,
,25360,hydro5,HYD85202,,,,,,,,0,0,,Arctic,,,,,,,,25360,,,
,25361,hydro5,HYD85203,,,,,,,,0,0,,Arctic,,,,,,,,25361,,,
,25362,hydro5,HYD85203,,,,,,,,0,0,,Arctic,,,,,,,,25362,,,
,25363,hydro5,HYD85204,,,,,,,,0,0,,Arctic,,,,,,,,25363,,,
,25364,hydro5,HYD85204,,,,,,,,0,0,,Arctic,,,,,,,,25364,,,
,25365,hydro5,HYD85204,,,,,,,,0,0,,Arctic,,,,,,,,25365,,,
,25366,hydro5,HYD85205,,,,,,,,0,0,,Arctic,,,,,,,,25366,,,
,25367,hydro5,HYD85206,,,,,,,,0,0,,Arctic,,,,,,,,25367,,,
,25368,hydro5,HYD85207,,,,,,,,0,0,,Arctic,,,,,,,,25368,,,
,25369,hydro5,HYD85207,,,,,,,,0,0,,Arctic,,,,,,,,25369,,,
,25370,hydro5,HYD85208,,,,,,,,0,0,,Arctic,,,,,,,,25370,,,
,25371,hydro5,HYD85209,,,,,,,,0,0,,Arctic,,,,,,,,25371,,,
,25372,hydro5,HYD86100,,,,,,,,0,0,,Arctic,,,,,,,,25372,,,
,25373,hydro5,HYD86201,,,,,,,,0,0,,Arctic,,,,,,,,25373,,,
,25374,hydro5,HYD86202,,,,,,,,0,0,,Arctic,,,,,,,,25374,,,
,25375,hydro5,HYD86203,,,,,,,,0,0,,Arctic,,,,,,,,25375,,,
,25376,hydro5,HYD86204,,,,,,,,0,0,,Arctic,,,,,,,,25376,,,
,25377,hydro5,HYD86205,,,,,,,,0,0,,Arctic,,,,,,,,25377,,,
,25378,hydro5,HYD86206,,,,,,,,0,0,,Arctic,,,,,,,,25378,,,
,25379,hydro5,HYD86207,,,,,,,,0,0,,Arctic,,,,,,,,25379,,,
,25380,hydro5,HYD86208,,,,,,,,0,0,,Arctic,,,,,,,,25380,,,
,25381,hydro5,HYD86209,,,,,,,,0,0,,Arctic,,,,,,,,25381,,,
,25382,hydro5,HYD86300,,,,,,,,0,0,,Arctic,,,,,,,,25382,,,
,25383,hydro5,HYD86301,,,,,,,,0,0,,Arctic,,,,,,,,25383,,,
,25384,hydro5,HYD86302,,,,,,,,0,0,,Arctic,,,,,,,,25384,,,
,25385,hydro5,HYD86303,,,,,,,,0,0,,Arctic,,,,,,,,25385,,,
,25386,hydro5,HYD86304,,,,,,,,0,0,,Arctic,,,,,,,,25386,,,
,25387,hydro5,HYD86305,,,,,,,,0,0,,Arctic,,,,,,,,25387,,,
,25388,hydro5,HYD86306,,,,,,,,0,0,,Arctic,,,,,,,,25388,,,
,25389,hydro5,HYD86306,,,,,,,,0,0,,Arctic,,,,,,,,25389,,,
,25390,hydro5,HYD86307,,,,,,,,0,0,,Arctic,,,,,,,,25390,,,
,25391,hydro5,HYD86308,,,,,,,,0,0,,Arctic,,,,,,,,25391,,,
,25392,hydro5,HYD86309,,,,,,,,0,0,,Arctic,,,,,,,,25392,,,
,25393,hydro5,HYD91110,,,,,,,,0,0,,Greenland,,,,,,,,25393,,,
,25394,hydro5,HYD91121,,,,,,,,0,0,,Greenland,,,,,,,,25394,,,
,25395,hydro5,HYD91122,,,,,,,,0,0,,Greenland,,,,,,,,25395,,,
,25396,hydro5,HYD91123,,,,,,,,0,0,,Greenland,,,,,,,,25396,,,
,25397,hydro5,HYD91124,,,,,,,,0,0,,Greenland,,,,,,,,25397,,,
,25398,hydro5,HYD91125,,,,,,,,0,0,,Greenland,,,,,,,,25398,,,
,25399,hydro5,HYD91126,,,,,,,,0,0,,Greenland,,,,,,,,25399,,,
,25400,hydro5,HYD91127,,,,,,,,0,0,,Greenland,,,,,,,,25400,,,
,25401,hydro5,HYD91128,,,,,,,,0,0,,Greenland,,,,,,,,25401,,,
,25402,hydro5,HYD91129,,,,,,,,0,0,,Greenland,,,,,,,,25402,,,
,25403,hydro5,HYD91130,,,,,,,,0,0,,Greenland,,,,,,,,25403,,,
,25404,hydro5,HYD91140,,,,,,,,0,0,,Greenland,,,,,,,,25404,,,
,25405,hydro5,HYD91150,,,,,,,,0,0,,Greenland,,,,,,,,25405,,,
,25406,hydro5,HYD91151,,,,,,,,0,0,,Greenland,,,,,,,,25406,,,
,25407,hydro5,HYD91152,,,,,,,,0,0,,Greenland,,,,,,,,25407,,,
,25408,hydro5,HYD91153,,,,,,,,0,0,,Greenland,,,,,,,,25408,,,
,25409,hydro5,HYD91154,,,,,,,,0,0,,Greenland,,,,,,,,25409,,,
,25410,hydro5,HYD91155,,,,,,,,0,0,,Greenland,,,,,,,,25410,,,
,25411,hydro5,HYD91156,,,,,,,,0,0,,Greenland,,,,,,,,25411,,,
,25412,hydro5,HYD91157,,,,,,,,0,0,,Greenland,,,,,,,,25412,,,
,25413,hydro5,HYD91158,,,,,,,,0,0,,Greenland,,,,,,,,25413,,,
,25414,hydro5,HYD91159,,,,,,,,0,0,,Greenland,,,,,,,,25414,,,
,25415,hydro5,HYD91160,,,,,,,,0,0,,Greenland,,,,,,,,25415,,,
,25416,hydro5,HYD91170,,,,,,,,0,0,,Greenland,,,,,,,,25416,,,
,25417,hydro5,HYD91180,,,,,,,,0,0,,Greenland,,,,,,,,25417,,,
,25418,hydro5,HYD91191,,,,,,,,0,0,,Greenland,,,,,,,,25418,,,
,25419,hydro5,HYD91192,,,,,,,,0,0,,Greenland,,,,,,,,25419,,,
,25420,hydro5,HYD91193,,,,,,,,0,0,,Greenland,,,,,,,,25420,,,
,25421,hydro5,HYD91194,,,,,,,,0,0,,Greenland,,,,,,,,25421,,,
,25422,hydro5,HYD91195,,,,,,,,0,0,,Greenland,,,,,,,,25422,,,
,25423,hydro5,HYD91196,,,,,,,,0,0,,Greenland,,,,,,,,25423,,,
,25424,hydro5,HYD91197,,,,,,,,0,0,,Greenland,,,,,,,,25424,,,
,25425,hydro5,HYD91198,,,,,,,,0,0,,Greenland,,,,,,,,25425,,,
,25426,hydro5,HYD91199,,,,,,,,0,0,,Greenland,,,,,,,,25426,,,
,25427,hydro5,HYD91210,,,,,,,,0,0,,Greenland,,,,,,,,25427,,,
,25428,hydro5,HYD91220,,,,,,,,0,0,,Greenland,,,,,,,,25428,,,
,25429,hydro5,HYD91230,,,,,,,,0,0,,Greenland,,,,,,,,25429,,,
,25430,hydro5,HYD91240,,,,,,,,0,0,,Greenland,,,,,,,,25430,,,
,25431,hydro5,HYD91251,,,,,,,,0,0,,Greenland,,,,,,,,25431,,,
,25432,hydro5,HYD91252,,,,,,,,0,0,,Greenland,,,,,,,,25432,,,
,25433,hydro5,HYD91253,,,,,,,,0,0,,Greenland,,,,,,,,25433,,,
,25434,hydro5,HYD91254,,,,,,,,0,0,,Greenland,,,,,,,,25434,,,
,25435,hydro5,HYD91255,,,,,,,,0,0,,Greenland,,,,,,,,25435,,,
,25436,hydro5,HYD91256,,,,,,,,0,0,,Greenland,,,,,,,,25436,,,
,25437,hydro5,HYD91257,,,,,,,,0,0,,Greenland,,,,,,,,25437,,,
,25438,hydro5,HYD91258,,,,,,,,0,0,,Greenland,,,,,,,,25438,,,
,25439,hydro5,HYD91259,,,,,,,,0,0,,Greenland,,,,,,,,25439,,,
,25440,hydro5,HYD91260,,,,,,,,0,0,,Greenland,,,,,,,,25440,,,
,25441,hydro5,HYD91270,,,,,,,,0,0,,Greenland,,,,,,,,25441,,,
,25442,hydro5,HYD91280,,,,,,,,0,0,,Greenland,,,,,,,,25442,,,
,25443,hydro5,HYD91290,,,,,,,,0,0,,Greenland,,,,,,,,25443,,,
,25444,hydro5,HYD91300,,,,,,,,0,0,,Greenland,,,,,,,,25444,,,
,25445,hydro5,HYD91310,,,,,,,,0,0,,Greenland,,,,,,,,25445,,,
,25446,hydro5,HYD91321,,,,,,,,0,0,,Greenland,,,,,,,,25446,,,
,25447,hydro5,HYD91322,,,,,,,,0,0,,Greenland,,,,,,,,25447,,,
,25448,hydro5,HYD91323,,,,,,,,0,0,,Greenland,,,,,,,,25448,,,
,25449,hydro5,HYD91324,,,,,,,,0,0,,Greenland,,,,,,,,25449,,,
,25450,hydro5,HYD91325,,,,,,,,0,0,,Greenland,,,,,,,,25450,,,
,25451,hydro5,HYD91326,,,,,,,,0,0,,Greenland,,,,,,,,25451,,,
,25452,hydro5,HYD91327,,,,,,,,0,0,,Greenland,,,,,,,,25452,,,
,25453,hydro5,HYD91328,,,,,,,,0,0,,Greenland,,,,,,,,25453,,,
,25454,hydro5,HYD91329,,,,,,,,0,0,,Greenland,,,,,,,,25454,,,
,25455,hydro5,HYD91330,,,,,,,,0,0,,Greenland,,,,,,,,25455,,,
,25456,hydro5,HYD91341,,,,,,,,0,0,,Greenland,,,,,,,,25456,,,
,25457,hydro5,HYD91342,,,,,,,,0,0,,Greenland,,,,,,,,25457,,,
,25458,hydro5,HYD91343,,,,,,,,0,0,,Greenland,,,,,,,,25458,,,
,25459,hydro5,HYD91344,,,,,,,,0,0,,Greenland,,,,,,,,25459,,,
,25460,hydro5,HYD91345,,,,,,,,0,0,,Greenland,,,,,,,,25460,,,
,25461,hydro5,HYD91346,,,,,,,,0,0,,Greenland,,,,,,,,25461,,,
,25462,hydro5,HYD91347,,,,,,,,0,0,,Greenland,,,,,,,,25462,,,
,25463,hydro5,HYD91348,,,,,,,,0,0,,Greenland,,,,,,,,25463,,,
,25464,hydro5,HYD91349,,,,,,,,0,0,,Greenland,,,,,,,,25464,,,
,25465,hydro5,HYD91350,,,,,,,,0,0,,Greenland,,,,,,,,25465,,,
,25466,hydro5,HYD91351,,,,,,,,0,0,,Greenland,,,,,,,,25466,,,
,25467,hydro5,HYD91352,,,,,,,,0,0,,Greenland,,,,,,,,25467,,,
,25468,hydro5,HYD91353,,,,,,,,0,0,,Greenland,,,,,,,,25468,,,
,25469,hydro5,HYD91354,,,,,,,,0,0,,Greenland,,,,,,,,25469,,,
,25470,hydro5,HYD91355,,,,,,,,0,0,,Greenland,,,,,,,,25470,,,
,25471,hydro5,HYD91356,,,,,,,,0,0,,Greenland,,,,,,,,25471,,,
,25472,hydro5,HYD91357,,,,,,,,0,0,,Greenland,,,,,,,,25472,,,
,25473,hydro5,HYD91358,,,,,,,,0,0,,Greenland,,,,,,,,25473,,,
,25474,hydro5,HYD91359,,,,,,,,0,0,,Greenland,,,,,,,,25474,,,
,25475,hydro5,HYD91360,,,,,,,,0,0,,Greenland,,,,,,,,25475,,,
,25476,hydro5,HYD91370,,,,,,,,0,0,,Greenland,,,,,,,,25476,,,
,25477,hydro5,HYD91380,,,,,,,,0,0,,Greenland,,,,,,,,25477,,,
,25478,hydro5,HYD91390,,,,,,,,0,0,,Greenland,,,,,,,,25478,,,
,25479,hydro5,HYD91410,,,,,,,,0,0,,Greenland,,,,,,,,25479,,,
,25480,hydro5,HYD91420,,,,,,,,0,0,,Greenland,,,,,,,,25480,,,
,25481,hydro5,HYD91430,,,,,,,,0,0,,Greenland,,,,,,,,25481,,,
,25482,hydro5,HYD91440,,,,,,,,0,0,,Greenland,,,,,,,,25482,,,
,25483,hydro5,HYD91450,,,,,,,,0,0,,Greenland,,,,,,,,25483,,,
,25484,hydro5,HYD91460,,,,,,,,0,0,,Greenland,,,,,,,,25484,,,
,25485,hydro5,HYD91470,,,,,,,,0,0,,Greenland,,,,,,,,25485,,,
,25486,hydro5,HYD91480,,,,,,,,0,0,,Greenland,,,,,,,,25486,,,
,25487,hydro5,HYD91490,,,,,,,,0,0,,Greenland,,,,,,,,25487,,,
,,,,,,,,,,,,,,,,,,,,,,,,,
Western United States,26000,groupadm0,USWest,westernUS,1,westernUS,5,0,0.98,1,2,1,EPSG:3857,,,,,,,,westernUS,26000,,v2024.0d,v2025.0.1
Alaska and western Canada,26001,groupadm0,USAlaska,,,USAlaska,1,,,,0,0,EPSG:3857,ESRI:102009,,,,,,,USAlaska,26001,,,
High Mountain Asia,26002,groupadm0,ASHimalayas,,,ASHimalaya,2,,,,1,1,EPSG:3857,,,,,,,,ASHimalayas,26002,Root = 2 when spires available,,
European Alps,26003,groupadm0,EurAlps,,,EurAlps,3,,,,1,0,EPSG:3857,,,,,,,,EurAlps,26003,,,
Andes,26004,groupadm0,AMAndes,,,AMAndes,4,,,,1,1,EPSG:3857,,,,,,,,AMAndes,26004,Root = 2 when spires available,,
Unused_26005,26005,groupadm0,Unused_26005,,,Unused_26005,0,,,,0,0,EPSG:3857,,,,,,,,Unused_26005,26005,Added 2024-10-01,,
North East America,26006,groupadm0,USEast,,,USEast,6,,,,1,1,EPSG:3857,,,,,,,,USEast,26006,Added 2024-10-01,,
New Zealand,26007,groupadm0,OCNewZealand,,,OCNewZealand,7,,,,1,1,EPSG:3857,,,,,,,,OCNewZealand,26007,Added 2024-10-01,,v2025.0.1
,,,,,,,,,,,,,,,,,,,,,,,,,
Alaska,26100,adm1part,USAlaskaWAleutian,,,USAlaska,1,,,,0,1,EPSG:3857,,,,,,,,USAlaskaWAleutian,26100,Root = 2 when spires available,,
Canada,26101,adm0part,AMCanadaW,,,USAlaska,1,,,,0,1,EPSG:3857,,,,,,,,AMCanadaW,26101,Root = 2 when spires available,,
Argentina (western),26102,adm0part,AMArgentinaW,,,AMAndes,4,,,,2,0,,,,,,,,,AMArgentinaW,26102,,,
AMBoliviaW,26103,adm0part,AMBoliviaW,,,AMAndes,4,,,,1,0,,,,,,,,,AMBoliviaW,26103,,,
ASChinaW,26104,adm0part,ASChinaW,,,ASHimalaya,2,,,,1,0,,"NB: uncertain if de facto boundaries strictly don’t overlap with Bhutan, India, Pak, Myanmar. To check ! There is also some small patch outside the region which may still be present",,,,,,,ASChinaW,26104,,,
ASIndiaN,26105,adm0part,ASIndiaN,,,ASHimalaya,2,,,,1,0,,,,,,,,,ASIndiaN,26105,,,
ASMyanmarN,26106,adm0part,ASMyanmarN,,,ASHimalaya,2,,,,1,0,,,,,,,,,ASMyanmarN,26106,,,
ASMongoliaW,26107,adm0part,ASMongoliaW,,,ASHimalaya,2,,,,1,0,,,,,,,,,ASMongoliaW,26107,,,
ASIranE,26108,adm0part,ASIranE,,,ASHimalaya,2,,,,1,0,,,,,,,,,ASIranE,26108,,,
ASKazakhstanE,26109,adm0part,ASKazakhstanE,,,ASHimalaya,2,,,,1,0,,,,,,,,,ASKazakhstanE,26109,,,
,,,,,,,,,,,,,,,,,,,,,,,,,
"Beware, 30001 and above ids are reserved for landsat pathrows.",,,,,,,,,,,,,,,,,,,,,,,,,
,,,,,,,,,,,,,,,,,,,,,,,,,
,,,,,,,,,,,,,,,,,,,,,,,,,
,,,,,,,,,,,,,,,,,,,,,,,,,
,,,,,,,,,,,,,,,,,,,,,,,,,
,,,,,,,,,,,,,,,,,,,,,,,1600,,
