inputDataLabel,outputDataLabel,inputVersion,outputVersion,varId,used,name,nameWithinFile,datasetGroupPath,bitPosition,bitCount,type,divisor,unit,min,max,nodata_value,nodata_value2,resamplingFactor,comment,Comment_2
Data label of the file used as an input,Data label of the file generated as an output,version of the input,Version of the output,Unique id of the output variable,"1: included in the generation, 0: excluded",,Field name in the file,For .h5 files,,,,,,,,,,1: 2400x2400 for mod09ga. 2: 1200x1200,0,
,,,,,,,,,,,,,,,,,,,,
VariablesMatlab,VariablesMatlab,v2025.0.1,v2025.0.1,48,1,albedo_clean_mu0,,,,,uint8,1,percent,0,100,255,,1,,
VariablesMatlab,VariablesMatlab,v2025.0.1,v2025.0.1,49,1,albedo_observed_mu0,,,,,uint8,1,percent,0,100,255,,1,,
VariablesMatlab,VariablesMatlab,v2025.0.1,v2025.0.1,50,1,albedo_clean_muZ,,,,,uint8,1,percent,0,100,255,,1,,
VariablesMatlab,VariablesMatlab,v2025.0.1,v2025.0.1,51,1,albedo_observed_muZ,,,,,uint8,1,percent,0,100,255,,1,,
VariablesMatlab,VariablesMatlab,v2025.0.1,v2025.0.1,43,1,deltavis,,,,,uint8,1,percent,0,75,255,,1,,
VariablesMatlab,VariablesMatlab,v2025.0.1,v2025.0.1,41,1,grain_size,,,,,uint16,1,microns,10,1100,65535,,1,,
VariablesMatlab,VariablesMatlab,v2025.0.1,v2025.0.1,42,1,drfs_grnsz,,,,,uint16,1,microns,10,1100,65535,,1,,
VariablesMatlab,VariablesMatlab,v2025.0.1,v2025.0.1,44,1,radiative_forcing,,,,,uint16,1,W/m^2,0,500,65535,,1,,
VariablesMatlab,VariablesMatlab,v2025.0.1,v2025.0.1,13,1,solar_azimuth,,,,,int16,1,degree,-180,180,32767,,1,,
VariablesMatlab,VariablesMatlab,v2025.0.1,v2025.0.1,14,1,solar_zenith,,,,,uint8,1,degree,0,90,255,,1,,
VariablesMatlab,VariablesMatlab,v2025.0.1,v2025.0.1,45,0,snow_cover_days,,,,,uint16,1,day,0,366,65535,,1,,
VariablesMatlab,VariablesMatlab,v2025.0.1,v2025.0.1,40,1,snow_fraction,,,,,uint8,1,percent,0,100,255,,1,,
VariablesMatlab,VariablesMatlab,v2025.0.1,v2025.0.1,36,1,viewable_snow_fraction,,,,,uint8,1,percent,0,100,255,,1,,
VariablesMatlab,VariablesMatlab,v2025.0.1,v2025.0.1,46,1,viewable_snow_fraction_status,,,,,uint8,1,unitless,0,255,255,,1,,
VariablesMatlab,VariablesMatlab,v2025.0.1,v2025.0.1,47,1,days_without_observation,,,,,uint16,1,day,0,366,65535,,1,,
VariablesMatlab,VariablesMatlab,v2025.0.1,v2025.0.1,75,1,days_since_last_observation,,,,,uint16,1,day,0,366,65535,,1,,
VariablesMatlab,VariablesMatlab,v2025.0.1,v2025.0.1,115,1,calculated_from_rare_observation,,,,,uint8,1,unitless,0,1,255,,1,,
,,,,,,,,,,,,,,,,,,,,
,mod09ga,,v061,13,1,solar_azimuth,SolarAzimuth_1,,,,int16,100,degree,-18000,18000,-32767,-32767,2,,
,mod09ga,,v061,14,1,solar_zenith,SolarZenith_1,,,,int16,100,degree,0,18000,-32767,-32767,2,,
,mod09ga,,v061,10,1,num_observations_1km,num_observations_1km,,,,int8,1,,0,127,-1,-1,2,,
,mod09ga,,v061,11,1,state_1km,state_1km_1,,,,uint16,1,Bit field,0,57335,65535,65535,2,,
,mod09ga,,v061,12,1,sensor_zenith,SensorZenith_1,,,,int16,100,degree,0,18000,-32767,-32767,2,,
,mod09ga,,v061,8,1,num_observations_500m,num_observations_500m,,,,int8,1,,0,127,-1,-1,1,,
,mod09ga,,v061,9,1,QC_500m,QC_500m_1,,,,uint32,1,,0,4294966019,4294967295,787410671,1,,
,mod09ga,,v061,1,1,reflectance_1_620_670,sur_refl_b01_1,,,,int16,10000,,-100,16000,-28672,-32768,1,,
,mod09ga,,v061,2,1,reflectance_2_841_876,sur_refl_b02_1,,,,int16,10000,,-100,16000,-28672,-32768,1,,
,mod09ga,,v061,3,1,reflectance_3_459_479,sur_refl_b03_1,,,,int16,10000,,-100,16000,-28672,-32768,1,,
,mod09ga,,v061,4,1,reflectance_4_545_565,sur_refl_b04_1,,,,int16,10000,,-100,16000,-28672,-32768,1,,
,mod09ga,,v061,5,1,reflectance_5_1230_1250,sur_refl_b05_1,,,,int16,10000,,-100,16000,-28672,-32768,1,,
,mod09ga,,v061,6,1,reflectance_6_1628_1652,sur_refl_b06_1,,,,int16,10000,,-100,16000,-28672,-32768,1,,
,mod09ga,,v061,7,1,reflectance_7_2105_2155,sur_refl_b07_1,,,,int16,10000,,-100,16000,-28672,-32768,1,,
,mod09ga,,v061,68,1,sensor_azimuth,SensorAzimuth_1,,,,int16,100,degree,-18000,18000,-32767,-32767,2,,
,mod09ga,,v061,69,1,range,Range_1,,,,uint16,0.04,meter,27000,65535,65535,65535,,,
,mod09ga,,v061,70,1,gflags,gflags_1,,,,uint8,1,Bit field,0,248,255,255,,,
,mod09ga,,v061,71,1,orbit_pnt,orbit_pnt_1,,,,int8,1,,0,15,-1,-1,,,
,mod09ga,,v061,72,1,obscov,obscov_500m_1,,,,int8,100,,0,100,-1,-1,1,,
,mod09ga,,v061,73,1,iobs_res,iobs_res_1,,,,uint8,1,,0,254,255,255,,,
,mod09ga,,v061,74,1,q_scan,q_scan_1,,,,uint8,1,,0,254,255,255,,,
,mod09ga,,v061,100,1,metaData,,,,,struct,,,,,,,,,
,,,,,,,,,,,,,,,,,,,,
,vnp09ga,,v002,13,1,solar_azimuth,/HDFEOS/GRIDS/VIIRS_Grid_1km_2D/Data Fields/SolarAzimuth_1,,,,int16,100,degree,-18000,18000,-32768,,2,,
,vnp09ga,,v002,14,1,solar_zenith,/HDFEOS/GRIDS/VIIRS_Grid_1km_2D/Data Fields/SolarZenith_1,,,,int16,100,degree,0,18000,-32768,,2,,
,vnp09ga,,v002,10,1,num_observations_1km,/HDFEOS/GRIDS/VIIRS_Grid_1km_2D/Data Fields/num_observations_1km,,,,int8,1,,0,127,-1,,2,,
,vnp09ga,,v002,11,0,state_1km,,,,,,,,,,,,,,
,vnp09ga,,v002,12,1,sensor_zenith,/HDFEOS/GRIDS/VIIRS_Grid_1km_2D/Data Fields/SensorZenith_1,,,,int16,100,degree,0,18000,-32768,,2,,
,vnp09ga,,v002,8,1,num_observations_500m,/HDFEOS/GRIDS/VIIRS_Grid_500m_2D/Data Fields/num_observations_500m,,,,int8,1,,0,127,-1,,1,,
,vnp09ga,,v002,9,0,QC_500m,,,,,,,,,,,,,,
,vnp09ga,,v002,1,1,reflectance_1_620_670,/HDFEOS/GRIDS/VIIRS_Grid_500m_2D/Data Fields/SurfReflect_I1_1,,,,int16,10000,,-100,16000,-28672,,1,"Beware doesnt correspond to order of reflectance bands in vnp09ga, and wave length range slightly different",
,vnp09ga,,v002,2,1,reflectance_2_841_876,/HDFEOS/GRIDS/VIIRS_Grid_500m_2D/Data Fields/SurfReflect_I2_1,,,,int16,10000,,-100,16000,-28672,,1,"Beware doesnt correspond to order of reflectance bands in vnp09ga, and wave length range slightly different",
,vnp09ga,,v002,3,1,reflectance_3_459_479,/HDFEOS/GRIDS/VIIRS_Grid_1km_2D/Data Fields/SurfReflect_M2_1,,,,int16,10000,,-100,16000,-28672,,2,"Beware doesnt correspond to order of reflectance bands in vnp09ga, and wave length range slightly different",
,vnp09ga,,v002,4,1,reflectance_4_545_565,/HDFEOS/GRIDS/VIIRS_Grid_1km_2D/Data Fields/SurfReflect_M4_1,,,,int16,10000,,-100,16000,-28672,,2,"Beware doesnt correspond to order of reflectance bands in vnp09ga, and wave length range slightly different",
,vnp09ga,,v002,5,1,reflectance_5_1230_1250,/HDFEOS/GRIDS/VIIRS_Grid_1km_2D/Data Fields/SurfReflect_M8_1,,,,int16,10000,,-100,16000,-28672,,2,"Beware doesnt correspond to order of reflectance bands in vnp09ga, and wave length range slightly different",
,vnp09ga,,v002,6,1,reflectance_6_1628_1652,/HDFEOS/GRIDS/VIIRS_Grid_500m_2D/Data Fields/SurfReflect_I3_1,,,,int16,10000,,-100,16000,-28672,,1,"Beware doesnt correspond to order of reflectance bands in vnp09ga, and wave length range slightly different",
,vnp09ga,,v002,7,1,reflectance_7_2105_2155,/HDFEOS/GRIDS/VIIRS_Grid_1km_2D/Data Fields/SurfReflect_M11_1,,,,int16,10000,,-100,16000,-28672,,2,"Beware doesnt correspond to order of reflectance bands in vnp09ga, and wave length range slightly different",
,vnp09ga,,v002,15,0,cloud,,,,,,,,,,,,,,
,vnp09ga,,v002,16,0,cloudshadow,,,,,,,,,,,,,,
,vnp09ga,,v002,17,0,landwater,,,,,,,,,,,,,,
,vnp09ga,,v002,18,0,aerosol,,,,,,,,,,,,,,
,vnp09ga,,v002,19,0,cirrus,,,,,,,,,,,,,,
,vnp09ga,,v002,20,0,Intcloudflag,,,,,,,,,,,,,,
,vnp09ga,,v002,21,0,Intfireflag,,,,,,,,,,,,,,
,vnp09ga,,v002,22,0,MOD35snow,,,,,,,,,,,,,,
,vnp09ga,,v002,23,0,cloudadj,,,,,,,,,,,,,,
,vnp09ga,,v002,24,0,saltpan,,,,,,,,,,,,,,
,vnp09ga,,v002,25,0,Intsnow,,,,,,,,,,,,,,
,vnp09ga,,v002,26,0,modland,,,,,,,,,,,,,,
,vnp09ga,,v002,27,0,bandQA1,,,,,,,,,,,,,,
,vnp09ga,,v002,28,0,bandQA2,,,,,,,,,,,,,,
,vnp09ga,,v002,29,0,bandQA3,,,,,,,,,,,,,,
,vnp09ga,,v002,30,0,bandQA4,,,,,,,,,,,,,,
,vnp09ga,,v002,31,0,bandQA5,,,,,,,,,,,,,,
,vnp09ga,,v002,32,0,bandQA6,,,,,,,,,,,,,,
,vnp09ga,,v002,33,0,bandQA7,,,,,,,,,,,,,,
,vnp09ga,,v002,34,0,atmosCorr,,,,,,,,,,,,,,
,vnp09ga,,v002,35,0,adjCorr,,,,,,,,,,,,,,
,vnp09ga,,v002,52,0,refl,,,,,,,,,,,,,,
,vnp09ga,,v002,53,0,NoValues,,,,,,,,,,,,,,
,vnp09ga,,v002,68,1,sensor_azimuth,/HDFEOS/GRIDS/VIIRS_Grid_1km_2D/Data Fields/Sensor_Azimuth_1,,,,int16,100,degree,-18000,18000,-32768,,2,,
,vnp09ga,,v002,69,0,range,,,,,,,,,,,,,,
,vnp09ga,,v002,70,0,gflags,,,,,,,,,,,,,,
,vnp09ga,,v002,71,1,orbit_pnt,/HDFEOS/GRIDS/VIIRS_Grid_1km_2D/Data Fields/orbit_pnt_1,,,,int8,1,,0,15,-1,,2,,
,vnp09ga,,v002,72,1,obscov,/HDFEOS/GRIDS/VIIRS_Grid_500m_2D/Data Fields/obscov_500m_1,,,,int8,100,,0,100,-1,,1,,
,vnp09ga,,v002,73,1,iobs_res,/HDFEOS/GRIDS/VIIRS_Grid_500m_2D/Data Fields/iobs_res_1,,,,uint8,1,,0,254,255,,1,,
,vnp09ga,,v002,74,0,q_scan,,,,,,,,,,,,,,
,vnp09ga,,v002,100,1,metaData,,,,,struct,,,,,,,,,
,vnp09ga,,v002,102,1,reflectance_quality_flag_1,/HDFEOS/GRIDS/VIIRS_Grid_1km_2D/Data Fields/SurfReflect_QF1_1,,,,uint8,1,Bit field,0,254,255,,2,,
,vnp09ga,,v002,103,1,reflectance_quality_flag_2,/HDFEOS/GRIDS/VIIRS_Grid_1km_2D/Data Fields/SurfReflect_QF2_1,,,,uint8,1,Bit field,0,254,255,,2,,
,vnp09ga,,v002,104,1,reflectance_quality_flag_3,/HDFEOS/GRIDS/VIIRS_Grid_1km_2D/Data Fields/SurfReflect_QF3_1,,,,uint8,1,Bit field,0,254,255,,2,,
,vnp09ga,,v002,105,1,reflectance_quality_flag_4,/HDFEOS/GRIDS/VIIRS_Grid_1km_2D/Data Fields/SurfReflect_QF4_1,,,,uint8,1,Bit field,0,254,255,,2,,
,vnp09ga,,v002,106,1,reflectance_quality_flag_5,/HDFEOS/GRIDS/VIIRS_Grid_1km_2D/Data Fields/SurfReflect_QF5_1,,,,uint8,1,Bit field,0,254,255,,2,,
,vnp09ga,,v002,107,1,reflectance_quality_flag_6,/HDFEOS/GRIDS/VIIRS_Grid_1km_2D/Data Fields/SurfReflect_QF6_1,,,,uint8,1,Bit field,0,254,255,,2,,
,vnp09ga,,v002,108,1,reflectance_quality_flag_7,/HDFEOS/GRIDS/VIIRS_Grid_1km_2D/Data Fields/SurfReflect_QF7_1,,,,uint8,1,Bit field,0,254,255,,2,,
,,,,,,,,,,,,,,,,,,,,
backgroundreflectanceformodisforwateryear,backgroundreflectanceformodisforwateryear,v2025.0.1,v2025.0.1,1,1,reflectance_1_620_670,,,,,uint8,100,hundredth,0,160,0,,1,,
backgroundreflectanceformodisforwateryear,backgroundreflectanceformodisforwateryear,v2025.0.1,v2025.0.1,2,1,reflectance_2_841_876,,,,,uint8,100,hundredth,0,160,0,,1,,
backgroundreflectanceformodisforwateryear,backgroundreflectanceformodisforwateryear,v2025.0.1,v2025.0.1,3,1,reflectance_3_459_479,,,,,uint8,100,hundredth,0,160,0,,1,,
backgroundreflectanceformodisforwateryear,backgroundreflectanceformodisforwateryear,v2025.0.1,v2025.0.1,4,1,reflectance_4_545_565,,,,,uint8,100,hundredth,0,160,0,,1,,
backgroundreflectanceformodisforwateryear,backgroundreflectanceformodisforwateryear,v2025.0.1,v2025.0.1,5,1,reflectance_5_1230_1250,,,,,uint8,100,hundredth,0,160,0,,1,,
backgroundreflectanceformodisforwateryear,backgroundreflectanceformodisforwateryear,v2025.0.1,v2025.0.1,6,1,reflectance_6_1628_1652,,,,,uint8,100,hundredth,0,160,0,,1,,
backgroundreflectanceformodisforwateryear,backgroundreflectanceformodisforwateryear,v2025.0.1,v2025.0.1,7,1,reflectance_7_2105_2155,,,,,uint8,100,hundredth,0,160,0,,1,,
,,,,,,,,,,,,,,,,,,,,
backgroundreflectanceforviirsforwateryear,backgroundreflectanceforviirsforwateryear,v2025.0.1,v2025.0.1,1,1,reflectance_1_620_670,,,,,uint8,100,hundredth,0,160,0,,1,,
backgroundreflectanceforviirsforwateryear,backgroundreflectanceforviirsforwateryear,v2025.0.1,v2025.0.1,2,1,reflectance_2_841_876,,,,,uint8,100,hundredth,0,160,0,,1,,
backgroundreflectanceforviirsforwateryear,backgroundreflectanceforviirsforwateryear,v2025.0.1,v2025.0.1,3,1,reflectance_3_459_479,,,,,uint8,100,hundredth,0,160,0,,2,,
backgroundreflectanceforviirsforwateryear,backgroundreflectanceforviirsforwateryear,v2025.0.1,v2025.0.1,4,1,reflectance_4_545_565,,,,,uint8,100,hundredth,0,160,0,,2,,
backgroundreflectanceforviirsforwateryear,backgroundreflectanceforviirsforwateryear,v2025.0.1,v2025.0.1,5,1,reflectance_5_1230_1250,,,,,uint8,100,hundredth,0,160,0,,2,,
backgroundreflectanceforviirsforwateryear,backgroundreflectanceforviirsforwateryear,v2025.0.1,v2025.0.1,6,1,reflectance_6_1628_1652,,,,,uint8,100,hundredth,0,160,0,,1,,
backgroundreflectanceforviirsforwateryear,backgroundreflectanceforviirsforwateryear,v2025.0.1,v2025.0.1,7,1,reflectance_7_2105_2155,,,,,uint8,100,hundredth,0,160,0,,2,,
,,,,,,,,,,,,,,,,,,,,
mod09ga,modspiresdailytifsinu,v061,v2025.0.1,48,0,albedo_clean_mu0,,,,,uint8,1,percent,0,100,255,,1,,
mod09ga,modspiresdailytifsinu,v061,v2025.0.1,49,0,albedo_observed_mu0,,,,,uint8,1,percent,0,100,255,,1,,
mod09ga,modspiresdailytifsinu,v061,v2025.0.1,50,0,albedo_clean_muZ,,,,,uint8,1,percent,0,100,255,,1,,
mod09ga,modspiresdailytifsinu,v061,v2025.0.1,51,0,albedo_observed_muZ,,,,,uint8,1,percent,0,100,255,,1,,
mod09ga,modspiresdailytifsinu,v061,v2025.0.1,43,0,deltavis,,,,,uint8,1,percent,0,75,255,,1,,
mod09ga,modspiresdailytifsinu,v061,v2025.0.1,41,0,grain_size,,,,,uint16,1,microns,10,1100,65535,,1,,
mod09ga,modspiresdailytifsinu,v061,v2025.0.1,42,0,drfs_grnsz,,,,,uint16,1,microns,10,1100,65535,,1,,
mod09ga,modspiresdailytifsinu,v061,v2025.0.1,44,0,radiative_forcing,,,,,uint16,1,W/m^2,0,500,65535,,1,,
mod09ga,modspiresdailytifsinu,v061,v2025.0.1,13,1,solar_azimuth,,,,,int16,1,degree,-180,180,32767,,2,,
mod09ga,modspiresdailytifsinu,v061,v2025.0.1,14,1,solar_zenith,,,,,uint8,1,degree,0,90,255,,2,,
mod09ga,modspiresdailytifsinu,v061,v2025.0.1,45,0,snow_cover_days,,,,,uint16,1,day,0,366,65535,,1,,
mod09ga,modspiresdailytifsinu,v061,v2025.0.1,40,0,snow_fraction,,,,,uint8,1,percent,0,100,255,,1,,
mod09ga,modspiresdailytifsinu,v061,v2025.0.1,36,0,viewable_snow_fraction,,,,,uint8,1,percent,0,100,255,,1,,
mod09ga,modspiresdailytifsinu,v061,v2025.0.1,38,0,vegetation_fraction,,,,,uint8,1,percent,0,100,255,,1,,
mod09ga,modspiresdailytifsinu,v061,v2025.0.1,37,0,rock_fraction,,,,,uint8,1,percent,0,100,255,,1,,
mod09ga,modspiresdailytifsinu,v061,v2025.0.1,39,0,other_fraction,,,,,uint8,1,percent,0,100,255,,1,,
mod09ga,modspiresdailytifsinu,v061,v2025.0.1,46,0,viewable_snow_fraction_status,,,,,uint8,1,unitless,0,255,255,,1,,
mod09ga,modspiresdailytifsinu,v061,v2025.0.1,47,0,days_without_observation,,,,,uint16,1,day,0,366,65535,,1,,
mod09ga,modspiresdailytifsinu,v061,v2025.0.1,10,0,num_observations_1km,,,,,int8,1,unitless,0,122,-1,,2,,
mod09ga,modspiresdailytifsinu,v061,v2025.0.1,11,1,state_1km,,,,,uint16,1,Bit field,0,65535,65535,,2,"Bits: cloud, cloudshadow, landwater, aerosol, cirrus, saltpan. Position: [1, 3, 4, 7, 9, 15]. Size: [2, 1, 3, 2, 2, 1]. Bits between 11 and 14 not used.",
mod09ga,modspiresdailytifsinu,v061,v2025.0.1,12,1,sensor_zenith,,,,,uint8,1,degree,0,90,255,,2,,
mod09ga,modspiresdailytifsinu,v061,v2025.0.1,8,1,num_observations_500m,,,,,int8,1,unitless,0,122,-1,,1,,
mod09ga,modspiresdailytifsinu,v061,v2025.0.1,9,1,QC_500m,,,,,uint8,1,Bit field,0,255,255,,1,"Bits: modland, atmosCorr, adjCorr. Position 1, 3, 4. Size: 2, 1, 1.",
mod09ga,modspiresdailytifsinu,v061,v2025.0.1,1,1,reflectance_1_620_670,,,,,uint8,100,hundredth,0,160,0,,1,reflectance in uint16 and not uint8 to reproduce the neuralClassification ndsi and ndvi of v2024.0c MccM.,
mod09ga,modspiresdailytifsinu,v061,v2025.0.1,2,1,reflectance_2_841_876,,,,,uint8,100,hundredth,0,160,0,,1,,
mod09ga,modspiresdailytifsinu,v061,v2025.0.1,3,1,reflectance_3_459_479,,,,,uint8,100,hundredth,0,160,0,,1,,
mod09ga,modspiresdailytifsinu,v061,v2025.0.1,4,1,reflectance_4_545_565,,,,,uint8,100,hundredth,0,160,0,,1,,
mod09ga,modspiresdailytifsinu,v061,v2025.0.1,5,1,reflectance_5_1230_1250,,,,,uint8,100,hundredth,0,160,0,,1,,
mod09ga,modspiresdailytifsinu,v061,v2025.0.1,6,1,reflectance_6_1628_1652,,,,,uint8,100,hundredth,0,160,0,,1,,
mod09ga,modspiresdailytifsinu,v061,v2025.0.1,7,1,reflectance_7_2105_2155,,,,,uint8,100,hundredth,0,160,0,,1,,
mod09ga,modspiresdailytifsinu,v061,v2025.0.1,52,0,refl,,,,,int16,1,hundredth,0,160,,,1,,
mod09ga,modspiresdailytifsinu,v061,v2025.0.1,53,0,NoValues,,,,,uint8,1,unitless,0,1,,,1,,
mod09ga,modspiresdailytifsinu,v061,v2025.0.1,54,1,viewable_snow_fraction_s,,,,,uint8,1,percent,0,100,255,,1,,
mod09ga,modspiresdailytifsinu,v061,v2025.0.1,56,1,shade_fraction_s,,,,,uint8,1,percent,0,100,255,,1,,
mod09ga,modspiresdailytifsinu,v061,v2025.0.1,57,1,grain_size_s,,,,,uint16,1,microns,40,1190,65535,,1,,
mod09ga,modspiresdailytifsinu,v061,v2025.0.1,58,1,dust_concentration_s,,,,,uint16,10,tenths of unitless,0,9500,65535,,1,,
mod09ga,modspiresdailytifsinu,v061,v2025.0.1,55,1,snow_fraction_s,,,,,uint8,1,percent,0,100,255,,1,,
mod09ga,modspiresdailytifsinu,v061,v2025.0.1,59,0,notprocessed,,,,,uint8,1,unitless,0,1,255,,1,,
mod09ga,modspiresdailytifsinu,v061,v2025.0.1,60,0,notprocessed_s,,,,,uint8,1,unitless,0,1,255,,1,,
mod09ga,modspiresdailytifsinu,v061,v2025.0.1,61,1,snow_cover_days_s,,,,,uint16,1,day,0,366,65535,,1,,
mod09ga,modspiresdailytifsinu,v061,v2025.0.1,62,1,albedo_s,,,,,uint8,1,percent,0,100,255,,1,,
mod09ga,modspiresdailytifsinu,v061,v2025.0.1,63,1,radiative_forcing_s,,,,,uint16,1,W/m^2,0,500,65535,,1,,
mod09ga,modspiresdailytifsinu,v061,v2025.0.1,67,1,gap_snow_fraction_s,,,,,uint8,1,percent,0,100,255,,1,,
mod09ga,modspiresdailytifsinu,v061,v2025.0.1,68,1,sensor_azimuth,,,,,int16,1,degree,-180,180,32767,,2,,
mod09ga,modspiresdailytifsinu,v061,v2025.0.1,69,0,range,,,,,uint16,0.04,meter,0,65535,65535,,1,,
mod09ga,modspiresdailytifsinu,v061,v2025.0.1,70,0,gflags,,,,,uint8,1,Bit field,0,255,255,,1,,
mod09ga,modspiresdailytifsinu,v061,v2025.0.1,71,0,orbit_pnt,,,,,int8,1,,0,122,-1,,1,,
mod09ga,modspiresdailytifsinu,v061,v2025.0.1,72,0,obscov,,,,,int8,100,,0,122,-1,,1,,
mod09ga,modspiresdailytifsinu,v061,v2025.0.1,73,0,iobs_res,,,,,uint8,1,,0,255,255,,1,,
mod09ga,modspiresdailytifsinu,v061,v2025.0.1,74,0,q_scan,,,,,uint8,1,,0,255,255,,1,,
mod09ga,modspiresdailytifsinu,v061,v2025.0.1,75,0,days_since_last_observation,,,,,uint16,1,day,0,366,65535,,1,,
mod09ga,modspiresdailytifsinu,v061,v2025.0.1,76,1,viewable_snow_fraction_status_s,,,,,uint8,1,unitless,0,255,0,,1,,
mod09ga,modspiresdailytifsinu,v061,v2025.0.1,77,1,days_without_observation_s,,,,,uint16,1,day,0,366,65535,,1,,
mod09ga,modspiresdailytifsinu,v061,v2025.0.1,78,1,days_since_last_observation_s,,,,,uint16,1,day,0,366,65535,,1,,
mod09ga,modspiresdailytifsinu,v061,v2025.0.1,79,1,daily_nodata_filter_s,,,,,uint8,1,unitless,0,255,1,,1,"Bit, position 1: hasNoInput, 2: neuralCloud, 3, backgroundReflectance nodata, 4: rareObservation, 5: STC cloud, 6: Cloud extension, 7: Saltpan and isolated. Default value: 1 for absent file or corrupted file.",
mod09ga,modspiresdailytifsinu,v061,v2025.0.1,80,1,daily_zero_filter_s,,,,,uint8,1,unitless,0,255,0,,1,"Bit, position 1: NeuralOther excluding state_1km.clouds and including state_1km.saltpans, 2: NDSIBelowMinus005, 3: rawSnowBelow10, 4: rawGrainBelow40, 5: lowElevation, 6: waterBody, 7: rawSnowEquals0",
mod09ga,modspiresdailytifsinu,v061,v2025.0.1,81,1,sensor_and_solar_azimuth_sensor_mask,,,,,uint8,1,unitless,0,255,0,,2,"Bit, position 1: sensor_azimuth nodata, 2: sensor_azimuth too low, 3: sensor_azimuth too high. 4: solar_azimuth nodata, 5: solar_azimuth too low, 6: solar_azimuth too high.",
mod09ga,modspiresdailytifsinu,v061,v2025.0.1,82,1,sensor_and_solar_zenith_sensor_mask,,,,,uint8,1,unitless,0,255,0,,2,"Bit, position 1: sensor_zenith nodata, 2: sensor_zenith too low, 3: sensor_zenith too high. 4: solar_zenith nodata, 5: solar_zenith too low, 6: solar_zenith too high.",
mod09ga,modspiresdailytifsinu,v061,v2025.0.1,83,1,reflectance_1_7_sensor_mask,,,,,uint32,1,unitless,0,4294967295,0,,1,"Bit, position 1: reflectance_1 nodata, 2: reflectance_1 too low, 3: reflectance_1 too high. 4: reflectance_2 nodata, 5: reflectance_2 too low, 6: reflectance_2 too high, 7: reflectance_3 nodata, etc…",
mod09ga,modspiresdailytifsinu,v061,v2025.0.1,84,1,canopy_cover_fraction_s,,,,,uint8,1,percent,0,100,255,,1,,
mod09ga,modspiresdailytifsinu,v061,v2025.0.1,85,1,time_interp_weight_s,,,,,uint8,1,percent,1,100,255,,1,,
mod09ga,modspiresdailytifsinu,v061,v2025.0.1,86,1,raw_viewable_snow_fraction_s,,,,,uint8,1,percent,0,100,255,,1,,
mod09ga,modspiresdailytifsinu,v061,v2025.0.1,87,1,raw_snow_fraction_s,,,,,uint8,1,percent,0,100,255,,1,,
mod09ga,modspiresdailytifsinu,v061,v2025.0.1,88,1,raw_shade_fraction_s,,,,,uint8,1,percent,0,100,255,,1,,
mod09ga,modspiresdailytifsinu,v061,v2025.0.1,89,1,raw_grain_size_s,,,,,uint16,1,microns,40,1190,65535,,1,,
mod09ga,modspiresdailytifsinu,v061,v2025.0.1,90,1,raw_dust_concentration_s,,,,,uint16,10,tenths of unitless,0,9500,65535,,1,,
mod09ga,modspiresdailytifsinu,v061,v2025.0.1,91,1,gap_viewable_snow_fraction_s,,,,,uint8,1,percent,0,100,255,,1,,
mod09ga,modspiresdailytifsinu,v061,v2025.0.1,92,1,gap_grain_size_s,,,,,uint16,1,microns,40,1190,65535,,1,,
mod09ga,modspiresdailytifsinu,v061,v2025.0.1,93,1,gap_dust_concentration_s,,,,,uint16,10,tenths of unitless,0,9500,65535,,1,,
mod09ga,modspiresdailytifsinu,v061,v2025.0.1,94,1,grain_size_and_dust_mask,,,,,uint8,1,unitless,0,255,0,,1,fsca below value → spat interp grain size and idem dust,
mod09ga,modspiresdailytifsinu,v061,v2025.0.1,95,1,daily_grain_size_dust_s,,,,,uint8,1,unitless,0,255,1,,1,"Bit, position 1: spatial interpolation of grain size, 2: grain size nodata because below min, 3: grain size nodata because above max, 4: spatial interpolation of dust concentration, 5: dust concentration nodata because below min, 6: dust concentration nodata because above max.",
mod09ga,modspiresdailytifsinu,v061,v2025.0.1,96,1,deltavis_s,,,,,uint8,1,unitless,0,75,255,,1,Deltavis or snow darkening,
mod09ga,modspiresdailytifsinu,v061,v2025.0.1,97,1,spatial_grain_size_s,,,,,uint16,1,microns,40,1190,65535,,1,,
mod09ga,modspiresdailytifsinu,v061,v2025.0.1,98,1,spatial_dust_concentration_s,,,,,uint16,10,tenths of unitless,0,9500,65535,,1,,
mod09ga,modspiresdailytifsinu,v061,v2025.0.1,99,1,albedo_muZ_s,,,,,uint8,1,percent,0,100,255,,1,,
mod09ga,modspiresdailytifsinu,v061,v2025.0.1,101,1,neural_classification_snow_cloud,,,,,uint8,1,Bit field,0,4,255,,1,"0: snow, 1: cloud, 2: other. Constructed by Timbo neural network based on reflectance full precision int16",
mod09ga,modspiresdailytifsinu,v061,v2025.0.1,113,1,days_with_snow_observed_s,,,,,uint16,1,day,0,366,65535,,1,,
mod09ga,modspiresdailytifsinu,v061,v2025.0.1,114,1,days_with_absent_snow_observed_s,,,,,uint16,1,day,0,366,65535,,1,,
,,,,,,,,,,,,,,,,,,,,
mod09ga,modspiresdailymetadatajson,v061,v2025.0.1,100,1,metaData,,,,,struct,,,,,,,,,
,,,,,,,,,,,,,,,,,,,,
vnp09ga,vnpspiresdailytifsinu,v002,v2025.0.1,48,0,albedo_clean_mu0,,,,,uint8,1,percent,0,100,255,,1,,
vnp09ga,vnpspiresdailytifsinu,v002,v2025.0.1,49,0,albedo_observed_mu0,,,,,uint8,1,percent,0,100,255,,1,,
vnp09ga,vnpspiresdailytifsinu,v002,v2025.0.1,50,0,albedo_clean_muZ,,,,,uint8,1,percent,0,100,255,,1,,
vnp09ga,vnpspiresdailytifsinu,v002,v2025.0.1,51,0,albedo_observed_muZ,,,,,uint8,1,percent,0,100,255,,1,,
vnp09ga,vnpspiresdailytifsinu,v002,v2025.0.1,43,0,deltavis,,,,,uint8,1,percent,0,75,255,,1,,
vnp09ga,vnpspiresdailytifsinu,v002,v2025.0.1,41,0,grain_size,,,,,uint16,1,microns,10,1100,65535,,1,,
vnp09ga,vnpspiresdailytifsinu,v002,v2025.0.1,42,0,drfs_grnsz,,,,,uint16,1,microns,10,1100,65535,,1,,
vnp09ga,vnpspiresdailytifsinu,v002,v2025.0.1,44,0,radiative_forcing,,,,,uint16,1,W/m^2,0,500,65535,,1,,
vnp09ga,vnpspiresdailytifsinu,v002,v2025.0.1,13,1,solar_azimuth,,,,,int16,1,degree,-180,180,32767,,2,,
vnp09ga,vnpspiresdailytifsinu,v002,v2025.0.1,14,1,solar_zenith,,,,,uint8,1,degree,0,90,255,,2,,
vnp09ga,vnpspiresdailytifsinu,v002,v2025.0.1,45,0,snow_cover_days,,,,,uint16,1,day,0,366,65535,,1,,
vnp09ga,vnpspiresdailytifsinu,v002,v2025.0.1,40,0,snow_fraction,,,,,uint8,1,percent,0,100,255,,1,,
vnp09ga,vnpspiresdailytifsinu,v002,v2025.0.1,36,0,viewable_snow_fraction,,,,,uint8,1,percent,0,100,255,,1,,
vnp09ga,vnpspiresdailytifsinu,v002,v2025.0.1,38,0,vegetation_fraction,,,,,uint8,1,percent,0,100,255,,1,,
vnp09ga,vnpspiresdailytifsinu,v002,v2025.0.1,37,0,rock_fraction,,,,,uint8,1,percent,0,100,255,,1,,
vnp09ga,vnpspiresdailytifsinu,v002,v2025.0.1,39,0,other_fraction,,,,,uint8,1,percent,0,100,255,,1,,
vnp09ga,vnpspiresdailytifsinu,v002,v2025.0.1,46,0,viewable_snow_fraction_status,,,,,uint8,1,unitless,0,255,255,,1,,
vnp09ga,vnpspiresdailytifsinu,v002,v2025.0.1,47,0,days_without_observation,,,,,uint16,1,day,0,366,65535,,1,,
vnp09ga,vnpspiresdailytifsinu,v002,v2025.0.1,10,0,num_observations_1km,,,,,int8,1,unitless,0,122,-1,,2,,
vnp09ga,vnpspiresdailytifsinu,v002,v2025.0.1,11,0,state_1km,,,,,uint16,1,Bit field,0,65535,65535,,2,"Bits: cloud, cloudshadow, landwater, aerosol, cirrus, saltpan. Position: [1, 3, 4, 7, 9, 15]. Size: [2, 1, 3, 2, 2, 1]. Bits between 11 and 14 not used.",
vnp09ga,vnpspiresdailytifsinu,v002,v2025.0.1,12,1,sensor_zenith,,,,,uint8,1,degree,0,90,255,,2,,
vnp09ga,vnpspiresdailytifsinu,v002,v2025.0.1,8,1,num_observations_500m,,,,,int8,1,unitless,0,122,-1,,1,,
vnp09ga,vnpspiresdailytifsinu,v002,v2025.0.1,9,0,QC_500m,,,,,uint8,1,Bit field,0,255,255,,1,"Bits: modland, atmosCorr, adjCorr. Position 1, 3, 4. Size: 2, 1, 1.",
vnp09ga,vnpspiresdailytifsinu,v002,v2025.0.1,1,1,reflectance_1_620_670,,,,,uint8,100,hundredth,0,160,0,,1,reflectance in uint16 and not uint8 to reproduce the neuralClassification ndsi and ndvi of v2024.0c MccM.,
vnp09ga,vnpspiresdailytifsinu,v002,v2025.0.1,2,1,reflectance_2_841_876,,,,,uint8,100,hundredth,0,160,0,,1,,
vnp09ga,vnpspiresdailytifsinu,v002,v2025.0.1,3,1,reflectance_3_459_479,,,,,uint8,100,hundredth,0,160,0,,2,,
vnp09ga,vnpspiresdailytifsinu,v002,v2025.0.1,4,1,reflectance_4_545_565,,,,,uint8,100,hundredth,0,160,0,,2,,
vnp09ga,vnpspiresdailytifsinu,v002,v2025.0.1,5,1,reflectance_5_1230_1250,,,,,uint8,100,hundredth,0,160,0,,2,,
vnp09ga,vnpspiresdailytifsinu,v002,v2025.0.1,6,1,reflectance_6_1628_1652,,,,,uint8,100,hundredth,0,160,0,,1,,
vnp09ga,vnpspiresdailytifsinu,v002,v2025.0.1,7,1,reflectance_7_2105_2155,,,,,uint8,100,hundredth,0,160,0,,2,,
vnp09ga,vnpspiresdailytifsinu,v002,v2025.0.1,52,0,refl,,,,,int16,1,hundredth,0,160,,,1,,
vnp09ga,vnpspiresdailytifsinu,v002,v2025.0.1,53,0,NoValues,,,,,uint8,1,unitless,0,1,,,1,,
vnp09ga,vnpspiresdailytifsinu,v002,v2025.0.1,54,1,viewable_snow_fraction_s,,,,,uint8,1,percent,0,100,255,,1,,
vnp09ga,vnpspiresdailytifsinu,v002,v2025.0.1,56,1,shade_fraction_s,,,,,uint8,1,percent,0,100,255,,1,,
vnp09ga,vnpspiresdailytifsinu,v002,v2025.0.1,57,1,grain_size_s,,,,,uint16,1,microns,40,1190,65535,,1,,
vnp09ga,vnpspiresdailytifsinu,v002,v2025.0.1,58,1,dust_concentration_s,,,,,uint16,10,tenths of unitless,0,9500,65535,,1,,
vnp09ga,vnpspiresdailytifsinu,v002,v2025.0.1,55,1,snow_fraction_s,,,,,uint8,1,percent,0,100,255,,1,,
vnp09ga,vnpspiresdailytifsinu,v002,v2025.0.1,59,0,notprocessed,,,,,uint8,1,unitless,0,1,255,,1,,
vnp09ga,vnpspiresdailytifsinu,v002,v2025.0.1,60,0,notprocessed_s,,,,,uint8,1,unitless,0,1,255,,1,,
vnp09ga,vnpspiresdailytifsinu,v002,v2025.0.1,61,1,snow_cover_days_s,,,,,uint16,1,day,0,366,65535,,1,,
vnp09ga,vnpspiresdailytifsinu,v002,v2025.0.1,62,1,albedo_s,,,,,uint8,1,percent,0,100,255,,1,,
vnp09ga,vnpspiresdailytifsinu,v002,v2025.0.1,63,1,radiative_forcing_s,,,,,uint16,1,W/m^2,0,500,65535,,1,,
vnp09ga,vnpspiresdailytifsinu,v002,v2025.0.1,67,1,gap_snow_fraction_s,,,,,uint8,1,percent,0,100,255,,1,,
vnp09ga,vnpspiresdailytifsinu,v002,v2025.0.1,68,1,sensor_azimuth,,,,,int16,1,degree,-180,180,32767,,2,,
vnp09ga,vnpspiresdailytifsinu,v002,v2025.0.1,69,0,range,,,,,uint16,0.04,meter,0,65535,65535,,1,,
vnp09ga,vnpspiresdailytifsinu,v002,v2025.0.1,70,0,gflags,,,,,uint8,1,Bit field,0,255,255,,1,,
vnp09ga,vnpspiresdailytifsinu,v002,v2025.0.1,71,0,orbit_pnt,,,,,int8,1,,0,122,-1,,1,,
vnp09ga,vnpspiresdailytifsinu,v002,v2025.0.1,72,0,obscov,,,,,int8,100,,0,122,-1,,1,,
vnp09ga,vnpspiresdailytifsinu,v002,v2025.0.1,73,0,iobs_res,,,,,uint8,1,,0,255,255,,1,,
vnp09ga,vnpspiresdailytifsinu,v002,v2025.0.1,74,0,q_scan,,,,,uint8,1,,0,255,255,,1,,
vnp09ga,vnpspiresdailytifsinu,v002,v2025.0.1,75,0,days_since_last_observation,,,,,uint16,1,day,0,366,65535,,1,,
vnp09ga,vnpspiresdailytifsinu,v002,v2025.0.1,76,1,viewable_snow_fraction_status_s,,,,,uint8,1,unitless,0,255,0,,1,,
vnp09ga,vnpspiresdailytifsinu,v002,v2025.0.1,77,1,days_without_observation_s,,,,,uint16,1,day,0,366,65535,,1,,
vnp09ga,vnpspiresdailytifsinu,v002,v2025.0.1,78,1,days_since_last_observation_s,,,,,uint16,1,day,0,366,65535,,1,,
vnp09ga,vnpspiresdailytifsinu,v002,v2025.0.1,79,1,daily_nodata_filter_s,,,,,uint8,1,unitless,0,255,1,,1,"Bit, position 1: hasNoInput, 2: neuralCloud, 3, backgroundReflectance nodata, 4: rareObservation, 5: STC cloud, 6: Cloud extension, 7: Saltpan and isolated. Default value: 1 for absent file or corrupted file.",
vnp09ga,vnpspiresdailytifsinu,v002,v2025.0.1,80,1,daily_zero_filter_s,,,,,uint8,1,unitless,0,255,0,,1,"Bit, position 1: NeuralOther excluding state_1km.clouds and including state_1km.saltpans, 2: NDSIBelowMinus005, 3: rawSnowBelow10, 4: rawGrainBelow40, 5: lowElevation, 6: waterBody, 7: rawSnowEquals0",
vnp09ga,vnpspiresdailytifsinu,v002,v2025.0.1,81,1,sensor_and_solar_azimuth_sensor_mask,,,,,uint8,1,unitless,0,255,0,,2,"Bit, position 1: sensor_azimuth nodata, 2: sensor_azimuth too low, 3: sensor_azimuth too high. 4: solar_azimuth nodata, 5: solar_azimuth too low, 6: solar_azimuth too high.",
vnp09ga,vnpspiresdailytifsinu,v002,v2025.0.1,82,1,sensor_and_solar_zenith_sensor_mask,,,,,uint8,1,unitless,0,255,0,,2,"Bit, position 1: sensor_zenith nodata, 2: sensor_zenith too low, 3: sensor_zenith too high. 4: solar_zenith nodata, 5: solar_zenith too low, 6: solar_zenith too high.",
vnp09ga,vnpspiresdailytifsinu,v002,v2025.0.1,83,1,reflectance_1_7_sensor_mask,,,,,uint32,1,unitless,0,4294967295,0,,1,"Bit, position 1: reflectance_1 nodata, 2: reflectance_1 too low, 3: reflectance_1 too high. 4: reflectance_2 nodata, 5: reflectance_2 too low, 6: reflectance_2 too high, 7: reflectance_3 nodata, etc…","Stored at 500 m to avoid complexity of having 2 distinct mask variables, while reflectance bands 3, 4, 5, 7 are stored at 1000 m"
vnp09ga,vnpspiresdailytifsinu,v002,v2025.0.1,84,1,canopy_cover_fraction_s,,,,,uint8,1,percent,0,100,255,,1,,
vnp09ga,vnpspiresdailytifsinu,v002,v2025.0.1,85,1,time_interp_weight_s,,,,,uint8,1,percent,1,100,255,,2,,
vnp09ga,vnpspiresdailytifsinu,v002,v2025.0.1,86,1,raw_viewable_snow_fraction_s,,,,,uint8,1,percent,0,100,255,,1,,
vnp09ga,vnpspiresdailytifsinu,v002,v2025.0.1,87,1,raw_snow_fraction_s,,,,,uint8,1,percent,0,100,255,,1,,
vnp09ga,vnpspiresdailytifsinu,v002,v2025.0.1,88,1,raw_shade_fraction_s,,,,,uint8,1,percent,0,100,255,,1,,
vnp09ga,vnpspiresdailytifsinu,v002,v2025.0.1,89,1,raw_grain_size_s,,,,,uint16,1,microns,40,1190,65535,,1,,
vnp09ga,vnpspiresdailytifsinu,v002,v2025.0.1,90,1,raw_dust_concentration_s,,,,,uint16,10,tenths of unitless,0,9500,65535,,1,,
vnp09ga,vnpspiresdailytifsinu,v002,v2025.0.1,91,1,gap_viewable_snow_fraction_s,,,,,uint8,1,percent,0,100,255,,1,,
vnp09ga,vnpspiresdailytifsinu,v002,v2025.0.1,92,1,gap_grain_size_s,,,,,uint16,1,microns,40,1190,65535,,1,,
vnp09ga,vnpspiresdailytifsinu,v002,v2025.0.1,93,1,gap_dust_concentration_s,,,,,uint16,10,tenths of unitless,0,9500,65535,,1,,
vnp09ga,vnpspiresdailytifsinu,v002,v2025.0.1,94,1,grain_size_and_dust_mask,,,,,uint8,1,unitless,0,255,0,,1,fsca below value → spat interp grain size and idem dust,
vnp09ga,vnpspiresdailytifsinu,v002,v2025.0.1,95,1,daily_grain_size_dust_s,,,,,uint8,1,unitless,0,255,1,,1,"Bit, position 1: spatial interpolation of grain size, 2: grain size nodata because below min, 3: grain size nodata because above max, 4: spatial interpolation of dust concentration, 5: dust concentration nodata because below min, 6: dust concentration nodata because above max.",
vnp09ga,vnpspiresdailytifsinu,v002,v2025.0.1,96,1,deltavis_s,,,,,uint8,1,unitless,0,75,255,,1,Deltavis or snow darkening,
vnp09ga,vnpspiresdailytifsinu,v002,v2025.0.1,97,1,spatial_grain_size_s,,,,,uint16,1,microns,40,1190,65535,,1,,
vnp09ga,vnpspiresdailytifsinu,v002,v2025.0.1,98,1,spatial_dust_concentration_s,,,,,uint16,10,tenths of unitless,0,9500,65535,,1,,
vnp09ga,vnpspiresdailytifsinu,v002,v2025.0.1,99,1,albedo_muZ_s,,,,,uint8,1,percent,0,100,255,,1,,
vnp09ga,vnpspiresdailytifsinu,v002,v2025.0.1,101,1,neural_classification_snow_cloud,,,,,uint8,1,Bit field,0,4,255,,1,"0: snow, 1: cloud, 2: other. Constructed by Timbo neural network based on reflectance full precision int16",
vnp09ga,vnpspiresdailytifsinu,v002,v2025.0.1,102,1,reflectance_quality_flag_1,,,,,uint8,1,Bit field,0,254,255,,2,,
vnp09ga,vnpspiresdailytifsinu,v002,v2025.0.1,103,1,reflectance_quality_flag_2,,,,,uint8,1,Bit field,0,254,255,,2,,
vnp09ga,vnpspiresdailytifsinu,v002,v2025.0.1,104,1,reflectance_quality_flag_3,,,,,uint8,1,Bit field,0,254,255,,2,,
vnp09ga,vnpspiresdailytifsinu,v002,v2025.0.1,105,1,reflectance_quality_flag_4,,,,,uint8,1,Bit field,0,254,255,,2,,
vnp09ga,vnpspiresdailytifsinu,v002,v2025.0.1,106,1,reflectance_quality_flag_5,,,,,uint8,1,Bit field,0,254,255,,2,,
vnp09ga,vnpspiresdailytifsinu,v002,v2025.0.1,107,1,reflectance_quality_flag_6,,,,,uint8,1,Bit field,0,254,255,,2,,
vnp09ga,vnpspiresdailytifsinu,v002,v2025.0.1,108,1,reflectance_quality_flag_7,,,,,uint8,1,Bit field,0,254,255,,2,,
vnp09ga,vnpspiresdailytifsinu,v002,v2025.0.1,109,1,QF_1km,,,,,uint16,1,Bit field,0,512,0,,2,"Bits: cloud, cloudshadow, landwater, aerosol, cirrus, saltpan. Position: [1, 3, 4, 7, 9, 15]. Size: [2, 1, 3, 2, 2, 1]. Bits between 11 and 14 not used. NB: values different meaning from state_1km",
vnp09ga,vnpspiresdailytifsinu,v002,v2025.0.1,113,1,days_with_snow_observed_s,,,,,uint16,1,day,0,366,65535,,1,,
vnp09ga,vnpspiresdailytifsinu,v002,v2025.0.1,114,1,days_with_absent_snow_observed_s,,,,,uint16,1,day,0,366,65535,,1,,
,,,,,,,,,,,,,,,,,,,,
vnp09ga,vnpspiresdailymetadatajson,v002,v2025.0.1,100,1,metaData,,,,,struct,,,,,,,,,
,,,,,,,,,,,,,,,,,,,,
spiresdailytifsinu,spiresdailytifsinu,v2025.0.1,v2025.0.1,48,0,albedo_clean_mu0,,,,,uint8,1,percent,0,100,255,,1,,
spiresdailytifsinu,spiresdailytifsinu,v2025.0.1,v2025.0.1,49,0,albedo_observed_mu0,,,,,uint8,1,percent,0,100,255,,1,,
spiresdailytifsinu,spiresdailytifsinu,v2025.0.1,v2025.0.1,50,0,albedo_clean_muZ,,,,,uint8,1,percent,0,100,255,,1,,
spiresdailytifsinu,spiresdailytifsinu,v2025.0.1,v2025.0.1,51,0,albedo_observed_muZ,,,,,uint8,1,percent,0,100,255,,1,,
spiresdailytifsinu,spiresdailytifsinu,v2025.0.1,v2025.0.1,43,0,deltavis,,,,,uint8,1,percent,0,75,255,,1,,
spiresdailytifsinu,spiresdailytifsinu,v2025.0.1,v2025.0.1,41,0,grain_size,,,,,uint16,1,microns,10,1100,65535,,1,,
spiresdailytifsinu,spiresdailytifsinu,v2025.0.1,v2025.0.1,42,0,drfs_grnsz,,,,,uint16,1,microns,10,1100,65535,,1,,
spiresdailytifsinu,spiresdailytifsinu,v2025.0.1,v2025.0.1,44,0,radiative_forcing,,,,,uint16,1,W/m^2,0,500,65535,,1,,
spiresdailytifsinu,spiresdailytifsinu,v2025.0.1,v2025.0.1,13,1,solar_azimuth,,,,,int16,1,degree,-180,180,32767,,2,,
spiresdailytifsinu,spiresdailytifsinu,v2025.0.1,v2025.0.1,14,1,solar_zenith,,,,,uint8,1,degree,0,90,255,,2,,
spiresdailytifsinu,spiresdailytifsinu,v2025.0.1,v2025.0.1,45,0,snow_cover_days,,,,,uint16,1,day,0,366,65535,,1,,
spiresdailytifsinu,spiresdailytifsinu,v2025.0.1,v2025.0.1,40,0,snow_fraction,,,,,uint8,1,percent,0,100,255,,1,,
spiresdailytifsinu,spiresdailytifsinu,v2025.0.1,v2025.0.1,36,0,viewable_snow_fraction,,,,,uint8,1,percent,0,100,255,,1,,
spiresdailytifsinu,spiresdailytifsinu,v2025.0.1,v2025.0.1,38,0,vegetation_fraction,,,,,uint8,1,percent,0,100,255,,1,,
spiresdailytifsinu,spiresdailytifsinu,v2025.0.1,v2025.0.1,37,0,rock_fraction,,,,,uint8,1,percent,0,100,255,,1,,
spiresdailytifsinu,spiresdailytifsinu,v2025.0.1,v2025.0.1,39,0,other_fraction,,,,,uint8,1,percent,0,100,255,,1,,
spiresdailytifsinu,spiresdailytifsinu,v2025.0.1,v2025.0.1,46,0,viewable_snow_fraction_status,,,,,uint8,1,unitless,0,255,255,,1,,
spiresdailytifsinu,spiresdailytifsinu,v2025.0.1,v2025.0.1,47,0,days_without_observation,,,,,uint16,1,day,0,366,65535,,1,,
spiresdailytifsinu,spiresdailytifsinu,v2025.0.1,v2025.0.1,10,0,num_observations_1km,,,,,int8,1,unitless,0,122,-1,,2,,
spiresdailytifsinu,spiresdailytifsinu,v2025.0.1,v2025.0.1,11,0,state_1km,,,,,uint16,1,Bit field,0,65535,65535,,2,"Bits: cloud, cloudshadow, landwater, aerosol, cirrus, saltpan. Position: [1, 3, 4, 7, 9, 15]. Size: [2, 1, 3, 2, 2, 1]. Bits between 11 and 14 not used.",
spiresdailytifsinu,spiresdailytifsinu,v2025.0.1,v2025.0.1,12,1,sensor_zenith,,,,,uint8,1,degree,0,90,255,,2,,
spiresdailytifsinu,spiresdailytifsinu,v2025.0.1,v2025.0.1,8,1,num_observations_500m,,,,,int8,1,unitless,0,122,-1,,1,,
spiresdailytifsinu,spiresdailytifsinu,v2025.0.1,v2025.0.1,9,0,QC_500m,,,,,uint8,1,Bit field,0,255,255,,1,"Bits: modland, atmosCorr, adjCorr. Position 1, 3, 4. Size: 2, 1, 1.",
spiresdailytifsinu,spiresdailytifsinu,v2025.0.1,v2025.0.1,1,1,reflectance_1_620_670,,,,,uint8,100,hundredth,0,160,0,,1,reflectance in uint16 and not uint8 to reproduce the neuralClassification ndsi and ndvi of v2024.0c MccM.,
spiresdailytifsinu,spiresdailytifsinu,v2025.0.1,v2025.0.1,2,1,reflectance_2_841_876,,,,,uint8,100,hundredth,0,160,0,,1,,
spiresdailytifsinu,spiresdailytifsinu,v2025.0.1,v2025.0.1,3,1,reflectance_3_459_479,,,,,uint8,100,hundredth,0,160,0,,2,,
spiresdailytifsinu,spiresdailytifsinu,v2025.0.1,v2025.0.1,4,1,reflectance_4_545_565,,,,,uint8,100,hundredth,0,160,0,,2,,
spiresdailytifsinu,spiresdailytifsinu,v2025.0.1,v2025.0.1,5,1,reflectance_5_1230_1250,,,,,uint8,100,hundredth,0,160,0,,2,,
spiresdailytifsinu,spiresdailytifsinu,v2025.0.1,v2025.0.1,6,1,reflectance_6_1628_1652,,,,,uint8,100,hundredth,0,160,0,,1,,
spiresdailytifsinu,spiresdailytifsinu,v2025.0.1,v2025.0.1,7,1,reflectance_7_2105_2155,,,,,uint8,100,hundredth,0,160,0,,2,,
spiresdailytifsinu,spiresdailytifsinu,v2025.0.1,v2025.0.1,52,0,refl,,,,,int16,1,hundredth,0,160,,,1,,
spiresdailytifsinu,spiresdailytifsinu,v2025.0.1,v2025.0.1,53,0,NoValues,,,,,uint8,1,unitless,0,1,,,1,,
spiresdailytifsinu,spiresdailytifsinu,v2025.0.1,v2025.0.1,54,1,viewable_snow_fraction_s,,,,,uint8,1,percent,0,100,255,,1,,
spiresdailytifsinu,spiresdailytifsinu,v2025.0.1,v2025.0.1,56,1,shade_fraction_s,,,,,uint8,1,percent,0,100,255,,1,,
spiresdailytifsinu,spiresdailytifsinu,v2025.0.1,v2025.0.1,57,1,grain_size_s,,,,,uint16,1,microns,40,1190,65535,,1,,
spiresdailytifsinu,spiresdailytifsinu,v2025.0.1,v2025.0.1,58,1,dust_concentration_s,,,,,uint16,10,tenths of unitless,0,9500,65535,,1,,
spiresdailytifsinu,spiresdailytifsinu,v2025.0.1,v2025.0.1,55,1,snow_fraction_s,,,,,uint8,1,percent,0,100,255,,1,,
spiresdailytifsinu,spiresdailytifsinu,v2025.0.1,v2025.0.1,59,0,notprocessed,,,,,uint8,1,unitless,0,1,255,,1,,
spiresdailytifsinu,spiresdailytifsinu,v2025.0.1,v2025.0.1,60,0,notprocessed_s,,,,,uint8,1,unitless,0,1,255,,1,,
spiresdailytifsinu,spiresdailytifsinu,v2025.0.1,v2025.0.1,61,1,snow_cover_days_s,,,,,uint16,1,day,0,366,65535,,1,,
spiresdailytifsinu,spiresdailytifsinu,v2025.0.1,v2025.0.1,62,1,albedo_s,,,,,uint8,1,percent,0,100,255,,1,,
spiresdailytifsinu,spiresdailytifsinu,v2025.0.1,v2025.0.1,63,1,radiative_forcing_s,,,,,uint16,1,W/m^2,0,500,65535,,1,,
spiresdailytifsinu,spiresdailytifsinu,v2025.0.1,v2025.0.1,67,1,gap_snow_fraction_s,,,,,uint8,1,percent,0,100,255,,1,,
spiresdailytifsinu,spiresdailytifsinu,v2025.0.1,v2025.0.1,68,1,sensor_azimuth,,,,,int16,1,degree,-180,180,32767,,2,,
spiresdailytifsinu,spiresdailytifsinu,v2025.0.1,v2025.0.1,69,0,range,,,,,uint16,0.04,meter,0,65535,65535,,1,,
spiresdailytifsinu,spiresdailytifsinu,v2025.0.1,v2025.0.1,70,0,gflags,,,,,uint8,1,Bit field,0,255,255,,1,,
spiresdailytifsinu,spiresdailytifsinu,v2025.0.1,v2025.0.1,71,0,orbit_pnt,,,,,int8,1,,0,122,-1,,1,,
spiresdailytifsinu,spiresdailytifsinu,v2025.0.1,v2025.0.1,72,0,obscov,,,,,int8,100,,0,122,-1,,1,,
spiresdailytifsinu,spiresdailytifsinu,v2025.0.1,v2025.0.1,73,0,iobs_res,,,,,uint8,1,,0,255,255,,1,,
spiresdailytifsinu,spiresdailytifsinu,v2025.0.1,v2025.0.1,74,0,q_scan,,,,,uint8,1,,0,255,255,,1,,
spiresdailytifsinu,spiresdailytifsinu,v2025.0.1,v2025.0.1,75,0,days_since_last_observation,,,,,uint16,1,day,0,366,65535,,1,,
spiresdailytifsinu,spiresdailytifsinu,v2025.0.1,v2025.0.1,76,1,viewable_snow_fraction_status_s,,,,,uint8,1,unitless,0,255,0,,1,,
spiresdailytifsinu,spiresdailytifsinu,v2025.0.1,v2025.0.1,77,1,days_without_observation_s,,,,,uint16,1,day,0,366,65535,,1,,
spiresdailytifsinu,spiresdailytifsinu,v2025.0.1,v2025.0.1,78,1,days_since_last_observation_s,,,,,uint16,1,day,0,366,65535,,1,,
spiresdailytifsinu,spiresdailytifsinu,v2025.0.1,v2025.0.1,79,1,daily_nodata_filter_s,,,,,uint8,1,unitless,0,255,1,,1,"Bit, position 1: hasNoInput, 2: neuralCloud, 3, backgroundReflectance nodata, 4: rareObservation, 5: STC cloud, 6: Cloud extension, 7: Saltpan and isolated. Default value: 1 for absent file or corrupted file.",
spiresdailytifsinu,spiresdailytifsinu,v2025.0.1,v2025.0.1,80,1,daily_zero_filter_s,,,,,uint8,1,unitless,0,255,0,,1,"Bit, position 1: NeuralOther excluding state_1km.clouds and including state_1km.saltpans, 2: NDSIBelowMinus005, 3: rawSnowBelow10, 4: rawGrainBelow40, 5: lowElevation, 6: waterBody, 7: rawSnowEquals0",
spiresdailytifsinu,spiresdailytifsinu,v2025.0.1,v2025.0.1,81,1,sensor_and_solar_azimuth_sensor_mask,,,,,uint8,1,unitless,0,255,0,,2,"Bit, position 1: sensor_azimuth nodata, 2: sensor_azimuth too low, 3: sensor_azimuth too high. 4: solar_azimuth nodata, 5: solar_azimuth too low, 6: solar_azimuth too high.",
spiresdailytifsinu,spiresdailytifsinu,v2025.0.1,v2025.0.1,82,1,sensor_and_solar_zenith_sensor_mask,,,,,uint8,1,unitless,0,255,0,,2,"Bit, position 1: sensor_zenith nodata, 2: sensor_zenith too low, 3: sensor_zenith too high. 4: solar_zenith nodata, 5: solar_zenith too low, 6: solar_zenith too high.",
spiresdailytifsinu,spiresdailytifsinu,v2025.0.1,v2025.0.1,83,1,reflectance_1_7_sensor_mask,,,,,uint32,1,unitless,0,4294967295,0,,1,"Bit, position 1: reflectance_1 nodata, 2: reflectance_1 too low, 3: reflectance_1 too high. 4: reflectance_2 nodata, 5: reflectance_2 too low, 6: reflectance_2 too high, 7: reflectance_3 nodata, etc…","Stored at 500 m to avoid complexity of having 2 distinct mask variables, while reflectance bands 3, 4, 5, 7 are stored at 1000 m"
spiresdailytifsinu,spiresdailytifsinu,v2025.0.1,v2025.0.1,84,1,canopy_cover_fraction_s,,,,,uint8,1,percent,0,100,255,,1,,
spiresdailytifsinu,spiresdailytifsinu,v2025.0.1,v2025.0.1,85,1,time_interp_weight_s,,,,,uint8,1,percent,1,100,255,,2,,
spiresdailytifsinu,spiresdailytifsinu,v2025.0.1,v2025.0.1,86,1,raw_viewable_snow_fraction_s,,,,,uint8,1,percent,0,100,255,,1,,
spiresdailytifsinu,spiresdailytifsinu,v2025.0.1,v2025.0.1,87,1,raw_snow_fraction_s,,,,,uint8,1,percent,0,100,255,,1,,
spiresdailytifsinu,spiresdailytifsinu,v2025.0.1,v2025.0.1,88,1,raw_shade_fraction_s,,,,,uint8,1,percent,0,100,255,,1,,
spiresdailytifsinu,spiresdailytifsinu,v2025.0.1,v2025.0.1,89,1,raw_grain_size_s,,,,,uint16,1,microns,40,1190,65535,,1,,
spiresdailytifsinu,spiresdailytifsinu,v2025.0.1,v2025.0.1,90,1,raw_dust_concentration_s,,,,,uint16,10,tenths of unitless,0,9500,65535,,1,,
spiresdailytifsinu,spiresdailytifsinu,v2025.0.1,v2025.0.1,91,1,gap_viewable_snow_fraction_s,,,,,uint8,1,percent,0,100,255,,1,,
spiresdailytifsinu,spiresdailytifsinu,v2025.0.1,v2025.0.1,92,1,gap_grain_size_s,,,,,uint16,1,microns,40,1190,65535,,1,,
spiresdailytifsinu,spiresdailytifsinu,v2025.0.1,v2025.0.1,93,1,gap_dust_concentration_s,,,,,uint16,10,tenths of unitless,0,9500,65535,,1,,
spiresdailytifsinu,spiresdailytifsinu,v2025.0.1,v2025.0.1,94,1,grain_size_and_dust_mask,,,,,uint8,1,unitless,0,255,0,,1,fsca below value → spat interp grain size and idem dust,
spiresdailytifsinu,spiresdailytifsinu,v2025.0.1,v2025.0.1,95,1,daily_grain_size_dust_s,,,,,uint8,1,unitless,0,255,1,,1,"Bit, position 1: spatial interpolation of grain size, 2: grain size nodata because below min, 3: grain size nodata because above max, 4: spatial interpolation of dust concentration, 5: dust concentration nodata because below min, 6: dust concentration nodata because above max.",
spiresdailytifsinu,spiresdailytifsinu,v2025.0.1,v2025.0.1,96,1,deltavis_s,,,,,uint8,1,unitless,0,75,255,,1,Deltavis or snow darkening,
spiresdailytifsinu,spiresdailytifsinu,v2025.0.1,v2025.0.1,97,1,spatial_grain_size_s,,,,,uint16,1,microns,40,1190,65535,,1,,
spiresdailytifsinu,spiresdailytifsinu,v2025.0.1,v2025.0.1,98,1,spatial_dust_concentration_s,,,,,uint16,10,tenths of unitless,0,9500,65535,,1,,
spiresdailytifsinu,spiresdailytifsinu,v2025.0.1,v2025.0.1,99,1,albedo_muZ_s,,,,,uint8,1,percent,0,100,255,,1,,
spiresdailytifsinu,spiresdailytifsinu,v2025.0.1,v2025.0.1,101,1,neural_classification_snow_cloud,,,,,uint8,1,Bit field,0,4,255,,1,"0: snow, 1: cloud, 2: other. Constructed by Timbo neural network based on reflectance full precision int16",
spiresdailytifsinu,spiresdailytifsinu,v2025.0.1,v2025.0.1,102,1,reflectance_quality_flag_1,,,,,uint8,1,Bit field,0,254,255,,2,,
spiresdailytifsinu,spiresdailytifsinu,v2025.0.1,v2025.0.1,103,1,reflectance_quality_flag_2,,,,,uint8,1,Bit field,0,254,255,,2,,
spiresdailytifsinu,spiresdailytifsinu,v2025.0.1,v2025.0.1,104,1,reflectance_quality_flag_3,,,,,uint8,1,Bit field,0,254,255,,2,,
spiresdailytifsinu,spiresdailytifsinu,v2025.0.1,v2025.0.1,105,1,reflectance_quality_flag_4,,,,,uint8,1,Bit field,0,254,255,,2,,
spiresdailytifsinu,spiresdailytifsinu,v2025.0.1,v2025.0.1,106,1,reflectance_quality_flag_5,,,,,uint8,1,Bit field,0,254,255,,2,,
spiresdailytifsinu,spiresdailytifsinu,v2025.0.1,v2025.0.1,107,1,reflectance_quality_flag_6,,,,,uint8,1,Bit field,0,254,255,,2,,
spiresdailytifsinu,spiresdailytifsinu,v2025.0.1,v2025.0.1,108,1,reflectance_quality_flag_7,,,,,uint8,1,Bit field,0,254,255,,2,,
spiresdailytifsinu,spiresdailytifsinu,v2025.0.1,v2025.0.1,109,1,QF_1km,,,,,uint16,1,Bit field,0,512,0,,2,"Bits: cloud, cloudshadow, landwater, aerosol, cirrus, saltpan. Position: [1, 3, 4, 7, 9, 15]. Size: [2, 1, 3, 2, 2, 1]. Bits between 11 and 14 not used. NB: values different meaning from state_1km",
spiresdailytifsinu,spiresdailytifsinu,v2025.0.1,v2025.0.1,112,1,reflectance_rgb,,,,,uint8,100,hundredth,0,100,0,,1,,
spiresdailytifsinu,spiresdailytifsinu,v2025.0.1,v2025.0.1,113,1,days_with_snow_observed_s,,,,,uint16,1,day,0,366,65535,,1,,
spiresdailytifsinu,spiresdailytifsinu,v2025.0.1,v2025.0.1,114,1,days_with_absent_snow_observed_s,,,,,uint16,1,day,0,366,65535,,1,,
,,,,,,,,,,,,,,,,,,,,
backgroundreflectanceformodisforwateryear,backgroundreflectanceformodisforwateryear,v2025.0.1,v2025.0.1,1,1,reflectance_1_620_670,,,,,uint8,100,hundredth,0,160,0,,1,,
backgroundreflectanceformodisforwateryear,backgroundreflectanceformodisforwateryear,v2025.0.1,v2025.0.1,2,1,reflectance_2_841_876,,,,,uint8,100,hundredth,0,160,0,,1,,
backgroundreflectanceformodisforwateryear,backgroundreflectanceformodisforwateryear,v2025.0.1,v2025.0.1,3,1,reflectance_3_459_479,,,,,uint8,100,hundredth,0,160,0,,1,,
backgroundreflectanceformodisforwateryear,backgroundreflectanceformodisforwateryear,v2025.0.1,v2025.0.1,4,1,reflectance_4_545_565,,,,,uint8,100,hundredth,0,160,0,,1,,
backgroundreflectanceformodisforwateryear,backgroundreflectanceformodisforwateryear,v2025.0.1,v2025.0.1,5,1,reflectance_5_1230_1250,,,,,uint8,100,hundredth,0,160,0,,1,,
backgroundreflectanceformodisforwateryear,backgroundreflectanceformodisforwateryear,v2025.0.1,v2025.0.1,6,1,reflectance_6_1628_1652,,,,,uint8,100,hundredth,0,160,0,,1,,
backgroundreflectanceformodisforwateryear,backgroundreflectanceformodisforwateryear,v2025.0.1,v2025.0.1,7,1,reflectance_7_2105_2155,,,,,uint8,100,hundredth,0,160,0,,1,,
,,,,,,,,,,,,,,,,,,,,
backgroundreflectanceforviirsforwateryear,backgroundreflectanceforviirsforwateryear,v2025.0.1,v2025.0.1,1,1,reflectance_1_620_670,,,,,uint8,100,hundredth,0,160,0,,1,,
backgroundreflectanceforviirsforwateryear,backgroundreflectanceforviirsforwateryear,v2025.0.1,v2025.0.1,2,1,reflectance_2_841_876,,,,,uint8,100,hundredth,0,160,0,,1,,
backgroundreflectanceforviirsforwateryear,backgroundreflectanceforviirsforwateryear,v2025.0.1,v2025.0.1,3,1,reflectance_3_459_479,,,,,uint8,100,hundredth,0,160,0,,2,,
backgroundreflectanceforviirsforwateryear,backgroundreflectanceforviirsforwateryear,v2025.0.1,v2025.0.1,4,1,reflectance_4_545_565,,,,,uint8,100,hundredth,0,160,0,,2,,
backgroundreflectanceforviirsforwateryear,backgroundreflectanceforviirsforwateryear,v2025.0.1,v2025.0.1,5,1,reflectance_5_1230_1250,,,,,uint8,100,hundredth,0,160,0,,2,,
backgroundreflectanceforviirsforwateryear,backgroundreflectanceforviirsforwateryear,v2025.0.1,v2025.0.1,6,1,reflectance_6_1628_1652,,,,,uint8,100,hundredth,0,160,0,,1,,
backgroundreflectanceforviirsforwateryear,backgroundreflectanceforviirsforwateryear,v2025.0.1,v2025.0.1,7,1,reflectance_7_2105_2155,,,,,uint8,100,hundredth,0,160,0,,2,,
,,,,,,,,,,,,,,,,,,,,
modspiresdailytifsinu,modspiresdailytifsinu,v2025.0.1,v2025.0.1,48,0,albedo_clean_mu0,,,,,uint8,1,percent,0,100,255,,1,,
modspiresdailytifsinu,modspiresdailytifsinu,v2025.0.1,v2025.0.1,49,0,albedo_observed_mu0,,,,,uint8,1,percent,0,100,255,,1,,
modspiresdailytifsinu,modspiresdailytifsinu,v2025.0.1,v2025.0.1,50,0,albedo_clean_muZ,,,,,uint8,1,percent,0,100,255,,1,,
modspiresdailytifsinu,modspiresdailytifsinu,v2025.0.1,v2025.0.1,51,0,albedo_observed_muZ,,,,,uint8,1,percent,0,100,255,,1,,
modspiresdailytifsinu,modspiresdailytifsinu,v2025.0.1,v2025.0.1,43,0,deltavis,,,,,uint8,1,percent,0,75,255,,1,,
modspiresdailytifsinu,modspiresdailytifsinu,v2025.0.1,v2025.0.1,41,0,grain_size,,,,,uint16,1,microns,10,1100,65535,,1,,
modspiresdailytifsinu,modspiresdailytifsinu,v2025.0.1,v2025.0.1,42,0,drfs_grnsz,,,,,uint16,1,microns,10,1100,65535,,1,,
modspiresdailytifsinu,modspiresdailytifsinu,v2025.0.1,v2025.0.1,44,0,radiative_forcing,,,,,uint16,1,W/m^2,0,500,65535,,1,,
modspiresdailytifsinu,modspiresdailytifsinu,v2025.0.1,v2025.0.1,13,1,solar_azimuth,,,,,int16,1,degree,-180,180,32767,,2,,
modspiresdailytifsinu,modspiresdailytifsinu,v2025.0.1,v2025.0.1,14,1,solar_zenith,,,,,uint8,1,degree,0,90,255,,2,,
modspiresdailytifsinu,modspiresdailytifsinu,v2025.0.1,v2025.0.1,45,0,snow_cover_days,,,,,uint16,1,day,0,366,65535,,1,,
modspiresdailytifsinu,modspiresdailytifsinu,v2025.0.1,v2025.0.1,40,0,snow_fraction,,,,,uint8,1,percent,0,100,255,,1,,
modspiresdailytifsinu,modspiresdailytifsinu,v2025.0.1,v2025.0.1,36,0,viewable_snow_fraction,,,,,uint8,1,percent,0,100,255,,1,,
modspiresdailytifsinu,modspiresdailytifsinu,v2025.0.1,v2025.0.1,38,0,vegetation_fraction,,,,,uint8,1,percent,0,100,255,,1,,
modspiresdailytifsinu,modspiresdailytifsinu,v2025.0.1,v2025.0.1,37,0,rock_fraction,,,,,uint8,1,percent,0,100,255,,1,,
modspiresdailytifsinu,modspiresdailytifsinu,v2025.0.1,v2025.0.1,39,0,other_fraction,,,,,uint8,1,percent,0,100,255,,1,,
modspiresdailytifsinu,modspiresdailytifsinu,v2025.0.1,v2025.0.1,46,0,viewable_snow_fraction_status,,,,,uint8,1,unitless,0,255,255,,1,,
modspiresdailytifsinu,modspiresdailytifsinu,v2025.0.1,v2025.0.1,47,0,days_without_observation,,,,,uint16,1,day,0,366,65535,,1,,
modspiresdailytifsinu,modspiresdailytifsinu,v2025.0.1,v2025.0.1,10,0,num_observations_1km,,,,,int8,1,unitless,0,122,-1,,2,,
modspiresdailytifsinu,modspiresdailytifsinu,v2025.0.1,v2025.0.1,11,1,state_1km,,,,,uint16,1,Bit field,0,65535,65535,,2,"Bits: cloud, cloudshadow, landwater, aerosol, cirrus, saltpan. Position: [1, 3, 4, 7, 9, 15]. Size: [2, 1, 3, 2, 2, 1]. Bits between 11 and 14 not used.",
modspiresdailytifsinu,modspiresdailytifsinu,v2025.0.1,v2025.0.1,12,1,sensor_zenith,,,,,uint8,1,degree,0,90,255,,2,,
modspiresdailytifsinu,modspiresdailytifsinu,v2025.0.1,v2025.0.1,8,1,num_observations_500m,,,,,int8,1,unitless,0,122,-1,,1,,
modspiresdailytifsinu,modspiresdailytifsinu,v2025.0.1,v2025.0.1,9,1,QC_500m,,,,,uint8,1,Bit field,0,255,255,,1,"Bits: modland, atmosCorr, adjCorr. Position 1, 3, 4. Size: 2, 1, 1.",
modspiresdailytifsinu,modspiresdailytifsinu,v2025.0.1,v2025.0.1,1,1,reflectance_1_620_670,,,,,uint8,100,hundredth,0,160,0,,1,reflectance in uint16 and not uint8 to reproduce the neuralClassification ndsi and ndvi of v2024.0c MccM.,
modspiresdailytifsinu,modspiresdailytifsinu,v2025.0.1,v2025.0.1,2,1,reflectance_2_841_876,,,,,uint8,100,hundredth,0,160,0,,1,,
modspiresdailytifsinu,modspiresdailytifsinu,v2025.0.1,v2025.0.1,3,1,reflectance_3_459_479,,,,,uint8,100,hundredth,0,160,0,,1,,
modspiresdailytifsinu,modspiresdailytifsinu,v2025.0.1,v2025.0.1,4,1,reflectance_4_545_565,,,,,uint8,100,hundredth,0,160,0,,1,,
modspiresdailytifsinu,modspiresdailytifsinu,v2025.0.1,v2025.0.1,5,1,reflectance_5_1230_1250,,,,,uint8,100,hundredth,0,160,0,,1,,
modspiresdailytifsinu,modspiresdailytifsinu,v2025.0.1,v2025.0.1,6,1,reflectance_6_1628_1652,,,,,uint8,100,hundredth,0,160,0,,1,,
modspiresdailytifsinu,modspiresdailytifsinu,v2025.0.1,v2025.0.1,7,1,reflectance_7_2105_2155,,,,,uint8,100,hundredth,0,160,0,,1,,
modspiresdailytifsinu,modspiresdailytifsinu,v2025.0.1,v2025.0.1,52,0,refl,,,,,int16,1,hundredth,0,160,,,1,,
modspiresdailytifsinu,modspiresdailytifsinu,v2025.0.1,v2025.0.1,53,0,NoValues,,,,,uint8,1,unitless,0,1,,,1,,
modspiresdailytifsinu,modspiresdailytifsinu,v2025.0.1,v2025.0.1,54,1,viewable_snow_fraction_s,,,,,uint8,1,percent,0,100,255,,1,,
modspiresdailytifsinu,modspiresdailytifsinu,v2025.0.1,v2025.0.1,56,1,shade_fraction_s,,,,,uint8,1,percent,0,100,255,,1,,
modspiresdailytifsinu,modspiresdailytifsinu,v2025.0.1,v2025.0.1,57,1,grain_size_s,,,,,uint16,1,microns,40,1190,65535,,1,,
modspiresdailytifsinu,modspiresdailytifsinu,v2025.0.1,v2025.0.1,58,1,dust_concentration_s,,,,,uint16,10,tenths of unitless,0,9500,65535,,1,,
modspiresdailytifsinu,modspiresdailytifsinu,v2025.0.1,v2025.0.1,55,1,snow_fraction_s,,,,,uint8,1,percent,0,100,255,,1,,
modspiresdailytifsinu,modspiresdailytifsinu,v2025.0.1,v2025.0.1,59,0,notprocessed,,,,,uint8,1,unitless,0,1,255,,1,,
modspiresdailytifsinu,modspiresdailytifsinu,v2025.0.1,v2025.0.1,60,0,notprocessed_s,,,,,uint8,1,unitless,0,1,255,,1,,
modspiresdailytifsinu,modspiresdailytifsinu,v2025.0.1,v2025.0.1,61,1,snow_cover_days_s,,,,,uint16,1,day,0,366,65535,,1,,
modspiresdailytifsinu,modspiresdailytifsinu,v2025.0.1,v2025.0.1,62,1,albedo_s,,,,,uint8,1,percent,0,100,255,,1,,
modspiresdailytifsinu,modspiresdailytifsinu,v2025.0.1,v2025.0.1,63,1,radiative_forcing_s,,,,,uint16,1,W/m^2,0,500,65535,,1,,
modspiresdailytifsinu,modspiresdailytifsinu,v2025.0.1,v2025.0.1,67,1,gap_snow_fraction_s,,,,,uint8,1,percent,0,100,255,,1,,
modspiresdailytifsinu,modspiresdailytifsinu,v2025.0.1,v2025.0.1,68,1,sensor_azimuth,,,,,int16,1,degree,-180,180,32767,,2,,
modspiresdailytifsinu,modspiresdailytifsinu,v2025.0.1,v2025.0.1,69,0,range,,,,,uint16,0.04,meter,0,65535,65535,,1,,
modspiresdailytifsinu,modspiresdailytifsinu,v2025.0.1,v2025.0.1,70,0,gflags,,,,,uint8,1,Bit field,0,255,255,,1,,
modspiresdailytifsinu,modspiresdailytifsinu,v2025.0.1,v2025.0.1,71,0,orbit_pnt,,,,,int8,1,,0,122,-1,,1,,
modspiresdailytifsinu,modspiresdailytifsinu,v2025.0.1,v2025.0.1,72,0,obscov,,,,,int8,100,,0,122,-1,,1,,
modspiresdailytifsinu,modspiresdailytifsinu,v2025.0.1,v2025.0.1,73,0,iobs_res,,,,,uint8,1,,0,255,255,,1,,
modspiresdailytifsinu,modspiresdailytifsinu,v2025.0.1,v2025.0.1,74,0,q_scan,,,,,uint8,1,,0,255,255,,1,,
modspiresdailytifsinu,modspiresdailytifsinu,v2025.0.1,v2025.0.1,75,0,days_since_last_observation,,,,,uint16,1,day,0,366,65535,,1,,
modspiresdailytifsinu,modspiresdailytifsinu,v2025.0.1,v2025.0.1,76,1,viewable_snow_fraction_status_s,,,,,uint8,1,unitless,0,255,0,,1,,
modspiresdailytifsinu,modspiresdailytifsinu,v2025.0.1,v2025.0.1,77,1,days_without_observation_s,,,,,uint16,1,day,0,366,65535,,1,,
modspiresdailytifsinu,modspiresdailytifsinu,v2025.0.1,v2025.0.1,78,1,days_since_last_observation_s,,,,,uint16,1,day,0,366,65535,,1,,
modspiresdailytifsinu,modspiresdailytifsinu,v2025.0.1,v2025.0.1,79,1,daily_nodata_filter_s,,,,,uint8,1,unitless,0,255,1,,1,"Bit, position 1: hasNoInput, 2: neuralCloud, 3, backgroundReflectance nodata, 4: rareObservation, 5: STC cloud, 6: Cloud extension, 7: Saltpan and isolated. Default value: 1 for absent file or corrupted file.",
modspiresdailytifsinu,modspiresdailytifsinu,v2025.0.1,v2025.0.1,80,1,daily_zero_filter_s,,,,,uint8,1,unitless,0,255,0,,1,"Bit, position 1: NeuralOther excluding state_1km.clouds and including state_1km.saltpans, 2: NDSIBelowMinus005, 3: rawSnowBelow10, 4: rawGrainBelow40, 5: lowElevation, 6: waterBody, 7: rawSnowEquals0",
modspiresdailytifsinu,modspiresdailytifsinu,v2025.0.1,v2025.0.1,81,1,sensor_and_solar_azimuth_sensor_mask,,,,,uint8,1,unitless,0,255,0,,2,"Bit, position 1: sensor_azimuth nodata, 2: sensor_azimuth too low, 3: sensor_azimuth too high. 4: solar_azimuth nodata, 5: solar_azimuth too low, 6: solar_azimuth too high.",
modspiresdailytifsinu,modspiresdailytifsinu,v2025.0.1,v2025.0.1,82,1,sensor_and_solar_zenith_sensor_mask,,,,,uint8,1,unitless,0,255,0,,2,"Bit, position 1: sensor_zenith nodata, 2: sensor_zenith too low, 3: sensor_zenith too high. 4: solar_zenith nodata, 5: solar_zenith too low, 6: solar_zenith too high.",
modspiresdailytifsinu,modspiresdailytifsinu,v2025.0.1,v2025.0.1,83,1,reflectance_1_7_sensor_mask,,,,,uint32,1,unitless,0,4294967295,0,,1,"Bit, position 1: reflectance_1 nodata, 2: reflectance_1 too low, 3: reflectance_1 too high. 4: reflectance_2 nodata, 5: reflectance_2 too low, 6: reflectance_2 too high, 7: reflectance_3 nodata, etc…",
modspiresdailytifsinu,modspiresdailytifsinu,v2025.0.1,v2025.0.1,84,1,canopy_cover_fraction_s,,,,,uint8,1,percent,0,100,255,,1,,
modspiresdailytifsinu,modspiresdailytifsinu,v2025.0.1,v2025.0.1,85,1,time_interp_weight_s,,,,,uint8,1,percent,1,100,255,,1,,
modspiresdailytifsinu,modspiresdailytifsinu,v2025.0.1,v2025.0.1,86,1,raw_viewable_snow_fraction_s,,,,,uint8,1,percent,0,100,255,,1,,
modspiresdailytifsinu,modspiresdailytifsinu,v2025.0.1,v2025.0.1,87,1,raw_snow_fraction_s,,,,,uint8,1,percent,0,100,255,,1,,
modspiresdailytifsinu,modspiresdailytifsinu,v2025.0.1,v2025.0.1,88,1,raw_shade_fraction_s,,,,,uint8,1,percent,0,100,255,,1,,
modspiresdailytifsinu,modspiresdailytifsinu,v2025.0.1,v2025.0.1,89,1,raw_grain_size_s,,,,,uint16,1,microns,40,1190,65535,,1,,
modspiresdailytifsinu,modspiresdailytifsinu,v2025.0.1,v2025.0.1,90,1,raw_dust_concentration_s,,,,,uint16,0.1,tenths of unitless,0,9500,65535,,1,,
modspiresdailytifsinu,modspiresdailytifsinu,v2025.0.1,v2025.0.1,91,1,gap_viewable_snow_fraction_s,,,,,uint8,1,percent,0,100,255,,1,,
modspiresdailytifsinu,modspiresdailytifsinu,v2025.0.1,v2025.0.1,92,1,gap_grain_size_s,,,,,uint16,1,microns,40,1190,65535,,1,,
modspiresdailytifsinu,modspiresdailytifsinu,v2025.0.1,v2025.0.1,93,1,gap_dust_concentration_s,,,,,uint16,0.1,tenths of unitless,0,9500,65535,,1,,
modspiresdailytifsinu,modspiresdailytifsinu,v2025.0.1,v2025.0.1,94,1,grain_size_and_dust_mask,,,,,uint8,1,unitless,0,255,0,,1,fsca below value → spat interp grain size and idem dust,
modspiresdailytifsinu,modspiresdailytifsinu,v2025.0.1,v2025.0.1,95,1,daily_grain_size_dust_s,,,,,uint8,1,unitless,0,255,1,,1,"Bit, position 1: spatial interpolation of grain size, 2: grain size nodata because below min, 3: grain size nodata because above max, 4: spatial interpolation of dust concentration, 5: dust concentration nodata because below min, 6: dust concentration nodata because above max.",
modspiresdailytifsinu,modspiresdailytifsinu,v2025.0.1,v2025.0.1,96,1,deltavis_s,,,,,uint8,1,unitless,0,75,255,,1,Deltavis or snow darkening,
modspiresdailytifsinu,modspiresdailytifsinu,v2025.0.1,v2025.0.1,97,1,spatial_grain_size_s,,,,,uint16,1,microns,40,1190,65535,,1,,
modspiresdailytifsinu,modspiresdailytifsinu,v2025.0.1,v2025.0.1,98,1,spatial_dust_concentration_s,,,,,uint16,0.1,tenths of unitless,0,9500,65535,,1,,
modspiresdailytifsinu,modspiresdailytifsinu,v2025.0.1,v2025.0.1,99,1,albedo_muZ_s,,,,,uint8,1,percent,0,100,255,,1,,
modspiresdailytifsinu,modspiresdailytifsinu,v2025.0.1,v2025.0.1,101,1,neural_classification_snow_cloud,,,,,uint8,1,Bit field,0,4,255,,1,"0: snow, 1: cloud, 2: other. Constructed by Timbo neural network based on reflectance full precision int16",
modspiresdailytifsinu,modspiresdailytifsinu,v2025.0.1,v2025.0.1,109,1,QF_1km,,,,,uint16,1,Bit field,0,512,0,,2,"Bits: cloud, cloudshadow, landwater, aerosol, cirrus, saltpan. Position: [1, 3, 4, 7, 9, 15]. Size: [2, 1, 3, 2, 2, 1]. Bits between 11 and 14 not used. NB: values different meaning from state_1km",
modspiresdailytifsinu,modspiresdailytifsinu,v2025.0.1,v2025.0.1,112,1,reflectance_rgb,,,,,uint8,100,hundredth,0,100,0,,1,,
modspiresdailytifsinu,modspiresdailytifsinu,v2025.0.1,v2025.0.1,113,1,days_with_snow_observed_s,,,,,uint16,1,day,0,366,65535,,1,,
modspiresdailytifsinu,modspiresdailytifsinu,v2025.0.1,v2025.0.1,114,1,days_with_absent_snow_observed_s,,,,,uint16,1,day,0,366,65535,,1,,
,,,,,,,,,,,,,,,,,,,,
modspiresdailymetadatajson,modspiresdailymetadatajson,v2025.0.1,v2025.0.1,100,1,metaData,,,,,struct,,,,,,,,,
,,,,,,,,,,,,,,,,,,,,
vnpspiresdailytifsinu,vnpspiresdailytifsinu,v2025.0.1,v2025.0.1,48,0,albedo_clean_mu0,,,,,uint8,1,percent,0,100,255,,1,,
vnpspiresdailytifsinu,vnpspiresdailytifsinu,v2025.0.1,v2025.0.1,49,0,albedo_observed_mu0,,,,,uint8,1,percent,0,100,255,,1,,
vnpspiresdailytifsinu,vnpspiresdailytifsinu,v2025.0.1,v2025.0.1,50,0,albedo_clean_muZ,,,,,uint8,1,percent,0,100,255,,1,,
vnpspiresdailytifsinu,vnpspiresdailytifsinu,v2025.0.1,v2025.0.1,51,0,albedo_observed_muZ,,,,,uint8,1,percent,0,100,255,,1,,
vnpspiresdailytifsinu,vnpspiresdailytifsinu,v2025.0.1,v2025.0.1,43,0,deltavis,,,,,uint8,1,percent,0,75,255,,1,,
vnpspiresdailytifsinu,vnpspiresdailytifsinu,v2025.0.1,v2025.0.1,41,0,grain_size,,,,,uint16,1,microns,10,1100,65535,,1,,
vnpspiresdailytifsinu,vnpspiresdailytifsinu,v2025.0.1,v2025.0.1,42,0,drfs_grnsz,,,,,uint16,1,microns,10,1100,65535,,1,,
vnpspiresdailytifsinu,vnpspiresdailytifsinu,v2025.0.1,v2025.0.1,44,0,radiative_forcing,,,,,uint16,1,W/m^2,0,500,65535,,1,,
vnpspiresdailytifsinu,vnpspiresdailytifsinu,v2025.0.1,v2025.0.1,13,1,solar_azimuth,,,,,int16,1,degree,-180,180,32767,,2,,
vnpspiresdailytifsinu,vnpspiresdailytifsinu,v2025.0.1,v2025.0.1,14,1,solar_zenith,,,,,uint8,1,degree,0,90,255,,2,,
vnpspiresdailytifsinu,vnpspiresdailytifsinu,v2025.0.1,v2025.0.1,45,0,snow_cover_days,,,,,uint16,1,day,0,366,65535,,1,,
vnpspiresdailytifsinu,vnpspiresdailytifsinu,v2025.0.1,v2025.0.1,40,0,snow_fraction,,,,,uint8,1,percent,0,100,255,,1,,
vnpspiresdailytifsinu,vnpspiresdailytifsinu,v2025.0.1,v2025.0.1,36,0,viewable_snow_fraction,,,,,uint8,1,percent,0,100,255,,1,,
vnpspiresdailytifsinu,vnpspiresdailytifsinu,v2025.0.1,v2025.0.1,38,0,vegetation_fraction,,,,,uint8,1,percent,0,100,255,,1,,
vnpspiresdailytifsinu,vnpspiresdailytifsinu,v2025.0.1,v2025.0.1,37,0,rock_fraction,,,,,uint8,1,percent,0,100,255,,1,,
vnpspiresdailytifsinu,vnpspiresdailytifsinu,v2025.0.1,v2025.0.1,39,0,other_fraction,,,,,uint8,1,percent,0,100,255,,1,,
vnpspiresdailytifsinu,vnpspiresdailytifsinu,v2025.0.1,v2025.0.1,46,0,viewable_snow_fraction_status,,,,,uint8,1,unitless,0,255,255,,1,,
vnpspiresdailytifsinu,vnpspiresdailytifsinu,v2025.0.1,v2025.0.1,47,0,days_without_observation,,,,,uint16,1,day,0,366,65535,,1,,
vnpspiresdailytifsinu,vnpspiresdailytifsinu,v2025.0.1,v2025.0.1,10,0,num_observations_1km,,,,,int8,1,unitless,0,122,-1,,2,,
vnpspiresdailytifsinu,vnpspiresdailytifsinu,v2025.0.1,v2025.0.1,11,0,state_1km,,,,,uint16,1,Bit field,0,65535,65535,,2,"Bits: cloud, cloudshadow, landwater, aerosol, cirrus, saltpan. Position: [1, 3, 4, 7, 9, 15]. Size: [2, 1, 3, 2, 2, 1]. Bits between 11 and 14 not used.",
vnpspiresdailytifsinu,vnpspiresdailytifsinu,v2025.0.1,v2025.0.1,12,1,sensor_zenith,,,,,uint8,1,degree,0,90,255,,2,,
vnpspiresdailytifsinu,vnpspiresdailytifsinu,v2025.0.1,v2025.0.1,8,1,num_observations_500m,,,,,int8,1,unitless,0,122,-1,,1,,
vnpspiresdailytifsinu,vnpspiresdailytifsinu,v2025.0.1,v2025.0.1,9,0,QC_500m,,,,,uint8,1,Bit field,0,255,255,,1,"Bits: modland, atmosCorr, adjCorr. Position 1, 3, 4. Size: 2, 1, 1.",
vnpspiresdailytifsinu,vnpspiresdailytifsinu,v2025.0.1,v2025.0.1,1,1,reflectance_1_620_670,,,,,uint8,100,hundredth,0,160,0,,1,reflectance in uint16 and not uint8 to reproduce the neuralClassification ndsi and ndvi of v2024.0c MccM.,
vnpspiresdailytifsinu,vnpspiresdailytifsinu,v2025.0.1,v2025.0.1,2,1,reflectance_2_841_876,,,,,uint8,100,hundredth,0,160,0,,1,,
vnpspiresdailytifsinu,vnpspiresdailytifsinu,v2025.0.1,v2025.0.1,3,1,reflectance_3_459_479,,,,,uint8,100,hundredth,0,160,0,,2,,
vnpspiresdailytifsinu,vnpspiresdailytifsinu,v2025.0.1,v2025.0.1,4,1,reflectance_4_545_565,,,,,uint8,100,hundredth,0,160,0,,2,,
vnpspiresdailytifsinu,vnpspiresdailytifsinu,v2025.0.1,v2025.0.1,5,1,reflectance_5_1230_1250,,,,,uint8,100,hundredth,0,160,0,,2,,
vnpspiresdailytifsinu,vnpspiresdailytifsinu,v2025.0.1,v2025.0.1,6,1,reflectance_6_1628_1652,,,,,uint8,100,hundredth,0,160,0,,1,,
vnpspiresdailytifsinu,vnpspiresdailytifsinu,v2025.0.1,v2025.0.1,7,1,reflectance_7_2105_2155,,,,,uint8,100,hundredth,0,160,0,,2,,
vnpspiresdailytifsinu,vnpspiresdailytifsinu,v2025.0.1,v2025.0.1,52,0,refl,,,,,int16,1,hundredth,0,160,,,1,,
vnpspiresdailytifsinu,vnpspiresdailytifsinu,v2025.0.1,v2025.0.1,53,0,NoValues,,,,,uint8,1,unitless,0,1,,,1,,
vnpspiresdailytifsinu,vnpspiresdailytifsinu,v2025.0.1,v2025.0.1,54,1,viewable_snow_fraction_s,,,,,uint8,1,percent,0,100,255,,1,,
vnpspiresdailytifsinu,vnpspiresdailytifsinu,v2025.0.1,v2025.0.1,56,1,shade_fraction_s,,,,,uint8,1,percent,0,100,255,,1,,
vnpspiresdailytifsinu,vnpspiresdailytifsinu,v2025.0.1,v2025.0.1,57,1,grain_size_s,,,,,uint16,1,microns,40,1190,65535,,1,,
vnpspiresdailytifsinu,vnpspiresdailytifsinu,v2025.0.1,v2025.0.1,58,1,dust_concentration_s,,,,,uint16,0.1,tenths of unitless,0,9500,65535,,1,,
vnpspiresdailytifsinu,vnpspiresdailytifsinu,v2025.0.1,v2025.0.1,55,1,snow_fraction_s,,,,,uint8,1,percent,0,100,255,,1,,
vnpspiresdailytifsinu,vnpspiresdailytifsinu,v2025.0.1,v2025.0.1,59,0,notprocessed,,,,,uint8,1,unitless,0,1,255,,1,,
vnpspiresdailytifsinu,vnpspiresdailytifsinu,v2025.0.1,v2025.0.1,60,0,notprocessed_s,,,,,uint8,1,unitless,0,1,255,,1,,
vnpspiresdailytifsinu,vnpspiresdailytifsinu,v2025.0.1,v2025.0.1,61,1,snow_cover_days_s,,,,,uint16,1,day,0,366,65535,,1,,
vnpspiresdailytifsinu,vnpspiresdailytifsinu,v2025.0.1,v2025.0.1,62,1,albedo_s,,,,,uint8,1,percent,0,100,255,,1,,
vnpspiresdailytifsinu,vnpspiresdailytifsinu,v2025.0.1,v2025.0.1,63,1,radiative_forcing_s,,,,,uint16,1,W/m^2,0,500,65535,,1,,
vnpspiresdailytifsinu,vnpspiresdailytifsinu,v2025.0.1,v2025.0.1,67,1,gap_snow_fraction_s,,,,,uint8,1,percent,0,100,255,,1,,
vnpspiresdailytifsinu,vnpspiresdailytifsinu,v2025.0.1,v2025.0.1,68,1,sensor_azimuth,,,,,int16,1,degree,-180,180,32767,,2,,
vnpspiresdailytifsinu,vnpspiresdailytifsinu,v2025.0.1,v2025.0.1,69,0,range,,,,,uint16,0.04,meter,0,65535,65535,,1,,
vnpspiresdailytifsinu,vnpspiresdailytifsinu,v2025.0.1,v2025.0.1,70,0,gflags,,,,,uint8,1,Bit field,0,255,255,,1,,
vnpspiresdailytifsinu,vnpspiresdailytifsinu,v2025.0.1,v2025.0.1,71,0,orbit_pnt,,,,,int8,1,,0,122,-1,,1,,
vnpspiresdailytifsinu,vnpspiresdailytifsinu,v2025.0.1,v2025.0.1,72,0,obscov,,,,,int8,100,,0,122,-1,,1,,
vnpspiresdailytifsinu,vnpspiresdailytifsinu,v2025.0.1,v2025.0.1,73,0,iobs_res,,,,,uint8,1,,0,255,255,,1,,
vnpspiresdailytifsinu,vnpspiresdailytifsinu,v2025.0.1,v2025.0.1,74,0,q_scan,,,,,uint8,1,,0,255,255,,1,,
vnpspiresdailytifsinu,vnpspiresdailytifsinu,v2025.0.1,v2025.0.1,75,0,days_since_last_observation,,,,,uint16,1,day,0,366,65535,,1,,
vnpspiresdailytifsinu,vnpspiresdailytifsinu,v2025.0.1,v2025.0.1,76,1,viewable_snow_fraction_status_s,,,,,uint8,1,unitless,0,255,0,,1,,
vnpspiresdailytifsinu,vnpspiresdailytifsinu,v2025.0.1,v2025.0.1,77,1,days_without_observation_s,,,,,uint16,1,day,0,366,65535,,1,,
vnpspiresdailytifsinu,vnpspiresdailytifsinu,v2025.0.1,v2025.0.1,78,1,days_since_last_observation_s,,,,,uint16,1,day,0,366,65535,,1,,
vnpspiresdailytifsinu,vnpspiresdailytifsinu,v2025.0.1,v2025.0.1,79,1,daily_nodata_filter_s,,,,,uint8,1,unitless,0,255,1,,1,"Bit, position 1: hasNoInput, 2: neuralCloud, 3, backgroundReflectance nodata, 4: rareObservation, 5: STC cloud, 6: Cloud extension, 7: Saltpan and isolated. Default value: 1 for absent file or corrupted file.",
vnpspiresdailytifsinu,vnpspiresdailytifsinu,v2025.0.1,v2025.0.1,80,1,daily_zero_filter_s,,,,,uint8,1,unitless,0,255,0,,1,"Bit, position 1: NeuralOther excluding state_1km.clouds and including state_1km.saltpans, 2: NDSIBelowMinus005, 3: rawSnowBelow10, 4: rawGrainBelow40, 5: lowElevation, 6: waterBody, 7: rawSnowEquals0",
vnpspiresdailytifsinu,vnpspiresdailytifsinu,v2025.0.1,v2025.0.1,81,1,sensor_and_solar_azimuth_sensor_mask,,,,,uint8,1,unitless,0,255,0,,2,"Bit, position 1: sensor_azimuth nodata, 2: sensor_azimuth too low, 3: sensor_azimuth too high. 4: solar_azimuth nodata, 5: solar_azimuth too low, 6: solar_azimuth too high.",
vnpspiresdailytifsinu,vnpspiresdailytifsinu,v2025.0.1,v2025.0.1,82,1,sensor_and_solar_zenith_sensor_mask,,,,,uint8,1,unitless,0,255,0,,2,"Bit, position 1: sensor_zenith nodata, 2: sensor_zenith too low, 3: sensor_zenith too high. 4: solar_zenith nodata, 5: solar_zenith too low, 6: solar_zenith too high.",
vnpspiresdailytifsinu,vnpspiresdailytifsinu,v2025.0.1,v2025.0.1,83,1,reflectance_1_7_sensor_mask,,,,,uint32,1,unitless,0,4294967295,0,,1,"Bit, position 1: reflectance_1 nodata, 2: reflectance_1 too low, 3: reflectance_1 too high. 4: reflectance_2 nodata, 5: reflectance_2 too low, 6: reflectance_2 too high, 7: reflectance_3 nodata, etc…",
vnpspiresdailytifsinu,vnpspiresdailytifsinu,v2025.0.1,v2025.0.1,84,1,canopy_cover_fraction_s,,,,,uint8,1,percent,0,100,255,,1,,
vnpspiresdailytifsinu,vnpspiresdailytifsinu,v2025.0.1,v2025.0.1,85,1,time_interp_weight_s,,,,,uint8,1,percent,1,100,255,,2,,
vnpspiresdailytifsinu,vnpspiresdailytifsinu,v2025.0.1,v2025.0.1,86,1,raw_viewable_snow_fraction_s,,,,,uint8,1,percent,0,100,255,,1,,
vnpspiresdailytifsinu,vnpspiresdailytifsinu,v2025.0.1,v2025.0.1,87,1,raw_snow_fraction_s,,,,,uint8,1,percent,0,100,255,,1,,
vnpspiresdailytifsinu,vnpspiresdailytifsinu,v2025.0.1,v2025.0.1,88,1,raw_shade_fraction_s,,,,,uint8,1,percent,0,100,255,,1,,
vnpspiresdailytifsinu,vnpspiresdailytifsinu,v2025.0.1,v2025.0.1,89,1,raw_grain_size_s,,,,,uint16,1,microns,40,1190,65535,,1,,
vnpspiresdailytifsinu,vnpspiresdailytifsinu,v2025.0.1,v2025.0.1,90,1,raw_dust_concentration_s,,,,,uint16,0.1,tenths of unitless,0,9500,65535,,1,,
vnpspiresdailytifsinu,vnpspiresdailytifsinu,v2025.0.1,v2025.0.1,91,1,gap_viewable_snow_fraction_s,,,,,uint8,1,percent,0,100,255,,1,,
vnpspiresdailytifsinu,vnpspiresdailytifsinu,v2025.0.1,v2025.0.1,92,1,gap_grain_size_s,,,,,uint16,1,microns,40,1190,65535,,1,,
vnpspiresdailytifsinu,vnpspiresdailytifsinu,v2025.0.1,v2025.0.1,93,1,gap_dust_concentration_s,,,,,uint16,0.1,tenths of unitless,0,9500,65535,,1,,
vnpspiresdailytifsinu,vnpspiresdailytifsinu,v2025.0.1,v2025.0.1,94,1,grain_size_and_dust_mask,,,,,uint8,1,unitless,0,255,0,,1,fsca below value → spat interp grain size and idem dust,
vnpspiresdailytifsinu,vnpspiresdailytifsinu,v2025.0.1,v2025.0.1,95,1,daily_grain_size_dust_s,,,,,uint8,1,unitless,0,255,1,,1,"Bit, position 1: spatial interpolation of grain size, 2: grain size nodata because below min, 3: grain size nodata because above max, 4: spatial interpolation of dust concentration, 5: dust concentration nodata because below min, 6: dust concentration nodata because above max.",
vnpspiresdailytifsinu,vnpspiresdailytifsinu,v2025.0.1,v2025.0.1,96,1,deltavis_s,,,,,uint8,1,unitless,0,75,255,,1,Deltavis or snow darkening,
vnpspiresdailytifsinu,vnpspiresdailytifsinu,v2025.0.1,v2025.0.1,97,1,spatial_grain_size_s,,,,,uint16,1,microns,40,1190,65535,,1,,
vnpspiresdailytifsinu,vnpspiresdailytifsinu,v2025.0.1,v2025.0.1,98,1,spatial_dust_concentration_s,,,,,uint16,0.1,tenths of unitless,0,9500,65535,,1,,
vnpspiresdailytifsinu,vnpspiresdailytifsinu,v2025.0.1,v2025.0.1,99,1,albedo_muZ_s,,,,,uint8,1,percent,0,100,255,,1,,
vnpspiresdailytifsinu,vnpspiresdailytifsinu,v2025.0.1,v2025.0.1,101,1,neural_classification_snow_cloud,,,,,uint8,1,Bit field,0,4,255,,1,"0: snow, 1: cloud, 2: other. Constructed by Timbo neural network based on reflectance full precision int16",
vnpspiresdailytifsinu,vnpspiresdailytifsinu,v2025.0.1,v2025.0.1,109,1,QF_1km,,,,,uint16,1,Bit field,0,512,0,,2,"Bits: cloud, cloudshadow, landwater, aerosol, cirrus, saltpan. Position: [1, 3, 4, 7, 9, 15]. Size: [2, 1, 3, 2, 2, 1]. Bits between 11 and 14 not used. NB: values different meaning from state_1km",
vnpspiresdailytifsinu,vnpspiresdailytifsinu,v2025.0.1,v2025.0.1,112,1,reflectance_rgb,,,,,uint8,100,hundredth,0,100,0,,1,,
vnpspiresdailytifsinu,vnpspiresdailytifsinu,v2025.0.1,v2025.0.1,113,1,days_with_snow_observed_s,,,,,uint16,1,day,0,366,65535,,1,,
vnpspiresdailytifsinu,vnpspiresdailytifsinu,v2025.0.1,v2025.0.1,114,1,days_with_absent_snow_observed_s,,,,,uint16,1,day,0,366,65535,,1,,
,,,,,,,,,,,,,,,,,,,,
vnpspiresdailymetadatajson,vnpspiresdailymetadatajson,v2025.0.1,v2025.0.1,100,1,metaData,,,,,struct,,,,,,,,,
,,,,,,,,,,,,,,,,,,,,
modspiresdailytifsinu,modspirestimebycell,v2025.0.1,v2025.0.1,54,1,viewable_snow_fraction_s,,,,,uint8,1,percent,0,100,255,,1,,
modspiresdailytifsinu,modspirestimebycell,v2025.0.1,v2025.0.1,56,0,shade_fraction_s,,,,,uint8,1,percent,0,100,255,,1,,
modspiresdailytifsinu,modspirestimebycell,v2025.0.1,v2025.0.1,57,1,grain_size_s,,,,,uint16,1,microns,40,1190,65535,,1,,
modspiresdailytifsinu,modspirestimebycell,v2025.0.1,v2025.0.1,58,1,dust_concentration_s,,,,,uint16,0.1,tenths of unitless,0,9500,65535,,1,,
modspiresdailytifsinu,modspirestimebycell,v2025.0.1,v2025.0.1,55,1,snow_fraction_s,,,,,uint8,1,percent,0,100,255,,1,,
modspiresdailytifsinu,modspirestimebycell,v2025.0.1,v2025.0.1,59,0,notprocessed,,,,,uint8,1,unitless,0,1,255,,1,,
modspiresdailytifsinu,modspirestimebycell,v2025.0.1,v2025.0.1,60,0,notprocessed_s,,,,,uint8,1,unitless,0,1,255,,1,,
modspiresdailytifsinu,modspirestimebycell,v2025.0.1,v2025.0.1,61,1,snow_cover_days_s,,,,,uint16,1,day,0,366,65535,,1,,
modspiresdailytifsinu,modspirestimebycell,v2025.0.1,v2025.0.1,76,0,viewable_snow_fraction_status_s,,,,,uint8,1,unitless,0,255,0,,1,,
modspiresdailytifsinu,modspirestimebycell,v2025.0.1,v2025.0.1,77,1,days_without_observation_s,,,,,uint16,1,day,0,366,65535,,1,,
modspiresdailytifsinu,modspirestimebycell,v2025.0.1,v2025.0.1,78,0,days_since_last_observation_s,,,,,uint16,1,day,0,366,65535,,1,,
modspiresdailytifsinu,modspirestimebycell,v2025.0.1,v2025.0.1,79,1,daily_nodata_filter_s,,,,,uint8,1,unitless,0,255,1,,1,"Bit, position 1: hasNoInput, 2: neuralCloud, 3, backgroundReflectance nodata, 4: rareObservation, 5: STC cloud, 6: Cloud extension, 7: Saltpan and isolated. Default value: 1 for absent file or corrupted file.",
modspiresdailytifsinu,modspirestimebycell,v2025.0.1,v2025.0.1,80,1,daily_zero_filter_s,,,,,uint8,1,unitless,0,255,0,,1,"Bit, position 1: NeuralOther excluding state_1km.clouds and including state_1km.saltpans, 2: NDSIBelowMinus005, 3: rawSnowBelow10, 4: rawGrainBelow40, 5: lowElevation, 6: waterBody, 7: rawSnowEquals0",
modspiresdailytifsinu,modspirestimebycell,v2025.0.1,v2025.0.1,81,0,sensor_and_solar_azimuth_sensor_mask,,,,,uint8,1,unitless,0,255,0,,2,"Bit, position 1: sensor_azimuth nodata, 2: sensor_azimuth too low, 3: sensor_azimuth too high. 4: solar_azimuth nodata, 5: solar_azimuth too low, 6: solar_azimuth too high.",
modspiresdailytifsinu,modspirestimebycell,v2025.0.1,v2025.0.1,82,0,sensor_and_solar_zenith_sensor_mask,,,,,uint8,1,unitless,0,255,0,,2,"Bit, position 1: sensor_zenith nodata, 2: sensor_zenith too low, 3: sensor_zenith too high. 4: solar_zenith nodata, 5: solar_zenith too low, 6: solar_zenith too high.",
modspiresdailytifsinu,modspirestimebycell,v2025.0.1,v2025.0.1,83,0,reflectance_1_7_sensor_mask,,,,,uint32,1,unitless,0,4294967295,0,,1,"Bit, position 1: reflectance_1 nodata, 2: reflectance_1 too low, 3: reflectance_1 too high. 4: reflectance_2 nodata, 5: reflectance_2 too low, 6: reflectance_2 too high, 7: reflectance_3 nodata, etc…",
modspiresdailytifsinu,modspirestimebycell,v2025.0.1,v2025.0.1,84,0,canopy_cover_fraction_s,,,,,uint8,1,percent,0,100,255,,1,,
modspiresdailytifsinu,modspirestimebycell,v2025.0.1,v2025.0.1,85,1,time_interp_weight_s,,,,,uint8,1,percent,1,100,255,,1,,
modspiresdailytifsinu,modspirestimebycell,v2025.0.1,v2025.0.1,86,1,raw_viewable_snow_fraction_s,,,,,uint8,1,percent,0,100,255,,1,,
modspiresdailytifsinu,modspirestimebycell,v2025.0.1,v2025.0.1,87,1,raw_snow_fraction_s,,,,,uint8,1,percent,0,100,255,,1,,
modspiresdailytifsinu,modspirestimebycell,v2025.0.1,v2025.0.1,88,0,raw_shade_fraction_s,,,,,uint8,1,percent,0,100,255,,1,,
modspiresdailytifsinu,modspirestimebycell,v2025.0.1,v2025.0.1,89,0,raw_grain_size_s,,,,,uint16,1,microns,40,1190,65535,,1,,
modspiresdailytifsinu,modspirestimebycell,v2025.0.1,v2025.0.1,90,0,raw_dust_concentration_s,,,,,uint16,0.1,tenths of unitless,0,9500,65535,,1,,
modspiresdailytifsinu,modspirestimebycell,v2025.0.1,v2025.0.1,91,0,gap_viewable_snow_fraction_s,,,,,uint8,1,percent,0,100,255,,1,,
modspiresdailytifsinu,modspirestimebycell,v2025.0.1,v2025.0.1,92,0,gap_grain_size_s,,,,,uint16,1,microns,40,1190,65535,,1,,
modspiresdailytifsinu,modspirestimebycell,v2025.0.1,v2025.0.1,93,0,gap_dust_concentration_s,,,,,uint16,0.1,tenths of unitless,0,9500,65535,,1,,
modspiresdailytifsinu,modspirestimebycell,v2025.0.1,v2025.0.1,94,0,grain_size_and_dust_mask,,,,,uint8,1,unitless,0,255,0,,1,fsca below value → spat interp grain size and idem dust,
modspiresdailytifsinu,modspirestimebycell,v2025.0.1,v2025.0.1,95,0,daily_grain_size_dust_s,,,,,uint8,1,unitless,0,255,1,,1,"Bit, position 1: spatial interpolation of grain size, 2: grain size nodata because below min, 3: grain size nodata because above max, 4: spatial interpolation of dust concentration, 5: dust concentration nodata because below min, 6: dust concentration nodata because above max.",
modspiresdailytifsinu,modspirestimebycell,v2025.0.1,v2025.0.1,96,0,deltavis_s,,,,,uint8,1,unitless,0,75,255,,1,Deltavis or snow darkening,
modspiresdailytifsinu,modspirestimebycell,v2025.0.1,v2025.0.1,97,1,spatial_grain_size_s,,,,,uint16,1,microns,40,1190,65535,,1,,
modspiresdailytifsinu,modspirestimebycell,v2025.0.1,v2025.0.1,98,1,spatial_dust_concentration_s,,,,,uint16,0.1,tenths of unitless,0,9500,65535,,1,,
modspiresdailytifsinu,modspirestimebycell,v2025.0.1,v2025.0.1,99,0,albedo_muZ_s,,,,,uint8,1,percent,0,100,255,,1,,
modspiresdailytifsinu,modspirestimebycell,v2025.0.1,v2025.0.1,100,1,metaData,,,,,struct,,,,,,,,,
modspiresdailytifsinu,modspirestimebycell,v2025.0.1,v2025.0.1,101,0,neural_classification_snow_cloud,,,,,uint8,1,Bit field,0,4,255,,1,"0: snow, 1: cloud, 2: other. Constructed by Timbo neural network based on reflectance full precision int16",
modspiresdailytifsinu,modspirestimebycell,v2025.0.1,v2025.0.1,113,1,days_with_snow_observed_s,,,,,uint16,1,day,0,366,65535,,1,,
modspiresdailytifsinu,modspirestimebycell,v2025.0.1,v2025.0.1,114,1,days_with_absent_snow_observed_s,,,,,uint16,1,day,0,366,65535,,1,,
,,,,,,,,,,,,,,,,,,,,
vnpspiresdailytifsinu,vnpspirestimebycell,v2025.0.1,v2025.0.1,54,1,viewable_snow_fraction_s,,,,,uint8,1,percent,0,100,255,,1,,
vnpspiresdailytifsinu,vnpspirestimebycell,v2025.0.1,v2025.0.1,56,0,shade_fraction_s,,,,,uint8,1,percent,0,100,255,,1,,
vnpspiresdailytifsinu,vnpspirestimebycell,v2025.0.1,v2025.0.1,57,1,grain_size_s,,,,,uint16,1,microns,40,1190,65535,,1,,
vnpspiresdailytifsinu,vnpspirestimebycell,v2025.0.1,v2025.0.1,58,1,dust_concentration_s,,,,,uint16,0.1,tenths of unitless,0,9500,65535,,1,,
vnpspiresdailytifsinu,vnpspirestimebycell,v2025.0.1,v2025.0.1,55,1,snow_fraction_s,,,,,uint8,1,percent,0,100,255,,1,,
vnpspiresdailytifsinu,vnpspirestimebycell,v2025.0.1,v2025.0.1,59,0,notprocessed,,,,,uint8,1,unitless,0,1,255,,1,,
vnpspiresdailytifsinu,vnpspirestimebycell,v2025.0.1,v2025.0.1,60,0,notprocessed_s,,,,,uint8,1,unitless,0,1,255,,1,,
vnpspiresdailytifsinu,vnpspirestimebycell,v2025.0.1,v2025.0.1,61,1,snow_cover_days_s,,,,,uint16,1,day,0,366,65535,,1,,
vnpspiresdailytifsinu,vnpspirestimebycell,v2025.0.1,v2025.0.1,76,0,viewable_snow_fraction_status_s,,,,,uint8,1,unitless,0,255,0,,1,,
vnpspiresdailytifsinu,vnpspirestimebycell,v2025.0.1,v2025.0.1,77,1,days_without_observation_s,,,,,uint16,1,day,0,366,65535,,1,,
vnpspiresdailytifsinu,vnpspirestimebycell,v2025.0.1,v2025.0.1,78,0,days_since_last_observation_s,,,,,uint16,1,day,0,366,65535,,1,,
vnpspiresdailytifsinu,vnpspirestimebycell,v2025.0.1,v2025.0.1,79,1,daily_nodata_filter_s,,,,,uint8,1,unitless,0,255,1,,1,"Bit, position 1: hasNoInput, 2: neuralCloud, 3, backgroundReflectance nodata, 4: rareObservation, 5: STC cloud, 6: Cloud extension, 7: Saltpan and isolated. Default value: 1 for absent file or corrupted file.",
vnpspiresdailytifsinu,vnpspirestimebycell,v2025.0.1,v2025.0.1,80,1,daily_zero_filter_s,,,,,uint8,1,unitless,0,255,0,,1,"Bit, position 1: NeuralOther excluding state_1km.clouds and including state_1km.saltpans, 2: NDSIBelowMinus005, 3: rawSnowBelow10, 4: rawGrainBelow40, 5: lowElevation, 6: waterBody, 7: rawSnowEquals0",
vnpspiresdailytifsinu,vnpspirestimebycell,v2025.0.1,v2025.0.1,81,0,sensor_and_solar_azimuth_sensor_mask,,,,,uint8,1,unitless,0,255,0,,2,"Bit, position 1: sensor_azimuth nodata, 2: sensor_azimuth too low, 3: sensor_azimuth too high. 4: solar_azimuth nodata, 5: solar_azimuth too low, 6: solar_azimuth too high.",
vnpspiresdailytifsinu,vnpspirestimebycell,v2025.0.1,v2025.0.1,82,0,sensor_and_solar_zenith_sensor_mask,,,,,uint8,1,unitless,0,255,0,,2,"Bit, position 1: sensor_zenith nodata, 2: sensor_zenith too low, 3: sensor_zenith too high. 4: solar_zenith nodata, 5: solar_zenith too low, 6: solar_zenith too high.",
vnpspiresdailytifsinu,vnpspirestimebycell,v2025.0.1,v2025.0.1,83,0,reflectance_1_7_sensor_mask,,,,,uint32,1,unitless,0,4294967295,0,,1,"Bit, position 1: reflectance_1 nodata, 2: reflectance_1 too low, 3: reflectance_1 too high. 4: reflectance_2 nodata, 5: reflectance_2 too low, 6: reflectance_2 too high, 7: reflectance_3 nodata, etc…",
vnpspiresdailytifsinu,vnpspirestimebycell,v2025.0.1,v2025.0.1,84,0,canopy_cover_fraction_s,,,,,uint8,1,percent,0,100,255,,1,,
vnpspiresdailytifsinu,vnpspirestimebycell,v2025.0.1,v2025.0.1,85,1,time_interp_weight_s,,,,,uint8,1,percent,1,100,255,,1,,
vnpspiresdailytifsinu,vnpspirestimebycell,v2025.0.1,v2025.0.1,86,1,raw_viewable_snow_fraction_s,,,,,uint8,1,percent,0,100,255,,1,,
vnpspiresdailytifsinu,vnpspirestimebycell,v2025.0.1,v2025.0.1,87,1,raw_snow_fraction_s,,,,,uint8,1,percent,0,100,255,,1,,
vnpspiresdailytifsinu,vnpspirestimebycell,v2025.0.1,v2025.0.1,88,0,raw_shade_fraction_s,,,,,uint8,1,percent,0,100,255,,1,,
vnpspiresdailytifsinu,vnpspirestimebycell,v2025.0.1,v2025.0.1,89,0,raw_grain_size_s,,,,,uint16,1,microns,40,1190,65535,,1,,
vnpspiresdailytifsinu,vnpspirestimebycell,v2025.0.1,v2025.0.1,90,0,raw_dust_concentration_s,,,,,uint16,0.1,tenths of unitless,0,9500,65535,,1,,
vnpspiresdailytifsinu,vnpspirestimebycell,v2025.0.1,v2025.0.1,91,0,gap_viewable_snow_fraction_s,,,,,uint8,1,percent,0,100,255,,1,,
vnpspiresdailytifsinu,vnpspirestimebycell,v2025.0.1,v2025.0.1,92,0,gap_grain_size_s,,,,,uint16,1,microns,40,1190,65535,,1,,
vnpspiresdailytifsinu,vnpspirestimebycell,v2025.0.1,v2025.0.1,93,0,gap_dust_concentration_s,,,,,uint16,0.1,tenths of unitless,0,9500,65535,,1,,
vnpspiresdailytifsinu,vnpspirestimebycell,v2025.0.1,v2025.0.1,94,0,grain_size_and_dust_mask,,,,,uint8,1,unitless,0,255,0,,1,fsca below value → spat interp grain size and idem dust,
vnpspiresdailytifsinu,vnpspirestimebycell,v2025.0.1,v2025.0.1,95,0,daily_grain_size_dust_s,,,,,uint8,1,unitless,0,255,1,,1,"Bit, position 1: spatial interpolation of grain size, 2: grain size nodata because below min, 3: grain size nodata because above max, 4: spatial interpolation of dust concentration, 5: dust concentration nodata because below min, 6: dust concentration nodata because above max.",
vnpspiresdailytifsinu,vnpspirestimebycell,v2025.0.1,v2025.0.1,96,0,deltavis_s,,,,,uint8,1,unitless,0,75,255,,1,Deltavis or snow darkening,
vnpspiresdailytifsinu,vnpspirestimebycell,v2025.0.1,v2025.0.1,97,1,spatial_grain_size_s,,,,,uint16,1,microns,40,1190,65535,,1,,
vnpspiresdailytifsinu,vnpspirestimebycell,v2025.0.1,v2025.0.1,98,1,spatial_dust_concentration_s,,,,,uint16,0.1,tenths of unitless,0,9500,65535,,1,,
vnpspiresdailytifsinu,vnpspirestimebycell,v2025.0.1,v2025.0.1,99,0,albedo_muZ_s,,,,,uint8,1,percent,0,100,255,,1,,
vnpspiresdailytifsinu,vnpspirestimebycell,v2025.0.1,v2025.0.1,100,1,metaData,,,,,struct,,,,,,,,,
vnpspiresdailytifsinu,vnpspirestimebycell,v2025.0.1,v2025.0.1,101,0,neural_classification_snow_cloud,,,,,uint8,1,Bit field,0,4,255,,1,"0: snow, 1: cloud, 2: other. Constructed by Timbo neural network based on reflectance full precision int16",
vnpspiresdailytifsinu,vnpspirestimebycell,v2025.0.1,v2025.0.1,113,1,days_with_snow_observed_s,,,,,uint16,1,day,0,366,65535,,1,,
vnpspiresdailytifsinu,vnpspirestimebycell,v2025.0.1,v2025.0.1,114,1,days_with_absent_snow_observed_s,,,,,uint16,1,day,0,366,65535,,1,,
,,,,,,,,,,,,,,,,,,,,
modspirestimebycell,modspiresdailytifsinu,v2025.0.1,v2025.0.1,54,1,viewable_snow_fraction_s,,,,,uint8,1,percent,0,100,255,,1,,
modspirestimebycell,modspiresdailytifsinu,v2025.0.1,v2025.0.1,56,0,shade_fraction_s,,,,,uint8,1,percent,0,100,255,,1,,
modspirestimebycell,modspiresdailytifsinu,v2025.0.1,v2025.0.1,57,1,grain_size_s,,,,,uint16,1,microns,40,1190,65535,,1,,
modspirestimebycell,modspiresdailytifsinu,v2025.0.1,v2025.0.1,58,1,dust_concentration_s,,,,,uint16,0.1,tenths of unitless,0,9500,65535,,1,,
modspirestimebycell,modspiresdailytifsinu,v2025.0.1,v2025.0.1,55,1,snow_fraction_s,,,,,uint8,1,percent,0,100,255,,1,,
modspirestimebycell,modspiresdailytifsinu,v2025.0.1,v2025.0.1,59,0,notprocessed,,,,,uint8,1,unitless,0,1,255,,1,,
modspirestimebycell,modspiresdailytifsinu,v2025.0.1,v2025.0.1,60,0,notprocessed_s,,,,,uint8,1,unitless,0,1,255,,1,,
modspirestimebycell,modspiresdailytifsinu,v2025.0.1,v2025.0.1,61,1,snow_cover_days_s,,,,,uint16,1,day,0,366,65535,,1,,
modspirestimebycell,modspiresdailytifsinu,v2025.0.1,v2025.0.1,76,0,viewable_snow_fraction_status_s,,,,,uint8,1,unitless,0,255,0,,1,,
modspirestimebycell,modspiresdailytifsinu,v2025.0.1,v2025.0.1,77,1,days_without_observation_s,,,,,uint16,1,day,0,366,65535,,1,,
modspirestimebycell,modspiresdailytifsinu,v2025.0.1,v2025.0.1,78,0,days_since_last_observation_s,,,,,uint16,1,day,0,366,65535,,1,,
modspirestimebycell,modspiresdailytifsinu,v2025.0.1,v2025.0.1,79,1,daily_nodata_filter_s,,,,,uint8,1,unitless,0,255,1,,1,"Bit, position 1: hasNoInput, 2: neuralCloud, 3, backgroundReflectance nodata, 4: rareObservation, 5: STC cloud, 6: Cloud extension, 7: Saltpan and isolated. Default value: 1 for absent file or corrupted file.",
modspirestimebycell,modspiresdailytifsinu,v2025.0.1,v2025.0.1,100,1,metaData,,,,,struct,,,,,,,,,
modspirestimebycell,modspiresdailytifsinu,v2025.0.1,v2025.0.1,101,0,neural_classification_snow_cloud,,,,,uint8,1,Bit field,0,4,255,,1,"0: snow, 1: cloud, 2: other. Constructed by Timbo neural network based on reflectance full precision int16",
modspirestimebycell,modspiresdailytifsinu,v2025.0.1,v2025.0.1,113,1,days_with_snow_observed_s,,,,,uint16,1,day,0,366,65535,,1,,
modspirestimebycell,modspiresdailytifsinu,v2025.0.1,v2025.0.1,114,1,days_with_absent_snow_observed_s,,,,,uint16,1,day,0,366,65535,,1,,
,,,,,,,,,,,,,,,,,,,,
vnpspirestimebycell,vnpspiresdailytifsinu,v2025.0.1,v2025.0.1,54,1,viewable_snow_fraction_s,,,,,uint8,1,percent,0,100,255,,1,,
vnpspirestimebycell,vnpspiresdailytifsinu,v2025.0.1,v2025.0.1,56,0,shade_fraction_s,,,,,uint8,1,percent,0,100,255,,1,,
vnpspirestimebycell,vnpspiresdailytifsinu,v2025.0.1,v2025.0.1,57,1,grain_size_s,,,,,uint16,1,microns,40,1190,65535,,1,,
vnpspirestimebycell,vnpspiresdailytifsinu,v2025.0.1,v2025.0.1,58,1,dust_concentration_s,,,,,uint16,0.1,tenths of unitless,0,9500,65535,,1,,
vnpspirestimebycell,vnpspiresdailytifsinu,v2025.0.1,v2025.0.1,55,1,snow_fraction_s,,,,,uint8,1,percent,0,100,255,,1,,
vnpspirestimebycell,vnpspiresdailytifsinu,v2025.0.1,v2025.0.1,59,0,notprocessed,,,,,uint8,1,unitless,0,1,255,,1,,
vnpspirestimebycell,vnpspiresdailytifsinu,v2025.0.1,v2025.0.1,60,0,notprocessed_s,,,,,uint8,1,unitless,0,1,255,,1,,
vnpspirestimebycell,vnpspiresdailytifsinu,v2025.0.1,v2025.0.1,61,1,snow_cover_days_s,,,,,uint16,1,day,0,366,65535,,1,,
vnpspirestimebycell,vnpspiresdailytifsinu,v2025.0.1,v2025.0.1,76,0,viewable_snow_fraction_status_s,,,,,uint8,1,unitless,0,255,0,,1,,
vnpspirestimebycell,vnpspiresdailytifsinu,v2025.0.1,v2025.0.1,77,1,days_without_observation_s,,,,,uint16,1,day,0,366,65535,,1,,
vnpspirestimebycell,vnpspiresdailytifsinu,v2025.0.1,v2025.0.1,78,0,days_since_last_observation_s,,,,,uint16,1,day,0,366,65535,,1,,
vnpspirestimebycell,vnpspiresdailytifsinu,v2025.0.1,v2025.0.1,79,1,daily_nodata_filter_s,,,,,uint8,1,unitless,0,255,1,,1,"Bit, position 1: hasNoInput, 2: neuralCloud, 3, backgroundReflectance nodata, 4: rareObservation, 5: STC cloud, 6: Cloud extension, 7: Saltpan and isolated. Default value: 1 for absent file or corrupted file.",
vnpspirestimebycell,vnpspiresdailytifsinu,v2025.0.1,v2025.0.1,100,1,metaData,,,,,struct,,,,,,,,,
vnpspirestimebycell,vnpspiresdailytifsinu,v2025.0.1,v2025.0.1,101,0,neural_classification_snow_cloud,,,,,uint8,1,Bit field,0,4,255,,1,"0: snow, 1: cloud, 2: other. Constructed by Timbo neural network based on reflectance full precision int16",
vnpspirestimebycell,vnpspiresdailytifsinu,v2025.0.1,v2025.0.1,113,1,days_with_snow_observed_s,,,,,uint16,1,day,0,366,65535,,1,,
vnpspirestimebycell,vnpspiresdailytifsinu,v2025.0.1,v2025.0.1,114,1,days_with_absent_snow_observed_s,,,,,uint16,1,day,0,366,65535,,1,,
,,,,,,,,,,,,,,,,,,,,
modspirestimebycell,modspirestimebycell,v2025.0.1,v2025.0.1,54,1,viewable_snow_fraction_s,,,,,uint8,1,percent,0,100,255,,1,,
modspirestimebycell,modspirestimebycell,v2025.0.1,v2025.0.1,56,0,shade_fraction_s,,,,,uint8,1,percent,0,100,255,,1,,
modspirestimebycell,modspirestimebycell,v2025.0.1,v2025.0.1,57,1,grain_size_s,,,,,uint16,1,microns,40,1190,65535,,1,,
modspirestimebycell,modspirestimebycell,v2025.0.1,v2025.0.1,58,1,dust_concentration_s,,,,,uint16,0.1,tenths of unitless,0,9500,65535,,1,,
modspirestimebycell,modspirestimebycell,v2025.0.1,v2025.0.1,55,1,snow_fraction_s,,,,,uint8,1,percent,0,100,255,,1,,
modspirestimebycell,modspirestimebycell,v2025.0.1,v2025.0.1,59,0,notprocessed,,,,,uint8,1,unitless,0,1,255,,1,,
modspirestimebycell,modspirestimebycell,v2025.0.1,v2025.0.1,60,0,notprocessed_s,,,,,uint8,1,unitless,0,1,255,,1,,
modspirestimebycell,modspirestimebycell,v2025.0.1,v2025.0.1,61,1,snow_cover_days_s,,,,,uint16,1,day,0,366,65535,,1,,
modspirestimebycell,modspirestimebycell,v2025.0.1,v2025.0.1,76,0,viewable_snow_fraction_status_s,,,,,uint8,1,unitless,0,255,0,,1,,
modspirestimebycell,modspirestimebycell,v2025.0.1,v2025.0.1,77,1,days_without_observation_s,,,,,uint16,1,day,0,366,65535,,1,,
modspirestimebycell,modspirestimebycell,v2025.0.1,v2025.0.1,78,0,days_since_last_observation_s,,,,,uint16,1,day,0,366,65535,,1,,
modspirestimebycell,modspirestimebycell,v2025.0.1,v2025.0.1,79,1,daily_nodata_filter_s,,,,,uint8,1,unitless,0,255,1,,1,"Bit, position 1: hasNoInput, 2: neuralCloud, 3, backgroundReflectance nodata, 4: rareObservation, 5: STC cloud, 6: Cloud extension, 7: Saltpan and isolated. Default value: 1 for absent file or corrupted file.",
modspirestimebycell,modspirestimebycell,v2025.0.1,v2025.0.1,100,1,metaData,,,,,struct,,,,,,,,,
modspirestimebycell,modspirestimebycell,v2025.0.1,v2025.0.1,101,0,neural_classification_snow_cloud,,,,,uint8,1,Bit field,0,4,255,,1,"0: snow, 1: cloud, 2: other. Constructed by Timbo neural network based on reflectance full precision int16",
modspirestimebycell,modspirestimebycell,v2025.0.1,v2025.0.1,113,1,days_with_snow_observed_s,,,,,uint16,1,day,0,366,65535,,1,,
modspirestimebycell,modspirestimebycell,v2025.0.1,v2025.0.1,114,1,days_with_absent_snow_observed_s,,,,,uint16,1,day,0,366,65535,,1,,
,,,,,,,,,,,,,,,,,,,,
vnpspirestimebycell,vnpspirestimebycell,v2025.0.1,v2025.0.1,54,1,viewable_snow_fraction_s,,,,,uint8,1,percent,0,100,255,,1,,
vnpspirestimebycell,vnpspirestimebycell,v2025.0.1,v2025.0.1,56,0,shade_fraction_s,,,,,uint8,1,percent,0,100,255,,1,,
vnpspirestimebycell,vnpspirestimebycell,v2025.0.1,v2025.0.1,57,1,grain_size_s,,,,,uint16,1,microns,40,1190,65535,,1,,
vnpspirestimebycell,vnpspirestimebycell,v2025.0.1,v2025.0.1,58,1,dust_concentration_s,,,,,uint16,0.1,tenths of unitless,0,9500,65535,,1,,
vnpspirestimebycell,vnpspirestimebycell,v2025.0.1,v2025.0.1,55,1,snow_fraction_s,,,,,uint8,1,percent,0,100,255,,1,,
vnpspirestimebycell,vnpspirestimebycell,v2025.0.1,v2025.0.1,59,0,notprocessed,,,,,uint8,1,unitless,0,1,255,,1,,
vnpspirestimebycell,vnpspirestimebycell,v2025.0.1,v2025.0.1,60,0,notprocessed_s,,,,,uint8,1,unitless,0,1,255,,1,,
vnpspirestimebycell,vnpspirestimebycell,v2025.0.1,v2025.0.1,61,1,snow_cover_days_s,,,,,uint16,1,day,0,366,65535,,1,,
vnpspirestimebycell,vnpspirestimebycell,v2025.0.1,v2025.0.1,76,0,viewable_snow_fraction_status_s,,,,,uint8,1,unitless,0,255,0,,1,,
vnpspirestimebycell,vnpspirestimebycell,v2025.0.1,v2025.0.1,77,1,days_without_observation_s,,,,,uint16,1,day,0,366,65535,,1,,
vnpspirestimebycell,vnpspirestimebycell,v2025.0.1,v2025.0.1,78,0,days_since_last_observation_s,,,,,uint16,1,day,0,366,65535,,1,,
vnpspirestimebycell,vnpspirestimebycell,v2025.0.1,v2025.0.1,79,1,daily_nodata_filter_s,,,,,uint8,1,unitless,0,255,1,,1,"Bit, position 1: hasNoInput, 2: neuralCloud, 3, backgroundReflectance nodata, 4: rareObservation, 5: STC cloud, 6: Cloud extension, 7: Saltpan and isolated. Default value: 1 for absent file or corrupted file.",
vnpspirestimebycell,vnpspirestimebycell,v2025.0.1,v2025.0.1,100,1,metaData,,,,,struct,,,,,,,,,
vnpspirestimebycell,vnpspirestimebycell,v2025.0.1,v2025.0.1,101,0,neural_classification_snow_cloud,,,,,uint8,1,Bit field,0,4,255,,1,"0: snow, 1: cloud, 2: other. Constructed by Timbo neural network based on reflectance full precision int16",
vnpspirestimebycell,vnpspirestimebycell,v2025.0.1,v2025.0.1,113,1,days_with_snow_observed_s,,,,,uint16,1,day,0,366,65535,,1,,
vnpspirestimebycell,vnpspirestimebycell,v2025.0.1,v2025.0.1,114,1,days_with_absent_snow_observed_s,,,,,uint16,1,day,0,366,65535,,1,,
,,,,,,,,,,,,,,,,,,,,
spiresdailytifsinu,spiresdailytifproj,v2025.0.1,v2025.0.1,54,1,viewable_snow_fraction_s,,,,,uint8,1,percent,0,100,255,,1,,
spiresdailytifsinu,spiresdailytifproj,v2025.0.1,v2025.0.1,56,0,shade_fraction_s,,,,,uint8,1,percent,0,100,255,,1,,
spiresdailytifsinu,spiresdailytifproj,v2025.0.1,v2025.0.1,57,1,grain_size_s,,,,,uint16,1,microns,40,1190,65535,,1,,
spiresdailytifsinu,spiresdailytifproj,v2025.0.1,v2025.0.1,58,1,dust_concentration_s,,,,,uint16,0.1,tenths of unitless,0,9500,65535,,1,,
spiresdailytifsinu,spiresdailytifproj,v2025.0.1,v2025.0.1,55,1,snow_fraction_s,,,,,uint8,1,percent,0,100,255,,1,,
spiresdailytifsinu,spiresdailytifproj,v2025.0.1,v2025.0.1,59,0,notprocessed,,,,,uint8,1,unitless,0,1,255,,1,,
spiresdailytifsinu,spiresdailytifproj,v2025.0.1,v2025.0.1,60,1,notprocessed_s,,,,,uint8,1,unitless,0,1,255,,1,,
spiresdailytifsinu,spiresdailytifproj,v2025.0.1,v2025.0.1,61,1,snow_cover_days_s,,,,,uint16,1,day,0,366,65535,,1,,
spiresdailytifsinu,spiresdailytifproj,v2025.0.1,v2025.0.1,62,1,albedo_s,,,,,uint8,1,percent,0,100,255,,1,,
spiresdailytifsinu,spiresdailytifproj,v2025.0.1,v2025.0.1,63,1,radiative_forcing_s,,,,,uint16,1,W/m^2,0,500,65535,,1,,
spiresdailytifsinu,spiresdailytifproj,v2025.0.1,v2025.0.1,64,0,swe_inches,,,,,,,,0,100,255,,1,,
spiresdailytifsinu,spiresdailytifproj,v2025.0.1,v2025.0.1,65,0,swe_delta,,,,,,,,-4,4,255,,1,,
spiresdailytifsinu,spiresdailytifproj,v2025.0.1,v2025.0.1,66,0,swe_norm_pct,,,,,,,,0,200,255,,1,,
spiresdailytifsinu,spiresdailytifproj,v2025.0.1,v2025.0.1,67,0,gap_snow_fraction_s,,,,,uint8,1,percent,0,100,255,,1,,
spiresdailytifsinu,spiresdailytifproj,v2025.0.1,v2025.0.1,68,0,sensor_azimuth,,,,,int16,,degree,,,32767,,1,,
spiresdailytifsinu,spiresdailytifproj,v2025.0.1,v2025.0.1,69,0,range,,,,,uint16,0.04,meter,,,65535,,1,,
spiresdailytifsinu,spiresdailytifproj,v2025.0.1,v2025.0.1,70,0,gflags,,,,,uint8,,Bit field,,,255,,1,,
spiresdailytifsinu,spiresdailytifproj,v2025.0.1,v2025.0.1,71,0,orbit_pnt,,,,,int8,,,,,-1,,1,,
spiresdailytifsinu,spiresdailytifproj,v2025.0.1,v2025.0.1,72,0,obscov,,,,,int8,100,,,,-1,,1,,
spiresdailytifsinu,spiresdailytifproj,v2025.0.1,v2025.0.1,73,0,iobs_res,,,,,uint8,,,,,255,,1,,
spiresdailytifsinu,spiresdailytifproj,v2025.0.1,v2025.0.1,74,0,q_scan,,,,,uint8,,,,,255,,1,,
spiresdailytifsinu,spiresdailytifproj,v2025.0.1,v2025.0.1,75,0,days_since_last_observation,,,,,uint16,1,day,0,366,65535,,1,,
spiresdailytifsinu,spiresdailytifproj,v2025.0.1,v2025.0.1,76,0,viewable_snow_fraction_status_s,,,,,uint8,1,unitless,0,255,0,,1,,
spiresdailytifsinu,spiresdailytifproj,v2025.0.1,v2025.0.1,77,0,days_without_observation_s,,,,,uint16,1,day,0,366,65535,,1,,
spiresdailytifsinu,spiresdailytifproj,v2025.0.1,v2025.0.1,78,0,days_since_last_observation_s,,,,,uint16,1,day,0,366,65535,,1,,
spiresdailytifsinu,spiresdailytifproj,v2025.0.1,v2025.0.1,79,0,daily_nodata_filter_s,,,,,uint8,1,unitless,0,255,1,,1,"Bit, position 1: hasNoInput, 2: neuralCloud, 3, backgroundReflectance nodata, 4: rareObservation, 5: STC cloud, 6: Cloud extension, 7: Saltpan and isolated. Default value: 1 for absent file or corrupted file.",
spiresdailytifsinu,spiresdailytifproj,v2025.0.1,v2025.0.1,80,0,daily_zero_filter_s,,,,,uint8,1,unitless,0,255,0,,1,"Bit, position 1: NeuralOther excluding state_1km.clouds and including state_1km.saltpans, 2: NDSIBelowMinus005, 3: rawSnowBelow10, 4: rawGrainBelow40, 5: lowElevation, 6: waterBody, 7: rawSnowEquals0",
spiresdailytifsinu,spiresdailytifproj,v2025.0.1,v2025.0.1,81,0,sensor_and_solar_azimuth_sensor_mask,,,,,uint8,1,unitless,0,255,0,,2,"Bit, position 1: sensor_azimuth nodata, 2: sensor_azimuth too low, 3: sensor_azimuth too high. 4: solar_azimuth nodata, 5: solar_azimuth too low, 6: solar_azimuth too high.",
spiresdailytifsinu,spiresdailytifproj,v2025.0.1,v2025.0.1,82,0,sensor_and_solar_zenith_sensor_mask,,,,,uint8,1,unitless,0,255,0,,2,"Bit, position 1: sensor_zenith nodata, 2: sensor_zenith too low, 3: sensor_zenith too high. 4: solar_zenith nodata, 5: solar_zenith too low, 6: solar_zenith too high.",
spiresdailytifsinu,spiresdailytifproj,v2025.0.1,v2025.0.1,83,0,reflectance_1_7_sensor_mask,,,,,uint32,1,unitless,0,4294967295,0,,1,"Bit, position 1: reflectance_1 nodata, 2: reflectance_1 too low, 3: reflectance_1 too high. 4: reflectance_2 nodata, 5: reflectance_2 too low, 6: reflectance_2 too high, 7: reflectance_3 nodata, etc…",
spiresdailytifsinu,spiresdailytifproj,v2025.0.1,v2025.0.1,84,0,canopy_cover_fraction_s,,,,,uint8,1,percent,0,100,255,,1,,
spiresdailytifsinu,spiresdailytifproj,v2025.0.1,v2025.0.1,85,0,time_interp_weight_s,,,,,uint8,1,percent,1,100,255,,1,,
spiresdailytifsinu,spiresdailytifproj,v2025.0.1,v2025.0.1,86,0,raw_viewable_snow_fraction_s,,,,,uint8,1,percent,0,100,255,,1,,
spiresdailytifsinu,spiresdailytifproj,v2025.0.1,v2025.0.1,87,0,raw_snow_fraction_s,,,,,uint8,1,percent,0,100,255,,1,,
spiresdailytifsinu,spiresdailytifproj,v2025.0.1,v2025.0.1,88,0,raw_shade_fraction_s,,,,,uint8,1,percent,0,100,255,,1,,
spiresdailytifsinu,spiresdailytifproj,v2025.0.1,v2025.0.1,89,0,raw_grain_size_s,,,,,uint16,1,microns,40,1190,65535,,1,,
spiresdailytifsinu,spiresdailytifproj,v2025.0.1,v2025.0.1,90,0,raw_dust_concentration_s,,,,,uint16,0.1,tenths of unitless,0,9500,65535,,1,,
spiresdailytifsinu,spiresdailytifproj,v2025.0.1,v2025.0.1,91,0,gap_viewable_snow_fraction_s,,,,,uint8,1,percent,0,100,255,,1,,
spiresdailytifsinu,spiresdailytifproj,v2025.0.1,v2025.0.1,92,0,gap_grain_size_s,,,,,uint16,1,microns,40,1190,65535,,1,,
spiresdailytifsinu,spiresdailytifproj,v2025.0.1,v2025.0.1,93,0,gap_dust_concentration_s,,,,,uint16,0.1,tenths of unitless,0,950,65535,,1,,
spiresdailytifsinu,spiresdailytifproj,v2025.0.1,v2025.0.1,94,0,grain_size_and_dust_mask,,,,,uint8,1,unitless,0,255,0,,1,fsca below value → spat interp grain size and idem dust,
spiresdailytifsinu,spiresdailytifproj,v2025.0.1,v2025.0.1,95,0,daily_grain_size_dust_s,,,,,uint8,1,unitless,0,255,1,,1,"Bit, position 1: spatial interpolation of grain size, 2: grain size nodata because below min, 3: grain size nodata because above max, 4: spatial interpolation of dust concentration, 5: dust concentration nodata because below min, 6: dust concentration nodata because above max.",
spiresdailytifsinu,spiresdailytifproj,v2025.0.1,v2025.0.1,96,1,deltavis_s,,,,,uint8,1,unitless,0,75,255,,1,Deltavis or snow darkening,
spiresdailytifsinu,spiresdailytifproj,v2025.0.1,v2025.0.1,97,0,spatial_grain_size_s,,,,,uint16,1,microns,40,1190,65535,,1,,
spiresdailytifsinu,spiresdailytifproj,v2025.0.1,v2025.0.1,98,0,spatial_dust_concentration_s,,,,,uint16,0.1,tenths of unitless,0,9500,65535,,1,,
spiresdailytifsinu,spiresdailytifproj,v2025.0.1,v2025.0.1,99,1,albedo_muZ_s,,,,,uint8,1,percent,0,100,255,,1,,
spiresdailytifsinu,spiresdailytifproj,v2025.0.1,v2025.0.1,100,0,metaData,,,,,struct,,,,,,,,,
,,,,,,,,,,,,,,,,,,,,
spiresdailytifsinu,outputnetcdf,v2025.0.1,v2025.0.1,54,1,viewable_snow_fraction_s,,,,,uint8,1,percent,0,100,255,,1,,
spiresdailytifsinu,outputnetcdf,v2025.0.1,v2025.0.1,56,0,shade_fraction_s,,,,,uint8,1,percent,0,100,255,,1,,
spiresdailytifsinu,outputnetcdf,v2025.0.1,v2025.0.1,57,1,grain_size_s,,,,,uint16,1,microns,40,1190,65535,,1,,
spiresdailytifsinu,outputnetcdf,v2025.0.1,v2025.0.1,58,1,dust_concentration_s,,,,,uint16,1,ppm,0,950,65535,,1,,
spiresdailytifsinu,outputnetcdf,v2025.0.1,v2025.0.1,55,1,snow_fraction_s,,,,,uint8,1,percent,0,100,255,,1,,
spiresdailytifsinu,outputnetcdf,v2025.0.1,v2025.0.1,59,0,notprocessed,,,,,uint8,1,unitless,0,1,255,,1,,
spiresdailytifsinu,outputnetcdf,v2025.0.1,v2025.0.1,60,0,notprocessed_s,,,,,uint8,1,unitless,0,1,255,,1,,
spiresdailytifsinu,outputnetcdf,v2025.0.1,v2025.0.1,61,1,snow_cover_days_s,,,,,uint16,1,day,0,366,65535,,1,,
spiresdailytifsinu,outputnetcdf,v2025.0.1,v2025.0.1,62,1,albedo_s,,,,,uint8,1,percent,0,100,255,,1,,
spiresdailytifsinu,outputnetcdf,v2025.0.1,v2025.0.1,63,1,radiative_forcing_s,,,,,uint16,1,W/m^2,0,500,65535,,1,,
spiresdailytifsinu,outputnetcdf,v2025.0.1,v2025.0.1,64,0,swe_inches,,,,,,,,0,100,255,,1,,
spiresdailytifsinu,outputnetcdf,v2025.0.1,v2025.0.1,65,0,swe_delta,,,,,,,,-4,4,255,,1,,
spiresdailytifsinu,outputnetcdf,v2025.0.1,v2025.0.1,66,0,swe_norm_pct,,,,,,,,0,200,255,,1,,
spiresdailytifsinu,outputnetcdf,v2025.0.1,v2025.0.1,67,0,gap_snow_fraction_s,,,,,uint8,1,percent,0,100,255,,1,,
spiresdailytifsinu,outputnetcdf,v2025.0.1,v2025.0.1,68,0,sensor_azimuth,,,,,int16,,degree,,,32767,,1,,
spiresdailytifsinu,outputnetcdf,v2025.0.1,v2025.0.1,69,0,range,,,,,uint16,0.04,meter,,,65535,,1,,
spiresdailytifsinu,outputnetcdf,v2025.0.1,v2025.0.1,70,0,gflags,,,,,uint8,,Bit field,,,255,,1,,
spiresdailytifsinu,outputnetcdf,v2025.0.1,v2025.0.1,71,0,orbit_pnt,,,,,int8,,,,,-1,,1,,
spiresdailytifsinu,outputnetcdf,v2025.0.1,v2025.0.1,72,0,obscov,,,,,int8,100,,,,-1,,1,,
spiresdailytifsinu,outputnetcdf,v2025.0.1,v2025.0.1,73,0,iobs_res,,,,,uint8,,,,,255,,1,,
spiresdailytifsinu,outputnetcdf,v2025.0.1,v2025.0.1,74,0,q_scan,,,,,uint8,,,,,255,,1,,
spiresdailytifsinu,outputnetcdf,v2025.0.1,v2025.0.1,75,0,days_since_last_observation,,,,,uint16,1,day,0,366,65535,,1,,
spiresdailytifsinu,outputnetcdf,v2025.0.1,v2025.0.1,76,0,viewable_snow_fraction_status_s,,,,,uint8,1,unitless,0,255,0,,1,,
spiresdailytifsinu,outputnetcdf,v2025.0.1,v2025.0.1,77,1,days_without_observation_s,,,,,uint16,1,day,0,366,65535,,1,,
spiresdailytifsinu,outputnetcdf,v2025.0.1,v2025.0.1,78,0,days_since_last_observation_s,,,,,uint16,1,day,0,366,65535,,1,,
spiresdailytifsinu,outputnetcdf,v2025.0.1,v2025.0.1,79,0,daily_nodata_filter_s,,,,,uint8,1,unitless,0,255,1,,1,"Bit, position 1: hasNoInput, 2: neuralCloud, 3, backgroundReflectance nodata, 4: rareObservation, 5: STC cloud, 6: Cloud extension, 7: Saltpan and isolated. Default value: 1 for absent file or corrupted file.",
spiresdailytifsinu,outputnetcdf,v2025.0.1,v2025.0.1,80,0,daily_zero_filter_s,,,,,uint8,1,unitless,0,255,0,,1,"Bit, position 1: NeuralOther excluding state_1km.clouds and including state_1km.saltpans, 2: NDSIBelowMinus005, 3: rawSnowBelow10, 4: rawGrainBelow40, 5: lowElevation, 6: waterBody, 7: rawSnowEquals0",
spiresdailytifsinu,outputnetcdf,v2025.0.1,v2025.0.1,81,0,sensor_and_solar_azimuth_sensor_mask,,,,,uint8,1,unitless,0,255,0,,2,"Bit, position 1: sensor_azimuth nodata, 2: sensor_azimuth too low, 3: sensor_azimuth too high. 4: solar_azimuth nodata, 5: solar_azimuth too low, 6: solar_azimuth too high.",
spiresdailytifsinu,outputnetcdf,v2025.0.1,v2025.0.1,82,0,sensor_and_solar_zenith_sensor_mask,,,,,uint8,1,unitless,0,255,0,,2,"Bit, position 1: sensor_zenith nodata, 2: sensor_zenith too low, 3: sensor_zenith too high. 4: solar_zenith nodata, 5: solar_zenith too low, 6: solar_zenith too high.",
spiresdailytifsinu,outputnetcdf,v2025.0.1,v2025.0.1,83,0,reflectance_1_7_sensor_mask,,,,,uint32,1,unitless,0,4294967295,0,,1,"Bit, position 1: reflectance_1 nodata, 2: reflectance_1 too low, 3: reflectance_1 too high. 4: reflectance_2 nodata, 5: reflectance_2 too low, 6: reflectance_2 too high, 7: reflectance_3 nodata, etc…",
spiresdailytifsinu,outputnetcdf,v2025.0.1,v2025.0.1,84,0,canopy_cover_fraction_s,,,,,uint8,1,percent,0,100,255,,1,,
spiresdailytifsinu,outputnetcdf,v2025.0.1,v2025.0.1,85,0,time_interp_weight_s,,,,,uint8,1,percent,1,100,255,,1,,
spiresdailytifsinu,outputnetcdf,v2025.0.1,v2025.0.1,86,0,raw_viewable_snow_fraction_s,,,,,uint8,1,percent,0,100,255,,1,,
spiresdailytifsinu,outputnetcdf,v2025.0.1,v2025.0.1,87,0,raw_snow_fraction_s,,,,,uint8,1,percent,0,100,255,,1,,
spiresdailytifsinu,outputnetcdf,v2025.0.1,v2025.0.1,88,0,raw_shade_fraction_s,,,,,uint8,1,percent,0,100,255,,1,,
spiresdailytifsinu,outputnetcdf,v2025.0.1,v2025.0.1,89,0,raw_grain_size_s,,,,,uint16,1,microns,40,1190,65535,,1,,
spiresdailytifsinu,outputnetcdf,v2025.0.1,v2025.0.1,90,0,raw_dust_concentration_s,,,,,uint16,0.1,tenths of unitless,0,9500,65535,,1,,
spiresdailytifsinu,outputnetcdf,v2025.0.1,v2025.0.1,91,0,gap_viewable_snow_fraction_s,,,,,uint8,1,percent,0,100,255,,1,,
spiresdailytifsinu,outputnetcdf,v2025.0.1,v2025.0.1,92,0,gap_grain_size_s,,,,,uint16,1,microns,40,1190,65535,,1,,
spiresdailytifsinu,outputnetcdf,v2025.0.1,v2025.0.1,93,0,gap_dust_concentration_s,,,,,uint16,0.1,tenths of unitless,0,950,65535,,1,,
spiresdailytifsinu,outputnetcdf,v2025.0.1,v2025.0.1,94,0,grain_size_and_dust_mask,,,,,uint8,1,unitless,0,255,0,,1,fsca below value → spat interp grain size and idem dust,
spiresdailytifsinu,outputnetcdf,v2025.0.1,v2025.0.1,95,0,daily_grain_size_dust_s,,,,,uint8,1,unitless,0,255,1,,1,"Bit, position 1: spatial interpolation of grain size, 2: grain size nodata because below min, 3: grain size nodata because above max, 4: spatial interpolation of dust concentration, 5: dust concentration nodata because below min, 6: dust concentration nodata because above max.",
spiresdailytifsinu,outputnetcdf,v2025.0.1,v2025.0.1,96,1,deltavis_s,,,,,uint8,1,unitless,0,75,255,,1,Deltavis or snow darkening,
spiresdailytifsinu,outputnetcdf,v2025.0.1,v2025.0.1,97,0,spatial_grain_size_s,,,,,uint16,1,microns,40,1190,65535,,1,,
spiresdailytifsinu,outputnetcdf,v2025.0.1,v2025.0.1,98,0,spatial_dust_concentration_s,,,,,uint16,0.1,tenths of unitless,0,9500,65535,,1,,
spiresdailytifsinu,outputnetcdf,v2025.0.1,v2025.0.1,99,1,albedo_muZ_s,,,,,uint8,1,percent,0,100,255,,1,,
spiresdailytifsinu,outputnetcdf,v2025.0.1,v2025.0.1,100,0,metaData,,,,,struct,,,,,,,,,
,,,,,,,,,,,,,,,,,,,,
spiresdailytifsinu,SubdivisionStatsDailyCsv,v2025.0.1,v2025.0.1,48,0,albedo_clean_mu0,,,,,uint8,1,percent,0,100,255,,1,,
spiresdailytifsinu,SubdivisionStatsDailyCsv,v2025.0.1,v2025.0.1,49,0,albedo_observed_mu0,,,,,uint8,1,percent,0,100,255,,1,,
spiresdailytifsinu,SubdivisionStatsDailyCsv,v2025.0.1,v2025.0.1,50,0,albedo_clean_muZ,,,,,uint8,1,percent,0,100,255,,1,,
spiresdailytifsinu,SubdivisionStatsDailyCsv,v2025.0.1,v2025.0.1,51,0,albedo_observed_muZ,,,,,uint8,1,percent,0,100,255,,1,,
spiresdailytifsinu,SubdivisionStatsDailyCsv,v2025.0.1,v2025.0.1,43,0,deltavis,,,,,uint8,1,percent,0,75,255,,1,,
spiresdailytifsinu,SubdivisionStatsDailyCsv,v2025.0.1,v2025.0.1,41,0,grain_size,,,,,uint16,1,microns,10,1100,65535,,1,,
spiresdailytifsinu,SubdivisionStatsDailyCsv,v2025.0.1,v2025.0.1,42,0,drfs_grnsz,,,,,uint16,1,microns,10,1100,65535,,1,,
spiresdailytifsinu,SubdivisionStatsDailyCsv,v2025.0.1,v2025.0.1,44,0,radiative_forcing,,,,,uint16,1,W/m^2,0,500,65535,,1,,
spiresdailytifsinu,SubdivisionStatsDailyCsv,v2025.0.1,v2025.0.1,13,0,solar_azimuth,,,,,int16,1,degree,-180,180,32767,,1,,
spiresdailytifsinu,SubdivisionStatsDailyCsv,v2025.0.1,v2025.0.1,14,0,solar_zenith,,,,,uint8,1,degree,0,90,255,,1,,
spiresdailytifsinu,SubdivisionStatsDailyCsv,v2025.0.1,v2025.0.1,45,0,snow_cover_days,,,,,uint16,1,day,0,366,65535,,1,,
spiresdailytifsinu,SubdivisionStatsDailyCsv,v2025.0.1,v2025.0.1,40,0,snow_fraction,,,,,uint8,1,percent,0,100,255,,1,,
spiresdailytifsinu,SubdivisionStatsDailyCsv,v2025.0.1,v2025.0.1,36,0,viewable_snow_fraction,,,,,uint8,1,percent,0,100,255,,1,,
spiresdailytifsinu,SubdivisionStatsDailyCsv,v2025.0.1,v2025.0.1,38,0,vegetation_fraction,,,,,uint8,1,percent,,,255,,1,,
spiresdailytifsinu,SubdivisionStatsDailyCsv,v2025.0.1,v2025.0.1,37,0,rock_fraction,,,,,uint8,1,percent,,,255,,1,,
spiresdailytifsinu,SubdivisionStatsDailyCsv,v2025.0.1,v2025.0.1,39,0,other_fraction,,,,,uint8,1,percent,,,255,,1,,
spiresdailytifsinu,SubdivisionStatsDailyCsv,v2025.0.1,v2025.0.1,46,0,viewable_snow_fraction_status,,,,,uint8,1,unitless,0,255,255,,1,,
spiresdailytifsinu,SubdivisionStatsDailyCsv,v2025.0.1,v2025.0.1,47,0,days_without_observation,,,,,uint16,1,day,0,366,65535,,1,,
spiresdailytifsinu,SubdivisionStatsDailyCsv,v2025.0.1,v2025.0.1,10,0,num_observations_1km,,,,,int8,,unitless,,,-1,,1,,
spiresdailytifsinu,SubdivisionStatsDailyCsv,v2025.0.1,v2025.0.1,11,0,state_1km,,,,,uint16,,Bit field,,,65535,,1,,
spiresdailytifsinu,SubdivisionStatsDailyCsv,v2025.0.1,v2025.0.1,12,0,sensor_zenith,,,,,uint8,1,degree,,,255,,1,,
spiresdailytifsinu,SubdivisionStatsDailyCsv,v2025.0.1,v2025.0.1,8,0,num_observations_500m,,,,,int8,,unitless,,,-1,,1,,
spiresdailytifsinu,SubdivisionStatsDailyCsv,v2025.0.1,v2025.0.1,9,0,QC_500m,,,,,uint32,,unitless,,,4294967295,,1,,
spiresdailytifsinu,SubdivisionStatsDailyCsv,v2025.0.1,v2025.0.1,1,0,reflectance_1_620_670,,,,,uint8,1,hundredth,,,255,,1,,
spiresdailytifsinu,SubdivisionStatsDailyCsv,v2025.0.1,v2025.0.1,2,0,reflectance_2_841_876,,,,,uint8,1,hundredth,,,255,,1,,
spiresdailytifsinu,SubdivisionStatsDailyCsv,v2025.0.1,v2025.0.1,3,0,reflectance_3_459_479,,,,,uint8,1,hundredth,,,255,,1,,
spiresdailytifsinu,SubdivisionStatsDailyCsv,v2025.0.1,v2025.0.1,4,0,reflectance_4_545_565,,,,,uint8,1,hundredth,,,255,,1,,
spiresdailytifsinu,SubdivisionStatsDailyCsv,v2025.0.1,v2025.0.1,5,0,reflectance_5_1230_1250,,,,,uint8,1,hundredth,,,255,,1,,
spiresdailytifsinu,SubdivisionStatsDailyCsv,v2025.0.1,v2025.0.1,6,0,reflectance_6_1628_1652,,,,,uint8,1,hundredth,,,255,,1,,
spiresdailytifsinu,SubdivisionStatsDailyCsv,v2025.0.1,v2025.0.1,7,0,reflectance_7_2105_2155,,,,,uint8,1,hundredth,,,255,,1,,
spiresdailytifsinu,SubdivisionStatsDailyCsv,v2025.0.1,v2025.0.1,15,0,cloud,,,,,uint8,,unitless,0,3,,,1,,
spiresdailytifsinu,SubdivisionStatsDailyCsv,v2025.0.1,v2025.0.1,16,0,cloudshadow,,,,,uint8,,unitless,0,1,,,1,,
spiresdailytifsinu,SubdivisionStatsDailyCsv,v2025.0.1,v2025.0.1,17,0,landwater,,,,,uint8,,unitless,0,7,,,1,,
spiresdailytifsinu,SubdivisionStatsDailyCsv,v2025.0.1,v2025.0.1,18,0,aerosol,,,,,uint8,,unitless,0,3,,,1,,
spiresdailytifsinu,SubdivisionStatsDailyCsv,v2025.0.1,v2025.0.1,19,0,cirrus,,,,,uint8,,unitless,0,3,,,1,,
spiresdailytifsinu,SubdivisionStatsDailyCsv,v2025.0.1,v2025.0.1,20,0,Intcloudflag,,,,,uint8,,unitless,0,1,,,1,,
spiresdailytifsinu,SubdivisionStatsDailyCsv,v2025.0.1,v2025.0.1,21,0,Intfireflag,,,,,uint8,,unitless,0,1,,,1,,
spiresdailytifsinu,SubdivisionStatsDailyCsv,v2025.0.1,v2025.0.1,22,0,MOD35snow,,,,,uint8,,unitless,0,1,,,1,,
spiresdailytifsinu,SubdivisionStatsDailyCsv,v2025.0.1,v2025.0.1,23,0,cloudadj,,,,,uint8,,unitless,0,1,,,1,,
spiresdailytifsinu,SubdivisionStatsDailyCsv,v2025.0.1,v2025.0.1,24,0,saltpan,,,,,uint8,,unitless,0,1,,,1,,
spiresdailytifsinu,SubdivisionStatsDailyCsv,v2025.0.1,v2025.0.1,25,0,Intsnow,,,,,uint8,,unitless,0,1,,,1,,
spiresdailytifsinu,SubdivisionStatsDailyCsv,v2025.0.1,v2025.0.1,26,0,modland,,,,,uint8,,unitless,0,3,,,1,,
spiresdailytifsinu,SubdivisionStatsDailyCsv,v2025.0.1,v2025.0.1,27,0,bandQA1,,,,,uint8,,unitless,0,15,,,1,,
spiresdailytifsinu,SubdivisionStatsDailyCsv,v2025.0.1,v2025.0.1,28,0,bandQA2,,,,,uint8,,unitless,0,15,,,1,,
spiresdailytifsinu,SubdivisionStatsDailyCsv,v2025.0.1,v2025.0.1,29,0,bandQA3,,,,,uint8,,unitless,0,15,,,1,,
spiresdailytifsinu,SubdivisionStatsDailyCsv,v2025.0.1,v2025.0.1,30,0,bandQA4,,,,,uint8,,unitless,0,15,,,1,,
spiresdailytifsinu,SubdivisionStatsDailyCsv,v2025.0.1,v2025.0.1,31,0,bandQA5,,,,,uint8,,unitless,0,15,,,1,,
spiresdailytifsinu,SubdivisionStatsDailyCsv,v2025.0.1,v2025.0.1,32,0,bandQA6,,,,,uint8,,unitless,0,15,,,1,,
spiresdailytifsinu,SubdivisionStatsDailyCsv,v2025.0.1,v2025.0.1,33,0,bandQA7,,,,,uint8,,unitless,0,15,,,1,,
spiresdailytifsinu,SubdivisionStatsDailyCsv,v2025.0.1,v2025.0.1,34,0,atmosCorr,,,,,uint8,,unitless,0,1,,,1,,
spiresdailytifsinu,SubdivisionStatsDailyCsv,v2025.0.1,v2025.0.1,35,0,adjCorr,,,,,uint8,,unitless,0,1,,,1,,
spiresdailytifsinu,SubdivisionStatsDailyCsv,v2025.0.1,v2025.0.1,52,0,refl,,,,,int16,,hundredth,,,,,1,,
spiresdailytifsinu,SubdivisionStatsDailyCsv,v2025.0.1,v2025.0.1,53,0,NoValues,,,,,uint8,,unitless,,,,,1,,
spiresdailytifsinu,SubdivisionStatsDailyCsv,v2025.0.1,v2025.0.1,54,1,viewable_snow_fraction_s,,,,,uint8,1,percent,0,100,255,,1,,
spiresdailytifsinu,SubdivisionStatsDailyCsv,v2025.0.1,v2025.0.1,56,0,shade_fraction_s,,,,,uint8,1,percent,0,100,255,,1,,
spiresdailytifsinu,SubdivisionStatsDailyCsv,v2025.0.1,v2025.0.1,57,1,grain_size_s,,,,,uint16,1,microns,40,1190,65535,,1,,
spiresdailytifsinu,SubdivisionStatsDailyCsv,v2025.0.1,v2025.0.1,58,1,dust_concentration_s,,,,,uint16,0.1,tenths of unitless,0,9500,65535,,1,,
spiresdailytifsinu,SubdivisionStatsDailyCsv,v2025.0.1,v2025.0.1,55,1,snow_fraction_s,,,,,uint8,1,percent,0,100,255,,1,,
spiresdailytifsinu,SubdivisionStatsDailyCsv,v2025.0.1,v2025.0.1,59,0,notprocessed,,,,,uint8,1,unitless,0,1,255,,1,,
spiresdailytifsinu,SubdivisionStatsDailyCsv,v2025.0.1,v2025.0.1,60,0,notprocessed_s,,,,,uint8,1,unitless,0,1,255,,1,,
spiresdailytifsinu,SubdivisionStatsDailyCsv,v2025.0.1,v2025.0.1,61,1,snow_cover_days_s,,,,,uint16,1,day,0,366,65535,,1,,
spiresdailytifsinu,SubdivisionStatsDailyCsv,v2025.0.1,v2025.0.1,62,1,albedo_s,,,,,uint8,1,percent,0,100,255,,1,,
spiresdailytifsinu,SubdivisionStatsDailyCsv,v2025.0.1,v2025.0.1,63,1,radiative_forcing_s,,,,,uint16,1,W/m^2,0,500,65535,,1,,
spiresdailytifsinu,SubdivisionStatsDailyCsv,v2025.0.1,v2025.0.1,64,0,swe_inches,,,,,,,,0,100,255,,1,,
spiresdailytifsinu,SubdivisionStatsDailyCsv,v2025.0.1,v2025.0.1,65,0,swe_delta,,,,,,,,-4,4,255,,1,,
spiresdailytifsinu,SubdivisionStatsDailyCsv,v2025.0.1,v2025.0.1,66,0,swe_norm_pct,,,,,,,,0,200,255,,1,,
spiresdailytifsinu,SubdivisionStatsDailyCsv,v2025.0.1,v2025.0.1,67,0,gap_snow_fraction_s,,,,,uint8,1,percent,0,100,255,,1,,
spiresdailytifsinu,SubdivisionStatsDailyCsv,v2025.0.1,v2025.0.1,68,0,sensor_azimuth,,,,,int16,,degree,,,32767,,1,,
spiresdailytifsinu,SubdivisionStatsDailyCsv,v2025.0.1,v2025.0.1,69,0,range,,,,,uint16,0.04,meter,,,65535,,1,,
spiresdailytifsinu,SubdivisionStatsDailyCsv,v2025.0.1,v2025.0.1,70,0,gflags,,,,,uint8,,Bit field,,,255,,1,,
spiresdailytifsinu,SubdivisionStatsDailyCsv,v2025.0.1,v2025.0.1,71,0,orbit_pnt,,,,,int8,,,,,-1,,1,,
spiresdailytifsinu,SubdivisionStatsDailyCsv,v2025.0.1,v2025.0.1,72,0,obscov,,,,,int8,100,,,,-1,,1,,
spiresdailytifsinu,SubdivisionStatsDailyCsv,v2025.0.1,v2025.0.1,73,0,iobs_res,,,,,uint8,,,,,255,,1,,
spiresdailytifsinu,SubdivisionStatsDailyCsv,v2025.0.1,v2025.0.1,74,0,q_scan,,,,,uint8,,,,,255,,1,,
spiresdailytifsinu,SubdivisionStatsDailyCsv,v2025.0.1,v2025.0.1,75,0,days_since_last_observation,,,,,uint16,1,day,0,366,65535,,1,,
spiresdailytifsinu,SubdivisionStatsDailyCsv,v2025.0.1,v2025.0.1,76,0,viewable_snow_fraction_status_s,,,,,uint8,1,unitless,0,255,0,,1,,
spiresdailytifsinu,SubdivisionStatsDailyCsv,v2025.0.1,v2025.0.1,77,0,days_without_observation_s,,,,,uint16,1,day,0,366,65535,,1,,
spiresdailytifsinu,SubdivisionStatsDailyCsv,v2025.0.1,v2025.0.1,78,0,days_since_last_observation_s,,,,,uint16,1,day,0,366,65535,,1,,
spiresdailytifsinu,SubdivisionStatsDailyCsv,v2025.0.1,v2025.0.1,79,0,daily_nodata_filter_s,,,,,uint8,1,unitless,0,255,1,,1,"Bit, position 1: hasNoInput, 2: neuralCloud, 3, backgroundReflectance nodata, 4: rareObservation, 5: STC cloud, 6: Cloud extension, 7: Saltpan and isolated. Default value: 1 for absent file or corrupted file.",
spiresdailytifsinu,SubdivisionStatsDailyCsv,v2025.0.1,v2025.0.1,80,0,daily_zero_filter_s,,,,,uint8,1,unitless,0,255,0,,1,"Bit, position 1: NeuralOther excluding state_1km.clouds and including state_1km.saltpans, 2: NDSIBelowMinus005, 3: rawSnowBelow10, 4: rawGrainBelow40, 5: lowElevation, 6: waterBody, 7: rawSnowEquals0",
spiresdailytifsinu,SubdivisionStatsDailyCsv,v2025.0.1,v2025.0.1,81,0,sensor_and_solar_azimuth_sensor_mask,,,,,uint8,1,unitless,0,255,0,,2,"Bit, position 1: sensor_azimuth nodata, 2: sensor_azimuth too low, 3: sensor_azimuth too high. 4: solar_azimuth nodata, 5: solar_azimuth too low, 6: solar_azimuth too high.",
spiresdailytifsinu,SubdivisionStatsDailyCsv,v2025.0.1,v2025.0.1,82,0,sensor_and_solar_zenith_sensor_mask,,,,,uint8,1,unitless,0,255,0,,2,"Bit, position 1: sensor_zenith nodata, 2: sensor_zenith too low, 3: sensor_zenith too high. 4: solar_zenith nodata, 5: solar_zenith too low, 6: solar_zenith too high.",
spiresdailytifsinu,SubdivisionStatsDailyCsv,v2025.0.1,v2025.0.1,83,0,reflectance_1_7_sensor_mask,,,,,uint32,1,unitless,0,4294967295,0,,1,"Bit, position 1: reflectance_1 nodata, 2: reflectance_1 too low, 3: reflectance_1 too high. 4: reflectance_2 nodata, 5: reflectance_2 too low, 6: reflectance_2 too high, 7: reflectance_3 nodata, etc…",
spiresdailytifsinu,SubdivisionStatsDailyCsv,v2025.0.1,v2025.0.1,84,0,canopy_cover_fraction_s,,,,,uint8,1,percent,0,100,255,,1,,
spiresdailytifsinu,SubdivisionStatsDailyCsv,v2025.0.1,v2025.0.1,85,0,time_interp_weight_s,,,,,uint8,1,percent,1,100,255,,1,,
spiresdailytifsinu,SubdivisionStatsDailyCsv,v2025.0.1,v2025.0.1,86,0,raw_viewable_snow_fraction_s,,,,,uint8,1,percent,0,100,255,,1,,
spiresdailytifsinu,SubdivisionStatsDailyCsv,v2025.0.1,v2025.0.1,87,0,raw_snow_fraction_s,,,,,uint8,1,percent,0,100,255,,1,,
spiresdailytifsinu,SubdivisionStatsDailyCsv,v2025.0.1,v2025.0.1,88,0,raw_shade_fraction_s,,,,,uint8,1,percent,0,100,255,,1,,
spiresdailytifsinu,SubdivisionStatsDailyCsv,v2025.0.1,v2025.0.1,89,0,raw_grain_size_s,,,,,uint16,1,microns,40,1190,65535,,1,,
spiresdailytifsinu,SubdivisionStatsDailyCsv,v2025.0.1,v2025.0.1,90,0,raw_dust_concentration_s,,,,,uint16,0.1,tenths of unitless,0,9500,65535,,1,,
spiresdailytifsinu,SubdivisionStatsDailyCsv,v2025.0.1,v2025.0.1,91,0,gap_viewable_snow_fraction_s,,,,,uint8,1,percent,0,100,255,,1,,
spiresdailytifsinu,SubdivisionStatsDailyCsv,v2025.0.1,v2025.0.1,92,0,gap_grain_size_s,,,,,uint16,1,microns,40,1190,65535,,1,,
spiresdailytifsinu,SubdivisionStatsDailyCsv,v2025.0.1,v2025.0.1,93,0,gap_dust_concentration_s,,,,,uint16,0.1,tenths of unitless,0,950,65535,,1,,
spiresdailytifsinu,SubdivisionStatsDailyCsv,v2025.0.1,v2025.0.1,94,0,grain_size_and_dust_mask,,,,,uint8,1,unitless,0,255,0,,1,fsca below value → spat interp grain size and idem dust,
spiresdailytifsinu,SubdivisionStatsDailyCsv,v2025.0.1,v2025.0.1,95,0,daily_grain_size_dust_s,,,,,uint8,1,unitless,0,255,1,,1,"Bit, position 1: spatial interpolation of grain size, 2: grain size nodata because below min, 3: grain size nodata because above max, 4: spatial interpolation of dust concentration, 5: dust concentration nodata because below min, 6: dust concentration nodata because above max.",
spiresdailytifsinu,SubdivisionStatsDailyCsv,v2025.0.1,v2025.0.1,96,1,deltavis_s,,,,,uint8,1,unitless,0,75,255,,1,Deltavis or snow darkening,
spiresdailytifsinu,SubdivisionStatsDailyCsv,v2025.0.1,v2025.0.1,97,0,spatial_grain_size_s,,,,,uint16,1,microns,40,1190,65535,,1,,
spiresdailytifsinu,SubdivisionStatsDailyCsv,v2025.0.1,v2025.0.1,98,0,spatial_dust_concentration_s,,,,,uint16,0.1,tenths of unitless,0,9500,65535,,1,,
spiresdailytifsinu,SubdivisionStatsDailyCsv,v2025.0.1,v2025.0.1,99,1,albedo_muZ_s,,,,,uint8,1,percent,0,100,255,,1,,
spiresdailytifsinu,SubdivisionStatsDailyCsv,v2025.0.1,v2025.0.1,100,0,metaData,,,,,struct,,,,,,,,,
,,,,,,,,,,,,,,,,,,,,
SubdivisionStatsAggregCsv,SubdivisionStatsWebCsvv20231,v2025.0.1,v2025.0.1,54,1,viewable_snow_fraction_s,,,,,uint8,1,percent,0,100,255,,1,,
SubdivisionStatsAggregCsv,SubdivisionStatsWebCsvv20231,v2025.0.1,v2025.0.1,57,1,grain_size_s,,,,,uint16,1,microns,40,1190,65535,,1,,
SubdivisionStatsAggregCsv,SubdivisionStatsWebCsvv20231,v2025.0.1,v2025.0.1,58,1,dust_concentration_s,,,,,uint16,0.1,tenths of unitless,0,9500,65535,,1,,
SubdivisionStatsAggregCsv,SubdivisionStatsWebCsvv20231,v2025.0.1,v2025.0.1,55,1,snow_fraction_s,,,,,uint8,1,percent,0,100,255,,1,,
SubdivisionStatsAggregCsv,SubdivisionStatsWebCsvv20231,v2025.0.1,v2025.0.1,61,1,snow_cover_days_s,,,,,uint16,1,day,0,366,65535,,1,,
SubdivisionStatsAggregCsv,SubdivisionStatsWebCsvv20231,v2025.0.1,v2025.0.1,62,1,albedo_s,,,,,uint8,1,percent,0,100,255,,1,,
SubdivisionStatsAggregCsv,SubdivisionStatsWebCsvv20231,v2025.0.1,v2025.0.1,63,1,radiative_forcing_s,,,,,uint16,1,W/m^2,0,500,65535,,1,,
,,,,,,,,,,,,,,,,,,,,
SubdivisionStatsAggregCsv,SubdivisionStatsWebJson,v2025.0.1,v2025.0.1,54,1,viewable_snow_fraction_s,,,,,uint8,1,percent,0,100,255,,1,,
SubdivisionStatsAggregCsv,SubdivisionStatsWebJson,v2025.0.1,v2025.0.1,57,1,grain_size_s,,,,,uint16,1,microns,40,1190,65535,,1,,
SubdivisionStatsAggregCsv,SubdivisionStatsWebJson,v2025.0.1,v2025.0.1,58,1,dust_concentration_s,,,,,uint16,0.1,tenths of unitless,0,9500,65535,,1,,
SubdivisionStatsAggregCsv,SubdivisionStatsWebJson,v2025.0.1,v2025.0.1,55,1,snow_fraction_s,,,,,uint8,1,percent,0,100,255,,1,,
SubdivisionStatsAggregCsv,SubdivisionStatsWebJson,v2025.0.1,v2025.0.1,61,1,snow_cover_days_s,,,,,uint16,1,day,0,366,65535,,1,,
SubdivisionStatsAggregCsv,SubdivisionStatsWebJson,v2025.0.1,v2025.0.1,62,1,albedo_s,,,,,uint8,1,percent,0,100,255,,1,,
SubdivisionStatsAggregCsv,SubdivisionStatsWebJson,v2025.0.1,v2025.0.1,63,1,radiative_forcing_s,,,,,uint16,1,W/m^2,0,500,65535,,1,,
